{"file_name":"bone19","texture_size":[64,64],"textures":{"bd267d66-9a8b-e38e-bc2e-6fafcd67d3da":"modelengine:entity/arachnoid"},"elements":[{"name":"cube","from":[7.702686,1.6999998,7.558296],"to":[8.422686,5.3,8.398296],"rotation":{"angle":0.0,"axis":"x","origin":[7.462686,1.6999998,7.078296]},"faces":{"down":{"uv":[2.5,9.5,2.75,9.75],"rotation":0,"texture":"#bd267d66-9a8b-e38e-bc2e-6fafcd67d3da","tintindex":0},"east":{"uv":[5.5,8.25,5.75,9.0],"rotation":0,"texture":"#bd267d66-9a8b-e38e-bc2e-6fafcd67d3da","tintindex":0},"north":{"uv":[5.25,8.25,5.5,9.0],"rotation":0,"texture":"#bd267d66-9a8b-e38e-bc2e-6fafcd67d3da","tintindex":0},"south":{"uv":[5.75,8.25,6.0,9.0],"rotation":0,"texture":"#bd267d66-9a8b-e38e-bc2e-6fafcd67d3da","tintindex":0},"up":{"uv":[2.5,9.75,2.25,9.5],"rotation":0,"texture":"#bd267d66-9a8b-e38e-bc2e-6fafcd67d3da","tintindex":0},"west":{"uv":[6.0,8.25,6.25,9.0],"rotation":0,"texture":"#bd267d66-9a8b-e38e-bc2e-6fafcd67d3da","tintindex":0}}}],"display":{"head":{"translation":[0.0,-6.4,0.0],"rotation":[0.0,0.0,0.0],"scale":[3.8095,3.8095,3.8095]},"gui":{"translation":[0.0,0.0,0.0],"rotation":[35.0,225.0,0.0],"scale":[0.625,0.625,0.625]}}}