{"file_name":"bone22","texture_size":[64,64],"textures":{"bd267d66-9a8b-e38e-bc2e-6fafcd67d3da":"modelengine:entity/arachnoid"},"elements":[{"name":"cube","from":[7.1701508,4.46,7.554626],"to":[8.370151,8.06,8.754626],"rotation":{"angle":-45.0,"axis":"z","origin":[8.370151,4.46,7.554626]},"faces":{"down":{"uv":[2.25,9.5,2.0,9.75],"rotation":0,"texture":"#bd267d66-9a8b-e38e-bc2e-6fafcd67d3da","tintindex":0},"east":{"uv":[5.25,8.25,5.0,9.0],"rotation":0,"texture":"#bd267d66-9a8b-e38e-bc2e-6fafcd67d3da","tintindex":0},"north":{"uv":[3.0,6.5,2.75,7.25],"rotation":0,"texture":"#bd267d66-9a8b-e38e-bc2e-6fafcd67d3da","tintindex":0},"south":{"uv":[8.25,5.75,8.0,6.5],"rotation":0,"texture":"#bd267d66-9a8b-e38e-bc2e-6fafcd67d3da","tintindex":0},"up":{"uv":[9.25,9.0,9.5,8.75],"rotation":0,"texture":"#bd267d66-9a8b-e38e-bc2e-6fafcd67d3da","tintindex":0},"west":{"uv":[3.25,6.5,3.0,7.25],"rotation":0,"texture":"#bd267d66-9a8b-e38e-bc2e-6fafcd67d3da","tintindex":0}}}],"display":{"head":{"translation":[0.0,-6.4,0.0],"rotation":[0.0,0.0,0.0],"scale":[3.8095,3.8095,3.8095]},"gui":{"translation":[0.0,0.0,0.0],"rotation":[35.0,225.0,0.0],"scale":[0.625,0.625,0.625]}}}