{"file_name":"head","texture_size":[64,64],"textures":{"bd267d66-9a8b-e38e-bc2e-6fafcd67d3da":"modelengine:entity/arachnoid"},"elements":[{"name":"cube","from":[5.6685715,2.8386796,5.4890566],"to":[10.468571,7.638679,10.289058],"rotation":{"angle":0.0,"axis":"x","origin":[5.6685715,2.8386796,5.4890566]},"faces":{"down":{"uv":[5.75,7.25,6.75,8.25],"rotation":0,"texture":"#bd267d66-9a8b-e38e-bc2e-6fafcd67d3da","tintindex":0},"east":{"uv":[7.0,5.5,8.0,6.5],"rotation":0,"texture":"#bd267d66-9a8b-e38e-bc2e-6fafcd67d3da","tintindex":0},"north":{"uv":[3.25,5.0,4.25,6.0],"rotation":0,"texture":"#bd267d66-9a8b-e38e-bc2e-6fafcd67d3da","tintindex":0},"south":{"uv":[2.75,7.25,3.75,8.25],"rotation":0,"texture":"#bd267d66-9a8b-e38e-bc2e-6fafcd67d3da","tintindex":0},"up":{"uv":[5.75,8.25,4.75,7.25],"rotation":0,"texture":"#bd267d66-9a8b-e38e-bc2e-6fafcd67d3da","tintindex":0},"west":{"uv":[3.75,7.25,4.75,8.25],"rotation":0,"texture":"#bd267d66-9a8b-e38e-bc2e-6fafcd67d3da","tintindex":0}}},{"name":"cube","from":[5.1885715,3.3186796,5.849057],"to":[6.3885717,4.5186796,7.049057],"rotation":{"angle":45.0,"axis":"y","origin":[5.1885715,3.3186796,5.849057]},"faces":{"down":{"uv":[4.75,9.25,5.0,9.5],"rotation":0,"texture":"#bd267d66-9a8b-e38e-bc2e-6fafcd67d3da","tintindex":0},"east":{"uv":[9.0,8.75,9.25,9.0],"rotation":0,"texture":"#bd267d66-9a8b-e38e-bc2e-6fafcd67d3da","tintindex":0},"north":{"uv":[7.75,5.25,8.0,5.5],"rotation":0,"texture":"#bd267d66-9a8b-e38e-bc2e-6fafcd67d3da","tintindex":0},"south":{"uv":[4.0,9.25,4.25,9.5],"rotation":0,"texture":"#bd267d66-9a8b-e38e-bc2e-6fafcd67d3da","tintindex":0},"up":{"uv":[4.75,9.5,4.5,9.25],"rotation":0,"texture":"#bd267d66-9a8b-e38e-bc2e-6fafcd67d3da","tintindex":0},"west":{"uv":[4.25,9.25,4.5,9.5],"rotation":0,"texture":"#bd267d66-9a8b-e38e-bc2e-6fafcd67d3da","tintindex":0}}},{"name":"cube","from":[9.868571,3.3186796,5.849057],"to":[11.068571,4.5186796,7.049057],"rotation":{"angle":-45.0,"axis":"y","origin":[11.068571,3.3186796,5.849057]},"faces":{"down":{"uv":[9.25,9.25,9.5,9.5],"rotation":0,"texture":"#bd267d66-9a8b-e38e-bc2e-6fafcd67d3da","tintindex":0},"east":{"uv":[7.0,9.25,7.25,9.5],"rotation":0,"texture":"#bd267d66-9a8b-e38e-bc2e-6fafcd67d3da","tintindex":0},"north":{"uv":[6.75,9.25,7.0,9.5],"rotation":0,"texture":"#bd267d66-9a8b-e38e-bc2e-6fafcd67d3da","tintindex":0},"south":{"uv":[7.25,9.25,7.5,9.5],"rotation":0,"texture":"#bd267d66-9a8b-e38e-bc2e-6fafcd67d3da","tintindex":0},"up":{"uv":[9.25,9.5,9.0,9.25],"rotation":0,"texture":"#bd267d66-9a8b-e38e-bc2e-6fafcd67d3da","tintindex":0},"west":{"uv":[7.5,9.25,7.75,9.5],"rotation":0,"texture":"#bd267d66-9a8b-e38e-bc2e-6fafcd67d3da","tintindex":0}}},{"name":"cube","from":[5.7885714,3.3186796,4.049057],"to":[6.6285715,4.5186796,5.6090574],"rotation":{"angle":-22.5,"axis":"y","origin":[5.7885714,3.3186796,4.409057]},"faces":{"down":{"uv":[6.25,9.25,6.5,9.5],"rotation":0,"texture":"#bd267d66-9a8b-e38e-bc2e-6fafcd67d3da","tintindex":0},"east":{"uv":[5.25,9.25,5.5,9.5],"rotation":0,"texture":"#bd267d66-9a8b-e38e-bc2e-6fafcd67d3da","tintindex":0},"north":{"uv":[5.0,9.25,5.25,9.5],"rotation":0,"texture":"#bd267d66-9a8b-e38e-bc2e-6fafcd67d3da","tintindex":0},"south":{"uv":[5.5,9.25,5.75,9.5],"rotation":0,"texture":"#bd267d66-9a8b-e38e-bc2e-6fafcd67d3da","tintindex":0},"up":{"uv":[6.25,9.5,6.0,9.25],"rotation":0,"texture":"#bd267d66-9a8b-e38e-bc2e-6fafcd67d3da","tintindex":0},"west":{"uv":[5.75,9.25,6.0,9.5],"rotation":0,"texture":"#bd267d66-9a8b-e38e-bc2e-6fafcd67d3da","tintindex":0}}},{"name":"cube","from":[9.6285715,3.3186796,4.049057],"to":[10.468571,4.5186796,5.6090574],"rotation":{"angle":22.5,"axis":"y","origin":[10.468571,3.3186796,4.409057]},"faces":{"down":{"uv":[9.25,2.5,9.5,2.75],"rotation":0,"texture":"#bd267d66-9a8b-e38e-bc2e-6fafcd67d3da","tintindex":0},"east":{"uv":[9.25,1.5,9.5,1.75],"rotation":0,"texture":"#bd267d66-9a8b-e38e-bc2e-6fafcd67d3da","tintindex":0},"north":{"uv":[9.25,0.0,9.5,0.25],"rotation":0,"texture":"#bd267d66-9a8b-e38e-bc2e-6fafcd67d3da","tintindex":0},"south":{"uv":[9.25,1.75,9.5,2.0],"rotation":0,"texture":"#bd267d66-9a8b-e38e-bc2e-6fafcd67d3da","tintindex":0},"up":{"uv":[9.5,2.5,9.25,2.25],"rotation":0,"texture":"#bd267d66-9a8b-e38e-bc2e-6fafcd67d3da","tintindex":0},"west":{"uv":[9.25,2.0,9.5,2.25],"rotation":0,"texture":"#bd267d66-9a8b-e38e-bc2e-6fafcd67d3da","tintindex":0}}},{"name":"cube","from":[6.6285715,3.6786792,3.449057],"to":[6.988571,4.1586795,4.8890567],"rotation":{"angle":-45.0,"axis":"y","origin":[6.6285715,3.6786792,3.6890569]},"faces":{"down":{"uv":[9.25,5.0,9.5,5.25],"rotation":0,"texture":"#bd267d66-9a8b-e38e-bc2e-6fafcd67d3da","tintindex":0},"east":{"uv":[9.25,3.0,9.5,3.25],"rotation":0,"texture":"#bd267d66-9a8b-e38e-bc2e-6fafcd67d3da","tintindex":0},"north":{"uv":[9.25,2.75,9.5,3.0],"rotation":0,"texture":"#bd267d66-9a8b-e38e-bc2e-6fafcd67d3da","tintindex":0},"south":{"uv":[9.25,3.25,9.5,3.5],"rotation":0,"texture":"#bd267d66-9a8b-e38e-bc2e-6fafcd67d3da","tintindex":0},"up":{"uv":[9.5,5.0,9.25,4.75],"rotation":0,"texture":"#bd267d66-9a8b-e38e-bc2e-6fafcd67d3da","tintindex":0},"west":{"uv":[9.25,4.5,9.5,4.75],"rotation":0,"texture":"#bd267d66-9a8b-e38e-bc2e-6fafcd67d3da","tintindex":0}}},{"name":"cube","from":[9.268572,3.6786792,3.449057],"to":[9.6285715,4.1586795,4.8890567],"rotation":{"angle":45.0,"axis":"y","origin":[9.6285715,3.6786792,3.6890569]},"faces":{"down":{"uv":[9.25,7.75,9.5,8.0],"rotation":0,"texture":"#bd267d66-9a8b-e38e-bc2e-6fafcd67d3da","tintindex":0},"east":{"uv":[9.25,5.5,9.5,5.75],"rotation":0,"texture":"#bd267d66-9a8b-e38e-bc2e-6fafcd67d3da","tintindex":0},"north":{"uv":[9.25,5.25,9.5,5.5],"rotation":0,"texture":"#bd267d66-9a8b-e38e-bc2e-6fafcd67d3da","tintindex":0},"south":{"uv":[9.25,5.75,9.5,6.0],"rotation":0,"texture":"#bd267d66-9a8b-e38e-bc2e-6fafcd67d3da","tintindex":0},"up":{"uv":[9.5,7.75,9.25,7.5],"rotation":0,"texture":"#bd267d66-9a8b-e38e-bc2e-6fafcd67d3da","tintindex":0},"west":{"uv":[9.25,7.25,9.5,7.5],"rotation":0,"texture":"#bd267d66-9a8b-e38e-bc2e-6fafcd67d3da","tintindex":0}}}],"display":{"head":{"translation":[0.0,-6.4,0.0],"rotation":[0.0,0.0,0.0],"scale":[3.8095,3.8095,3.8095]},"gui":{"translation":[0.0,0.0,0.0],"rotation":[35.0,225.0,0.0],"scale":[0.625,0.625,0.625]}}}