{"file_name":"leftarmmid","texture_size":[128,128],"textures":{"96552df7-7788-961d-0636-2fdf0ef98b41":"modelengine:entity/plantboss"},"elements":[{"name":"cube","from":[7.8799996,7.46,7.13],"to":[9.68,8.66,8.33],"rotation":{"angle":0.0,"axis":"x","origin":[7.8799996,7.46,7.73]},"faces":{"down":{"uv":[5.625,9.25,6.0,9.5],"rotation":0,"texture":"#96552df7-7788-961d-0636-2fdf0ef98b41","tintindex":0},"east":{"uv":[4.0,10.0,4.25,10.25],"rotation":0,"texture":"#96552df7-7788-961d-0636-2fdf0ef98b41","tintindex":0},"north":{"uv":[4.5,9.25,4.875,9.5],"rotation":0,"texture":"#96552df7-7788-961d-0636-2fdf0ef98b41","tintindex":0},"south":{"uv":[4.875,9.25,5.25,9.5],"rotation":0,"texture":"#96552df7-7788-961d-0636-2fdf0ef98b41","tintindex":0},"up":{"uv":[5.625,9.5,5.25,9.25],"rotation":0,"texture":"#96552df7-7788-961d-0636-2fdf0ef98b41","tintindex":0},"west":{"uv":[4.25,10.0,4.5,10.25],"rotation":0,"texture":"#96552df7-7788-961d-0636-2fdf0ef98b41","tintindex":0}}},{"name":"cube","from":[9.68,7.61,7.28],"to":[11.48,8.81,8.48],"rotation":{"angle":0.0,"axis":"x","origin":[9.68,7.61,7.88]},"faces":{"down":{"uv":[6.375,9.375,6.75,9.625],"rotation":0,"texture":"#96552df7-7788-961d-0636-2fdf0ef98b41","tintindex":0},"east":{"uv":[4.5,10.0,4.75,10.25],"rotation":0,"texture":"#96552df7-7788-961d-0636-2fdf0ef98b41","tintindex":0},"north":{"uv":[9.25,7.75,9.625,8.0],"rotation":0,"texture":"#96552df7-7788-961d-0636-2fdf0ef98b41","tintindex":0},"south":{"uv":[9.25,8.0,9.625,8.25],"rotation":0,"texture":"#96552df7-7788-961d-0636-2fdf0ef98b41","tintindex":0},"up":{"uv":[6.375,9.625,6.0,9.375],"rotation":0,"texture":"#96552df7-7788-961d-0636-2fdf0ef98b41","tintindex":0},"west":{"uv":[4.75,10.0,5.0,10.25],"rotation":0,"texture":"#96552df7-7788-961d-0636-2fdf0ef98b41","tintindex":0}}},{"name":"cube","from":[11.48,7.76,7.58],"to":[13.28,8.96,8.780001],"rotation":{"angle":0.0,"axis":"x","origin":[11.48,7.76,8.18]},"faces":{"down":{"uv":[4.125,9.5,4.5,9.75],"rotation":0,"texture":"#96552df7-7788-961d-0636-2fdf0ef98b41","tintindex":0},"east":{"uv":[5.0,10.0,5.25,10.25],"rotation":0,"texture":"#96552df7-7788-961d-0636-2fdf0ef98b41","tintindex":0},"north":{"uv":[6.75,9.375,7.125,9.625],"rotation":0,"texture":"#96552df7-7788-961d-0636-2fdf0ef98b41","tintindex":0},"south":{"uv":[7.125,9.375,7.5,9.625],"rotation":0,"texture":"#96552df7-7788-961d-0636-2fdf0ef98b41","tintindex":0},"up":{"uv":[4.125,9.75,3.75,9.5],"rotation":0,"texture":"#96552df7-7788-961d-0636-2fdf0ef98b41","tintindex":0},"west":{"uv":[5.25,10.0,5.5,10.25],"rotation":0,"texture":"#96552df7-7788-961d-0636-2fdf0ef98b41","tintindex":0}}},{"name":"cube","from":[13.28,7.9100003,7.4300003],"to":[15.08,9.110001,8.63],"rotation":{"angle":0.0,"axis":"x","origin":[13.28,7.9100003,8.030001]},"faces":{"down":{"uv":[5.625,9.5,6.0,9.75],"rotation":0,"texture":"#96552df7-7788-961d-0636-2fdf0ef98b41","tintindex":0},"east":{"uv":[5.5,10.0,5.75,10.25],"rotation":0,"texture":"#96552df7-7788-961d-0636-2fdf0ef98b41","tintindex":0},"north":{"uv":[4.5,9.5,4.875,9.75],"rotation":0,"texture":"#96552df7-7788-961d-0636-2fdf0ef98b41","tintindex":0},"south":{"uv":[4.875,9.5,5.25,9.75],"rotation":0,"texture":"#96552df7-7788-961d-0636-2fdf0ef98b41","tintindex":0},"up":{"uv":[5.625,9.75,5.25,9.5],"rotation":0,"texture":"#96552df7-7788-961d-0636-2fdf0ef98b41","tintindex":0},"west":{"uv":[5.75,10.0,6.0,10.25],"rotation":0,"texture":"#96552df7-7788-961d-0636-2fdf0ef98b41","tintindex":0}}},{"name":"cube","from":[15.08,8.06,7.58],"to":[16.880001,9.26,8.780001],"rotation":{"angle":0.0,"axis":"x","origin":[15.08,8.06,8.18]},"faces":{"down":{"uv":[9.5,4.5,9.875,4.75],"rotation":0,"texture":"#96552df7-7788-961d-0636-2fdf0ef98b41","tintindex":0},"east":{"uv":[7.5,10.0,7.75,10.25],"rotation":0,"texture":"#96552df7-7788-961d-0636-2fdf0ef98b41","tintindex":0},"north":{"uv":[9.5,3.75,9.875,4.0],"rotation":0,"texture":"#96552df7-7788-961d-0636-2fdf0ef98b41","tintindex":0},"south":{"uv":[9.5,4.0,9.875,4.25],"rotation":0,"texture":"#96552df7-7788-961d-0636-2fdf0ef98b41","tintindex":0},"up":{"uv":[9.875,4.5,9.5,4.25],"rotation":0,"texture":"#96552df7-7788-961d-0636-2fdf0ef98b41","tintindex":0},"west":{"uv":[7.75,10.0,8.0,10.25],"rotation":0,"texture":"#96552df7-7788-961d-0636-2fdf0ef98b41","tintindex":0}}}],"display":{"head":{"translation":[0.0,-6.4,0.0],"rotation":[0.0,0.0,0.0],"scale":[3.8095,3.8095,3.8095]},"gui":{"translation":[0.0,0.0,0.0],"rotation":[35.0,225.0,0.0],"scale":[0.625,0.625,0.625]}}}