{"file_name":"leftarm","texture_size":[128,128],"textures":{"96552df7-7788-961d-0636-2fdf0ef98b41":"modelengine:entity/plantboss"},"elements":[{"name":"cube","from":[8.1285715,7.4942856,7.4],"to":[9.928572,8.694285,8.6],"rotation":{"angle":0.0,"axis":"x","origin":[8.1285715,7.4942856,8.0]},"faces":{"down":{"uv":[5.75,4.25,6.125,4.5],"rotation":0,"texture":"#96552df7-7788-961d-0636-2fdf0ef98b41","tintindex":0},"east":{"uv":[3.0,6.5,3.25,6.75],"rotation":0,"texture":"#96552df7-7788-961d-0636-2fdf0ef98b41","tintindex":0},"north":{"uv":[5.0,4.75,5.375,5.0],"rotation":0,"texture":"#96552df7-7788-961d-0636-2fdf0ef98b41","tintindex":0},"south":{"uv":[5.375,4.75,5.75,5.0],"rotation":0,"texture":"#96552df7-7788-961d-0636-2fdf0ef98b41","tintindex":0},"up":{"uv":[6.125,4.25,5.75,4.0],"rotation":0,"texture":"#96552df7-7788-961d-0636-2fdf0ef98b41","tintindex":0},"west":{"uv":[3.0,6.75,3.25,7.0],"rotation":0,"texture":"#96552df7-7788-961d-0636-2fdf0ef98b41","tintindex":0}}},{"name":"cube","from":[9.928572,7.6442857,7.25],"to":[11.728572,8.844286,8.45],"rotation":{"angle":0.0,"axis":"x","origin":[9.928572,7.6442857,7.85]},"faces":{"down":{"uv":[6.5,3.75,6.875,4.0],"rotation":0,"texture":"#96552df7-7788-961d-0636-2fdf0ef98b41","tintindex":0},"east":{"uv":[6.0,7.0,6.25,7.25],"rotation":0,"texture":"#96552df7-7788-961d-0636-2fdf0ef98b41","tintindex":0},"north":{"uv":[5.75,4.5,6.125,4.75],"rotation":0,"texture":"#96552df7-7788-961d-0636-2fdf0ef98b41","tintindex":0},"south":{"uv":[5.75,4.75,6.125,5.0],"rotation":0,"texture":"#96552df7-7788-961d-0636-2fdf0ef98b41","tintindex":0},"up":{"uv":[6.625,6.25,6.25,6.0],"rotation":0,"texture":"#96552df7-7788-961d-0636-2fdf0ef98b41","tintindex":0},"west":{"uv":[6.0,7.25,6.25,7.5],"rotation":0,"texture":"#96552df7-7788-961d-0636-2fdf0ef98b41","tintindex":0}}},{"name":"cube","from":[11.728572,7.794286,7.4],"to":[13.528572,8.994286,8.6],"rotation":{"angle":0.0,"axis":"x","origin":[11.728572,7.794286,8.0]},"faces":{"down":{"uv":[7.25,3.75,7.625,4.0],"rotation":0,"texture":"#96552df7-7788-961d-0636-2fdf0ef98b41","tintindex":0},"east":{"uv":[6.0,7.5,6.25,7.75],"rotation":0,"texture":"#96552df7-7788-961d-0636-2fdf0ef98b41","tintindex":0},"north":{"uv":[6.625,6.0,7.0,6.25],"rotation":0,"texture":"#96552df7-7788-961d-0636-2fdf0ef98b41","tintindex":0},"south":{"uv":[6.875,3.75,7.25,4.0],"rotation":0,"texture":"#96552df7-7788-961d-0636-2fdf0ef98b41","tintindex":0},"up":{"uv":[7.375,6.25,7.0,6.0],"rotation":0,"texture":"#96552df7-7788-961d-0636-2fdf0ef98b41","tintindex":0},"west":{"uv":[7.75,6.0,8.0,6.25],"rotation":0,"texture":"#96552df7-7788-961d-0636-2fdf0ef98b41","tintindex":0}}},{"name":"cube","from":[13.528572,7.9442854,7.55],"to":[15.328572,9.144285,8.75],"rotation":{"angle":0.0,"axis":"x","origin":[13.528572,7.9442854,8.15]},"faces":{"down":{"uv":[8.375,7.5,8.75,7.75],"rotation":0,"texture":"#96552df7-7788-961d-0636-2fdf0ef98b41","tintindex":0},"east":{"uv":[3.0,10.0,3.25,10.25],"rotation":0,"texture":"#96552df7-7788-961d-0636-2fdf0ef98b41","tintindex":0},"north":{"uv":[7.375,6.0,7.75,6.25],"rotation":0,"texture":"#96552df7-7788-961d-0636-2fdf0ef98b41","tintindex":0},"south":{"uv":[7.625,3.75,8.0,4.0],"rotation":0,"texture":"#96552df7-7788-961d-0636-2fdf0ef98b41","tintindex":0},"up":{"uv":[8.375,7.75,8.0,7.5],"rotation":0,"texture":"#96552df7-7788-961d-0636-2fdf0ef98b41","tintindex":0},"west":{"uv":[3.25,10.0,3.5,10.25],"rotation":0,"texture":"#96552df7-7788-961d-0636-2fdf0ef98b41","tintindex":0}}},{"name":"cube","from":[15.328572,8.094286,7.4],"to":[17.128572,9.294286,8.6],"rotation":{"angle":0.0,"axis":"x","origin":[15.328572,8.094286,8.0]},"faces":{"down":{"uv":[4.125,9.25,4.5,9.5],"rotation":0,"texture":"#96552df7-7788-961d-0636-2fdf0ef98b41","tintindex":0},"east":{"uv":[3.5,10.0,3.75,10.25],"rotation":0,"texture":"#96552df7-7788-961d-0636-2fdf0ef98b41","tintindex":0},"north":{"uv":[8.75,7.5,9.125,7.75],"rotation":0,"texture":"#96552df7-7788-961d-0636-2fdf0ef98b41","tintindex":0},"south":{"uv":[9.125,7.5,9.5,7.75],"rotation":0,"texture":"#96552df7-7788-961d-0636-2fdf0ef98b41","tintindex":0},"up":{"uv":[4.125,9.5,3.75,9.25],"rotation":0,"texture":"#96552df7-7788-961d-0636-2fdf0ef98b41","tintindex":0},"west":{"uv":[3.75,10.0,4.0,10.25],"rotation":0,"texture":"#96552df7-7788-961d-0636-2fdf0ef98b41","tintindex":0}}}],"display":{"head":{"translation":[0.0,-6.4,0.0],"rotation":[0.0,0.0,0.0],"scale":[3.8095,3.8095,3.8095]},"gui":{"translation":[0.0,0.0,0.0],"rotation":[35.0,225.0,0.0],"scale":[0.625,0.625,0.625]}}}