{"file_name":"neck","texture_size":[128,128],"textures":{"96552df7-7788-961d-0636-2fdf0ef98b41":"modelengine:entity/plantboss"},"elements":[{"name":"cube","from":[6.2,11.54,5.54],"to":[9.8,15.14,9.139999],"rotation":{"angle":0.0,"axis":"x","origin":[8.0,11.54,7.34]},"faces":{"down":{"uv":[8.75,6.0,9.5,6.75],"rotation":0,"texture":"#96552df7-7788-961d-0636-2fdf0ef98b41","tintindex":0},"east":{"uv":[6.75,8.625,7.5,9.375],"rotation":0,"texture":"#96552df7-7788-961d-0636-2fdf0ef98b41","tintindex":0},"north":{"uv":[6.0,8.625,6.75,9.375],"rotation":0,"texture":"#96552df7-7788-961d-0636-2fdf0ef98b41","tintindex":0},"south":{"uv":[8.75,3.75,9.5,4.5],"rotation":0,"texture":"#96552df7-7788-961d-0636-2fdf0ef98b41","tintindex":0},"up":{"uv":[9.5,6.0,8.75,5.25],"rotation":0,"texture":"#96552df7-7788-961d-0636-2fdf0ef98b41","tintindex":0},"west":{"uv":[8.75,4.5,9.5,5.25],"rotation":0,"texture":"#96552df7-7788-961d-0636-2fdf0ef98b41","tintindex":0}}},{"name":"cube","from":[6.8,15.14,4.94],"to":[10.4,18.74,8.54],"rotation":{"angle":0.0,"axis":"x","origin":[8.6,15.14,6.74]},"faces":{"down":{"uv":[9.0,0.75,9.75,1.5],"rotation":0,"texture":"#96552df7-7788-961d-0636-2fdf0ef98b41","tintindex":0},"east":{"uv":[7.5,9.0,8.25,9.75],"rotation":0,"texture":"#96552df7-7788-961d-0636-2fdf0ef98b41","tintindex":0},"north":{"uv":[8.75,6.75,9.5,7.5],"rotation":0,"texture":"#96552df7-7788-961d-0636-2fdf0ef98b41","tintindex":0},"south":{"uv":[8.25,9.0,9.0,9.75],"rotation":0,"texture":"#96552df7-7788-961d-0636-2fdf0ef98b41","tintindex":0},"up":{"uv":[9.75,0.75,9.0,0.0],"rotation":0,"texture":"#96552df7-7788-961d-0636-2fdf0ef98b41","tintindex":0},"west":{"uv":[9.0,9.0,9.75,9.75],"rotation":0,"texture":"#96552df7-7788-961d-0636-2fdf0ef98b41","tintindex":0}}},{"name":"cube","from":[6.2,15.74,1.3399996],"to":[9.8,19.34,4.94],"rotation":{"angle":0.0,"axis":"x","origin":[8.0,15.74,3.1399996]},"faces":{"down":{"uv":[3.0,9.25,3.75,10.0],"rotation":0,"texture":"#96552df7-7788-961d-0636-2fdf0ef98b41","tintindex":0},"east":{"uv":[0.0,9.125,0.75,9.875],"rotation":0,"texture":"#96552df7-7788-961d-0636-2fdf0ef98b41","tintindex":0},"north":{"uv":[9.0,8.25,9.75,9.0],"rotation":0,"texture":"#96552df7-7788-961d-0636-2fdf0ef98b41","tintindex":0},"south":{"uv":[0.75,9.125,1.5,9.875],"rotation":0,"texture":"#96552df7-7788-961d-0636-2fdf0ef98b41","tintindex":0},"up":{"uv":[3.0,9.875,2.25,9.125],"rotation":0,"texture":"#96552df7-7788-961d-0636-2fdf0ef98b41","tintindex":0},"west":{"uv":[1.5,9.125,2.25,9.875],"rotation":0,"texture":"#96552df7-7788-961d-0636-2fdf0ef98b41","tintindex":0}}},{"name":"cube","from":[0.19999981,9.74,3.1399996],"to":[15.8,25.34,3.1399996],"rotation":{"angle":0.0,"axis":"x","origin":[8.0,15.74,1.3399996]},"faces":{"down":{"uv":[0.0,0.0,3.25,0.0],"rotation":0,"texture":"#96552df7-7788-961d-0636-2fdf0ef98b41","tintindex":0},"east":{"uv":[0.0,0.0,0.0,3.25],"rotation":0,"texture":"#96552df7-7788-961d-0636-2fdf0ef98b41","tintindex":0},"north":{"uv":[0.0,0.0,3.25,3.25],"rotation":0,"texture":"#96552df7-7788-961d-0636-2fdf0ef98b41","tintindex":0},"south":{"uv":[0.0,3.25,3.25,6.5],"rotation":0,"texture":"#96552df7-7788-961d-0636-2fdf0ef98b41","tintindex":0},"up":{"uv":[3.25,0.0,0.0,0.0],"rotation":0,"texture":"#96552df7-7788-961d-0636-2fdf0ef98b41","tintindex":0},"west":{"uv":[0.0,0.0,0.0,3.25],"rotation":0,"texture":"#96552df7-7788-961d-0636-2fdf0ef98b41","tintindex":0}}},{"name":"cube","from":[5.6,7.9399996,6.14],"to":[9.2,11.54,9.74],"rotation":{"angle":0.0,"axis":"x","origin":[7.4,7.9399996,7.94]},"faces":{"down":{"uv":[5.25,8.5,6.0,9.25],"rotation":0,"texture":"#96552df7-7788-961d-0636-2fdf0ef98b41","tintindex":0},"east":{"uv":[2.25,8.375,3.0,9.125],"rotation":0,"texture":"#96552df7-7788-961d-0636-2fdf0ef98b41","tintindex":0},"north":{"uv":[1.5,8.375,2.25,9.125],"rotation":0,"texture":"#96552df7-7788-961d-0636-2fdf0ef98b41","tintindex":0},"south":{"uv":[3.0,8.5,3.75,9.25],"rotation":0,"texture":"#96552df7-7788-961d-0636-2fdf0ef98b41","tintindex":0},"up":{"uv":[5.25,9.25,4.5,8.5],"rotation":0,"texture":"#96552df7-7788-961d-0636-2fdf0ef98b41","tintindex":0},"west":{"uv":[3.75,8.5,4.5,9.25],"rotation":0,"texture":"#96552df7-7788-961d-0636-2fdf0ef98b41","tintindex":0}}}],"display":{"head":{"translation":[0.0,-6.4,0.0],"rotation":[0.0,0.0,0.0],"scale":[3.8095,3.8095,3.8095]},"gui":{"translation":[0.0,0.0,0.0],"rotation":[35.0,225.0,0.0],"scale":[0.625,0.625,0.625]}}}