{"file_name":"rightarmmid","texture_size":[128,128],"textures":{"96552df7-7788-961d-0636-2fdf0ef98b41":"modelengine:entity/plantboss"},"elements":[{"name":"cube","from":[6.2,7.5799994,7.13],"to":[8.0,8.78,8.33],"rotation":{"angle":0.0,"axis":"x","origin":[8.0,7.5799994,7.73]},"faces":{"down":{"uv":[9.75,2.25,10.125,2.5],"rotation":0,"texture":"#96552df7-7788-961d-0636-2fdf0ef98b41","tintindex":0},"east":{"uv":[1.5,10.125,1.75,10.375],"rotation":0,"texture":"#96552df7-7788-961d-0636-2fdf0ef98b41","tintindex":0},"north":{"uv":[9.75,1.5,10.125,1.75],"rotation":0,"texture":"#96552df7-7788-961d-0636-2fdf0ef98b41","tintindex":0},"south":{"uv":[9.75,1.75,10.125,2.0],"rotation":0,"texture":"#96552df7-7788-961d-0636-2fdf0ef98b41","tintindex":0},"up":{"uv":[10.125,2.25,9.75,2.0],"rotation":0,"texture":"#96552df7-7788-961d-0636-2fdf0ef98b41","tintindex":0},"west":{"uv":[1.75,10.125,2.0,10.375],"rotation":0,"texture":"#96552df7-7788-961d-0636-2fdf0ef98b41","tintindex":0}}},{"name":"cube","from":[4.3999996,7.7299995,7.28],"to":[6.2,8.929999,8.48],"rotation":{"angle":0.0,"axis":"x","origin":[6.2,7.7299995,7.88]},"faces":{"down":{"uv":[9.75,8.5,10.125,8.75],"rotation":0,"texture":"#96552df7-7788-961d-0636-2fdf0ef98b41","tintindex":0},"east":{"uv":[2.0,10.125,2.25,10.375],"rotation":0,"texture":"#96552df7-7788-961d-0636-2fdf0ef98b41","tintindex":0},"north":{"uv":[9.75,2.5,10.125,2.75],"rotation":0,"texture":"#96552df7-7788-961d-0636-2fdf0ef98b41","tintindex":0},"south":{"uv":[9.75,2.75,10.125,3.0],"rotation":0,"texture":"#96552df7-7788-961d-0636-2fdf0ef98b41","tintindex":0},"up":{"uv":[10.125,8.5,9.75,8.25],"rotation":0,"texture":"#96552df7-7788-961d-0636-2fdf0ef98b41","tintindex":0},"west":{"uv":[2.25,10.125,2.5,10.375],"rotation":0,"texture":"#96552df7-7788-961d-0636-2fdf0ef98b41","tintindex":0}}},{"name":"cube","from":[2.6,7.8799996,7.58],"to":[4.3999996,9.08,8.780001],"rotation":{"angle":0.0,"axis":"x","origin":[4.3999996,7.8799996,8.18]},"faces":{"down":{"uv":[9.75,9.5,10.125,9.75],"rotation":0,"texture":"#96552df7-7788-961d-0636-2fdf0ef98b41","tintindex":0},"east":{"uv":[2.5,10.125,2.75,10.375],"rotation":0,"texture":"#96552df7-7788-961d-0636-2fdf0ef98b41","tintindex":0},"north":{"uv":[9.75,8.75,10.125,9.0],"rotation":0,"texture":"#96552df7-7788-961d-0636-2fdf0ef98b41","tintindex":0},"south":{"uv":[9.75,9.0,10.125,9.25],"rotation":0,"texture":"#96552df7-7788-961d-0636-2fdf0ef98b41","tintindex":0},"up":{"uv":[10.125,9.5,9.75,9.25],"rotation":0,"texture":"#96552df7-7788-961d-0636-2fdf0ef98b41","tintindex":0},"west":{"uv":[2.75,10.125,3.0,10.375],"rotation":0,"texture":"#96552df7-7788-961d-0636-2fdf0ef98b41","tintindex":0}}},{"name":"cube","from":[0.7999997,8.03,7.4300003],"to":[2.6,9.23,8.63],"rotation":{"angle":0.0,"axis":"x","origin":[2.6,8.03,8.030001]},"faces":{"down":{"uv":[1.125,9.875,1.5,10.125],"rotation":0,"texture":"#96552df7-7788-961d-0636-2fdf0ef98b41","tintindex":0},"east":{"uv":[6.0,10.125,6.25,10.375],"rotation":0,"texture":"#96552df7-7788-961d-0636-2fdf0ef98b41","tintindex":0},"north":{"uv":[0.0,9.875,0.375,10.125],"rotation":0,"texture":"#96552df7-7788-961d-0636-2fdf0ef98b41","tintindex":0},"south":{"uv":[0.375,9.875,0.75,10.125],"rotation":0,"texture":"#96552df7-7788-961d-0636-2fdf0ef98b41","tintindex":0},"up":{"uv":[1.125,10.125,0.75,9.875],"rotation":0,"texture":"#96552df7-7788-961d-0636-2fdf0ef98b41","tintindex":0},"west":{"uv":[6.25,10.125,6.5,10.375],"rotation":0,"texture":"#96552df7-7788-961d-0636-2fdf0ef98b41","tintindex":0}}},{"name":"cube","from":[-1.0000005,8.179999,7.58],"to":[0.7999997,9.379999,8.780001],"rotation":{"angle":0.0,"axis":"x","origin":[0.7999997,8.179999,8.18]},"faces":{"down":{"uv":[2.625,9.875,3.0,10.125],"rotation":0,"texture":"#96552df7-7788-961d-0636-2fdf0ef98b41","tintindex":0},"east":{"uv":[6.5,10.125,6.75,10.375],"rotation":0,"texture":"#96552df7-7788-961d-0636-2fdf0ef98b41","tintindex":0},"north":{"uv":[1.5,9.875,1.875,10.125],"rotation":0,"texture":"#96552df7-7788-961d-0636-2fdf0ef98b41","tintindex":0},"south":{"uv":[1.875,9.875,2.25,10.125],"rotation":0,"texture":"#96552df7-7788-961d-0636-2fdf0ef98b41","tintindex":0},"up":{"uv":[2.625,10.125,2.25,9.875],"rotation":0,"texture":"#96552df7-7788-961d-0636-2fdf0ef98b41","tintindex":0},"west":{"uv":[6.75,10.125,7.0,10.375],"rotation":0,"texture":"#96552df7-7788-961d-0636-2fdf0ef98b41","tintindex":0}}}],"display":{"head":{"translation":[0.0,-6.4,0.0],"rotation":[0.0,0.0,0.0],"scale":[3.8095,3.8095,3.8095]},"gui":{"translation":[0.0,0.0,0.0],"rotation":[35.0,225.0,0.0],"scale":[0.625,0.625,0.625]}}}