{"file_name":"rightarm","texture_size":[128,128],"textures":{"96552df7-7788-961d-0636-2fdf0ef98b41":"modelengine:entity/plantboss"},"elements":[{"name":"cube","from":[7.3914285,7.374286,7.4],"to":[9.191428,8.574286,8.6],"rotation":{"angle":0.0,"axis":"x","origin":[9.191428,7.374286,8.0]},"faces":{"down":{"uv":[4.5,9.75,4.875,10.0],"rotation":0,"texture":"#96552df7-7788-961d-0636-2fdf0ef98b41","tintindex":0},"east":{"uv":[10.0,3.25,10.25,3.5],"rotation":0,"texture":"#96552df7-7788-961d-0636-2fdf0ef98b41","tintindex":0},"north":{"uv":[9.625,8.0,10.0,8.25],"rotation":0,"texture":"#96552df7-7788-961d-0636-2fdf0ef98b41","tintindex":0},"south":{"uv":[3.75,9.75,4.125,10.0],"rotation":0,"texture":"#96552df7-7788-961d-0636-2fdf0ef98b41","tintindex":0},"up":{"uv":[4.5,10.0,4.125,9.75],"rotation":0,"texture":"#96552df7-7788-961d-0636-2fdf0ef98b41","tintindex":0},"west":{"uv":[10.0,3.5,10.25,3.75],"rotation":0,"texture":"#96552df7-7788-961d-0636-2fdf0ef98b41","tintindex":0}}},{"name":"cube","from":[5.5914283,7.5242863,7.25],"to":[7.3914285,8.724286,8.45],"rotation":{"angle":0.0,"axis":"x","origin":[7.3914285,7.5242863,7.85]},"faces":{"down":{"uv":[7.5,9.75,7.875,10.0],"rotation":0,"texture":"#96552df7-7788-961d-0636-2fdf0ef98b41","tintindex":0},"east":{"uv":[10.0,7.75,10.25,8.0],"rotation":0,"texture":"#96552df7-7788-961d-0636-2fdf0ef98b41","tintindex":0},"north":{"uv":[4.875,9.75,5.25,10.0],"rotation":0,"texture":"#96552df7-7788-961d-0636-2fdf0ef98b41","tintindex":0},"south":{"uv":[5.25,9.75,5.625,10.0],"rotation":0,"texture":"#96552df7-7788-961d-0636-2fdf0ef98b41","tintindex":0},"up":{"uv":[6.0,10.0,5.625,9.75],"rotation":0,"texture":"#96552df7-7788-961d-0636-2fdf0ef98b41","tintindex":0},"west":{"uv":[10.0,8.0,10.25,8.25],"rotation":0,"texture":"#96552df7-7788-961d-0636-2fdf0ef98b41","tintindex":0}}},{"name":"cube","from":[3.791428,7.6742864,7.4],"to":[5.5914283,8.874287,8.6],"rotation":{"angle":0.0,"axis":"x","origin":[5.5914283,7.6742864,8.0]},"faces":{"down":{"uv":[9.0,9.75,9.375,10.0],"rotation":0,"texture":"#96552df7-7788-961d-0636-2fdf0ef98b41","tintindex":0},"east":{"uv":[0.0,10.125,0.25,10.375],"rotation":0,"texture":"#96552df7-7788-961d-0636-2fdf0ef98b41","tintindex":0},"north":{"uv":[7.875,9.75,8.25,10.0],"rotation":0,"texture":"#96552df7-7788-961d-0636-2fdf0ef98b41","tintindex":0},"south":{"uv":[8.25,9.75,8.625,10.0],"rotation":0,"texture":"#96552df7-7788-961d-0636-2fdf0ef98b41","tintindex":0},"up":{"uv":[9.0,10.0,8.625,9.75],"rotation":0,"texture":"#96552df7-7788-961d-0636-2fdf0ef98b41","tintindex":0},"west":{"uv":[0.25,10.125,0.5,10.375],"rotation":0,"texture":"#96552df7-7788-961d-0636-2fdf0ef98b41","tintindex":0}}},{"name":"cube","from":[1.9914281,7.8242865,7.55],"to":[3.791428,9.024286,8.75],"rotation":{"angle":0.0,"axis":"x","origin":[3.791428,7.8242865,8.15]},"faces":{"down":{"uv":[9.75,0.25,10.125,0.5],"rotation":0,"texture":"#96552df7-7788-961d-0636-2fdf0ef98b41","tintindex":0},"east":{"uv":[0.5,10.125,0.75,10.375],"rotation":0,"texture":"#96552df7-7788-961d-0636-2fdf0ef98b41","tintindex":0},"north":{"uv":[9.375,9.75,9.75,10.0],"rotation":0,"texture":"#96552df7-7788-961d-0636-2fdf0ef98b41","tintindex":0},"south":{"uv":[9.75,9.75,10.125,10.0],"rotation":0,"texture":"#96552df7-7788-961d-0636-2fdf0ef98b41","tintindex":0},"up":{"uv":[10.125,0.25,9.75,0.0],"rotation":0,"texture":"#96552df7-7788-961d-0636-2fdf0ef98b41","tintindex":0},"west":{"uv":[0.75,10.125,1.0,10.375],"rotation":0,"texture":"#96552df7-7788-961d-0636-2fdf0ef98b41","tintindex":0}}},{"name":"cube","from":[0.19142795,7.974286,7.4],"to":[1.9914281,9.174286,8.6],"rotation":{"angle":0.0,"axis":"x","origin":[1.9914281,7.974286,8.0]},"faces":{"down":{"uv":[9.75,1.25,10.125,1.5],"rotation":0,"texture":"#96552df7-7788-961d-0636-2fdf0ef98b41","tintindex":0},"east":{"uv":[1.0,10.125,1.25,10.375],"rotation":0,"texture":"#96552df7-7788-961d-0636-2fdf0ef98b41","tintindex":0},"north":{"uv":[9.75,0.5,10.125,0.75],"rotation":0,"texture":"#96552df7-7788-961d-0636-2fdf0ef98b41","tintindex":0},"south":{"uv":[9.75,0.75,10.125,1.0],"rotation":0,"texture":"#96552df7-7788-961d-0636-2fdf0ef98b41","tintindex":0},"up":{"uv":[10.125,1.25,9.75,1.0],"rotation":0,"texture":"#96552df7-7788-961d-0636-2fdf0ef98b41","tintindex":0},"west":{"uv":[1.25,10.125,1.5,10.375],"rotation":0,"texture":"#96552df7-7788-961d-0636-2fdf0ef98b41","tintindex":0}}}],"display":{"head":{"translation":[0.0,-6.4,0.0],"rotation":[0.0,0.0,0.0],"scale":[3.8095,3.8095,3.8095]},"gui":{"translation":[0.0,0.0,0.0],"rotation":[35.0,225.0,0.0],"scale":[0.625,0.625,0.625]}}}