{"file_name":"rightarmtop","texture_size":[128,128],"textures":{"96552df7-7788-961d-0636-2fdf0ef98b41":"modelengine:entity/plantboss"},"elements":[{"name":"cube","from":[6.2599993,7.4,7.13],"to":[8.059999,8.6,8.33],"rotation":{"angle":0.0,"axis":"x","origin":[8.059999,7.4,7.73]},"faces":{"down":{"uv":[7.125,9.875,7.5,10.125],"rotation":0,"texture":"#96552df7-7788-961d-0636-2fdf0ef98b41","tintindex":0},"east":{"uv":[7.0,10.125,7.25,10.375],"rotation":0,"texture":"#96552df7-7788-961d-0636-2fdf0ef98b41","tintindex":0},"north":{"uv":[6.0,9.875,6.375,10.125],"rotation":0,"texture":"#96552df7-7788-961d-0636-2fdf0ef98b41","tintindex":0},"south":{"uv":[6.375,9.875,6.75,10.125],"rotation":0,"texture":"#96552df7-7788-961d-0636-2fdf0ef98b41","tintindex":0},"up":{"uv":[7.125,10.125,6.75,9.875],"rotation":0,"texture":"#96552df7-7788-961d-0636-2fdf0ef98b41","tintindex":0},"west":{"uv":[7.25,10.125,7.5,10.375],"rotation":0,"texture":"#96552df7-7788-961d-0636-2fdf0ef98b41","tintindex":0}}},{"name":"cube","from":[4.459999,7.55,7.28],"to":[6.2599993,8.75,8.48],"rotation":{"angle":0.0,"axis":"x","origin":[6.2599993,7.55,7.88]},"faces":{"down":{"uv":[9.875,4.5,10.25,4.75],"rotation":0,"texture":"#96552df7-7788-961d-0636-2fdf0ef98b41","tintindex":0},"east":{"uv":[10.125,0.0,10.375,0.25],"rotation":0,"texture":"#96552df7-7788-961d-0636-2fdf0ef98b41","tintindex":0},"north":{"uv":[9.875,3.75,10.25,4.0],"rotation":0,"texture":"#96552df7-7788-961d-0636-2fdf0ef98b41","tintindex":0},"south":{"uv":[9.875,4.0,10.25,4.25],"rotation":0,"texture":"#96552df7-7788-961d-0636-2fdf0ef98b41","tintindex":0},"up":{"uv":[10.25,4.5,9.875,4.25],"rotation":0,"texture":"#96552df7-7788-961d-0636-2fdf0ef98b41","tintindex":0},"west":{"uv":[10.125,0.25,10.375,0.5],"rotation":0,"texture":"#96552df7-7788-961d-0636-2fdf0ef98b41","tintindex":0}}},{"name":"cube","from":[2.659999,7.7,7.58],"to":[4.459999,8.9,8.780001],"rotation":{"angle":0.0,"axis":"x","origin":[4.459999,7.7,8.18]},"faces":{"down":{"uv":[9.875,5.5,10.25,5.75],"rotation":0,"texture":"#96552df7-7788-961d-0636-2fdf0ef98b41","tintindex":0},"east":{"uv":[10.125,0.5,10.375,0.75],"rotation":0,"texture":"#96552df7-7788-961d-0636-2fdf0ef98b41","tintindex":0},"north":{"uv":[9.875,4.75,10.25,5.0],"rotation":0,"texture":"#96552df7-7788-961d-0636-2fdf0ef98b41","tintindex":0},"south":{"uv":[9.875,5.0,10.25,5.25],"rotation":0,"texture":"#96552df7-7788-961d-0636-2fdf0ef98b41","tintindex":0},"up":{"uv":[10.25,5.5,9.875,5.25],"rotation":0,"texture":"#96552df7-7788-961d-0636-2fdf0ef98b41","tintindex":0},"west":{"uv":[10.125,0.75,10.375,1.0],"rotation":0,"texture":"#96552df7-7788-961d-0636-2fdf0ef98b41","tintindex":0}}},{"name":"cube","from":[0.8599987,7.85,7.4300003],"to":[2.659999,9.05,8.63],"rotation":{"angle":0.0,"axis":"x","origin":[2.659999,7.85,8.030001]},"faces":{"down":{"uv":[9.875,6.5,10.25,6.75],"rotation":0,"texture":"#96552df7-7788-961d-0636-2fdf0ef98b41","tintindex":0},"east":{"uv":[10.125,1.0,10.375,1.25],"rotation":0,"texture":"#96552df7-7788-961d-0636-2fdf0ef98b41","tintindex":0},"north":{"uv":[9.875,5.75,10.25,6.0],"rotation":0,"texture":"#96552df7-7788-961d-0636-2fdf0ef98b41","tintindex":0},"south":{"uv":[9.875,6.0,10.25,6.25],"rotation":0,"texture":"#96552df7-7788-961d-0636-2fdf0ef98b41","tintindex":0},"up":{"uv":[10.25,6.5,9.875,6.25],"rotation":0,"texture":"#96552df7-7788-961d-0636-2fdf0ef98b41","tintindex":0},"west":{"uv":[10.125,1.25,10.375,1.5],"rotation":0,"texture":"#96552df7-7788-961d-0636-2fdf0ef98b41","tintindex":0}}},{"name":"cube","from":[-0.9400015,8.0,7.58],"to":[0.8599987,9.2,8.780001],"rotation":{"angle":0.0,"axis":"x","origin":[0.8599987,8.0,8.18]},"faces":{"down":{"uv":[9.875,7.5,10.25,7.75],"rotation":0,"texture":"#96552df7-7788-961d-0636-2fdf0ef98b41","tintindex":0},"east":{"uv":[10.125,1.5,10.375,1.75],"rotation":0,"texture":"#96552df7-7788-961d-0636-2fdf0ef98b41","tintindex":0},"north":{"uv":[9.875,6.75,10.25,7.0],"rotation":0,"texture":"#96552df7-7788-961d-0636-2fdf0ef98b41","tintindex":0},"south":{"uv":[9.875,7.0,10.25,7.25],"rotation":0,"texture":"#96552df7-7788-961d-0636-2fdf0ef98b41","tintindex":0},"up":{"uv":[10.25,7.5,9.875,7.25],"rotation":0,"texture":"#96552df7-7788-961d-0636-2fdf0ef98b41","tintindex":0},"west":{"uv":[10.125,1.75,10.375,2.0],"rotation":0,"texture":"#96552df7-7788-961d-0636-2fdf0ef98b41","tintindex":0}}}],"display":{"head":{"translation":[0.0,-6.4,0.0],"rotation":[0.0,0.0,0.0],"scale":[3.8095,3.8095,3.8095]},"gui":{"translation":[0.0,0.0,0.0],"rotation":[35.0,225.0,0.0],"scale":[0.625,0.625,0.625]}}}