{"file_name":"bal_lab","texture_size":[64,64],"textures":{"02dd8159-186e-8164-bc16-a6203fe11920":"modelengine:entity/kristalymob","70e53bc1-7d9b-8b7c-d583-0d1e1a205dd5":"modelengine:entity/texture"},"elements":[{"name":"bal nagylábujj","from":[6.145,5.6949997,8.184999],"to":[6.9249997,6.4749994,8.965],"rotation":{"angle":0.0,"axis":"x","origin":[6.325,5.6949997,8.785]},"faces":{"down":{"uv":[14.5,0.0,14.75,0.25],"rotation":0,"texture":"#02dd8159-186e-8164-bc16-a6203fe11920","tintindex":0},"east":{"uv":[13.75,14.5,14.0,14.75],"rotation":0,"texture":"#02dd8159-186e-8164-bc16-a6203fe11920","tintindex":0},"north":{"uv":[13.5,14.5,13.75,14.75],"rotation":0,"texture":"#02dd8159-186e-8164-bc16-a6203fe11920","tintindex":0},"south":{"uv":[14.0,14.5,14.25,14.75],"rotation":0,"texture":"#02dd8159-186e-8164-bc16-a6203fe11920","tintindex":0},"up":{"uv":[14.75,14.75,14.5,14.5],"rotation":0,"texture":"#02dd8159-186e-8164-bc16-a6203fe11920","tintindex":0},"west":{"uv":[14.25,14.5,14.5,14.75],"rotation":0,"texture":"#02dd8159-186e-8164-bc16-a6203fe11920","tintindex":0}}},{"name":"bal lábujj","from":[6.205,5.6949997,7.045],"to":[6.805,6.295,8.245],"rotation":{"angle":0.0,"axis":"x","origin":[6.205,5.6949997,8.245]},"faces":{"down":{"uv":[5.0,14.0,5.25,14.5],"rotation":0,"texture":"#02dd8159-186e-8164-bc16-a6203fe11920","tintindex":0},"east":{"uv":[10.0,11.75,10.5,12.0],"rotation":0,"texture":"#02dd8159-186e-8164-bc16-a6203fe11920","tintindex":0},"north":{"uv":[13.25,5.0,13.5,5.25],"rotation":0,"texture":"#02dd8159-186e-8164-bc16-a6203fe11920","tintindex":0},"south":{"uv":[13.25,14.5,13.5,14.75],"rotation":0,"texture":"#02dd8159-186e-8164-bc16-a6203fe11920","tintindex":0},"up":{"uv":[5.0,14.5,4.75,14.0],"rotation":0,"texture":"#02dd8159-186e-8164-bc16-a6203fe11920","tintindex":0},"west":{"uv":[13.0,12.75,13.5,13.0],"rotation":0,"texture":"#02dd8159-186e-8164-bc16-a6203fe11920","tintindex":0}}},{"name":"bal láb","from":[6.805,7.495,7.045],"to":[7.4049997,8.695,8.844999],"rotation":{"angle":-22.5,"axis":"z","origin":[6.805,7.495,8.245]},"faces":{"down":{"uv":[0.0,14.0,0.25,14.75],"rotation":0,"texture":"#02dd8159-186e-8164-bc16-a6203fe11920","tintindex":0},"east":{"uv":[12.25,11.75,13.0,12.25],"rotation":0,"texture":"#02dd8159-186e-8164-bc16-a6203fe11920","tintindex":0},"north":{"uv":[4.25,14.0,4.5,14.5],"rotation":0,"texture":"#02dd8159-186e-8164-bc16-a6203fe11920","tintindex":0},"south":{"uv":[4.5,14.0,4.75,14.5],"rotation":0,"texture":"#02dd8159-186e-8164-bc16-a6203fe11920","tintindex":0},"up":{"uv":[14.0,4.5,13.75,3.75],"rotation":0,"texture":"#02dd8159-186e-8164-bc16-a6203fe11920","tintindex":0},"west":{"uv":[5.5,12.5,6.25,13.0],"rotation":0,"texture":"#02dd8159-186e-8164-bc16-a6203fe11920","tintindex":0}}},{"name":"bal láb","from":[8.184999,5.875,7.045],"to":[8.785,7.1949997,8.844999],"rotation":{"angle":-22.5,"axis":"z","origin":[8.184999,6.5950003,8.245]},"faces":{"down":{"uv":[13.75,3.0,14.0,3.75],"rotation":0,"texture":"#02dd8159-186e-8164-bc16-a6203fe11920","tintindex":0},"east":{"uv":[12.25,10.75,13.0,11.25],"rotation":0,"texture":"#02dd8159-186e-8164-bc16-a6203fe11920","tintindex":0},"north":{"uv":[3.75,14.0,4.0,14.5],"rotation":0,"texture":"#02dd8159-186e-8164-bc16-a6203fe11920","tintindex":0},"south":{"uv":[4.0,14.0,4.25,14.5],"rotation":0,"texture":"#02dd8159-186e-8164-bc16-a6203fe11920","tintindex":0},"up":{"uv":[14.0,3.0,13.75,2.25],"rotation":0,"texture":"#02dd8159-186e-8164-bc16-a6203fe11920","tintindex":0},"west":{"uv":[12.25,11.25,13.0,11.75],"rotation":0,"texture":"#02dd8159-186e-8164-bc16-a6203fe11920","tintindex":0}}},{"name":"bal láb","from":[6.805,5.6949997,7.045],"to":[8.605,7.495,8.844999],"rotation":{"angle":0.0,"axis":"x","origin":[8.005,5.6949997,8.245]},"faces":{"down":{"uv":[11.5,11.5,12.25,12.25],"rotation":0,"texture":"#02dd8159-186e-8164-bc16-a6203fe11920","tintindex":0},"east":{"uv":[3.0,11.5,3.75,12.25],"rotation":0,"texture":"#02dd8159-186e-8164-bc16-a6203fe11920","tintindex":0},"north":{"uv":[1.5,11.5,2.25,12.25],"rotation":0,"texture":"#02dd8159-186e-8164-bc16-a6203fe11920","tintindex":0},"south":{"uv":[3.75,11.5,4.5,12.25],"rotation":0,"texture":"#02dd8159-186e-8164-bc16-a6203fe11920","tintindex":0},"up":{"uv":[7.75,12.25,7.0,11.5],"rotation":0,"texture":"#02dd8159-186e-8164-bc16-a6203fe11920","tintindex":0},"west":{"uv":[6.25,11.5,7.0,12.25],"rotation":0,"texture":"#02dd8159-186e-8164-bc16-a6203fe11920","tintindex":0}}},{"name":"bal láb","from":[7.165,6.895,7.045],"to":[8.965,8.094999,8.844999],"rotation":{"angle":0.0,"axis":"x","origin":[8.365,5.6949997,8.844999]},"faces":{"down":{"uv":[11.25,9.75,12.0,10.5],"rotation":0,"texture":"#02dd8159-186e-8164-bc16-a6203fe11920","tintindex":0},"east":{"uv":[11.5,12.25,12.25,12.75],"rotation":0,"texture":"#02dd8159-186e-8164-bc16-a6203fe11920","tintindex":0},"north":{"uv":[10.75,12.25,11.5,12.75],"rotation":0,"texture":"#02dd8159-186e-8164-bc16-a6203fe11920","tintindex":0},"south":{"uv":[12.25,12.25,13.0,12.75],"rotation":0,"texture":"#02dd8159-186e-8164-bc16-a6203fe11920","tintindex":0},"up":{"uv":[12.0,9.75,11.25,9.0],"rotation":0,"texture":"#02dd8159-186e-8164-bc16-a6203fe11920","tintindex":0},"west":{"uv":[12.25,10.25,13.0,10.75],"rotation":0,"texture":"#02dd8159-186e-8164-bc16-a6203fe11920","tintindex":0}}}],"display":{"head":{"translation":[0.0,-6.4,0.0],"rotation":[0.0,0.0,0.0],"scale":[3.8095,3.8095,3.8095]},"gui":{"translation":[0.0,0.0,0.0],"rotation":[35.0,225.0,0.0],"scale":[0.625,0.625,0.625]}}}