{"file_name":"ferdekristaly4","texture_size":[64,64],"textures":{"02dd8159-186e-8164-bc16-a6203fe11920":"modelengine:entity/kristalymob","70e53bc1-7d9b-8b7c-d583-0d1e1a205dd5":"modelengine:entity/texture"},"elements":[{"name":"lk","from":[7.4436803,7.4,6.8873596],"to":[9.11264,15.232161,8.55632],"rotation":{"angle":0.0,"axis":"x","origin":[8.0,8.0,8.0]},"faces":{"down":{"uv":[10.0,12.0,10.75,12.75],"rotation":0,"texture":"#02dd8159-186e-8164-bc16-a6203fe11920","tintindex":0},"east":{"uv":[3.25,6.5,4.0,9.75],"rotation":0,"texture":"#02dd8159-186e-8164-bc16-a6203fe11920","tintindex":0},"north":{"uv":[2.5,6.5,3.25,9.75],"rotation":0,"texture":"#02dd8159-186e-8164-bc16-a6203fe11920","tintindex":0},"south":{"uv":[4.0,6.5,4.75,9.75],"rotation":0,"texture":"#02dd8159-186e-8164-bc16-a6203fe11920","tintindex":0},"up":{"uv":[1.5,12.75,0.75,12.0],"rotation":0,"texture":"#02dd8159-186e-8164-bc16-a6203fe11920","tintindex":0},"west":{"uv":[6.5,6.5,7.25,9.75],"rotation":0,"texture":"#02dd8159-186e-8164-bc16-a6203fe11920","tintindex":0}}},{"name":"tető","from":[7.499312,15.232161,6.942992],"to":[9.057008,17.791233,8.500689],"rotation":{"angle":0.0,"axis":"x","origin":[8.0,15.232161,8.0]},"faces":{"down":{"uv":[12.0,4.5,12.75,5.25],"rotation":0,"texture":"#02dd8159-186e-8164-bc16-a6203fe11920","tintindex":0},"east":{"uv":[8.5,7.5,9.25,8.5],"rotation":0,"texture":"#02dd8159-186e-8164-bc16-a6203fe11920","tintindex":0},"north":{"uv":[6.5,5.5,7.25,6.5],"rotation":0,"texture":"#02dd8159-186e-8164-bc16-a6203fe11920","tintindex":0},"south":{"uv":[0.0,11.0,0.75,12.0],"rotation":0,"texture":"#02dd8159-186e-8164-bc16-a6203fe11920","tintindex":0},"up":{"uv":[12.75,4.5,12.0,3.75],"rotation":0,"texture":"#02dd8159-186e-8164-bc16-a6203fe11920","tintindex":0},"west":{"uv":[0.75,11.0,1.5,12.0],"rotation":0,"texture":"#02dd8159-186e-8164-bc16-a6203fe11920","tintindex":0}}},{"name":"tető","from":[7.554944,16.622961,6.998624],"to":[9.001375,21.017887,8.445056],"rotation":{"angle":0.0,"axis":"x","origin":[8.0,16.622961,8.0]},"faces":{"down":{"uv":[13.5,13.0,14.0,13.5],"rotation":0,"texture":"#02dd8159-186e-8164-bc16-a6203fe11920","tintindex":0},"east":{"uv":[9.75,7.0,10.25,8.75],"rotation":0,"texture":"#02dd8159-186e-8164-bc16-a6203fe11920","tintindex":0},"north":{"uv":[9.75,5.25,10.25,7.0],"rotation":0,"texture":"#02dd8159-186e-8164-bc16-a6203fe11920","tintindex":0},"south":{"uv":[10.0,10.0,10.5,11.75],"rotation":0,"texture":"#02dd8159-186e-8164-bc16-a6203fe11920","tintindex":0},"up":{"uv":[14.0,13.0,13.5,12.5],"rotation":0,"texture":"#02dd8159-186e-8164-bc16-a6203fe11920","tintindex":0},"west":{"uv":[10.25,0.0,10.75,1.75],"rotation":0,"texture":"#02dd8159-186e-8164-bc16-a6203fe11920","tintindex":0}}},{"name":"tető","from":[7.6105757,20.962257,7.054256],"to":[8.9457445,21.35168,8.389424],"rotation":{"angle":0.0,"axis":"x","origin":[8.0,20.962257,8.0]},"faces":{"down":{"uv":[2.0,13.75,2.5,14.25],"rotation":0,"texture":"#02dd8159-186e-8164-bc16-a6203fe11920","tintindex":0},"east":{"uv":[14.25,5.75,14.75,6.0],"rotation":0,"texture":"#02dd8159-186e-8164-bc16-a6203fe11920","tintindex":0},"north":{"uv":[14.25,5.5,14.75,5.75],"rotation":0,"texture":"#02dd8159-186e-8164-bc16-a6203fe11920","tintindex":0},"south":{"uv":[14.25,6.0,14.75,6.25],"rotation":0,"texture":"#02dd8159-186e-8164-bc16-a6203fe11920","tintindex":0},"up":{"uv":[2.0,14.25,1.5,13.75],"rotation":0,"texture":"#02dd8159-186e-8164-bc16-a6203fe11920","tintindex":0},"west":{"uv":[14.25,6.25,14.75,6.5],"rotation":0,"texture":"#02dd8159-186e-8164-bc16-a6203fe11920","tintindex":0}}},{"name":"tető","from":[7.666208,21.296047,7.109888],"to":[8.890112,21.685474,8.333792],"rotation":{"angle":0.0,"axis":"x","origin":[8.0,21.296047,8.0]},"faces":{"down":{"uv":[7.25,13.75,7.75,14.25],"rotation":0,"texture":"#02dd8159-186e-8164-bc16-a6203fe11920","tintindex":0},"east":{"uv":[1.75,14.5,2.25,14.75],"rotation":0,"texture":"#02dd8159-186e-8164-bc16-a6203fe11920","tintindex":0},"north":{"uv":[1.25,14.5,1.75,14.75],"rotation":0,"texture":"#02dd8159-186e-8164-bc16-a6203fe11920","tintindex":0},"south":{"uv":[2.25,14.5,2.75,14.75],"rotation":0,"texture":"#02dd8159-186e-8164-bc16-a6203fe11920","tintindex":0},"up":{"uv":[7.25,14.25,6.75,13.75],"rotation":0,"texture":"#02dd8159-186e-8164-bc16-a6203fe11920","tintindex":0},"west":{"uv":[2.75,14.5,3.25,14.75],"rotation":0,"texture":"#02dd8159-186e-8164-bc16-a6203fe11920","tintindex":0}}},{"name":"tető","from":[7.72184,21.62984,7.1655197],"to":[8.83448,21.963634,8.27816],"rotation":{"angle":0.0,"axis":"x","origin":[8.0,21.62984,8.0]},"faces":{"down":{"uv":[9.25,13.75,9.75,14.25],"rotation":0,"texture":"#02dd8159-186e-8164-bc16-a6203fe11920","tintindex":0},"east":{"uv":[3.75,14.5,4.25,14.75],"rotation":0,"texture":"#02dd8159-186e-8164-bc16-a6203fe11920","tintindex":0},"north":{"uv":[3.25,14.5,3.75,14.75],"rotation":0,"texture":"#02dd8159-186e-8164-bc16-a6203fe11920","tintindex":0},"south":{"uv":[4.25,14.5,4.75,14.75],"rotation":0,"texture":"#02dd8159-186e-8164-bc16-a6203fe11920","tintindex":0},"up":{"uv":[9.25,14.25,8.75,13.75],"rotation":0,"texture":"#02dd8159-186e-8164-bc16-a6203fe11920","tintindex":0},"west":{"uv":[4.75,14.5,5.25,14.75],"rotation":0,"texture":"#02dd8159-186e-8164-bc16-a6203fe11920","tintindex":0}}},{"name":"tető","from":[7.777472,21.908,7.221152],"to":[8.778849,22.241795,8.222528],"rotation":{"angle":0.0,"axis":"x","origin":[8.0,21.908,8.0]},"faces":{"down":{"uv":[10.5,13.75,11.0,14.25],"rotation":0,"texture":"#02dd8159-186e-8164-bc16-a6203fe11920","tintindex":0},"east":{"uv":[5.75,14.5,6.25,14.75],"rotation":0,"texture":"#02dd8159-186e-8164-bc16-a6203fe11920","tintindex":0},"north":{"uv":[5.25,14.5,5.75,14.75],"rotation":0,"texture":"#02dd8159-186e-8164-bc16-a6203fe11920","tintindex":0},"south":{"uv":[6.25,14.5,6.75,14.75],"rotation":0,"texture":"#02dd8159-186e-8164-bc16-a6203fe11920","tintindex":0},"up":{"uv":[10.5,14.25,10.0,13.75],"rotation":0,"texture":"#02dd8159-186e-8164-bc16-a6203fe11920","tintindex":0},"west":{"uv":[6.75,14.5,7.25,14.75],"rotation":0,"texture":"#02dd8159-186e-8164-bc16-a6203fe11920","tintindex":0}}},{"name":"tető","from":[7.833104,22.186161,7.276784],"to":[8.723216,22.519955,8.166896],"rotation":{"angle":0.0,"axis":"x","origin":[8.0,22.186161,8.0]},"faces":{"down":{"uv":[1.5,15.75,1.75,16.0],"rotation":0,"texture":"#02dd8159-186e-8164-bc16-a6203fe11920","tintindex":0},"east":{"uv":[0.5,15.75,0.75,16.0],"rotation":0,"texture":"#02dd8159-186e-8164-bc16-a6203fe11920","tintindex":0},"north":{"uv":[0.25,15.75,0.5,16.0],"rotation":0,"texture":"#02dd8159-186e-8164-bc16-a6203fe11920","tintindex":0},"south":{"uv":[0.75,15.75,1.0,16.0],"rotation":0,"texture":"#02dd8159-186e-8164-bc16-a6203fe11920","tintindex":0},"up":{"uv":[1.5,16.0,1.25,15.75],"rotation":0,"texture":"#02dd8159-186e-8164-bc16-a6203fe11920","tintindex":0},"west":{"uv":[1.0,15.75,1.25,16.0],"rotation":0,"texture":"#02dd8159-186e-8164-bc16-a6203fe11920","tintindex":0}}},{"name":"tető","from":[7.888736,22.464321,7.332416],"to":[8.667584,22.798115,8.111264],"rotation":{"angle":0.0,"axis":"x","origin":[8.0,22.464321,8.0]},"faces":{"down":{"uv":[3.0,15.75,3.25,16.0],"rotation":0,"texture":"#02dd8159-186e-8164-bc16-a6203fe11920","tintindex":0},"east":{"uv":[2.0,15.75,2.25,16.0],"rotation":0,"texture":"#02dd8159-186e-8164-bc16-a6203fe11920","tintindex":0},"north":{"uv":[1.75,15.75,2.0,16.0],"rotation":0,"texture":"#02dd8159-186e-8164-bc16-a6203fe11920","tintindex":0},"south":{"uv":[2.25,15.75,2.5,16.0],"rotation":0,"texture":"#02dd8159-186e-8164-bc16-a6203fe11920","tintindex":0},"up":{"uv":[3.0,16.0,2.75,15.75],"rotation":0,"texture":"#02dd8159-186e-8164-bc16-a6203fe11920","tintindex":0},"west":{"uv":[2.5,15.75,2.75,16.0],"rotation":0,"texture":"#02dd8159-186e-8164-bc16-a6203fe11920","tintindex":0}}},{"name":"tető","from":[7.944368,22.742481,7.388048],"to":[8.611952,23.020641,8.055632],"rotation":{"angle":0.0,"axis":"x","origin":[8.0,22.742481,8.0]},"faces":{"down":{"uv":[4.5,15.75,4.75,16.0],"rotation":0,"texture":"#02dd8159-186e-8164-bc16-a6203fe11920","tintindex":0},"east":{"uv":[3.5,15.75,3.75,16.0],"rotation":0,"texture":"#02dd8159-186e-8164-bc16-a6203fe11920","tintindex":0},"north":{"uv":[3.25,15.75,3.5,16.0],"rotation":0,"texture":"#02dd8159-186e-8164-bc16-a6203fe11920","tintindex":0},"south":{"uv":[3.75,15.75,4.0,16.0],"rotation":0,"texture":"#02dd8159-186e-8164-bc16-a6203fe11920","tintindex":0},"up":{"uv":[4.5,16.0,4.25,15.75],"rotation":0,"texture":"#02dd8159-186e-8164-bc16-a6203fe11920","tintindex":0},"west":{"uv":[4.0,15.75,4.25,16.0],"rotation":0,"texture":"#02dd8159-186e-8164-bc16-a6203fe11920","tintindex":0}}},{"name":"tető","from":[8.0,23.020641,7.4436803],"to":[8.55632,23.298801,8.0],"rotation":{"angle":0.0,"axis":"x","origin":[8.0,23.020641,8.0]},"faces":{"down":{"uv":[6.0,15.75,6.25,16.0],"rotation":0,"texture":"#02dd8159-186e-8164-bc16-a6203fe11920","tintindex":0},"east":{"uv":[5.0,15.75,5.25,16.0],"rotation":0,"texture":"#02dd8159-186e-8164-bc16-a6203fe11920","tintindex":0},"north":{"uv":[4.75,15.75,5.0,16.0],"rotation":0,"texture":"#02dd8159-186e-8164-bc16-a6203fe11920","tintindex":0},"south":{"uv":[5.25,15.75,5.5,16.0],"rotation":0,"texture":"#02dd8159-186e-8164-bc16-a6203fe11920","tintindex":0},"up":{"uv":[6.0,16.0,5.75,15.75],"rotation":0,"texture":"#02dd8159-186e-8164-bc16-a6203fe11920","tintindex":0},"west":{"uv":[5.5,15.75,5.75,16.0],"rotation":0,"texture":"#02dd8159-186e-8164-bc16-a6203fe11920","tintindex":0}}},{"name":"tető","from":[8.055632,23.243168,7.499312],"to":[8.500689,23.521328,7.944368],"rotation":{"angle":0.0,"axis":"x","origin":[8.0,23.243168,8.0]},"faces":{"down":{"uv":[7.5,15.75,7.75,16.0],"rotation":0,"texture":"#02dd8159-186e-8164-bc16-a6203fe11920","tintindex":0},"east":{"uv":[6.5,15.75,6.75,16.0],"rotation":0,"texture":"#02dd8159-186e-8164-bc16-a6203fe11920","tintindex":0},"north":{"uv":[6.25,15.75,6.5,16.0],"rotation":0,"texture":"#02dd8159-186e-8164-bc16-a6203fe11920","tintindex":0},"south":{"uv":[6.75,15.75,7.0,16.0],"rotation":0,"texture":"#02dd8159-186e-8164-bc16-a6203fe11920","tintindex":0},"up":{"uv":[7.5,16.0,7.25,15.75],"rotation":0,"texture":"#02dd8159-186e-8164-bc16-a6203fe11920","tintindex":0},"west":{"uv":[7.0,15.75,7.25,16.0],"rotation":0,"texture":"#02dd8159-186e-8164-bc16-a6203fe11920","tintindex":0}}},{"name":"tető","from":[8.111264,23.521328,7.554944],"to":[8.445056,23.799488,7.888736],"rotation":{"angle":0.0,"axis":"x","origin":[8.0,23.521328,8.0]},"faces":{"down":{"uv":[9.0,15.75,9.25,16.0],"rotation":0,"texture":"#02dd8159-186e-8164-bc16-a6203fe11920","tintindex":0},"east":{"uv":[8.0,15.75,8.25,16.0],"rotation":0,"texture":"#02dd8159-186e-8164-bc16-a6203fe11920","tintindex":0},"north":{"uv":[7.75,15.75,8.0,16.0],"rotation":0,"texture":"#02dd8159-186e-8164-bc16-a6203fe11920","tintindex":0},"south":{"uv":[8.25,15.75,8.5,16.0],"rotation":0,"texture":"#02dd8159-186e-8164-bc16-a6203fe11920","tintindex":0},"up":{"uv":[9.0,16.0,8.75,15.75],"rotation":0,"texture":"#02dd8159-186e-8164-bc16-a6203fe11920","tintindex":0},"west":{"uv":[8.5,15.75,8.75,16.0],"rotation":0,"texture":"#02dd8159-186e-8164-bc16-a6203fe11920","tintindex":0}}},{"name":"tető","from":[8.166896,23.799488,7.610576],"to":[8.389424,24.077648,7.833104],"rotation":{"angle":0.0,"axis":"x","origin":[8.0,23.799488,8.0]},"faces":{"down":{"uv":[10.5,15.75,10.75,16.0],"rotation":0,"texture":"#02dd8159-186e-8164-bc16-a6203fe11920","tintindex":0},"east":{"uv":[9.5,15.75,9.75,16.0],"rotation":0,"texture":"#02dd8159-186e-8164-bc16-a6203fe11920","tintindex":0},"north":{"uv":[9.25,15.75,9.5,16.0],"rotation":0,"texture":"#02dd8159-186e-8164-bc16-a6203fe11920","tintindex":0},"south":{"uv":[9.75,15.75,10.0,16.0],"rotation":0,"texture":"#02dd8159-186e-8164-bc16-a6203fe11920","tintindex":0},"up":{"uv":[10.5,16.0,10.25,15.75],"rotation":0,"texture":"#02dd8159-186e-8164-bc16-a6203fe11920","tintindex":0},"west":{"uv":[10.0,15.75,10.25,16.0],"rotation":0,"texture":"#02dd8159-186e-8164-bc16-a6203fe11920","tintindex":0}}},{"name":"tető","from":[8.222528,24.077648,7.666208],"to":[8.333792,24.355808,7.777472],"rotation":{"angle":0.0,"axis":"x","origin":[8.0,24.077648,8.0]},"faces":{"down":{"uv":[12.0,15.75,12.25,16.0],"rotation":0,"texture":"#02dd8159-186e-8164-bc16-a6203fe11920","tintindex":0},"east":{"uv":[11.0,15.75,11.25,16.0],"rotation":0,"texture":"#02dd8159-186e-8164-bc16-a6203fe11920","tintindex":0},"north":{"uv":[10.75,15.75,11.0,16.0],"rotation":0,"texture":"#02dd8159-186e-8164-bc16-a6203fe11920","tintindex":0},"south":{"uv":[11.25,15.75,11.5,16.0],"rotation":0,"texture":"#02dd8159-186e-8164-bc16-a6203fe11920","tintindex":0},"up":{"uv":[12.0,16.0,11.75,15.75],"rotation":0,"texture":"#02dd8159-186e-8164-bc16-a6203fe11920","tintindex":0},"west":{"uv":[11.5,15.75,11.75,16.0],"rotation":0,"texture":"#02dd8159-186e-8164-bc16-a6203fe11920","tintindex":0}}}],"display":{"head":{"translation":[0.0,-6.4,0.0],"rotation":[0.0,0.0,0.0],"scale":[3.8095,3.8095,3.8095]},"gui":{"translation":[0.0,0.0,0.0],"rotation":[35.0,225.0,0.0],"scale":[0.625,0.625,0.625]}}}