{"file_name":"ferdekristaly2","texture_size":[64,64],"textures":{"02dd8159-186e-8164-bc16-a6203fe11920":"modelengine:entity/kristalymob","70e53bc1-7d9b-8b7c-d583-0d1e1a205dd5":"modelengine:entity/texture"},"elements":[{"name":"lk","from":[7.60784,7.58,7.60784],"to":[8.78432,13.09808,8.784321],"rotation":{"angle":0.0,"axis":"x","origin":[8.0,8.0,8.0]},"faces":{"down":{"uv":[8.25,13.5,8.75,14.0],"rotation":0,"texture":"#02dd8159-186e-8164-bc16-a6203fe11920","tintindex":0},"east":{"uv":[9.25,4.5,9.75,6.75],"rotation":0,"texture":"#02dd8159-186e-8164-bc16-a6203fe11920","tintindex":0},"north":{"uv":[9.25,2.25,9.75,4.5],"rotation":0,"texture":"#02dd8159-186e-8164-bc16-a6203fe11920","tintindex":0},"south":{"uv":[9.25,6.75,9.75,9.0],"rotation":0,"texture":"#02dd8159-186e-8164-bc16-a6203fe11920","tintindex":0},"up":{"uv":[8.25,14.0,7.75,13.5],"rotation":0,"texture":"#02dd8159-186e-8164-bc16-a6203fe11920","tintindex":0},"west":{"uv":[9.5,9.5,10.0,11.75],"rotation":0,"texture":"#02dd8159-186e-8164-bc16-a6203fe11920","tintindex":0}}},{"name":"tető","from":[7.647056,13.09808,7.647056],"to":[8.745104,14.902017,8.745104],"rotation":{"angle":0.0,"axis":"x","origin":[8.0,13.09808,8.0]},"faces":{"down":{"uv":[13.5,13.5,14.0,14.0],"rotation":0,"texture":"#02dd8159-186e-8164-bc16-a6203fe11920","tintindex":0},"east":{"uv":[2.5,12.75,3.0,13.5],"rotation":0,"texture":"#02dd8159-186e-8164-bc16-a6203fe11920","tintindex":0},"north":{"uv":[1.0,12.75,1.5,13.5],"rotation":0,"texture":"#02dd8159-186e-8164-bc16-a6203fe11920","tintindex":0},"south":{"uv":[3.0,12.75,3.5,13.5],"rotation":0,"texture":"#02dd8159-186e-8164-bc16-a6203fe11920","tintindex":0},"up":{"uv":[13.5,14.0,13.0,13.5],"rotation":0,"texture":"#02dd8159-186e-8164-bc16-a6203fe11920","tintindex":0},"west":{"uv":[3.5,12.75,4.0,13.5],"rotation":0,"texture":"#02dd8159-186e-8164-bc16-a6203fe11920","tintindex":0}}},{"name":"tető","from":[7.686272,14.078479,7.686272],"to":[8.705888,17.176544,8.705889],"rotation":{"angle":0.0,"axis":"x","origin":[8.0,14.078479,8.0]},"faces":{"down":{"uv":[13.5,5.0,14.0,5.5],"rotation":0,"texture":"#02dd8159-186e-8164-bc16-a6203fe11920","tintindex":0},"east":{"uv":[11.25,0.0,11.75,1.25],"rotation":0,"texture":"#02dd8159-186e-8164-bc16-a6203fe11920","tintindex":0},"north":{"uv":[8.75,11.25,9.25,12.5],"rotation":0,"texture":"#02dd8159-186e-8164-bc16-a6203fe11920","tintindex":0},"south":{"uv":[11.25,1.25,11.75,2.5],"rotation":0,"texture":"#02dd8159-186e-8164-bc16-a6203fe11920","tintindex":0},"up":{"uv":[14.0,0.5,13.5,0.0],"rotation":0,"texture":"#02dd8159-186e-8164-bc16-a6203fe11920","tintindex":0},"west":{"uv":[11.25,2.5,11.75,3.75],"rotation":0,"texture":"#02dd8159-186e-8164-bc16-a6203fe11920","tintindex":0}}},{"name":"tető","from":[7.725488,17.13733,7.725488],"to":[8.666672,17.411842,8.666672],"rotation":{"angle":0.0,"axis":"x","origin":[8.0,17.13733,8.0]},"faces":{"down":{"uv":[13.5,6.0,14.0,6.5],"rotation":0,"texture":"#02dd8159-186e-8164-bc16-a6203fe11920","tintindex":0},"east":{"uv":[10.0,14.25,10.5,14.5],"rotation":0,"texture":"#02dd8159-186e-8164-bc16-a6203fe11920","tintindex":0},"north":{"uv":[9.25,14.25,9.75,14.5],"rotation":0,"texture":"#02dd8159-186e-8164-bc16-a6203fe11920","tintindex":0},"south":{"uv":[10.5,14.25,11.0,14.5],"rotation":0,"texture":"#02dd8159-186e-8164-bc16-a6203fe11920","tintindex":0},"up":{"uv":[14.0,6.0,13.5,5.5],"rotation":0,"texture":"#02dd8159-186e-8164-bc16-a6203fe11920","tintindex":0},"west":{"uv":[11.0,14.25,11.5,14.5],"rotation":0,"texture":"#02dd8159-186e-8164-bc16-a6203fe11920","tintindex":0}}},{"name":"tető","from":[7.7647038,17.372623,7.764704],"to":[8.627456,17.647137,8.627457],"rotation":{"angle":0.0,"axis":"x","origin":[8.0,17.372623,8.0]},"faces":{"down":{"uv":[2.75,15.5,3.0,15.75],"rotation":0,"texture":"#02dd8159-186e-8164-bc16-a6203fe11920","tintindex":0},"east":{"uv":[1.75,15.5,2.0,15.75],"rotation":0,"texture":"#02dd8159-186e-8164-bc16-a6203fe11920","tintindex":0},"north":{"uv":[1.5,15.5,1.75,15.75],"rotation":0,"texture":"#02dd8159-186e-8164-bc16-a6203fe11920","tintindex":0},"south":{"uv":[2.0,15.5,2.25,15.75],"rotation":0,"texture":"#02dd8159-186e-8164-bc16-a6203fe11920","tintindex":0},"up":{"uv":[2.75,15.75,2.5,15.5],"rotation":0,"texture":"#02dd8159-186e-8164-bc16-a6203fe11920","tintindex":0},"west":{"uv":[2.25,15.5,2.5,15.75],"rotation":0,"texture":"#02dd8159-186e-8164-bc16-a6203fe11920","tintindex":0}}},{"name":"tető","from":[7.80392,17.60792,7.8039203],"to":[8.58824,17.843216,8.58824],"rotation":{"angle":0.0,"axis":"x","origin":[8.0,17.60792,8.0]},"faces":{"down":{"uv":[4.25,15.5,4.5,15.75],"rotation":0,"texture":"#02dd8159-186e-8164-bc16-a6203fe11920","tintindex":0},"east":{"uv":[3.25,15.5,3.5,15.75],"rotation":0,"texture":"#02dd8159-186e-8164-bc16-a6203fe11920","tintindex":0},"north":{"uv":[3.0,15.5,3.25,15.75],"rotation":0,"texture":"#02dd8159-186e-8164-bc16-a6203fe11920","tintindex":0},"south":{"uv":[3.5,15.5,3.75,15.75],"rotation":0,"texture":"#02dd8159-186e-8164-bc16-a6203fe11920","tintindex":0},"up":{"uv":[4.25,15.75,4.0,15.5],"rotation":0,"texture":"#02dd8159-186e-8164-bc16-a6203fe11920","tintindex":0},"west":{"uv":[3.75,15.5,4.0,15.75],"rotation":0,"texture":"#02dd8159-186e-8164-bc16-a6203fe11920","tintindex":0}}},{"name":"tető","from":[7.843136,17.804,7.843136],"to":[8.549025,18.039295,8.549025],"rotation":{"angle":0.0,"axis":"x","origin":[8.0,17.804,8.0]},"faces":{"down":{"uv":[5.75,15.5,6.0,15.75],"rotation":0,"texture":"#02dd8159-186e-8164-bc16-a6203fe11920","tintindex":0},"east":{"uv":[4.75,15.5,5.0,15.75],"rotation":0,"texture":"#02dd8159-186e-8164-bc16-a6203fe11920","tintindex":0},"north":{"uv":[4.5,15.5,4.75,15.75],"rotation":0,"texture":"#02dd8159-186e-8164-bc16-a6203fe11920","tintindex":0},"south":{"uv":[5.0,15.5,5.25,15.75],"rotation":0,"texture":"#02dd8159-186e-8164-bc16-a6203fe11920","tintindex":0},"up":{"uv":[5.75,15.75,5.5,15.5],"rotation":0,"texture":"#02dd8159-186e-8164-bc16-a6203fe11920","tintindex":0},"west":{"uv":[5.25,15.5,5.5,15.75],"rotation":0,"texture":"#02dd8159-186e-8164-bc16-a6203fe11920","tintindex":0}}},{"name":"tető","from":[7.882352,18.00008,7.882352],"to":[8.509808,18.235376,8.509808],"rotation":{"angle":0.0,"axis":"x","origin":[8.0,18.00008,8.0]},"faces":{"down":{"uv":[7.25,15.5,7.5,15.75],"rotation":0,"texture":"#02dd8159-186e-8164-bc16-a6203fe11920","tintindex":0},"east":{"uv":[6.25,15.5,6.5,15.75],"rotation":0,"texture":"#02dd8159-186e-8164-bc16-a6203fe11920","tintindex":0},"north":{"uv":[6.0,15.5,6.25,15.75],"rotation":0,"texture":"#02dd8159-186e-8164-bc16-a6203fe11920","tintindex":0},"south":{"uv":[6.5,15.5,6.75,15.75],"rotation":0,"texture":"#02dd8159-186e-8164-bc16-a6203fe11920","tintindex":0},"up":{"uv":[7.25,15.75,7.0,15.5],"rotation":0,"texture":"#02dd8159-186e-8164-bc16-a6203fe11920","tintindex":0},"west":{"uv":[6.75,15.5,7.0,15.75],"rotation":0,"texture":"#02dd8159-186e-8164-bc16-a6203fe11920","tintindex":0}}},{"name":"tető","from":[7.921568,18.19616,7.921568],"to":[8.4705925,18.431458,8.4705925],"rotation":{"angle":0.0,"axis":"x","origin":[8.0,18.19616,8.0]},"faces":{"down":{"uv":[8.75,15.5,9.0,15.75],"rotation":0,"texture":"#02dd8159-186e-8164-bc16-a6203fe11920","tintindex":0},"east":{"uv":[7.75,15.5,8.0,15.75],"rotation":0,"texture":"#02dd8159-186e-8164-bc16-a6203fe11920","tintindex":0},"north":{"uv":[7.5,15.5,7.75,15.75],"rotation":0,"texture":"#02dd8159-186e-8164-bc16-a6203fe11920","tintindex":0},"south":{"uv":[8.0,15.5,8.25,15.75],"rotation":0,"texture":"#02dd8159-186e-8164-bc16-a6203fe11920","tintindex":0},"up":{"uv":[8.75,15.75,8.5,15.5],"rotation":0,"texture":"#02dd8159-186e-8164-bc16-a6203fe11920","tintindex":0},"west":{"uv":[8.25,15.5,8.5,15.75],"rotation":0,"texture":"#02dd8159-186e-8164-bc16-a6203fe11920","tintindex":0}}},{"name":"tető","from":[7.960784,18.39224,7.960784],"to":[8.4313755,18.588322,8.4313755],"rotation":{"angle":0.0,"axis":"x","origin":[8.0,18.39224,8.0]},"faces":{"down":{"uv":[10.25,15.5,10.5,15.75],"rotation":0,"texture":"#02dd8159-186e-8164-bc16-a6203fe11920","tintindex":0},"east":{"uv":[9.25,15.5,9.5,15.75],"rotation":0,"texture":"#02dd8159-186e-8164-bc16-a6203fe11920","tintindex":0},"north":{"uv":[9.0,15.5,9.25,15.75],"rotation":0,"texture":"#02dd8159-186e-8164-bc16-a6203fe11920","tintindex":0},"south":{"uv":[9.5,15.5,9.75,15.75],"rotation":0,"texture":"#02dd8159-186e-8164-bc16-a6203fe11920","tintindex":0},"up":{"uv":[10.25,15.75,10.0,15.5],"rotation":0,"texture":"#02dd8159-186e-8164-bc16-a6203fe11920","tintindex":0},"west":{"uv":[9.75,15.5,10.0,15.75],"rotation":0,"texture":"#02dd8159-186e-8164-bc16-a6203fe11920","tintindex":0}}},{"name":"tető","from":[8.0,18.588322,8.0],"to":[8.39216,18.7844,8.39216],"rotation":{"angle":0.0,"axis":"x","origin":[8.0,18.588322,8.0]},"faces":{"down":{"uv":[11.75,15.5,12.0,15.75],"rotation":0,"texture":"#02dd8159-186e-8164-bc16-a6203fe11920","tintindex":0},"east":{"uv":[10.75,15.5,11.0,15.75],"rotation":0,"texture":"#02dd8159-186e-8164-bc16-a6203fe11920","tintindex":0},"north":{"uv":[10.5,15.5,10.75,15.75],"rotation":0,"texture":"#02dd8159-186e-8164-bc16-a6203fe11920","tintindex":0},"south":{"uv":[11.0,15.5,11.25,15.75],"rotation":0,"texture":"#02dd8159-186e-8164-bc16-a6203fe11920","tintindex":0},"up":{"uv":[11.75,15.75,11.5,15.5],"rotation":0,"texture":"#02dd8159-186e-8164-bc16-a6203fe11920","tintindex":0},"west":{"uv":[11.25,15.5,11.5,15.75],"rotation":0,"texture":"#02dd8159-186e-8164-bc16-a6203fe11920","tintindex":0}}},{"name":"tető","from":[8.039215,18.745186,8.039216],"to":[8.352943,18.941265,8.352943],"rotation":{"angle":0.0,"axis":"x","origin":[8.0,18.745186,8.0]},"faces":{"down":{"uv":[13.25,15.5,13.5,15.75],"rotation":0,"texture":"#02dd8159-186e-8164-bc16-a6203fe11920","tintindex":0},"east":{"uv":[12.25,15.5,12.5,15.75],"rotation":0,"texture":"#02dd8159-186e-8164-bc16-a6203fe11920","tintindex":0},"north":{"uv":[12.0,15.5,12.25,15.75],"rotation":0,"texture":"#02dd8159-186e-8164-bc16-a6203fe11920","tintindex":0},"south":{"uv":[12.5,15.5,12.75,15.75],"rotation":0,"texture":"#02dd8159-186e-8164-bc16-a6203fe11920","tintindex":0},"up":{"uv":[13.25,15.75,13.0,15.5],"rotation":0,"texture":"#02dd8159-186e-8164-bc16-a6203fe11920","tintindex":0},"west":{"uv":[12.75,15.5,13.0,15.75],"rotation":0,"texture":"#02dd8159-186e-8164-bc16-a6203fe11920","tintindex":0}}},{"name":"tető","from":[8.078432,18.941265,8.078432],"to":[8.313728,19.137344,8.313728],"rotation":{"angle":0.0,"axis":"x","origin":[8.0,18.941265,8.0]},"faces":{"down":{"uv":[14.75,15.5,15.0,15.75],"rotation":0,"texture":"#02dd8159-186e-8164-bc16-a6203fe11920","tintindex":0},"east":{"uv":[13.75,15.5,14.0,15.75],"rotation":0,"texture":"#02dd8159-186e-8164-bc16-a6203fe11920","tintindex":0},"north":{"uv":[13.5,15.5,13.75,15.75],"rotation":0,"texture":"#02dd8159-186e-8164-bc16-a6203fe11920","tintindex":0},"south":{"uv":[14.0,15.5,14.25,15.75],"rotation":0,"texture":"#02dd8159-186e-8164-bc16-a6203fe11920","tintindex":0},"up":{"uv":[14.75,15.75,14.5,15.5],"rotation":0,"texture":"#02dd8159-186e-8164-bc16-a6203fe11920","tintindex":0},"west":{"uv":[14.25,15.5,14.5,15.75],"rotation":0,"texture":"#02dd8159-186e-8164-bc16-a6203fe11920","tintindex":0}}},{"name":"tető","from":[8.117647,19.137344,8.117648],"to":[8.274511,19.333427,8.274511],"rotation":{"angle":0.0,"axis":"x","origin":[8.0,19.137344,8.0]},"faces":{"down":{"uv":[15.5,0.5,15.75,0.75],"rotation":0,"texture":"#02dd8159-186e-8164-bc16-a6203fe11920","tintindex":0},"east":{"uv":[15.25,15.5,15.5,15.75],"rotation":0,"texture":"#02dd8159-186e-8164-bc16-a6203fe11920","tintindex":0},"north":{"uv":[15.0,15.5,15.25,15.75],"rotation":0,"texture":"#02dd8159-186e-8164-bc16-a6203fe11920","tintindex":0},"south":{"uv":[15.5,15.5,15.75,15.75],"rotation":0,"texture":"#02dd8159-186e-8164-bc16-a6203fe11920","tintindex":0},"up":{"uv":[15.75,0.5,15.5,0.25],"rotation":0,"texture":"#02dd8159-186e-8164-bc16-a6203fe11920","tintindex":0},"west":{"uv":[15.5,0.0,15.75,0.25],"rotation":0,"texture":"#02dd8159-186e-8164-bc16-a6203fe11920","tintindex":0}}},{"name":"tető","from":[8.156864,19.333427,8.156864],"to":[8.235296,19.529503,8.235296],"rotation":{"angle":0.0,"axis":"x","origin":[8.0,19.333427,8.0]},"faces":{"down":{"uv":[15.5,2.0,15.75,2.25],"rotation":0,"texture":"#02dd8159-186e-8164-bc16-a6203fe11920","tintindex":0},"east":{"uv":[15.5,1.0,15.75,1.25],"rotation":0,"texture":"#02dd8159-186e-8164-bc16-a6203fe11920","tintindex":0},"north":{"uv":[15.5,0.75,15.75,1.0],"rotation":0,"texture":"#02dd8159-186e-8164-bc16-a6203fe11920","tintindex":0},"south":{"uv":[15.5,1.25,15.75,1.5],"rotation":0,"texture":"#02dd8159-186e-8164-bc16-a6203fe11920","tintindex":0},"up":{"uv":[15.75,2.0,15.5,1.75],"rotation":0,"texture":"#02dd8159-186e-8164-bc16-a6203fe11920","tintindex":0},"west":{"uv":[15.5,1.5,15.75,1.75],"rotation":0,"texture":"#02dd8159-186e-8164-bc16-a6203fe11920","tintindex":0}}}],"display":{"head":{"translation":[0.0,-6.4,0.0],"rotation":[0.0,0.0,0.0],"scale":[3.8095,3.8095,3.8095]},"gui":{"translation":[0.0,0.0,0.0],"rotation":[35.0,225.0,0.0],"scale":[0.625,0.625,0.625]}}}