{"file_name":"head","texture_size":[64,64],"textures":{"02dd8159-186e-8164-bc16-a6203fe11920":"modelengine:entity/kristalymob","70e53bc1-7d9b-8b7c-d583-0d1e1a205dd5":"modelengine:entity/texture"},"elements":[{"name":"jobb szem","from":[4.604,7.442,8.6],"to":[5.204,8.642,9.8],"rotation":{"angle":0.0,"axis":"x","origin":[4.604,8.042,8.6]},"faces":{"down":{"uv":[13.75,4.5,14.0,5.0],"rotation":0,"texture":"#02dd8159-186e-8164-bc16-a6203fe11920","tintindex":0},"east":{"uv":[9.5,9.0,10.0,9.5],"rotation":0,"texture":"#02dd8159-186e-8164-bc16-a6203fe11920","tintindex":0},"north":{"uv":[10.5,10.0,10.75,10.5],"rotation":0,"texture":"#02dd8159-186e-8164-bc16-a6203fe11920","tintindex":0},"south":{"uv":[3.0,11.0,3.25,11.5],"rotation":0,"texture":"#02dd8159-186e-8164-bc16-a6203fe11920","tintindex":0},"up":{"uv":[9.5,11.75,9.25,11.25],"rotation":0,"texture":"#02dd8159-186e-8164-bc16-a6203fe11920","tintindex":0},"west":{"uv":[11.0,10.5,11.5,11.0],"rotation":0,"texture":"#02dd8159-186e-8164-bc16-a6203fe11920","tintindex":0}}},{"name":"test","from":[4.9639997,5.642,5.0],"to":[10.964001,10.441999,11.0],"rotation":{"angle":0.0,"axis":"x","origin":[8.563999,5.642,8.0]},"faces":{"down":{"uv":[0.0,2.5,2.5,5.0],"rotation":0,"texture":"#02dd8159-186e-8164-bc16-a6203fe11920","tintindex":0},"east":{"uv":[2.5,0.0,5.0,2.0],"rotation":0,"texture":"#02dd8159-186e-8164-bc16-a6203fe11920","tintindex":0},"north":{"uv":[2.5,2.5,5.0,4.5],"rotation":0,"texture":"#02dd8159-186e-8164-bc16-a6203fe11920","tintindex":0},"south":{"uv":[2.5,4.5,5.0,6.5],"rotation":0,"texture":"#02dd8159-186e-8164-bc16-a6203fe11920","tintindex":0},"up":{"uv":[2.5,2.5,0.0,0.0],"rotation":0,"texture":"#02dd8159-186e-8164-bc16-a6203fe11920","tintindex":0},"west":{"uv":[0.0,5.0,2.5,7.0],"rotation":0,"texture":"#02dd8159-186e-8164-bc16-a6203fe11920","tintindex":0}}},{"name":"szemöldök","from":[4.364,8.042,5.6],"to":[4.9639997,8.8220005,10.4],"rotation":{"angle":0.0,"axis":"x","origin":[4.364,8.042,8.0]},"faces":{"down":{"uv":[8.0,0.0,8.25,2.0],"rotation":0,"texture":"#02dd8159-186e-8164-bc16-a6203fe11920","tintindex":0},"east":{"uv":[2.5,2.0,4.5,2.25],"rotation":0,"texture":"#02dd8159-186e-8164-bc16-a6203fe11920","tintindex":0},"north":{"uv":[7.75,7.0,8.0,7.25],"rotation":0,"texture":"#02dd8159-186e-8164-bc16-a6203fe11920","tintindex":0},"south":{"uv":[4.75,8.0,5.0,8.25],"rotation":0,"texture":"#02dd8159-186e-8164-bc16-a6203fe11920","tintindex":0},"up":{"uv":[2.5,9.0,2.25,7.0],"rotation":0,"texture":"#02dd8159-186e-8164-bc16-a6203fe11920","tintindex":0},"west":{"uv":[2.5,2.25,4.5,2.5],"rotation":0,"texture":"#02dd8159-186e-8164-bc16-a6203fe11920","tintindex":0}}},{"name":"jobb szem","from":[4.604,7.442,6.2],"to":[5.204,8.642,7.4],"rotation":{"angle":0.0,"axis":"x","origin":[4.604,8.042,6.2]},"faces":{"down":{"uv":[8.25,10.5,8.5,11.0],"rotation":0,"texture":"#02dd8159-186e-8164-bc16-a6203fe11920","tintindex":0},"east":{"uv":[4.5,2.0,5.0,2.5],"rotation":0,"texture":"#02dd8159-186e-8164-bc16-a6203fe11920","tintindex":0},"north":{"uv":[8.0,7.0,8.25,7.5],"rotation":0,"texture":"#02dd8159-186e-8164-bc16-a6203fe11920","tintindex":0},"south":{"uv":[9.0,8.5,9.25,9.0],"rotation":0,"texture":"#02dd8159-186e-8164-bc16-a6203fe11920","tintindex":0},"up":{"uv":[10.25,9.25,10.0,8.75],"rotation":0,"texture":"#02dd8159-186e-8164-bc16-a6203fe11920","tintindex":0},"west":{"uv":[8.0,7.5,8.5,8.0],"rotation":0,"texture":"#02dd8159-186e-8164-bc16-a6203fe11920","tintindex":0}}}],"display":{"head":{"translation":[0.0,-6.4,0.0],"rotation":[0.0,0.0,0.0],"scale":[3.8095,3.8095,3.8095]},"gui":{"translation":[0.0,0.0,0.0],"rotation":[35.0,225.0,0.0],"scale":[0.625,0.625,0.625]}}}