{"file_name":"legnagyobbkritaly","texture_size":[64,64],"textures":{"02dd8159-186e-8164-bc16-a6203fe11920":"modelengine:entity/kristalymob","70e53bc1-7d9b-8b7c-d583-0d1e1a205dd5":"modelengine:entity/texture"},"elements":[{"name":"lk","from":[7.4,8.0,7.4],"to":[9.2,15.8,9.2],"rotation":{"angle":0.0,"axis":"x","origin":[8.0,8.0,8.0]},"faces":{"down":{"uv":[9.25,11.75,10.0,12.5],"rotation":0,"texture":"#02dd8159-186e-8164-bc16-a6203fe11920","tintindex":0},"east":{"uv":[5.0,0.0,5.75,3.25],"rotation":0,"texture":"#02dd8159-186e-8164-bc16-a6203fe11920","tintindex":0},"north":{"uv":[5.0,5.0,5.75,8.25],"rotation":0,"texture":"#02dd8159-186e-8164-bc16-a6203fe11920","tintindex":0},"south":{"uv":[5.75,5.75,6.5,9.0],"rotation":0,"texture":"#02dd8159-186e-8164-bc16-a6203fe11920","tintindex":0},"up":{"uv":[12.25,11.25,11.5,10.5],"rotation":0,"texture":"#02dd8159-186e-8164-bc16-a6203fe11920","tintindex":0},"west":{"uv":[5.75,0.0,6.5,3.25],"rotation":0,"texture":"#02dd8159-186e-8164-bc16-a6203fe11920","tintindex":0}}},{"name":"tető","from":[7.46,15.8,7.46],"to":[9.139999,18.560001,9.139999],"rotation":{"angle":0.0,"axis":"x","origin":[8.0,15.8,8.0]},"faces":{"down":{"uv":[11.75,0.75,12.5,1.5],"rotation":0,"texture":"#02dd8159-186e-8164-bc16-a6203fe11920","tintindex":0},"east":{"uv":[0.0,9.75,0.75,11.0],"rotation":0,"texture":"#02dd8159-186e-8164-bc16-a6203fe11920","tintindex":0},"north":{"uv":[5.0,3.25,5.75,4.5],"rotation":0,"texture":"#02dd8159-186e-8164-bc16-a6203fe11920","tintindex":0},"south":{"uv":[0.75,9.75,1.5,11.0],"rotation":0,"texture":"#02dd8159-186e-8164-bc16-a6203fe11920","tintindex":0},"up":{"uv":[12.5,0.75,11.75,0.0],"rotation":0,"texture":"#02dd8159-186e-8164-bc16-a6203fe11920","tintindex":0},"west":{"uv":[2.5,9.75,3.25,11.0],"rotation":0,"texture":"#02dd8159-186e-8164-bc16-a6203fe11920","tintindex":0}}},{"name":"tető","from":[7.52,17.3,7.52],"to":[9.08,22.04,9.08],"rotation":{"angle":0.0,"axis":"x","origin":[8.0,17.3,8.0]},"faces":{"down":{"uv":[11.75,2.25,12.5,3.0],"rotation":0,"texture":"#02dd8159-186e-8164-bc16-a6203fe11920","tintindex":0},"east":{"uv":[1.5,7.0,2.25,9.0],"rotation":0,"texture":"#02dd8159-186e-8164-bc16-a6203fe11920","tintindex":0},"north":{"uv":[5.75,3.25,6.5,5.25],"rotation":0,"texture":"#02dd8159-186e-8164-bc16-a6203fe11920","tintindex":0},"south":{"uv":[7.25,7.25,8.0,9.25],"rotation":0,"texture":"#02dd8159-186e-8164-bc16-a6203fe11920","tintindex":0},"up":{"uv":[12.5,2.25,11.75,1.5],"rotation":0,"texture":"#02dd8159-186e-8164-bc16-a6203fe11920","tintindex":0},"west":{"uv":[7.25,0.0,8.0,2.0],"rotation":0,"texture":"#02dd8159-186e-8164-bc16-a6203fe11920","tintindex":0}}},{"name":"tető","from":[7.58,21.98,7.58],"to":[9.02,22.400002,9.02],"rotation":{"angle":0.0,"axis":"x","origin":[8.0,21.98,8.0]},"faces":{"down":{"uv":[6.75,12.75,7.25,13.25],"rotation":0,"texture":"#02dd8159-186e-8164-bc16-a6203fe11920","tintindex":0},"east":{"uv":[5.75,14.0,6.25,14.25],"rotation":0,"texture":"#02dd8159-186e-8164-bc16-a6203fe11920","tintindex":0},"north":{"uv":[5.25,14.0,5.75,14.25],"rotation":0,"texture":"#02dd8159-186e-8164-bc16-a6203fe11920","tintindex":0},"south":{"uv":[6.25,14.0,6.75,14.25],"rotation":0,"texture":"#02dd8159-186e-8164-bc16-a6203fe11920","tintindex":0},"up":{"uv":[13.0,10.25,12.5,9.75],"rotation":0,"texture":"#02dd8159-186e-8164-bc16-a6203fe11920","tintindex":0},"west":{"uv":[7.75,14.0,8.25,14.25],"rotation":0,"texture":"#02dd8159-186e-8164-bc16-a6203fe11920","tintindex":0}}},{"name":"tető","from":[7.64,22.34,7.64],"to":[8.96,22.759998,8.96],"rotation":{"angle":0.0,"axis":"x","origin":[8.0,22.34,8.0]},"faces":{"down":{"uv":[10.0,12.75,10.5,13.25],"rotation":0,"texture":"#02dd8159-186e-8164-bc16-a6203fe11920","tintindex":0},"east":{"uv":[13.0,14.0,13.5,14.25],"rotation":0,"texture":"#02dd8159-186e-8164-bc16-a6203fe11920","tintindex":0},"north":{"uv":[8.25,14.0,8.75,14.25],"rotation":0,"texture":"#02dd8159-186e-8164-bc16-a6203fe11920","tintindex":0},"south":{"uv":[13.5,14.0,14.0,14.25],"rotation":0,"texture":"#02dd8159-186e-8164-bc16-a6203fe11920","tintindex":0},"up":{"uv":[7.75,13.25,7.25,12.75],"rotation":0,"texture":"#02dd8159-186e-8164-bc16-a6203fe11920","tintindex":0},"west":{"uv":[14.0,14.0,14.5,14.25],"rotation":0,"texture":"#02dd8159-186e-8164-bc16-a6203fe11920","tintindex":0}}},{"name":"tető","from":[7.7,22.7,7.7],"to":[8.9,23.060001,8.9],"rotation":{"angle":0.0,"axis":"x","origin":[8.0,22.7,8.0]},"faces":{"down":{"uv":[11.0,12.75,11.5,13.25],"rotation":0,"texture":"#02dd8159-186e-8164-bc16-a6203fe11920","tintindex":0},"east":{"uv":[14.0,0.25,14.5,0.5],"rotation":0,"texture":"#02dd8159-186e-8164-bc16-a6203fe11920","tintindex":0},"north":{"uv":[14.0,0.0,14.5,0.25],"rotation":0,"texture":"#02dd8159-186e-8164-bc16-a6203fe11920","tintindex":0},"south":{"uv":[14.0,1.5,14.5,1.75],"rotation":0,"texture":"#02dd8159-186e-8164-bc16-a6203fe11920","tintindex":0},"up":{"uv":[11.0,13.25,10.5,12.75],"rotation":0,"texture":"#02dd8159-186e-8164-bc16-a6203fe11920","tintindex":0},"west":{"uv":[14.0,1.75,14.5,2.0],"rotation":0,"texture":"#02dd8159-186e-8164-bc16-a6203fe11920","tintindex":0}}},{"name":"tető","from":[7.7599998,23.0,7.7599998],"to":[8.84,23.36,8.84],"rotation":{"angle":0.0,"axis":"x","origin":[8.0,23.0,8.0]},"faces":{"down":{"uv":[12.0,12.75,12.5,13.25],"rotation":0,"texture":"#02dd8159-186e-8164-bc16-a6203fe11920","tintindex":0},"east":{"uv":[14.0,2.25,14.5,2.5],"rotation":0,"texture":"#02dd8159-186e-8164-bc16-a6203fe11920","tintindex":0},"north":{"uv":[14.0,2.0,14.5,2.25],"rotation":0,"texture":"#02dd8159-186e-8164-bc16-a6203fe11920","tintindex":0},"south":{"uv":[14.0,2.5,14.5,2.75],"rotation":0,"texture":"#02dd8159-186e-8164-bc16-a6203fe11920","tintindex":0},"up":{"uv":[12.0,13.25,11.5,12.75],"rotation":0,"texture":"#02dd8159-186e-8164-bc16-a6203fe11920","tintindex":0},"west":{"uv":[14.0,2.75,14.5,3.0],"rotation":0,"texture":"#02dd8159-186e-8164-bc16-a6203fe11920","tintindex":0}}},{"name":"tető","from":[7.8199997,23.3,7.8199997],"to":[8.780001,23.66,8.780001],"rotation":{"angle":0.0,"axis":"x","origin":[8.0,23.3,8.0]},"faces":{"down":{"uv":[12.75,0.75,13.25,1.25],"rotation":0,"texture":"#02dd8159-186e-8164-bc16-a6203fe11920","tintindex":0},"east":{"uv":[14.0,3.25,14.5,3.5],"rotation":0,"texture":"#02dd8159-186e-8164-bc16-a6203fe11920","tintindex":0},"north":{"uv":[14.0,3.0,14.5,3.25],"rotation":0,"texture":"#02dd8159-186e-8164-bc16-a6203fe11920","tintindex":0},"south":{"uv":[14.0,3.5,14.5,3.75],"rotation":0,"texture":"#02dd8159-186e-8164-bc16-a6203fe11920","tintindex":0},"up":{"uv":[13.0,13.25,12.5,12.75],"rotation":0,"texture":"#02dd8159-186e-8164-bc16-a6203fe11920","tintindex":0},"west":{"uv":[14.0,3.75,14.5,4.0],"rotation":0,"texture":"#02dd8159-186e-8164-bc16-a6203fe11920","tintindex":0}}},{"name":"tető","from":[7.88,23.600002,7.88],"to":[8.719999,23.96,8.719999],"rotation":{"angle":0.0,"axis":"x","origin":[8.0,23.600002,8.0]},"faces":{"down":{"uv":[14.5,2.5,14.75,2.75],"rotation":0,"texture":"#02dd8159-186e-8164-bc16-a6203fe11920","tintindex":0},"east":{"uv":[14.5,1.5,14.75,1.75],"rotation":0,"texture":"#02dd8159-186e-8164-bc16-a6203fe11920","tintindex":0},"north":{"uv":[14.5,0.25,14.75,0.5],"rotation":0,"texture":"#02dd8159-186e-8164-bc16-a6203fe11920","tintindex":0},"south":{"uv":[14.5,1.75,14.75,2.0],"rotation":0,"texture":"#02dd8159-186e-8164-bc16-a6203fe11920","tintindex":0},"up":{"uv":[14.75,2.5,14.5,2.25],"rotation":0,"texture":"#02dd8159-186e-8164-bc16-a6203fe11920","tintindex":0},"west":{"uv":[14.5,2.0,14.75,2.25],"rotation":0,"texture":"#02dd8159-186e-8164-bc16-a6203fe11920","tintindex":0}}},{"name":"tető","from":[7.94,23.900002,7.94],"to":[8.66,24.2,8.66],"rotation":{"angle":0.0,"axis":"x","origin":[8.0,23.900002,8.0]},"faces":{"down":{"uv":[14.5,4.0,14.75,4.25],"rotation":0,"texture":"#02dd8159-186e-8164-bc16-a6203fe11920","tintindex":0},"east":{"uv":[14.5,3.0,14.75,3.25],"rotation":0,"texture":"#02dd8159-186e-8164-bc16-a6203fe11920","tintindex":0},"north":{"uv":[14.5,2.75,14.75,3.0],"rotation":0,"texture":"#02dd8159-186e-8164-bc16-a6203fe11920","tintindex":0},"south":{"uv":[14.5,3.25,14.75,3.5],"rotation":0,"texture":"#02dd8159-186e-8164-bc16-a6203fe11920","tintindex":0},"up":{"uv":[14.75,4.0,14.5,3.75],"rotation":0,"texture":"#02dd8159-186e-8164-bc16-a6203fe11920","tintindex":0},"west":{"uv":[14.5,3.5,14.75,3.75],"rotation":0,"texture":"#02dd8159-186e-8164-bc16-a6203fe11920","tintindex":0}}},{"name":"tető","from":[8.0,24.2,8.0],"to":[8.6,24.5,8.6],"rotation":{"angle":0.0,"axis":"x","origin":[8.0,24.2,8.0]},"faces":{"down":{"uv":[14.5,7.0,14.75,7.25],"rotation":0,"texture":"#02dd8159-186e-8164-bc16-a6203fe11920","tintindex":0},"east":{"uv":[14.5,4.5,14.75,4.75],"rotation":0,"texture":"#02dd8159-186e-8164-bc16-a6203fe11920","tintindex":0},"north":{"uv":[14.5,4.25,14.75,4.5],"rotation":0,"texture":"#02dd8159-186e-8164-bc16-a6203fe11920","tintindex":0},"south":{"uv":[14.5,4.75,14.75,5.0],"rotation":0,"texture":"#02dd8159-186e-8164-bc16-a6203fe11920","tintindex":0},"up":{"uv":[14.75,7.0,14.5,6.75],"rotation":0,"texture":"#02dd8159-186e-8164-bc16-a6203fe11920","tintindex":0},"west":{"uv":[14.5,6.5,14.75,6.75],"rotation":0,"texture":"#02dd8159-186e-8164-bc16-a6203fe11920","tintindex":0}}},{"name":"tető","from":[8.06,24.440002,8.06],"to":[8.54,24.740002,8.54],"rotation":{"angle":0.0,"axis":"x","origin":[8.0,24.440002,8.0]},"faces":{"down":{"uv":[14.5,8.5,14.75,8.75],"rotation":0,"texture":"#02dd8159-186e-8164-bc16-a6203fe11920","tintindex":0},"east":{"uv":[14.5,7.5,14.75,7.75],"rotation":0,"texture":"#02dd8159-186e-8164-bc16-a6203fe11920","tintindex":0},"north":{"uv":[14.5,7.25,14.75,7.5],"rotation":0,"texture":"#02dd8159-186e-8164-bc16-a6203fe11920","tintindex":0},"south":{"uv":[14.5,7.75,14.75,8.0],"rotation":0,"texture":"#02dd8159-186e-8164-bc16-a6203fe11920","tintindex":0},"up":{"uv":[14.75,8.5,14.5,8.25],"rotation":0,"texture":"#02dd8159-186e-8164-bc16-a6203fe11920","tintindex":0},"west":{"uv":[14.5,8.0,14.75,8.25],"rotation":0,"texture":"#02dd8159-186e-8164-bc16-a6203fe11920","tintindex":0}}},{"name":"tető","from":[8.12,24.740002,8.12],"to":[8.48,25.04,8.48],"rotation":{"angle":0.0,"axis":"x","origin":[8.0,24.740002,8.0]},"faces":{"down":{"uv":[14.5,10.0,14.75,10.25],"rotation":0,"texture":"#02dd8159-186e-8164-bc16-a6203fe11920","tintindex":0},"east":{"uv":[14.5,9.0,14.75,9.25],"rotation":0,"texture":"#02dd8159-186e-8164-bc16-a6203fe11920","tintindex":0},"north":{"uv":[14.5,8.75,14.75,9.0],"rotation":0,"texture":"#02dd8159-186e-8164-bc16-a6203fe11920","tintindex":0},"south":{"uv":[14.5,9.25,14.75,9.5],"rotation":0,"texture":"#02dd8159-186e-8164-bc16-a6203fe11920","tintindex":0},"up":{"uv":[14.75,10.0,14.5,9.75],"rotation":0,"texture":"#02dd8159-186e-8164-bc16-a6203fe11920","tintindex":0},"west":{"uv":[14.5,9.5,14.75,9.75],"rotation":0,"texture":"#02dd8159-186e-8164-bc16-a6203fe11920","tintindex":0}}},{"name":"tető","from":[8.18,25.04,8.18],"to":[8.42,25.34,8.42],"rotation":{"angle":0.0,"axis":"x","origin":[8.0,25.04,8.0]},"faces":{"down":{"uv":[14.5,11.5,14.75,11.75],"rotation":0,"texture":"#02dd8159-186e-8164-bc16-a6203fe11920","tintindex":0},"east":{"uv":[14.5,10.5,14.75,10.75],"rotation":0,"texture":"#02dd8159-186e-8164-bc16-a6203fe11920","tintindex":0},"north":{"uv":[14.5,10.25,14.75,10.5],"rotation":0,"texture":"#02dd8159-186e-8164-bc16-a6203fe11920","tintindex":0},"south":{"uv":[14.5,10.75,14.75,11.0],"rotation":0,"texture":"#02dd8159-186e-8164-bc16-a6203fe11920","tintindex":0},"up":{"uv":[14.75,11.5,14.5,11.25],"rotation":0,"texture":"#02dd8159-186e-8164-bc16-a6203fe11920","tintindex":0},"west":{"uv":[14.5,11.0,14.75,11.25],"rotation":0,"texture":"#02dd8159-186e-8164-bc16-a6203fe11920","tintindex":0}}},{"name":"tető","from":[8.24,25.34,8.24],"to":[8.360001,25.640003,8.360001],"rotation":{"angle":0.0,"axis":"x","origin":[8.0,25.34,8.0]},"faces":{"down":{"uv":[14.5,13.0,14.75,13.25],"rotation":0,"texture":"#02dd8159-186e-8164-bc16-a6203fe11920","tintindex":0},"east":{"uv":[14.5,12.0,14.75,12.25],"rotation":0,"texture":"#02dd8159-186e-8164-bc16-a6203fe11920","tintindex":0},"north":{"uv":[14.5,11.75,14.75,12.0],"rotation":0,"texture":"#02dd8159-186e-8164-bc16-a6203fe11920","tintindex":0},"south":{"uv":[14.5,12.25,14.75,12.5],"rotation":0,"texture":"#02dd8159-186e-8164-bc16-a6203fe11920","tintindex":0},"up":{"uv":[14.75,13.0,14.5,12.75],"rotation":0,"texture":"#02dd8159-186e-8164-bc16-a6203fe11920","tintindex":0},"west":{"uv":[14.5,12.5,14.75,12.75],"rotation":0,"texture":"#02dd8159-186e-8164-bc16-a6203fe11920","tintindex":0}}}],"display":{"head":{"translation":[0.0,-6.4,0.0],"rotation":[0.0,0.0,0.0],"scale":[3.8095,3.8095,3.8095]},"gui":{"translation":[0.0,0.0,0.0],"rotation":[35.0,225.0,0.0],"scale":[0.625,0.625,0.625]}}}