{"file_name":"megkisebbk","texture_size":[64,64],"textures":{"02dd8159-186e-8164-bc16-a6203fe11920":"modelengine:entity/kristalymob","70e53bc1-7d9b-8b7c-d583-0d1e1a205dd5":"modelengine:entity/texture"},"elements":[{"name":"lk","from":[7.592,8.0,7.592],"to":[8.816,13.304,8.816],"rotation":{"angle":0.0,"axis":"x","origin":[8.0,8.0,8.0]},"faces":{"down":{"uv":[8.25,13.0,8.75,13.5],"rotation":0,"texture":"#02dd8159-186e-8164-bc16-a6203fe11920","tintindex":0},"east":{"uv":[9.0,9.0,9.5,11.25],"rotation":0,"texture":"#02dd8159-186e-8164-bc16-a6203fe11920","tintindex":0},"north":{"uv":[5.75,9.0,6.25,11.25],"rotation":0,"texture":"#02dd8159-186e-8164-bc16-a6203fe11920","tintindex":0},"south":{"uv":[7.25,9.25,7.75,11.5],"rotation":0,"texture":"#02dd8159-186e-8164-bc16-a6203fe11920","tintindex":0},"up":{"uv":[8.25,13.5,7.75,13.0],"rotation":0,"texture":"#02dd8159-186e-8164-bc16-a6203fe11920","tintindex":0},"west":{"uv":[9.25,0.0,9.75,2.25],"rotation":0,"texture":"#02dd8159-186e-8164-bc16-a6203fe11920","tintindex":0}}},{"name":"tető","from":[7.6328,13.304,7.6328],"to":[8.7752,15.1808,8.7752],"rotation":{"angle":0.0,"axis":"x","origin":[8.0,13.304,8.0]},"faces":{"down":{"uv":[13.0,0.0,13.5,0.5],"rotation":0,"texture":"#02dd8159-186e-8164-bc16-a6203fe11920","tintindex":0},"east":{"uv":[8.75,12.5,9.25,13.25],"rotation":0,"texture":"#02dd8159-186e-8164-bc16-a6203fe11920","tintindex":0},"north":{"uv":[8.25,12.25,8.75,13.0],"rotation":0,"texture":"#02dd8159-186e-8164-bc16-a6203fe11920","tintindex":0},"south":{"uv":[9.25,12.5,9.75,13.25],"rotation":0,"texture":"#02dd8159-186e-8164-bc16-a6203fe11920","tintindex":0},"up":{"uv":[13.5,13.5,13.0,13.0],"rotation":0,"texture":"#02dd8159-186e-8164-bc16-a6203fe11920","tintindex":0},"west":{"uv":[12.5,0.0,13.0,0.75],"rotation":0,"texture":"#02dd8159-186e-8164-bc16-a6203fe11920","tintindex":0}}},{"name":"tető","from":[7.6736,14.324,7.6735997],"to":[8.7344,17.547201,8.7344],"rotation":{"angle":0.0,"axis":"x","origin":[8.0,14.324,8.0]},"faces":{"down":{"uv":[13.0,5.75,13.5,6.25],"rotation":0,"texture":"#02dd8159-186e-8164-bc16-a6203fe11920","tintindex":0},"east":{"uv":[8.25,11.0,8.75,12.25],"rotation":0,"texture":"#02dd8159-186e-8164-bc16-a6203fe11920","tintindex":0},"north":{"uv":[2.5,11.0,3.0,12.25],"rotation":0,"texture":"#02dd8159-186e-8164-bc16-a6203fe11920","tintindex":0},"south":{"uv":[11.0,11.0,11.5,12.25],"rotation":0,"texture":"#02dd8159-186e-8164-bc16-a6203fe11920","tintindex":0},"up":{"uv":[13.5,5.75,13.0,5.25],"rotation":0,"texture":"#02dd8159-186e-8164-bc16-a6203fe11920","tintindex":0},"west":{"uv":[5.75,11.25,6.25,12.5],"rotation":0,"texture":"#02dd8159-186e-8164-bc16-a6203fe11920","tintindex":0}}},{"name":"tető","from":[7.7144003,17.506401,7.7144003],"to":[8.6936,17.792,8.6936],"rotation":{"angle":0.0,"axis":"x","origin":[8.0,17.506401,8.0]},"faces":{"down":{"uv":[13.0,6.75,13.5,7.25],"rotation":0,"texture":"#02dd8159-186e-8164-bc16-a6203fe11920","tintindex":0},"east":{"uv":[14.0,4.25,14.5,4.5],"rotation":0,"texture":"#02dd8159-186e-8164-bc16-a6203fe11920","tintindex":0},"north":{"uv":[14.0,4.0,14.5,4.25],"rotation":0,"texture":"#02dd8159-186e-8164-bc16-a6203fe11920","tintindex":0},"south":{"uv":[14.0,4.5,14.5,4.75],"rotation":0,"texture":"#02dd8159-186e-8164-bc16-a6203fe11920","tintindex":0},"up":{"uv":[13.5,6.75,13.0,6.25],"rotation":0,"texture":"#02dd8159-186e-8164-bc16-a6203fe11920","tintindex":0},"west":{"uv":[14.0,4.75,14.5,5.0],"rotation":0,"texture":"#02dd8159-186e-8164-bc16-a6203fe11920","tintindex":0}}},{"name":"tető","from":[7.7552,17.751202,7.7552],"to":[8.6528,18.0368,8.6528],"rotation":{"angle":0.0,"axis":"x","origin":[8.0,17.751202,8.0]},"faces":{"down":{"uv":[14.75,3.5,15.0,3.75],"rotation":0,"texture":"#02dd8159-186e-8164-bc16-a6203fe11920","tintindex":0},"east":{"uv":[14.75,2.5,15.0,2.75],"rotation":0,"texture":"#02dd8159-186e-8164-bc16-a6203fe11920","tintindex":0},"north":{"uv":[14.75,2.25,15.0,2.5],"rotation":0,"texture":"#02dd8159-186e-8164-bc16-a6203fe11920","tintindex":0},"south":{"uv":[14.75,2.75,15.0,3.0],"rotation":0,"texture":"#02dd8159-186e-8164-bc16-a6203fe11920","tintindex":0},"up":{"uv":[15.0,3.5,14.75,3.25],"rotation":0,"texture":"#02dd8159-186e-8164-bc16-a6203fe11920","tintindex":0},"west":{"uv":[14.75,3.0,15.0,3.25],"rotation":0,"texture":"#02dd8159-186e-8164-bc16-a6203fe11920","tintindex":0}}},{"name":"tető","from":[7.796,17.996,7.796],"to":[8.612,18.2408,8.6119995],"rotation":{"angle":0.0,"axis":"x","origin":[8.0,17.996,8.0]},"faces":{"down":{"uv":[14.75,5.0,15.0,5.25],"rotation":0,"texture":"#02dd8159-186e-8164-bc16-a6203fe11920","tintindex":0},"east":{"uv":[14.75,4.0,15.0,4.25],"rotation":0,"texture":"#02dd8159-186e-8164-bc16-a6203fe11920","tintindex":0},"north":{"uv":[14.75,3.75,15.0,4.0],"rotation":0,"texture":"#02dd8159-186e-8164-bc16-a6203fe11920","tintindex":0},"south":{"uv":[14.75,4.25,15.0,4.5],"rotation":0,"texture":"#02dd8159-186e-8164-bc16-a6203fe11920","tintindex":0},"up":{"uv":[15.0,5.0,14.75,4.75],"rotation":0,"texture":"#02dd8159-186e-8164-bc16-a6203fe11920","tintindex":0},"west":{"uv":[14.75,4.5,15.0,4.75],"rotation":0,"texture":"#02dd8159-186e-8164-bc16-a6203fe11920","tintindex":0}}},{"name":"tető","from":[7.8368,18.2,7.8367996],"to":[8.571199,18.444801,8.571199],"rotation":{"angle":0.0,"axis":"x","origin":[8.0,18.2,8.0]},"faces":{"down":{"uv":[14.75,6.5,15.0,6.75],"rotation":0,"texture":"#02dd8159-186e-8164-bc16-a6203fe11920","tintindex":0},"east":{"uv":[14.75,5.5,15.0,5.75],"rotation":0,"texture":"#02dd8159-186e-8164-bc16-a6203fe11920","tintindex":0},"north":{"uv":[14.75,5.25,15.0,5.5],"rotation":0,"texture":"#02dd8159-186e-8164-bc16-a6203fe11920","tintindex":0},"south":{"uv":[14.75,5.75,15.0,6.0],"rotation":0,"texture":"#02dd8159-186e-8164-bc16-a6203fe11920","tintindex":0},"up":{"uv":[15.0,6.5,14.75,6.25],"rotation":0,"texture":"#02dd8159-186e-8164-bc16-a6203fe11920","tintindex":0},"west":{"uv":[14.75,6.0,15.0,6.25],"rotation":0,"texture":"#02dd8159-186e-8164-bc16-a6203fe11920","tintindex":0}}},{"name":"tető","from":[7.8776,18.404,7.8776],"to":[8.530399,18.6488,8.530399],"rotation":{"angle":0.0,"axis":"x","origin":[8.0,18.404,8.0]},"faces":{"down":{"uv":[14.75,8.0,15.0,8.25],"rotation":0,"texture":"#02dd8159-186e-8164-bc16-a6203fe11920","tintindex":0},"east":{"uv":[14.75,7.0,15.0,7.25],"rotation":0,"texture":"#02dd8159-186e-8164-bc16-a6203fe11920","tintindex":0},"north":{"uv":[14.75,6.75,15.0,7.0],"rotation":0,"texture":"#02dd8159-186e-8164-bc16-a6203fe11920","tintindex":0},"south":{"uv":[14.75,7.25,15.0,7.5],"rotation":0,"texture":"#02dd8159-186e-8164-bc16-a6203fe11920","tintindex":0},"up":{"uv":[15.0,8.0,14.75,7.75],"rotation":0,"texture":"#02dd8159-186e-8164-bc16-a6203fe11920","tintindex":0},"west":{"uv":[14.75,7.5,15.0,7.75],"rotation":0,"texture":"#02dd8159-186e-8164-bc16-a6203fe11920","tintindex":0}}},{"name":"tető","from":[7.9184003,18.608002,7.9184],"to":[8.4896,18.8528,8.4896],"rotation":{"angle":0.0,"axis":"x","origin":[8.0,18.608002,8.0]},"faces":{"down":{"uv":[14.75,9.5,15.0,9.75],"rotation":0,"texture":"#02dd8159-186e-8164-bc16-a6203fe11920","tintindex":0},"east":{"uv":[14.75,8.5,15.0,8.75],"rotation":0,"texture":"#02dd8159-186e-8164-bc16-a6203fe11920","tintindex":0},"north":{"uv":[14.75,8.25,15.0,8.5],"rotation":0,"texture":"#02dd8159-186e-8164-bc16-a6203fe11920","tintindex":0},"south":{"uv":[14.75,8.75,15.0,9.0],"rotation":0,"texture":"#02dd8159-186e-8164-bc16-a6203fe11920","tintindex":0},"up":{"uv":[15.0,9.5,14.75,9.25],"rotation":0,"texture":"#02dd8159-186e-8164-bc16-a6203fe11920","tintindex":0},"west":{"uv":[14.75,9.0,15.0,9.25],"rotation":0,"texture":"#02dd8159-186e-8164-bc16-a6203fe11920","tintindex":0}}},{"name":"tető","from":[7.9592,18.812,7.9592],"to":[8.4488,19.016,8.4488],"rotation":{"angle":0.0,"axis":"x","origin":[8.0,18.812,8.0]},"faces":{"down":{"uv":[14.75,11.0,15.0,11.25],"rotation":0,"texture":"#02dd8159-186e-8164-bc16-a6203fe11920","tintindex":0},"east":{"uv":[14.75,10.0,15.0,10.25],"rotation":0,"texture":"#02dd8159-186e-8164-bc16-a6203fe11920","tintindex":0},"north":{"uv":[14.75,9.75,15.0,10.0],"rotation":0,"texture":"#02dd8159-186e-8164-bc16-a6203fe11920","tintindex":0},"south":{"uv":[14.75,10.25,15.0,10.5],"rotation":0,"texture":"#02dd8159-186e-8164-bc16-a6203fe11920","tintindex":0},"up":{"uv":[15.0,11.0,14.75,10.75],"rotation":0,"texture":"#02dd8159-186e-8164-bc16-a6203fe11920","tintindex":0},"west":{"uv":[14.75,10.5,15.0,10.75],"rotation":0,"texture":"#02dd8159-186e-8164-bc16-a6203fe11920","tintindex":0}}},{"name":"tető","from":[8.0,19.016,8.0],"to":[8.408,19.220001,8.408],"rotation":{"angle":0.0,"axis":"x","origin":[8.0,19.016,8.0]},"faces":{"down":{"uv":[14.75,12.5,15.0,12.75],"rotation":0,"texture":"#02dd8159-186e-8164-bc16-a6203fe11920","tintindex":0},"east":{"uv":[14.75,11.5,15.0,11.75],"rotation":0,"texture":"#02dd8159-186e-8164-bc16-a6203fe11920","tintindex":0},"north":{"uv":[14.75,11.25,15.0,11.5],"rotation":0,"texture":"#02dd8159-186e-8164-bc16-a6203fe11920","tintindex":0},"south":{"uv":[14.75,11.75,15.0,12.0],"rotation":0,"texture":"#02dd8159-186e-8164-bc16-a6203fe11920","tintindex":0},"up":{"uv":[15.0,12.5,14.75,12.25],"rotation":0,"texture":"#02dd8159-186e-8164-bc16-a6203fe11920","tintindex":0},"west":{"uv":[14.75,12.0,15.0,12.25],"rotation":0,"texture":"#02dd8159-186e-8164-bc16-a6203fe11920","tintindex":0}}},{"name":"tető","from":[8.0408,19.1792,8.0408],"to":[8.3672,19.383202,8.3672],"rotation":{"angle":0.0,"axis":"x","origin":[8.0,19.1792,8.0]},"faces":{"down":{"uv":[14.75,14.0,15.0,14.25],"rotation":0,"texture":"#02dd8159-186e-8164-bc16-a6203fe11920","tintindex":0},"east":{"uv":[14.75,13.0,15.0,13.25],"rotation":0,"texture":"#02dd8159-186e-8164-bc16-a6203fe11920","tintindex":0},"north":{"uv":[14.75,12.75,15.0,13.0],"rotation":0,"texture":"#02dd8159-186e-8164-bc16-a6203fe11920","tintindex":0},"south":{"uv":[14.75,13.25,15.0,13.5],"rotation":0,"texture":"#02dd8159-186e-8164-bc16-a6203fe11920","tintindex":0},"up":{"uv":[15.0,14.0,14.75,13.75],"rotation":0,"texture":"#02dd8159-186e-8164-bc16-a6203fe11920","tintindex":0},"west":{"uv":[14.75,13.5,15.0,13.75],"rotation":0,"texture":"#02dd8159-186e-8164-bc16-a6203fe11920","tintindex":0}}},{"name":"tető","from":[8.0816,19.383202,8.0816],"to":[8.326401,19.5872,8.3264],"rotation":{"angle":0.0,"axis":"x","origin":[8.0,19.383202,8.0]},"faces":{"down":{"uv":[0.75,15.0,1.0,15.25],"rotation":0,"texture":"#02dd8159-186e-8164-bc16-a6203fe11920","tintindex":0},"east":{"uv":[14.75,14.5,15.0,14.75],"rotation":0,"texture":"#02dd8159-186e-8164-bc16-a6203fe11920","tintindex":0},"north":{"uv":[14.75,14.25,15.0,14.5],"rotation":0,"texture":"#02dd8159-186e-8164-bc16-a6203fe11920","tintindex":0},"south":{"uv":[0.0,15.0,0.25,15.25],"rotation":0,"texture":"#02dd8159-186e-8164-bc16-a6203fe11920","tintindex":0},"up":{"uv":[0.75,15.25,0.5,15.0],"rotation":0,"texture":"#02dd8159-186e-8164-bc16-a6203fe11920","tintindex":0},"west":{"uv":[0.25,15.0,0.5,15.25],"rotation":0,"texture":"#02dd8159-186e-8164-bc16-a6203fe11920","tintindex":0}}},{"name":"tető","from":[8.1224,19.5872,8.1224],"to":[8.2856,19.791203,8.2856],"rotation":{"angle":0.0,"axis":"x","origin":[8.0,19.5872,8.0]},"faces":{"down":{"uv":[2.25,15.0,2.5,15.25],"rotation":0,"texture":"#02dd8159-186e-8164-bc16-a6203fe11920","tintindex":0},"east":{"uv":[1.25,15.0,1.5,15.25],"rotation":0,"texture":"#02dd8159-186e-8164-bc16-a6203fe11920","tintindex":0},"north":{"uv":[1.0,15.0,1.25,15.25],"rotation":0,"texture":"#02dd8159-186e-8164-bc16-a6203fe11920","tintindex":0},"south":{"uv":[1.5,15.0,1.75,15.25],"rotation":0,"texture":"#02dd8159-186e-8164-bc16-a6203fe11920","tintindex":0},"up":{"uv":[2.25,15.25,2.0,15.0],"rotation":0,"texture":"#02dd8159-186e-8164-bc16-a6203fe11920","tintindex":0},"west":{"uv":[1.75,15.0,2.0,15.25],"rotation":0,"texture":"#02dd8159-186e-8164-bc16-a6203fe11920","tintindex":0}}},{"name":"tető","from":[8.1632,19.791203,8.1632],"to":[8.244801,19.995201,8.244801],"rotation":{"angle":0.0,"axis":"x","origin":[8.0,19.791203,8.0]},"faces":{"down":{"uv":[3.75,15.0,4.0,15.25],"rotation":0,"texture":"#02dd8159-186e-8164-bc16-a6203fe11920","tintindex":0},"east":{"uv":[2.75,15.0,3.0,15.25],"rotation":0,"texture":"#02dd8159-186e-8164-bc16-a6203fe11920","tintindex":0},"north":{"uv":[2.5,15.0,2.75,15.25],"rotation":0,"texture":"#02dd8159-186e-8164-bc16-a6203fe11920","tintindex":0},"south":{"uv":[3.0,15.0,3.25,15.25],"rotation":0,"texture":"#02dd8159-186e-8164-bc16-a6203fe11920","tintindex":0},"up":{"uv":[3.75,15.25,3.5,15.0],"rotation":0,"texture":"#02dd8159-186e-8164-bc16-a6203fe11920","tintindex":0},"west":{"uv":[3.25,15.0,3.5,15.25],"rotation":0,"texture":"#02dd8159-186e-8164-bc16-a6203fe11920","tintindex":0}}}],"display":{"head":{"translation":[0.0,-6.4,0.0],"rotation":[0.0,0.0,0.0],"scale":[3.8095,3.8095,3.8095]},"gui":{"translation":[0.0,0.0,0.0],"rotation":[35.0,225.0,0.0],"scale":[0.625,0.625,0.625]}}}