{"file_name":"mk1","texture_size":[64,64],"textures":{"02dd8159-186e-8164-bc16-a6203fe11920":"modelengine:entity/kristalymob","70e53bc1-7d9b-8b7c-d583-0d1e1a205dd5":"modelengine:entity/texture"},"elements":[{"name":"lk","from":[7.736,8.0,7.736],"to":[8.528,11.432,8.528],"rotation":{"angle":0.0,"axis":"x","origin":[8.0,8.0,8.0]},"faces":{"down":{"uv":[4.25,15.0,4.5,15.25],"rotation":0,"texture":"#02dd8159-186e-8164-bc16-a6203fe11920","tintindex":0},"east":{"uv":[9.75,12.5,10.0,14.0],"rotation":0,"texture":"#02dd8159-186e-8164-bc16-a6203fe11920","tintindex":0},"north":{"uv":[4.75,6.5,5.0,8.0],"rotation":0,"texture":"#02dd8159-186e-8164-bc16-a6203fe11920","tintindex":0},"south":{"uv":[12.5,0.75,12.75,2.25],"rotation":0,"texture":"#02dd8159-186e-8164-bc16-a6203fe11920","tintindex":0},"up":{"uv":[4.25,15.25,4.0,15.0],"rotation":0,"texture":"#02dd8159-186e-8164-bc16-a6203fe11920","tintindex":0},"west":{"uv":[12.5,2.25,12.75,3.75],"rotation":0,"texture":"#02dd8159-186e-8164-bc16-a6203fe11920","tintindex":0}}},{"name":"tető","from":[7.7624,11.432,7.7624],"to":[8.5016,12.6463995,8.5016],"rotation":{"angle":0.0,"axis":"x","origin":[8.0,11.432,8.0]},"faces":{"down":{"uv":[4.75,15.0,5.0,15.25],"rotation":0,"texture":"#02dd8159-186e-8164-bc16-a6203fe11920","tintindex":0},"east":{"uv":[14.0,5.0,14.25,5.5],"rotation":0,"texture":"#02dd8159-186e-8164-bc16-a6203fe11920","tintindex":0},"north":{"uv":[9.75,14.0,10.0,14.5],"rotation":0,"texture":"#02dd8159-186e-8164-bc16-a6203fe11920","tintindex":0},"south":{"uv":[14.0,5.5,14.25,6.0],"rotation":0,"texture":"#02dd8159-186e-8164-bc16-a6203fe11920","tintindex":0},"up":{"uv":[4.75,15.25,4.5,15.0],"rotation":0,"texture":"#02dd8159-186e-8164-bc16-a6203fe11920","tintindex":0},"west":{"uv":[14.0,6.0,14.25,6.5],"rotation":0,"texture":"#02dd8159-186e-8164-bc16-a6203fe11920","tintindex":0}}},{"name":"tető","from":[7.7888,12.092,7.7888],"to":[8.4752,14.1776,8.4752],"rotation":{"angle":0.0,"axis":"x","origin":[8.0,12.092,8.0]},"faces":{"down":{"uv":[5.25,15.0,5.5,15.25],"rotation":0,"texture":"#02dd8159-186e-8164-bc16-a6203fe11920","tintindex":0},"east":{"uv":[0.5,14.0,0.75,14.75],"rotation":0,"texture":"#02dd8159-186e-8164-bc16-a6203fe11920","tintindex":0},"north":{"uv":[0.25,14.0,0.5,14.75],"rotation":0,"texture":"#02dd8159-186e-8164-bc16-a6203fe11920","tintindex":0},"south":{"uv":[0.75,14.0,1.0,14.75],"rotation":0,"texture":"#02dd8159-186e-8164-bc16-a6203fe11920","tintindex":0},"up":{"uv":[5.25,15.25,5.0,15.0],"rotation":0,"texture":"#02dd8159-186e-8164-bc16-a6203fe11920","tintindex":0},"west":{"uv":[1.0,14.0,1.25,14.75],"rotation":0,"texture":"#02dd8159-186e-8164-bc16-a6203fe11920","tintindex":0}}},{"name":"tető","from":[7.8152,14.1512,7.8152003],"to":[8.4488,14.3359995,8.4488],"rotation":{"angle":0.0,"axis":"x","origin":[8.0,14.1512,8.0]},"faces":{"down":{"uv":[6.75,15.0,7.0,15.25],"rotation":0,"texture":"#02dd8159-186e-8164-bc16-a6203fe11920","tintindex":0},"east":{"uv":[5.75,15.0,6.0,15.25],"rotation":0,"texture":"#02dd8159-186e-8164-bc16-a6203fe11920","tintindex":0},"north":{"uv":[5.5,15.0,5.75,15.25],"rotation":0,"texture":"#02dd8159-186e-8164-bc16-a6203fe11920","tintindex":0},"south":{"uv":[6.0,15.0,6.25,15.25],"rotation":0,"texture":"#02dd8159-186e-8164-bc16-a6203fe11920","tintindex":0},"up":{"uv":[6.75,15.25,6.5,15.0],"rotation":0,"texture":"#02dd8159-186e-8164-bc16-a6203fe11920","tintindex":0},"west":{"uv":[6.25,15.0,6.5,15.25],"rotation":0,"texture":"#02dd8159-186e-8164-bc16-a6203fe11920","tintindex":0}}},{"name":"tető","from":[7.8416,14.309601,7.8416],"to":[8.4224,14.4944,8.4224],"rotation":{"angle":0.0,"axis":"x","origin":[8.0,14.309601,8.0]},"faces":{"down":{"uv":[8.25,15.0,8.5,15.25],"rotation":0,"texture":"#02dd8159-186e-8164-bc16-a6203fe11920","tintindex":0},"east":{"uv":[7.25,15.0,7.5,15.25],"rotation":0,"texture":"#02dd8159-186e-8164-bc16-a6203fe11920","tintindex":0},"north":{"uv":[7.0,15.0,7.25,15.25],"rotation":0,"texture":"#02dd8159-186e-8164-bc16-a6203fe11920","tintindex":0},"south":{"uv":[7.5,15.0,7.75,15.25],"rotation":0,"texture":"#02dd8159-186e-8164-bc16-a6203fe11920","tintindex":0},"up":{"uv":[8.25,15.25,8.0,15.0],"rotation":0,"texture":"#02dd8159-186e-8164-bc16-a6203fe11920","tintindex":0},"west":{"uv":[7.75,15.0,8.0,15.25],"rotation":0,"texture":"#02dd8159-186e-8164-bc16-a6203fe11920","tintindex":0}}},{"name":"tető","from":[7.868,14.468,7.868],"to":[8.396,14.626401,8.396],"rotation":{"angle":0.0,"axis":"x","origin":[8.0,14.468,8.0]},"faces":{"down":{"uv":[9.75,15.0,10.0,15.25],"rotation":0,"texture":"#02dd8159-186e-8164-bc16-a6203fe11920","tintindex":0},"east":{"uv":[8.75,15.0,9.0,15.25],"rotation":0,"texture":"#02dd8159-186e-8164-bc16-a6203fe11920","tintindex":0},"north":{"uv":[8.5,15.0,8.75,15.25],"rotation":0,"texture":"#02dd8159-186e-8164-bc16-a6203fe11920","tintindex":0},"south":{"uv":[9.0,15.0,9.25,15.25],"rotation":0,"texture":"#02dd8159-186e-8164-bc16-a6203fe11920","tintindex":0},"up":{"uv":[9.75,15.25,9.5,15.0],"rotation":0,"texture":"#02dd8159-186e-8164-bc16-a6203fe11920","tintindex":0},"west":{"uv":[9.25,15.0,9.5,15.25],"rotation":0,"texture":"#02dd8159-186e-8164-bc16-a6203fe11920","tintindex":0}}},{"name":"tető","from":[7.8944,14.6,7.8944],"to":[8.3696,14.7584,8.3696],"rotation":{"angle":0.0,"axis":"x","origin":[8.0,14.6,8.0]},"faces":{"down":{"uv":[11.25,15.0,11.5,15.25],"rotation":0,"texture":"#02dd8159-186e-8164-bc16-a6203fe11920","tintindex":0},"east":{"uv":[10.25,15.0,10.5,15.25],"rotation":0,"texture":"#02dd8159-186e-8164-bc16-a6203fe11920","tintindex":0},"north":{"uv":[10.0,15.0,10.25,15.25],"rotation":0,"texture":"#02dd8159-186e-8164-bc16-a6203fe11920","tintindex":0},"south":{"uv":[10.5,15.0,10.75,15.25],"rotation":0,"texture":"#02dd8159-186e-8164-bc16-a6203fe11920","tintindex":0},"up":{"uv":[11.25,15.25,11.0,15.0],"rotation":0,"texture":"#02dd8159-186e-8164-bc16-a6203fe11920","tintindex":0},"west":{"uv":[10.75,15.0,11.0,15.25],"rotation":0,"texture":"#02dd8159-186e-8164-bc16-a6203fe11920","tintindex":0}}},{"name":"tető","from":[7.9208,14.731999,7.9208],"to":[8.343201,14.8904,8.343201],"rotation":{"angle":0.0,"axis":"x","origin":[8.0,14.731999,8.0]},"faces":{"down":{"uv":[12.75,15.0,13.0,15.25],"rotation":0,"texture":"#02dd8159-186e-8164-bc16-a6203fe11920","tintindex":0},"east":{"uv":[11.75,15.0,12.0,15.25],"rotation":0,"texture":"#02dd8159-186e-8164-bc16-a6203fe11920","tintindex":0},"north":{"uv":[11.5,15.0,11.75,15.25],"rotation":0,"texture":"#02dd8159-186e-8164-bc16-a6203fe11920","tintindex":0},"south":{"uv":[12.0,15.0,12.25,15.25],"rotation":0,"texture":"#02dd8159-186e-8164-bc16-a6203fe11920","tintindex":0},"up":{"uv":[12.75,15.25,12.5,15.0],"rotation":0,"texture":"#02dd8159-186e-8164-bc16-a6203fe11920","tintindex":0},"west":{"uv":[12.25,15.0,12.5,15.25],"rotation":0,"texture":"#02dd8159-186e-8164-bc16-a6203fe11920","tintindex":0}}},{"name":"tető","from":[7.9472,14.864,7.9472003],"to":[8.3168,15.022401,8.3168],"rotation":{"angle":0.0,"axis":"x","origin":[8.0,14.864,8.0]},"faces":{"down":{"uv":[14.25,15.0,14.5,15.25],"rotation":0,"texture":"#02dd8159-186e-8164-bc16-a6203fe11920","tintindex":0},"east":{"uv":[13.25,15.0,13.5,15.25],"rotation":0,"texture":"#02dd8159-186e-8164-bc16-a6203fe11920","tintindex":0},"north":{"uv":[13.0,15.0,13.25,15.25],"rotation":0,"texture":"#02dd8159-186e-8164-bc16-a6203fe11920","tintindex":0},"south":{"uv":[13.5,15.0,13.75,15.25],"rotation":0,"texture":"#02dd8159-186e-8164-bc16-a6203fe11920","tintindex":0},"up":{"uv":[14.25,15.25,14.0,15.0],"rotation":0,"texture":"#02dd8159-186e-8164-bc16-a6203fe11920","tintindex":0},"west":{"uv":[13.75,15.0,14.0,15.25],"rotation":0,"texture":"#02dd8159-186e-8164-bc16-a6203fe11920","tintindex":0}}},{"name":"tető","from":[7.9736,14.996,7.9736004],"to":[8.2904,15.127999,8.2904],"rotation":{"angle":0.0,"axis":"x","origin":[8.0,14.996,8.0]},"faces":{"down":{"uv":[15.0,0.5,15.25,0.75],"rotation":0,"texture":"#02dd8159-186e-8164-bc16-a6203fe11920","tintindex":0},"east":{"uv":[14.75,15.0,15.0,15.25],"rotation":0,"texture":"#02dd8159-186e-8164-bc16-a6203fe11920","tintindex":0},"north":{"uv":[14.5,15.0,14.75,15.25],"rotation":0,"texture":"#02dd8159-186e-8164-bc16-a6203fe11920","tintindex":0},"south":{"uv":[15.0,15.0,15.25,15.25],"rotation":0,"texture":"#02dd8159-186e-8164-bc16-a6203fe11920","tintindex":0},"up":{"uv":[15.25,0.5,15.0,0.25],"rotation":0,"texture":"#02dd8159-186e-8164-bc16-a6203fe11920","tintindex":0},"west":{"uv":[15.0,0.0,15.25,0.25],"rotation":0,"texture":"#02dd8159-186e-8164-bc16-a6203fe11920","tintindex":0}}},{"name":"tető","from":[8.0,15.127999,8.0],"to":[8.264,15.26,8.264],"rotation":{"angle":0.0,"axis":"x","origin":[8.0,15.127999,8.0]},"faces":{"down":{"uv":[15.0,2.0,15.25,2.25],"rotation":0,"texture":"#02dd8159-186e-8164-bc16-a6203fe11920","tintindex":0},"east":{"uv":[15.0,1.0,15.25,1.25],"rotation":0,"texture":"#02dd8159-186e-8164-bc16-a6203fe11920","tintindex":0},"north":{"uv":[15.0,0.75,15.25,1.0],"rotation":0,"texture":"#02dd8159-186e-8164-bc16-a6203fe11920","tintindex":0},"south":{"uv":[15.0,1.25,15.25,1.5],"rotation":0,"texture":"#02dd8159-186e-8164-bc16-a6203fe11920","tintindex":0},"up":{"uv":[15.25,2.0,15.0,1.75],"rotation":0,"texture":"#02dd8159-186e-8164-bc16-a6203fe11920","tintindex":0},"west":{"uv":[15.0,1.5,15.25,1.75],"rotation":0,"texture":"#02dd8159-186e-8164-bc16-a6203fe11920","tintindex":0}}},{"name":"tető","from":[8.0264,15.233601,8.026401],"to":[8.2376,15.3656,8.2376],"rotation":{"angle":0.0,"axis":"x","origin":[8.0,15.233601,8.0]},"faces":{"down":{"uv":[15.0,3.5,15.25,3.75],"rotation":0,"texture":"#02dd8159-186e-8164-bc16-a6203fe11920","tintindex":0},"east":{"uv":[15.0,2.5,15.25,2.75],"rotation":0,"texture":"#02dd8159-186e-8164-bc16-a6203fe11920","tintindex":0},"north":{"uv":[15.0,2.25,15.25,2.5],"rotation":0,"texture":"#02dd8159-186e-8164-bc16-a6203fe11920","tintindex":0},"south":{"uv":[15.0,2.75,15.25,3.0],"rotation":0,"texture":"#02dd8159-186e-8164-bc16-a6203fe11920","tintindex":0},"up":{"uv":[15.25,3.5,15.0,3.25],"rotation":0,"texture":"#02dd8159-186e-8164-bc16-a6203fe11920","tintindex":0},"west":{"uv":[15.0,3.0,15.25,3.25],"rotation":0,"texture":"#02dd8159-186e-8164-bc16-a6203fe11920","tintindex":0}}},{"name":"tető","from":[8.0528,15.3656,8.0528],"to":[8.211201,15.497601,8.211201],"rotation":{"angle":0.0,"axis":"x","origin":[8.0,15.3656,8.0]},"faces":{"down":{"uv":[15.0,5.0,15.25,5.25],"rotation":0,"texture":"#02dd8159-186e-8164-bc16-a6203fe11920","tintindex":0},"east":{"uv":[15.0,4.0,15.25,4.25],"rotation":0,"texture":"#02dd8159-186e-8164-bc16-a6203fe11920","tintindex":0},"north":{"uv":[15.0,3.75,15.25,4.0],"rotation":0,"texture":"#02dd8159-186e-8164-bc16-a6203fe11920","tintindex":0},"south":{"uv":[15.0,4.25,15.25,4.5],"rotation":0,"texture":"#02dd8159-186e-8164-bc16-a6203fe11920","tintindex":0},"up":{"uv":[15.25,5.0,15.0,4.75],"rotation":0,"texture":"#02dd8159-186e-8164-bc16-a6203fe11920","tintindex":0},"west":{"uv":[15.0,4.5,15.25,4.75],"rotation":0,"texture":"#02dd8159-186e-8164-bc16-a6203fe11920","tintindex":0}}},{"name":"tető","from":[8.0792,15.497601,8.0792],"to":[8.184799,15.629601,8.1848],"rotation":{"angle":0.0,"axis":"x","origin":[8.0,15.497601,8.0]},"faces":{"down":{"uv":[15.0,6.5,15.25,6.75],"rotation":0,"texture":"#02dd8159-186e-8164-bc16-a6203fe11920","tintindex":0},"east":{"uv":[15.0,5.5,15.25,5.75],"rotation":0,"texture":"#02dd8159-186e-8164-bc16-a6203fe11920","tintindex":0},"north":{"uv":[15.0,5.25,15.25,5.5],"rotation":0,"texture":"#02dd8159-186e-8164-bc16-a6203fe11920","tintindex":0},"south":{"uv":[15.0,5.75,15.25,6.0],"rotation":0,"texture":"#02dd8159-186e-8164-bc16-a6203fe11920","tintindex":0},"up":{"uv":[15.25,6.5,15.0,6.25],"rotation":0,"texture":"#02dd8159-186e-8164-bc16-a6203fe11920","tintindex":0},"west":{"uv":[15.0,6.0,15.25,6.25],"rotation":0,"texture":"#02dd8159-186e-8164-bc16-a6203fe11920","tintindex":0}}},{"name":"tető","from":[8.1056,15.629601,8.1056],"to":[8.1584,15.7616005,8.1584],"rotation":{"angle":0.0,"axis":"x","origin":[8.0,15.629601,8.0]},"faces":{"down":{"uv":[15.0,8.0,15.25,8.25],"rotation":0,"texture":"#02dd8159-186e-8164-bc16-a6203fe11920","tintindex":0},"east":{"uv":[15.0,7.0,15.25,7.25],"rotation":0,"texture":"#02dd8159-186e-8164-bc16-a6203fe11920","tintindex":0},"north":{"uv":[15.0,6.75,15.25,7.0],"rotation":0,"texture":"#02dd8159-186e-8164-bc16-a6203fe11920","tintindex":0},"south":{"uv":[15.0,7.25,15.25,7.5],"rotation":0,"texture":"#02dd8159-186e-8164-bc16-a6203fe11920","tintindex":0},"up":{"uv":[15.25,8.0,15.0,7.75],"rotation":0,"texture":"#02dd8159-186e-8164-bc16-a6203fe11920","tintindex":0},"west":{"uv":[15.0,7.5,15.25,7.75],"rotation":0,"texture":"#02dd8159-186e-8164-bc16-a6203fe11920","tintindex":0}}}],"display":{"head":{"translation":[0.0,-6.4,0.0],"rotation":[0.0,0.0,0.0],"scale":[3.8095,3.8095,3.8095]},"gui":{"translation":[0.0,0.0,0.0],"rotation":[35.0,225.0,0.0],"scale":[0.625,0.625,0.625]}}}