{"file_name":"mk2","texture_size":[64,64],"textures":{"02dd8159-186e-8164-bc16-a6203fe11920":"modelengine:entity/kristalymob","70e53bc1-7d9b-8b7c-d583-0d1e1a205dd5":"modelengine:entity/texture"},"elements":[{"name":"lk","from":[7.4839997,8.0,7.4839997],"to":[9.032,14.708,9.032],"rotation":{"angle":0.0,"axis":"x","origin":[8.0,8.0,8.0]},"faces":{"down":{"uv":[0.0,12.0,0.75,12.75],"rotation":0,"texture":"#02dd8159-186e-8164-bc16-a6203fe11920","tintindex":0},"east":{"uv":[6.5,2.75,7.25,5.5],"rotation":0,"texture":"#02dd8159-186e-8164-bc16-a6203fe11920","tintindex":0},"north":{"uv":[6.5,0.0,7.25,2.75],"rotation":0,"texture":"#02dd8159-186e-8164-bc16-a6203fe11920","tintindex":0},"south":{"uv":[0.0,7.0,0.75,9.75],"rotation":0,"texture":"#02dd8159-186e-8164-bc16-a6203fe11920","tintindex":0},"up":{"uv":[12.5,3.75,11.75,3.0],"rotation":0,"texture":"#02dd8159-186e-8164-bc16-a6203fe11920","tintindex":0},"west":{"uv":[0.75,7.0,1.5,9.75],"rotation":0,"texture":"#02dd8159-186e-8164-bc16-a6203fe11920","tintindex":0}}},{"name":"tető","from":[7.5355997,14.708,7.5355997],"to":[8.9804,17.0816,8.9804],"rotation":{"angle":0.0,"axis":"x","origin":[8.0,14.708,8.0]},"faces":{"down":{"uv":[13.0,7.75,13.5,8.25],"rotation":0,"texture":"#02dd8159-186e-8164-bc16-a6203fe11920","tintindex":0},"east":{"uv":[12.0,5.25,12.5,6.25],"rotation":0,"texture":"#02dd8159-186e-8164-bc16-a6203fe11920","tintindex":0},"north":{"uv":[7.75,12.0,8.25,13.0],"rotation":0,"texture":"#02dd8159-186e-8164-bc16-a6203fe11920","tintindex":0},"south":{"uv":[12.0,6.25,12.5,7.25],"rotation":0,"texture":"#02dd8159-186e-8164-bc16-a6203fe11920","tintindex":0},"up":{"uv":[13.5,7.75,13.0,7.25],"rotation":0,"texture":"#02dd8159-186e-8164-bc16-a6203fe11920","tintindex":0},"west":{"uv":[12.0,7.25,12.5,8.25],"rotation":0,"texture":"#02dd8159-186e-8164-bc16-a6203fe11920","tintindex":0}}},{"name":"tető","from":[7.5872,15.998,7.5872],"to":[8.928801,20.074402,8.928801],"rotation":{"angle":0.0,"axis":"x","origin":[8.0,15.998,8.0]},"faces":{"down":{"uv":[13.0,8.75,13.5,9.25],"rotation":0,"texture":"#02dd8159-186e-8164-bc16-a6203fe11920","tintindex":0},"east":{"uv":[9.75,0.0,10.25,1.75],"rotation":0,"texture":"#02dd8159-186e-8164-bc16-a6203fe11920","tintindex":0},"north":{"uv":[6.75,9.75,7.25,11.5],"rotation":0,"texture":"#02dd8159-186e-8164-bc16-a6203fe11920","tintindex":0},"south":{"uv":[9.75,1.75,10.25,3.5],"rotation":0,"texture":"#02dd8159-186e-8164-bc16-a6203fe11920","tintindex":0},"up":{"uv":[13.5,8.75,13.0,8.25],"rotation":0,"texture":"#02dd8159-186e-8164-bc16-a6203fe11920","tintindex":0},"west":{"uv":[9.75,3.5,10.25,5.25],"rotation":0,"texture":"#02dd8159-186e-8164-bc16-a6203fe11920","tintindex":0}}},{"name":"tető","from":[7.6388,20.0228,7.6387997],"to":[8.8772,20.383999,8.8772],"rotation":{"angle":0.0,"axis":"x","origin":[8.0,20.0228,8.0]},"faces":{"down":{"uv":[13.0,9.75,13.5,10.25],"rotation":0,"texture":"#02dd8159-186e-8164-bc16-a6203fe11920","tintindex":0},"east":{"uv":[14.0,6.75,14.5,7.0],"rotation":0,"texture":"#02dd8159-186e-8164-bc16-a6203fe11920","tintindex":0},"north":{"uv":[14.0,6.5,14.5,6.75],"rotation":0,"texture":"#02dd8159-186e-8164-bc16-a6203fe11920","tintindex":0},"south":{"uv":[14.0,7.0,14.5,7.25],"rotation":0,"texture":"#02dd8159-186e-8164-bc16-a6203fe11920","tintindex":0},"up":{"uv":[13.5,9.75,13.0,9.25],"rotation":0,"texture":"#02dd8159-186e-8164-bc16-a6203fe11920","tintindex":0},"west":{"uv":[14.0,7.25,14.5,7.5],"rotation":0,"texture":"#02dd8159-186e-8164-bc16-a6203fe11920","tintindex":0}}},{"name":"tető","from":[7.6904,20.332401,7.6904],"to":[8.8256,20.6936,8.8256],"rotation":{"angle":0.0,"axis":"x","origin":[8.0,20.332401,8.0]},"faces":{"down":{"uv":[13.0,10.75,13.5,11.25],"rotation":0,"texture":"#02dd8159-186e-8164-bc16-a6203fe11920","tintindex":0},"east":{"uv":[14.0,7.75,14.5,8.0],"rotation":0,"texture":"#02dd8159-186e-8164-bc16-a6203fe11920","tintindex":0},"north":{"uv":[14.0,7.5,14.5,7.75],"rotation":0,"texture":"#02dd8159-186e-8164-bc16-a6203fe11920","tintindex":0},"south":{"uv":[14.0,8.0,14.5,8.25],"rotation":0,"texture":"#02dd8159-186e-8164-bc16-a6203fe11920","tintindex":0},"up":{"uv":[13.5,10.75,13.0,10.25],"rotation":0,"texture":"#02dd8159-186e-8164-bc16-a6203fe11920","tintindex":0},"west":{"uv":[14.0,8.25,14.5,8.5],"rotation":0,"texture":"#02dd8159-186e-8164-bc16-a6203fe11920","tintindex":0}}},{"name":"tető","from":[7.742,20.642002,7.7419996],"to":[8.774,20.9516,8.774],"rotation":{"angle":0.0,"axis":"x","origin":[8.0,20.642002,8.0]},"faces":{"down":{"uv":[13.0,11.75,13.5,12.25],"rotation":0,"texture":"#02dd8159-186e-8164-bc16-a6203fe11920","tintindex":0},"east":{"uv":[14.0,8.75,14.5,9.0],"rotation":0,"texture":"#02dd8159-186e-8164-bc16-a6203fe11920","tintindex":0},"north":{"uv":[14.0,8.5,14.5,8.75],"rotation":0,"texture":"#02dd8159-186e-8164-bc16-a6203fe11920","tintindex":0},"south":{"uv":[14.0,9.0,14.5,9.25],"rotation":0,"texture":"#02dd8159-186e-8164-bc16-a6203fe11920","tintindex":0},"up":{"uv":[13.5,11.75,13.0,11.25],"rotation":0,"texture":"#02dd8159-186e-8164-bc16-a6203fe11920","tintindex":0},"west":{"uv":[14.0,9.25,14.5,9.5],"rotation":0,"texture":"#02dd8159-186e-8164-bc16-a6203fe11920","tintindex":0}}},{"name":"tető","from":[7.7936,20.900002,7.7936],"to":[8.722401,21.209599,8.722401],"rotation":{"angle":0.0,"axis":"x","origin":[8.0,20.900002,8.0]},"faces":{"down":{"uv":[1.5,13.25,2.0,13.75],"rotation":0,"texture":"#02dd8159-186e-8164-bc16-a6203fe11920","tintindex":0},"east":{"uv":[14.0,9.75,14.5,10.0],"rotation":0,"texture":"#02dd8159-186e-8164-bc16-a6203fe11920","tintindex":0},"north":{"uv":[14.0,9.5,14.5,9.75],"rotation":0,"texture":"#02dd8159-186e-8164-bc16-a6203fe11920","tintindex":0},"south":{"uv":[14.0,10.0,14.5,10.25],"rotation":0,"texture":"#02dd8159-186e-8164-bc16-a6203fe11920","tintindex":0},"up":{"uv":[13.5,12.75,13.0,12.25],"rotation":0,"texture":"#02dd8159-186e-8164-bc16-a6203fe11920","tintindex":0},"west":{"uv":[14.0,10.25,14.5,10.5],"rotation":0,"texture":"#02dd8159-186e-8164-bc16-a6203fe11920","tintindex":0}}},{"name":"tető","from":[7.8452,21.158,7.8451996],"to":[8.6708,21.467602,8.6708],"rotation":{"angle":0.0,"axis":"x","origin":[8.0,21.158,8.0]},"faces":{"down":{"uv":[15.0,9.5,15.25,9.75],"rotation":0,"texture":"#02dd8159-186e-8164-bc16-a6203fe11920","tintindex":0},"east":{"uv":[15.0,8.5,15.25,8.75],"rotation":0,"texture":"#02dd8159-186e-8164-bc16-a6203fe11920","tintindex":0},"north":{"uv":[15.0,8.25,15.25,8.5],"rotation":0,"texture":"#02dd8159-186e-8164-bc16-a6203fe11920","tintindex":0},"south":{"uv":[15.0,8.75,15.25,9.0],"rotation":0,"texture":"#02dd8159-186e-8164-bc16-a6203fe11920","tintindex":0},"up":{"uv":[15.25,9.5,15.0,9.25],"rotation":0,"texture":"#02dd8159-186e-8164-bc16-a6203fe11920","tintindex":0},"west":{"uv":[15.0,9.0,15.25,9.25],"rotation":0,"texture":"#02dd8159-186e-8164-bc16-a6203fe11920","tintindex":0}}},{"name":"tető","from":[7.8968,21.416,7.8968],"to":[8.6192,21.725601,8.6192],"rotation":{"angle":0.0,"axis":"x","origin":[8.0,21.416,8.0]},"faces":{"down":{"uv":[15.0,11.0,15.25,11.25],"rotation":0,"texture":"#02dd8159-186e-8164-bc16-a6203fe11920","tintindex":0},"east":{"uv":[15.0,10.0,15.25,10.25],"rotation":0,"texture":"#02dd8159-186e-8164-bc16-a6203fe11920","tintindex":0},"north":{"uv":[15.0,9.75,15.25,10.0],"rotation":0,"texture":"#02dd8159-186e-8164-bc16-a6203fe11920","tintindex":0},"south":{"uv":[15.0,10.25,15.25,10.5],"rotation":0,"texture":"#02dd8159-186e-8164-bc16-a6203fe11920","tintindex":0},"up":{"uv":[15.25,11.0,15.0,10.75],"rotation":0,"texture":"#02dd8159-186e-8164-bc16-a6203fe11920","tintindex":0},"west":{"uv":[15.0,10.5,15.25,10.75],"rotation":0,"texture":"#02dd8159-186e-8164-bc16-a6203fe11920","tintindex":0}}},{"name":"tető","from":[7.9484,21.674,7.9484],"to":[8.5676,21.932003,8.5676],"rotation":{"angle":0.0,"axis":"x","origin":[8.0,21.674,8.0]},"faces":{"down":{"uv":[15.0,12.5,15.25,12.75],"rotation":0,"texture":"#02dd8159-186e-8164-bc16-a6203fe11920","tintindex":0},"east":{"uv":[15.0,11.5,15.25,11.75],"rotation":0,"texture":"#02dd8159-186e-8164-bc16-a6203fe11920","tintindex":0},"north":{"uv":[15.0,11.25,15.25,11.5],"rotation":0,"texture":"#02dd8159-186e-8164-bc16-a6203fe11920","tintindex":0},"south":{"uv":[15.0,11.75,15.25,12.0],"rotation":0,"texture":"#02dd8159-186e-8164-bc16-a6203fe11920","tintindex":0},"up":{"uv":[15.25,12.5,15.0,12.25],"rotation":0,"texture":"#02dd8159-186e-8164-bc16-a6203fe11920","tintindex":0},"west":{"uv":[15.0,12.0,15.25,12.25],"rotation":0,"texture":"#02dd8159-186e-8164-bc16-a6203fe11920","tintindex":0}}},{"name":"tető","from":[8.0,21.932003,8.0],"to":[8.516001,22.190002,8.516],"rotation":{"angle":0.0,"axis":"x","origin":[8.0,21.932003,8.0]},"faces":{"down":{"uv":[15.0,14.0,15.25,14.25],"rotation":0,"texture":"#02dd8159-186e-8164-bc16-a6203fe11920","tintindex":0},"east":{"uv":[15.0,13.0,15.25,13.25],"rotation":0,"texture":"#02dd8159-186e-8164-bc16-a6203fe11920","tintindex":0},"north":{"uv":[15.0,12.75,15.25,13.0],"rotation":0,"texture":"#02dd8159-186e-8164-bc16-a6203fe11920","tintindex":0},"south":{"uv":[15.0,13.25,15.25,13.5],"rotation":0,"texture":"#02dd8159-186e-8164-bc16-a6203fe11920","tintindex":0},"up":{"uv":[15.25,14.0,15.0,13.75],"rotation":0,"texture":"#02dd8159-186e-8164-bc16-a6203fe11920","tintindex":0},"west":{"uv":[15.0,13.5,15.25,13.75],"rotation":0,"texture":"#02dd8159-186e-8164-bc16-a6203fe11920","tintindex":0}}},{"name":"tető","from":[8.0516,22.138401,8.0516],"to":[8.4644,22.3964,8.4644],"rotation":{"angle":0.0,"axis":"x","origin":[8.0,22.138401,8.0]},"faces":{"down":{"uv":[0.5,15.25,0.75,15.5],"rotation":0,"texture":"#02dd8159-186e-8164-bc16-a6203fe11920","tintindex":0},"east":{"uv":[15.0,14.5,15.25,14.75],"rotation":0,"texture":"#02dd8159-186e-8164-bc16-a6203fe11920","tintindex":0},"north":{"uv":[15.0,14.25,15.25,14.5],"rotation":0,"texture":"#02dd8159-186e-8164-bc16-a6203fe11920","tintindex":0},"south":{"uv":[15.0,14.75,15.25,15.0],"rotation":0,"texture":"#02dd8159-186e-8164-bc16-a6203fe11920","tintindex":0},"up":{"uv":[0.5,15.5,0.25,15.25],"rotation":0,"texture":"#02dd8159-186e-8164-bc16-a6203fe11920","tintindex":0},"west":{"uv":[0.0,15.25,0.25,15.5],"rotation":0,"texture":"#02dd8159-186e-8164-bc16-a6203fe11920","tintindex":0}}},{"name":"tető","from":[8.1032,22.3964,8.1032],"to":[8.4128,22.6544,8.4128],"rotation":{"angle":0.0,"axis":"x","origin":[8.0,22.3964,8.0]},"faces":{"down":{"uv":[2.0,15.25,2.25,15.5],"rotation":0,"texture":"#02dd8159-186e-8164-bc16-a6203fe11920","tintindex":0},"east":{"uv":[1.0,15.25,1.25,15.5],"rotation":0,"texture":"#02dd8159-186e-8164-bc16-a6203fe11920","tintindex":0},"north":{"uv":[0.75,15.25,1.0,15.5],"rotation":0,"texture":"#02dd8159-186e-8164-bc16-a6203fe11920","tintindex":0},"south":{"uv":[1.25,15.25,1.5,15.5],"rotation":0,"texture":"#02dd8159-186e-8164-bc16-a6203fe11920","tintindex":0},"up":{"uv":[2.0,15.5,1.75,15.25],"rotation":0,"texture":"#02dd8159-186e-8164-bc16-a6203fe11920","tintindex":0},"west":{"uv":[1.5,15.25,1.75,15.5],"rotation":0,"texture":"#02dd8159-186e-8164-bc16-a6203fe11920","tintindex":0}}},{"name":"tető","from":[8.1548,22.6544,8.154799],"to":[8.3612,22.9124,8.3612],"rotation":{"angle":0.0,"axis":"x","origin":[8.0,22.6544,8.0]},"faces":{"down":{"uv":[3.5,15.25,3.75,15.5],"rotation":0,"texture":"#02dd8159-186e-8164-bc16-a6203fe11920","tintindex":0},"east":{"uv":[2.5,15.25,2.75,15.5],"rotation":0,"texture":"#02dd8159-186e-8164-bc16-a6203fe11920","tintindex":0},"north":{"uv":[2.25,15.25,2.5,15.5],"rotation":0,"texture":"#02dd8159-186e-8164-bc16-a6203fe11920","tintindex":0},"south":{"uv":[2.75,15.25,3.0,15.5],"rotation":0,"texture":"#02dd8159-186e-8164-bc16-a6203fe11920","tintindex":0},"up":{"uv":[3.5,15.5,3.25,15.25],"rotation":0,"texture":"#02dd8159-186e-8164-bc16-a6203fe11920","tintindex":0},"west":{"uv":[3.0,15.25,3.25,15.5],"rotation":0,"texture":"#02dd8159-186e-8164-bc16-a6203fe11920","tintindex":0}}},{"name":"tető","from":[8.2064,22.9124,8.2064],"to":[8.3096,23.170403,8.3096],"rotation":{"angle":0.0,"axis":"x","origin":[8.0,22.9124,8.0]},"faces":{"down":{"uv":[5.0,15.25,5.25,15.5],"rotation":0,"texture":"#02dd8159-186e-8164-bc16-a6203fe11920","tintindex":0},"east":{"uv":[4.0,15.25,4.25,15.5],"rotation":0,"texture":"#02dd8159-186e-8164-bc16-a6203fe11920","tintindex":0},"north":{"uv":[3.75,15.25,4.0,15.5],"rotation":0,"texture":"#02dd8159-186e-8164-bc16-a6203fe11920","tintindex":0},"south":{"uv":[4.25,15.25,4.5,15.5],"rotation":0,"texture":"#02dd8159-186e-8164-bc16-a6203fe11920","tintindex":0},"up":{"uv":[5.0,15.5,4.75,15.25],"rotation":0,"texture":"#02dd8159-186e-8164-bc16-a6203fe11920","tintindex":0},"west":{"uv":[4.5,15.25,4.75,15.5],"rotation":0,"texture":"#02dd8159-186e-8164-bc16-a6203fe11920","tintindex":0}}}],"display":{"head":{"translation":[0.0,-6.4,0.0],"rotation":[0.0,0.0,0.0],"scale":[3.8095,3.8095,3.8095]},"gui":{"translation":[0.0,0.0,0.0],"rotation":[35.0,225.0,0.0],"scale":[0.625,0.625,0.625]}}}