{"file_name":"bone3","texture_size":[64,64],"textures":{"65ab261a-75c3-66bb-76f0-c3165f0d5f18":"modelengine:entity/fire_spider"},"elements":[{"name":"cube","from":[7.7913423,6.26,7.779148],"to":[8.151342,8.06,8.199148],"rotation":{"angle":0.0,"axis":"x","origin":[7.6713424,6.26,7.5391483]},"faces":{"down":{"uv":[2.5,9.5,2.75,9.75],"rotation":0,"texture":"#65ab261a-75c3-66bb-76f0-c3165f0d5f18","tintindex":0},"east":{"uv":[5.5,8.25,5.75,9.0],"rotation":0,"texture":"#65ab261a-75c3-66bb-76f0-c3165f0d5f18","tintindex":0},"north":{"uv":[5.25,8.25,5.5,9.0],"rotation":0,"texture":"#65ab261a-75c3-66bb-76f0-c3165f0d5f18","tintindex":0},"south":{"uv":[5.75,8.25,6.0,9.0],"rotation":0,"texture":"#65ab261a-75c3-66bb-76f0-c3165f0d5f18","tintindex":0},"up":{"uv":[2.5,9.75,2.25,9.5],"rotation":0,"texture":"#65ab261a-75c3-66bb-76f0-c3165f0d5f18","tintindex":0},"west":{"uv":[6.0,8.25,6.25,9.0],"rotation":0,"texture":"#65ab261a-75c3-66bb-76f0-c3165f0d5f18","tintindex":0}}}],"display":{"head":{"translation":[0.0,-6.4,0.0],"rotation":[0.0,0.0,0.0],"scale":[3.8095,3.8095,3.8095]},"gui":{"translation":[0.0,0.0,0.0],"rotation":[35.0,225.0,0.0],"scale":[0.625,0.625,0.625]}}}