{"file_name":"bone22","texture_size":[64,64],"textures":{"65ab261a-75c3-66bb-76f0-c3165f0d5f18":"modelengine:entity/fire_spider"},"elements":[{"name":"cube","from":[7.5250754,7.64,7.777313],"to":[8.125075,9.440001,8.377313],"rotation":{"angle":-45.0,"axis":"z","origin":[8.125075,7.64,7.777313]},"faces":{"down":{"uv":[2.25,9.5,2.0,9.75],"rotation":0,"texture":"#65ab261a-75c3-66bb-76f0-c3165f0d5f18","tintindex":0},"east":{"uv":[5.25,8.25,5.0,9.0],"rotation":0,"texture":"#65ab261a-75c3-66bb-76f0-c3165f0d5f18","tintindex":0},"north":{"uv":[3.0,6.5,2.75,7.25],"rotation":0,"texture":"#65ab261a-75c3-66bb-76f0-c3165f0d5f18","tintindex":0},"south":{"uv":[8.25,5.75,8.0,6.5],"rotation":0,"texture":"#65ab261a-75c3-66bb-76f0-c3165f0d5f18","tintindex":0},"up":{"uv":[9.25,9.0,9.5,8.75],"rotation":0,"texture":"#65ab261a-75c3-66bb-76f0-c3165f0d5f18","tintindex":0},"west":{"uv":[3.25,6.5,3.0,7.25],"rotation":0,"texture":"#65ab261a-75c3-66bb-76f0-c3165f0d5f18","tintindex":0}}}],"display":{"head":{"translation":[0.0,-6.4,0.0],"rotation":[0.0,0.0,0.0],"scale":[3.8095,3.8095,3.8095]},"gui":{"translation":[0.0,0.0,0.0],"rotation":[35.0,225.0,0.0],"scale":[0.625,0.625,0.625]}}}