{"file_name":"bone9","texture_size":[64,64],"textures":{"65ab261a-75c3-66bb-76f0-c3165f0d5f18":"modelengine:entity/fire_spider"},"elements":[{"name":"cube","from":[7.377538,7.2200003,7.707078],"to":[9.177539,7.82,8.307078],"rotation":{"angle":-22.5,"axis":"z","origin":[9.177539,7.2200003,7.707078]},"faces":{"down":{"uv":[8.0,2.75,7.25,3.0],"rotation":0,"texture":"#65ab261a-75c3-66bb-76f0-c3165f0d5f18","tintindex":0},"east":{"uv":[4.5,9.5,4.25,9.75],"rotation":0,"texture":"#65ab261a-75c3-66bb-76f0-c3165f0d5f18","tintindex":0},"north":{"uv":[2.5,4.75,1.75,5.0],"rotation":0,"texture":"#65ab261a-75c3-66bb-76f0-c3165f0d5f18","tintindex":0},"south":{"uv":[6.75,5.5,6.0,5.75],"rotation":0,"texture":"#65ab261a-75c3-66bb-76f0-c3165f0d5f18","tintindex":0},"up":{"uv":[6.0,6.0,6.75,5.75],"rotation":0,"texture":"#65ab261a-75c3-66bb-76f0-c3165f0d5f18","tintindex":0},"west":{"uv":[4.25,9.5,4.0,9.75],"rotation":0,"texture":"#65ab261a-75c3-66bb-76f0-c3165f0d5f18","tintindex":0}}}],"display":{"head":{"translation":[0.0,-6.4,0.0],"rotation":[0.0,0.0,0.0],"scale":[3.8095,3.8095,3.8095]},"gui":{"translation":[0.0,0.0,0.0],"rotation":[35.0,225.0,0.0],"scale":[0.625,0.625,0.625]}}}