{"file_name":"kar2","texture_size":[64,64],"textures":{"65ab261a-75c3-66bb-76f0-c3165f0d5f18":"modelengine:entity/fire_spider"},"elements":[{"name":"cube","from":[7.415,7.3281713,7.7054114],"to":[8.615,7.9281716,8.305411],"rotation":{"angle":-22.5,"axis":"z","origin":[8.615,7.3281713,7.7054114]},"faces":{"down":{"uv":[9.0,8.0,9.5,8.25],"rotation":0,"texture":"#65ab261a-75c3-66bb-76f0-c3165f0d5f18","tintindex":0},"east":{"uv":[9.5,8.0,9.75,8.25],"rotation":0,"texture":"#65ab261a-75c3-66bb-76f0-c3165f0d5f18","tintindex":0},"north":{"uv":[9.0,6.0,9.5,6.25],"rotation":0,"texture":"#65ab261a-75c3-66bb-76f0-c3165f0d5f18","tintindex":0},"south":{"uv":[9.0,6.25,9.5,6.5],"rotation":0,"texture":"#65ab261a-75c3-66bb-76f0-c3165f0d5f18","tintindex":0},"up":{"uv":[9.5,6.75,9.0,6.5],"rotation":0,"texture":"#65ab261a-75c3-66bb-76f0-c3165f0d5f18","tintindex":0},"west":{"uv":[9.5,8.25,9.75,8.5],"rotation":0,"texture":"#65ab261a-75c3-66bb-76f0-c3165f0d5f18","tintindex":0}}},{"name":"cube","from":[8.975,7.3281713,6.505411],"to":[9.575001,7.9281716,8.305411],"rotation":{"angle":-22.5,"axis":"y","origin":[9.575001,7.3281713,6.505411]},"faces":{"down":{"uv":[8.25,9.0,8.5,9.75],"rotation":0,"texture":"#65ab261a-75c3-66bb-76f0-c3165f0d5f18","tintindex":0},"east":{"uv":[9.0,9.0,9.75,9.25],"rotation":0,"texture":"#65ab261a-75c3-66bb-76f0-c3165f0d5f18","tintindex":0},"north":{"uv":[9.5,8.5,9.75,8.75],"rotation":0,"texture":"#65ab261a-75c3-66bb-76f0-c3165f0d5f18","tintindex":0},"south":{"uv":[9.5,8.75,9.75,9.0],"rotation":0,"texture":"#65ab261a-75c3-66bb-76f0-c3165f0d5f18","tintindex":0},"up":{"uv":[8.25,9.75,8.0,9.0],"rotation":0,"texture":"#65ab261a-75c3-66bb-76f0-c3165f0d5f18","tintindex":0},"west":{"uv":[9.0,0.25,9.75,0.5],"rotation":0,"texture":"#65ab261a-75c3-66bb-76f0-c3165f0d5f18","tintindex":0}}},{"name":"cube","from":[8.975,6.7881713,5.9054117],"to":[9.575001,7.9881716,6.505411],"rotation":{"angle":22.5,"axis":"x","origin":[9.575001,6.7881713,5.9054117]},"faces":{"down":{"uv":[0.0,9.75,0.25,10.0],"rotation":0,"texture":"#65ab261a-75c3-66bb-76f0-c3165f0d5f18","tintindex":0},"east":{"uv":[1.5,9.25,1.75,9.75],"rotation":0,"texture":"#65ab261a-75c3-66bb-76f0-c3165f0d5f18","tintindex":0},"north":{"uv":[1.25,9.25,1.5,9.75],"rotation":0,"texture":"#65ab261a-75c3-66bb-76f0-c3165f0d5f18","tintindex":0},"south":{"uv":[1.75,9.25,2.0,9.75],"rotation":0,"texture":"#65ab261a-75c3-66bb-76f0-c3165f0d5f18","tintindex":0},"up":{"uv":[9.75,9.5,9.5,9.25],"rotation":0,"texture":"#65ab261a-75c3-66bb-76f0-c3165f0d5f18","tintindex":0},"west":{"uv":[2.75,9.25,3.0,9.75],"rotation":0,"texture":"#65ab261a-75c3-66bb-76f0-c3165f0d5f18","tintindex":0}}},{"name":"cube","from":[9.094999,5.8281713,6.505411],"to":[9.455,7.0281715,6.7454114],"rotation":{"angle":-22.5,"axis":"x","origin":[9.575001,5.8281713,6.3854113]},"faces":{"down":{"uv":[0.5,9.75,0.75,10.0],"rotation":0,"texture":"#65ab261a-75c3-66bb-76f0-c3165f0d5f18","tintindex":0},"east":{"uv":[3.25,9.25,3.5,9.75],"rotation":0,"texture":"#65ab261a-75c3-66bb-76f0-c3165f0d5f18","tintindex":0},"north":{"uv":[3.0,9.25,3.25,9.75],"rotation":0,"texture":"#65ab261a-75c3-66bb-76f0-c3165f0d5f18","tintindex":0},"south":{"uv":[3.5,9.25,3.75,9.75],"rotation":0,"texture":"#65ab261a-75c3-66bb-76f0-c3165f0d5f18","tintindex":0},"up":{"uv":[0.5,10.0,0.25,9.75],"rotation":0,"texture":"#65ab261a-75c3-66bb-76f0-c3165f0d5f18","tintindex":0},"west":{"uv":[3.75,9.25,4.0,9.75],"rotation":0,"texture":"#65ab261a-75c3-66bb-76f0-c3165f0d5f18","tintindex":0}}}],"display":{"head":{"translation":[0.0,-6.4,0.0],"rotation":[0.0,0.0,0.0],"scale":[3.8095,3.8095,3.8095]},"gui":{"translation":[0.0,0.0,0.0],"rotation":[35.0,225.0,0.0],"scale":[0.625,0.625,0.625]}}}