{"file_name":"head","texture_size":[256,256],"textures":{"28b29bf9-9c27-b1c9-ac87-e7c1bc960c29":"modelengine:entity/orcboss"},"elements":[{"name":"cube","from":[5.484846,6.517315,4.3528433],"to":[10.524846,7.5253153,10.274843],"rotation":{"angle":-22.5,"axis":"x","origin":[8.004847,7.0213146,6.2428427]},"faces":{"down":{"uv":[4.8125,1.125,5.3125,1.75],"rotation":0,"texture":"#28b29bf9-9c27-b1c9-ac87-e7c1bc960c29","tintindex":0},"east":{"uv":[6.1875,5.4375,6.8125,5.5625],"rotation":0,"texture":"#28b29bf9-9c27-b1c9-ac87-e7c1bc960c29","tintindex":0},"north":{"uv":[7.5625,0.3125,8.0625,0.4375],"rotation":0,"texture":"#28b29bf9-9c27-b1c9-ac87-e7c1bc960c29","tintindex":0},"south":{"uv":[7.5625,1.0625,8.0625,1.1875],"rotation":0,"texture":"#28b29bf9-9c27-b1c9-ac87-e7c1bc960c29","tintindex":0},"up":{"uv":[5.3125,1.125,4.8125,0.5],"rotation":0,"texture":"#28b29bf9-9c27-b1c9-ac87-e7c1bc960c29","tintindex":0},"west":{"uv":[7.4375,7.0625,8.0625,7.1875],"rotation":0,"texture":"#28b29bf9-9c27-b1c9-ac87-e7c1bc960c29","tintindex":0}}},{"name":"cube","from":[5.484846,5.820443,4.944478],"to":[10.524846,6.324443,8.220478],"rotation":{"angle":0.0,"axis":"x","origin":[8.004847,6.828443,5.196478]},"faces":{"down":{"uv":[6.25,5.75,6.75,6.0625],"rotation":0,"texture":"#28b29bf9-9c27-b1c9-ac87-e7c1bc960c29","tintindex":0},"east":{"uv":[8.25,8.375,8.5625,8.4375],"rotation":0,"texture":"#28b29bf9-9c27-b1c9-ac87-e7c1bc960c29","tintindex":0},"north":{"uv":[7.375,8.25,7.875,8.3125],"rotation":0,"texture":"#28b29bf9-9c27-b1c9-ac87-e7c1bc960c29","tintindex":0},"south":{"uv":[8.25,3.5625,8.75,3.625],"rotation":0,"texture":"#28b29bf9-9c27-b1c9-ac87-e7c1bc960c29","tintindex":0},"up":{"uv":[5.625,3.0,5.125,2.6875],"rotation":0,"texture":"#28b29bf9-9c27-b1c9-ac87-e7c1bc960c29","tintindex":0},"west":{"uv":[8.375,2.4375,8.6875,2.5],"rotation":0,"texture":"#28b29bf9-9c27-b1c9-ac87-e7c1bc960c29","tintindex":0}}},{"name":"cube","from":[5.988846,5.3164425,4.944478],"to":[10.020845,5.820443,8.220478],"rotation":{"angle":0.0,"axis":"x","origin":[8.004847,6.324443,5.196478]},"faces":{"down":{"uv":[4.5625,6.8125,5.0,7.125],"rotation":0,"texture":"#28b29bf9-9c27-b1c9-ac87-e7c1bc960c29","tintindex":0},"east":{"uv":[8.375,2.5,8.6875,2.5625],"rotation":0,"texture":"#28b29bf9-9c27-b1c9-ac87-e7c1bc960c29","tintindex":0},"north":{"uv":[6.25,4.4375,6.6875,4.5],"rotation":0,"texture":"#28b29bf9-9c27-b1c9-ac87-e7c1bc960c29","tintindex":0},"south":{"uv":[8.25,4.75,8.6875,4.8125],"rotation":0,"texture":"#28b29bf9-9c27-b1c9-ac87-e7c1bc960c29","tintindex":0},"up":{"uv":[7.1875,6.0625,6.75,5.75],"rotation":0,"texture":"#28b29bf9-9c27-b1c9-ac87-e7c1bc960c29","tintindex":0},"west":{"uv":[8.375,2.5625,8.6875,2.625],"rotation":0,"texture":"#28b29bf9-9c27-b1c9-ac87-e7c1bc960c29","tintindex":0}}},{"name":"cube","from":[4.9808464,5.820443,4.944478],"to":[11.028847,7.8364434,10.236479],"rotation":{"angle":0.0,"axis":"x","origin":[8.004847,8.844443,5.196478]},"faces":{"down":{"uv":[4.5,2.4375,5.125,3.0],"rotation":0,"texture":"#28b29bf9-9c27-b1c9-ac87-e7c1bc960c29","tintindex":0},"east":{"uv":[3.1875,7.0625,3.75,7.25],"rotation":0,"texture":"#28b29bf9-9c27-b1c9-ac87-e7c1bc960c29","tintindex":0},"north":{"uv":[4.5,4.3125,5.125,4.5],"rotation":0,"texture":"#28b29bf9-9c27-b1c9-ac87-e7c1bc960c29","tintindex":0},"south":{"uv":[6.9375,0.3125,7.5625,0.5],"rotation":0,"texture":"#28b29bf9-9c27-b1c9-ac87-e7c1bc960c29","tintindex":0},"up":{"uv":[5.125,5.0625,4.5,4.5],"rotation":0,"texture":"#28b29bf9-9c27-b1c9-ac87-e7c1bc960c29","tintindex":0},"west":{"uv":[7.0625,4.6875,7.625,4.875],"rotation":0,"texture":"#28b29bf9-9c27-b1c9-ac87-e7c1bc960c29","tintindex":0}}},{"name":"cube","from":[4.602846,10.356443,4.944478],"to":[11.406847,11.364444,10.236479],"rotation":{"angle":0.0,"axis":"x","origin":[8.004847,12.372444,5.196478]},"faces":{"down":{"uv":[2.4375,4.1875,3.125,4.75],"rotation":0,"texture":"#28b29bf9-9c27-b1c9-ac87-e7c1bc960c29","tintindex":0},"east":{"uv":[7.5,5.4375,8.0625,5.5625],"rotation":0,"texture":"#28b29bf9-9c27-b1c9-ac87-e7c1bc960c29","tintindex":0},"north":{"uv":[3.0625,2.625,3.75,2.75],"rotation":0,"texture":"#28b29bf9-9c27-b1c9-ac87-e7c1bc960c29","tintindex":0},"south":{"uv":[7.3125,2.4375,8.0,2.5625],"rotation":0,"texture":"#28b29bf9-9c27-b1c9-ac87-e7c1bc960c29","tintindex":0},"up":{"uv":[0.6875,4.75,0.0,4.1875],"rotation":0,"texture":"#28b29bf9-9c27-b1c9-ac87-e7c1bc960c29","tintindex":0},"west":{"uv":[7.5,5.75,8.0625,5.875],"rotation":0,"texture":"#28b29bf9-9c27-b1c9-ac87-e7c1bc960c29","tintindex":0}}},{"name":"cube","from":[4.728846,9.348444,4.944478],"to":[11.280847,10.356443,10.236479],"rotation":{"angle":0.0,"axis":"x","origin":[8.004847,11.868444,5.196478]},"faces":{"down":{"uv":[3.8125,4.25,4.5,4.8125],"rotation":0,"texture":"#28b29bf9-9c27-b1c9-ac87-e7c1bc960c29","tintindex":0},"east":{"uv":[7.5,5.875,8.0625,6.0],"rotation":0,"texture":"#28b29bf9-9c27-b1c9-ac87-e7c1bc960c29","tintindex":0},"north":{"uv":[7.3125,2.5625,8.0,2.6875],"rotation":0,"texture":"#28b29bf9-9c27-b1c9-ac87-e7c1bc960c29","tintindex":0},"south":{"uv":[7.375,6.5625,8.0625,6.6875],"rotation":0,"texture":"#28b29bf9-9c27-b1c9-ac87-e7c1bc960c29","tintindex":0},"up":{"uv":[3.8125,4.8125,3.125,4.25],"rotation":0,"texture":"#28b29bf9-9c27-b1c9-ac87-e7c1bc960c29","tintindex":0},"west":{"uv":[1.9375,7.5625,2.5,7.6875],"rotation":0,"texture":"#28b29bf9-9c27-b1c9-ac87-e7c1bc960c29","tintindex":0}}},{"name":"cube","from":[4.854846,7.8364434,4.944478],"to":[11.154846,9.348444,10.236479],"rotation":{"angle":0.0,"axis":"x","origin":[8.004847,10.860444,5.196478]},"faces":{"down":{"uv":[0.6875,4.375,1.375,4.9375],"rotation":0,"texture":"#28b29bf9-9c27-b1c9-ac87-e7c1bc960c29","tintindex":0},"east":{"uv":[7.0625,4.875,7.625,5.0625],"rotation":0,"texture":"#28b29bf9-9c27-b1c9-ac87-e7c1bc960c29","tintindex":0},"north":{"uv":[6.875,3.5625,7.5625,3.75],"rotation":0,"texture":"#28b29bf9-9c27-b1c9-ac87-e7c1bc960c29","tintindex":0},"south":{"uv":[6.875,3.75,7.5625,3.9375],"rotation":0,"texture":"#28b29bf9-9c27-b1c9-ac87-e7c1bc960c29","tintindex":0},"up":{"uv":[5.0,2.4375,4.3125,1.875],"rotation":0,"texture":"#28b29bf9-9c27-b1c9-ac87-e7c1bc960c29","tintindex":0},"west":{"uv":[7.0625,5.0625,7.625,5.25],"rotation":0,"texture":"#28b29bf9-9c27-b1c9-ac87-e7c1bc960c29","tintindex":0}}},{"name":"cube","from":[10.6508465,8.340444,6.456478],"to":[10.902847,9.852444,8.724479],"rotation":{"angle":-22.5,"axis":"z","origin":[10.776846,8.340444,7.7164783]},"faces":{"down":{"uv":[0.75,8.4375,0.8125,8.6875],"rotation":0,"texture":"#28b29bf9-9c27-b1c9-ac87-e7c1bc960c29","tintindex":0},"east":{"uv":[8.0,4.4375,8.25,4.625],"rotation":0,"texture":"#28b29bf9-9c27-b1c9-ac87-e7c1bc960c29","tintindex":0},"north":{"uv":[0.4375,8.5,0.5,8.6875],"rotation":0,"texture":"#28b29bf9-9c27-b1c9-ac87-e7c1bc960c29","tintindex":0},"south":{"uv":[0.5,8.5,0.5625,8.6875],"rotation":0,"texture":"#28b29bf9-9c27-b1c9-ac87-e7c1bc960c29","tintindex":0},"up":{"uv":[5.375,8.625,5.3125,8.375],"rotation":0,"texture":"#28b29bf9-9c27-b1c9-ac87-e7c1bc960c29","tintindex":0},"west":{"uv":[8.0,7.5625,8.25,7.75],"rotation":0,"texture":"#28b29bf9-9c27-b1c9-ac87-e7c1bc960c29","tintindex":0}}},{"name":"cube","from":[5.1068463,8.340444,6.456478],"to":[5.358846,9.852444,8.724479],"rotation":{"angle":22.5,"axis":"z","origin":[5.2328463,8.340444,7.7164783]},"faces":{"down":{"uv":[0.875,8.4375,0.9375,8.6875],"rotation":0,"texture":"#28b29bf9-9c27-b1c9-ac87-e7c1bc960c29","tintindex":0},"east":{"uv":[8.0,7.75,8.25,7.9375],"rotation":0,"texture":"#28b29bf9-9c27-b1c9-ac87-e7c1bc960c29","tintindex":0},"north":{"uv":[1.375,8.5,1.4375,8.6875],"rotation":0,"texture":"#28b29bf9-9c27-b1c9-ac87-e7c1bc960c29","tintindex":0},"south":{"uv":[2.5,8.5,2.5625,8.6875],"rotation":0,"texture":"#28b29bf9-9c27-b1c9-ac87-e7c1bc960c29","tintindex":0},"up":{"uv":[0.875,8.6875,0.8125,8.4375],"rotation":0,"texture":"#28b29bf9-9c27-b1c9-ac87-e7c1bc960c29","tintindex":0},"west":{"uv":[1.1875,8.0625,1.4375,8.25],"rotation":0,"texture":"#28b29bf9-9c27-b1c9-ac87-e7c1bc960c29","tintindex":0}}},{"name":"cube","from":[10.6508465,9.852444,6.708478],"to":[10.902847,10.356443,8.472479],"rotation":{"angle":-22.5,"axis":"z","origin":[10.776846,8.340444,7.7164783]},"faces":{"down":{"uv":[0.9375,8.5,1.0,8.6875],"rotation":0,"texture":"#28b29bf9-9c27-b1c9-ac87-e7c1bc960c29","tintindex":0},"east":{"uv":[2.125,8.5,2.3125,8.5625],"rotation":0,"texture":"#28b29bf9-9c27-b1c9-ac87-e7c1bc960c29","tintindex":0},"north":{"uv":[8.375,8.6875,8.4375,8.75],"rotation":0,"texture":"#28b29bf9-9c27-b1c9-ac87-e7c1bc960c29","tintindex":0},"south":{"uv":[8.4375,8.6875,8.5,8.75],"rotation":0,"texture":"#28b29bf9-9c27-b1c9-ac87-e7c1bc960c29","tintindex":0},"up":{"uv":[0.6875,8.6875,0.625,8.5],"rotation":0,"texture":"#28b29bf9-9c27-b1c9-ac87-e7c1bc960c29","tintindex":0},"west":{"uv":[2.3125,8.5,2.5,8.5625],"rotation":0,"texture":"#28b29bf9-9c27-b1c9-ac87-e7c1bc960c29","tintindex":0}}},{"name":"cube","from":[5.1068463,9.852444,6.708478],"to":[5.358846,10.356443,8.472479],"rotation":{"angle":22.5,"axis":"z","origin":[5.2328463,8.340444,7.7164783]},"faces":{"down":{"uv":[7.875,8.5,7.9375,8.6875],"rotation":0,"texture":"#28b29bf9-9c27-b1c9-ac87-e7c1bc960c29","tintindex":0},"east":{"uv":[7.5,8.5,7.6875,8.5625],"rotation":0,"texture":"#28b29bf9-9c27-b1c9-ac87-e7c1bc960c29","tintindex":0},"north":{"uv":[8.6875,0.4375,8.75,0.5],"rotation":0,"texture":"#28b29bf9-9c27-b1c9-ac87-e7c1bc960c29","tintindex":0},"south":{"uv":[8.6875,0.5,8.75,0.5625],"rotation":0,"texture":"#28b29bf9-9c27-b1c9-ac87-e7c1bc960c29","tintindex":0},"up":{"uv":[4.875,8.6875,4.8125,8.5],"rotation":0,"texture":"#28b29bf9-9c27-b1c9-ac87-e7c1bc960c29","tintindex":0},"west":{"uv":[7.6875,8.5,7.875,8.5625],"rotation":0,"texture":"#28b29bf9-9c27-b1c9-ac87-e7c1bc960c29","tintindex":0}}},{"name":"cube","from":[10.6508465,10.356443,6.960478],"to":[10.902847,10.860444,8.220478],"rotation":{"angle":-22.5,"axis":"z","origin":[10.776846,8.340444,7.7164783]},"faces":{"down":{"uv":[0.5625,8.625,0.625,8.75],"rotation":0,"texture":"#28b29bf9-9c27-b1c9-ac87-e7c1bc960c29","tintindex":0},"east":{"uv":[8.5625,0.4375,8.6875,0.5],"rotation":0,"texture":"#28b29bf9-9c27-b1c9-ac87-e7c1bc960c29","tintindex":0},"north":{"uv":[8.5,8.6875,8.5625,8.75],"rotation":0,"texture":"#28b29bf9-9c27-b1c9-ac87-e7c1bc960c29","tintindex":0},"south":{"uv":[8.5625,8.6875,8.625,8.75],"rotation":0,"texture":"#28b29bf9-9c27-b1c9-ac87-e7c1bc960c29","tintindex":0},"up":{"uv":[0.25,8.75,0.1875,8.625],"rotation":0,"texture":"#28b29bf9-9c27-b1c9-ac87-e7c1bc960c29","tintindex":0},"west":{"uv":[8.5625,3.75,8.6875,3.8125],"rotation":0,"texture":"#28b29bf9-9c27-b1c9-ac87-e7c1bc960c29","tintindex":0}}},{"name":"cube","from":[5.1068463,10.356443,6.960478],"to":[5.358846,10.860444,8.220478],"rotation":{"angle":22.5,"axis":"z","origin":[5.2328463,8.340444,7.7164783]},"faces":{"down":{"uv":[1.1875,8.625,1.25,8.75],"rotation":0,"texture":"#28b29bf9-9c27-b1c9-ac87-e7c1bc960c29","tintindex":0},"east":{"uv":[8.5625,6.625,8.6875,6.6875],"rotation":0,"texture":"#28b29bf9-9c27-b1c9-ac87-e7c1bc960c29","tintindex":0},"north":{"uv":[8.6875,0.5625,8.75,0.625],"rotation":0,"texture":"#28b29bf9-9c27-b1c9-ac87-e7c1bc960c29","tintindex":0},"south":{"uv":[8.6875,0.625,8.75,0.6875],"rotation":0,"texture":"#28b29bf9-9c27-b1c9-ac87-e7c1bc960c29","tintindex":0},"up":{"uv":[1.125,8.75,1.0625,8.625],"rotation":0,"texture":"#28b29bf9-9c27-b1c9-ac87-e7c1bc960c29","tintindex":0},"west":{"uv":[8.5625,8.375,8.6875,8.4375],"rotation":0,"texture":"#28b29bf9-9c27-b1c9-ac87-e7c1bc960c29","tintindex":0}}},{"name":"cube","from":[10.6508465,10.860444,7.212478],"to":[10.902847,11.238442,7.968478],"rotation":{"angle":-22.5,"axis":"z","origin":[10.776846,8.340444,7.7164783]},"faces":{"down":{"uv":[8.6875,0.375,8.75,0.4375],"rotation":0,"texture":"#28b29bf9-9c27-b1c9-ac87-e7c1bc960c29","tintindex":0},"east":{"uv":[8.6875,8.6875,8.75,8.75],"rotation":0,"texture":"#28b29bf9-9c27-b1c9-ac87-e7c1bc960c29","tintindex":0},"north":{"uv":[8.625,8.6875,8.6875,8.75],"rotation":0,"texture":"#28b29bf9-9c27-b1c9-ac87-e7c1bc960c29","tintindex":0},"south":{"uv":[8.6875,0.0,8.75,0.0625],"rotation":0,"texture":"#28b29bf9-9c27-b1c9-ac87-e7c1bc960c29","tintindex":0},"up":{"uv":[8.75,0.375,8.6875,0.3125],"rotation":0,"texture":"#28b29bf9-9c27-b1c9-ac87-e7c1bc960c29","tintindex":0},"west":{"uv":[8.6875,0.0625,8.75,0.125],"rotation":0,"texture":"#28b29bf9-9c27-b1c9-ac87-e7c1bc960c29","tintindex":0}}},{"name":"cube","from":[5.1068463,10.860444,7.212478],"to":[5.358846,11.238442,7.968478],"rotation":{"angle":22.5,"axis":"z","origin":[5.2328463,8.340444,7.7164783]},"faces":{"down":{"uv":[8.6875,1.125,8.75,1.1875],"rotation":0,"texture":"#28b29bf9-9c27-b1c9-ac87-e7c1bc960c29","tintindex":0},"east":{"uv":[8.6875,0.75,8.75,0.8125],"rotation":0,"texture":"#28b29bf9-9c27-b1c9-ac87-e7c1bc960c29","tintindex":0},"north":{"uv":[8.6875,0.6875,8.75,0.75],"rotation":0,"texture":"#28b29bf9-9c27-b1c9-ac87-e7c1bc960c29","tintindex":0},"south":{"uv":[8.6875,0.8125,8.75,0.875],"rotation":0,"texture":"#28b29bf9-9c27-b1c9-ac87-e7c1bc960c29","tintindex":0},"up":{"uv":[8.75,1.125,8.6875,1.0625],"rotation":0,"texture":"#28b29bf9-9c27-b1c9-ac87-e7c1bc960c29","tintindex":0},"west":{"uv":[8.6875,0.875,8.75,0.9375],"rotation":0,"texture":"#28b29bf9-9c27-b1c9-ac87-e7c1bc960c29","tintindex":0}}},{"name":"cube","from":[7.374846,7.8364434,4.440478],"to":[8.634846,8.340444,5.196478],"rotation":{"angle":0.0,"axis":"x","origin":[8.004847,10.860444,4.692478]},"faces":{"down":{"uv":[4.1875,6.75,4.3125,6.8125],"rotation":0,"texture":"#28b29bf9-9c27-b1c9-ac87-e7c1bc960c29","tintindex":0},"east":{"uv":[7.5,8.6875,7.5625,8.75],"rotation":0,"texture":"#28b29bf9-9c27-b1c9-ac87-e7c1bc960c29","tintindex":0},"north":{"uv":[1.9375,6.1875,2.0625,6.25],"rotation":0,"texture":"#28b29bf9-9c27-b1c9-ac87-e7c1bc960c29","tintindex":0},"south":{"uv":[4.3125,6.375,4.4375,6.4375],"rotation":0,"texture":"#28b29bf9-9c27-b1c9-ac87-e7c1bc960c29","tintindex":0},"up":{"uv":[3.9375,6.75,3.8125,6.6875],"rotation":0,"texture":"#28b29bf9-9c27-b1c9-ac87-e7c1bc960c29","tintindex":0},"west":{"uv":[7.5625,8.6875,7.625,8.75],"rotation":0,"texture":"#28b29bf9-9c27-b1c9-ac87-e7c1bc960c29","tintindex":0}}},{"name":"cube","from":[7.6268463,8.340444,4.566478],"to":[8.382846,8.844443,5.196478],"rotation":{"angle":0.0,"axis":"x","origin":[8.004847,11.364444,4.692478]},"faces":{"down":{"uv":[7.9375,8.6875,8.0,8.75],"rotation":0,"texture":"#28b29bf9-9c27-b1c9-ac87-e7c1bc960c29","tintindex":0},"east":{"uv":[7.6875,8.6875,7.75,8.75],"rotation":0,"texture":"#28b29bf9-9c27-b1c9-ac87-e7c1bc960c29","tintindex":0},"north":{"uv":[7.625,8.6875,7.6875,8.75],"rotation":0,"texture":"#28b29bf9-9c27-b1c9-ac87-e7c1bc960c29","tintindex":0},"south":{"uv":[7.75,8.6875,7.8125,8.75],"rotation":0,"texture":"#28b29bf9-9c27-b1c9-ac87-e7c1bc960c29","tintindex":0},"up":{"uv":[7.9375,8.75,7.875,8.6875],"rotation":0,"texture":"#28b29bf9-9c27-b1c9-ac87-e7c1bc960c29","tintindex":0},"west":{"uv":[7.8125,8.6875,7.875,8.75],"rotation":0,"texture":"#28b29bf9-9c27-b1c9-ac87-e7c1bc960c29","tintindex":0}}},{"name":"cube","from":[7.7528462,8.844443,4.692478],"to":[8.256845,9.348444,5.196478],"rotation":{"angle":0.0,"axis":"x","origin":[8.004847,11.868444,4.692478]},"faces":{"down":{"uv":[8.3125,8.6875,8.375,8.75],"rotation":0,"texture":"#28b29bf9-9c27-b1c9-ac87-e7c1bc960c29","tintindex":0},"east":{"uv":[8.0625,8.6875,8.125,8.75],"rotation":0,"texture":"#28b29bf9-9c27-b1c9-ac87-e7c1bc960c29","tintindex":0},"north":{"uv":[8.0,8.6875,8.0625,8.75],"rotation":0,"texture":"#28b29bf9-9c27-b1c9-ac87-e7c1bc960c29","tintindex":0},"south":{"uv":[8.125,8.6875,8.1875,8.75],"rotation":0,"texture":"#28b29bf9-9c27-b1c9-ac87-e7c1bc960c29","tintindex":0},"up":{"uv":[8.3125,8.75,8.25,8.6875],"rotation":0,"texture":"#28b29bf9-9c27-b1c9-ac87-e7c1bc960c29","tintindex":0},"west":{"uv":[8.1875,8.6875,8.25,8.75],"rotation":0,"texture":"#28b29bf9-9c27-b1c9-ac87-e7c1bc960c29","tintindex":0}}},{"name":"cube","from":[4.9808464,11.364444,5.448478],"to":[11.028847,11.868444,9.732478],"rotation":{"angle":0.0,"axis":"x","origin":[8.004847,12.876445,5.196478]},"faces":{"down":{"uv":[5.0,1.75,5.625,2.1875],"rotation":0,"texture":"#28b29bf9-9c27-b1c9-ac87-e7c1bc960c29","tintindex":0},"east":{"uv":[8.25,5.75,8.6875,5.8125],"rotation":0,"texture":"#28b29bf9-9c27-b1c9-ac87-e7c1bc960c29","tintindex":0},"north":{"uv":[8.0625,0.75,8.6875,0.8125],"rotation":0,"texture":"#28b29bf9-9c27-b1c9-ac87-e7c1bc960c29","tintindex":0},"south":{"uv":[8.0625,0.8125,8.6875,0.875],"rotation":0,"texture":"#28b29bf9-9c27-b1c9-ac87-e7c1bc960c29","tintindex":0},"up":{"uv":[1.3125,5.375,0.6875,4.9375],"rotation":0,"texture":"#28b29bf9-9c27-b1c9-ac87-e7c1bc960c29","tintindex":0},"west":{"uv":[8.25,5.8125,8.6875,5.875],"rotation":0,"texture":"#28b29bf9-9c27-b1c9-ac87-e7c1bc960c29","tintindex":0}}},{"name":"cube","from":[5.484846,11.868444,5.9524784],"to":[10.524846,12.372444,9.228479],"rotation":{"angle":0.0,"axis":"x","origin":[8.004847,13.380445,5.196478]},"faces":{"down":{"uv":[3.4375,6.375,3.9375,6.6875],"rotation":0,"texture":"#28b29bf9-9c27-b1c9-ac87-e7c1bc960c29","tintindex":0},"east":{"uv":[8.375,2.75,8.6875,2.8125],"rotation":0,"texture":"#28b29bf9-9c27-b1c9-ac87-e7c1bc960c29","tintindex":0},"north":{"uv":[8.25,3.625,8.75,3.6875],"rotation":0,"texture":"#28b29bf9-9c27-b1c9-ac87-e7c1bc960c29","tintindex":0},"south":{"uv":[8.25,3.6875,8.75,3.75],"rotation":0,"texture":"#28b29bf9-9c27-b1c9-ac87-e7c1bc960c29","tintindex":0},"up":{"uv":[3.4375,6.625,2.9375,6.3125],"rotation":0,"texture":"#28b29bf9-9c27-b1c9-ac87-e7c1bc960c29","tintindex":0},"west":{"uv":[8.375,3.875,8.6875,3.9375],"rotation":0,"texture":"#28b29bf9-9c27-b1c9-ac87-e7c1bc960c29","tintindex":0}}},{"name":"cube","from":[9.869646,6.7024436,4.390078],"to":[10.298046,7.332443,4.7176785],"rotation":{"angle":0.0,"axis":"x","origin":[7.7528462,8.844443,5.3224783]},"faces":{"down":{"uv":[4.9375,8.6875,5.0,8.75],"rotation":0,"texture":"#28b29bf9-9c27-b1c9-ac87-e7c1bc960c29","tintindex":0},"east":{"uv":[4.125,8.6875,4.1875,8.75],"rotation":0,"texture":"#28b29bf9-9c27-b1c9-ac87-e7c1bc960c29","tintindex":0},"north":{"uv":[4.0625,8.6875,4.125,8.75],"rotation":0,"texture":"#28b29bf9-9c27-b1c9-ac87-e7c1bc960c29","tintindex":0},"south":{"uv":[4.625,8.6875,4.6875,8.75],"rotation":0,"texture":"#28b29bf9-9c27-b1c9-ac87-e7c1bc960c29","tintindex":0},"up":{"uv":[4.875,8.75,4.8125,8.6875],"rotation":0,"texture":"#28b29bf9-9c27-b1c9-ac87-e7c1bc960c29","tintindex":0},"west":{"uv":[4.6875,8.6875,4.75,8.75],"rotation":0,"texture":"#28b29bf9-9c27-b1c9-ac87-e7c1bc960c29","tintindex":0}}},{"name":"cube","from":[5.8376465,6.7024436,4.390078],"to":[6.266046,7.332443,4.7176785],"rotation":{"angle":0.0,"axis":"x","origin":[3.7208462,8.844443,5.3224783]},"faces":{"down":{"uv":[6.3125,8.6875,6.375,8.75],"rotation":0,"texture":"#28b29bf9-9c27-b1c9-ac87-e7c1bc960c29","tintindex":0},"east":{"uv":[5.8125,8.6875,5.875,8.75],"rotation":0,"texture":"#28b29bf9-9c27-b1c9-ac87-e7c1bc960c29","tintindex":0},"north":{"uv":[5.75,8.6875,5.8125,8.75],"rotation":0,"texture":"#28b29bf9-9c27-b1c9-ac87-e7c1bc960c29","tintindex":0},"south":{"uv":[6.125,8.6875,6.1875,8.75],"rotation":0,"texture":"#28b29bf9-9c27-b1c9-ac87-e7c1bc960c29","tintindex":0},"up":{"uv":[6.3125,8.75,6.25,8.6875],"rotation":0,"texture":"#28b29bf9-9c27-b1c9-ac87-e7c1bc960c29","tintindex":0},"west":{"uv":[6.1875,8.6875,6.25,8.75],"rotation":0,"texture":"#28b29bf9-9c27-b1c9-ac87-e7c1bc960c29","tintindex":0}}},{"name":"cube","from":[6.845646,6.7024436,4.390078],"to":[7.274046,7.332443,4.7176785],"rotation":{"angle":0.0,"axis":"x","origin":[4.728846,8.844443,5.3224783]},"faces":{"down":{"uv":[7.0625,8.6875,7.125,8.75],"rotation":0,"texture":"#28b29bf9-9c27-b1c9-ac87-e7c1bc960c29","tintindex":0},"east":{"uv":[6.8125,8.6875,6.875,8.75],"rotation":0,"texture":"#28b29bf9-9c27-b1c9-ac87-e7c1bc960c29","tintindex":0},"north":{"uv":[6.75,8.6875,6.8125,8.75],"rotation":0,"texture":"#28b29bf9-9c27-b1c9-ac87-e7c1bc960c29","tintindex":0},"south":{"uv":[6.875,8.6875,6.9375,8.75],"rotation":0,"texture":"#28b29bf9-9c27-b1c9-ac87-e7c1bc960c29","tintindex":0},"up":{"uv":[7.0625,8.75,7.0,8.6875],"rotation":0,"texture":"#28b29bf9-9c27-b1c9-ac87-e7c1bc960c29","tintindex":0},"west":{"uv":[6.9375,8.6875,7.0,8.75],"rotation":0,"texture":"#28b29bf9-9c27-b1c9-ac87-e7c1bc960c29","tintindex":0}}},{"name":"cube","from":[8.357646,6.7024436,4.390078],"to":[8.786046,7.2316437,4.7176785],"rotation":{"angle":0.0,"axis":"x","origin":[6.240846,8.844443,5.3224783]},"faces":{"down":{"uv":[7.4375,8.6875,7.5,8.75],"rotation":0,"texture":"#28b29bf9-9c27-b1c9-ac87-e7c1bc960c29","tintindex":0},"east":{"uv":[7.1875,8.6875,7.25,8.75],"rotation":0,"texture":"#28b29bf9-9c27-b1c9-ac87-e7c1bc960c29","tintindex":0},"north":{"uv":[7.125,8.6875,7.1875,8.75],"rotation":0,"texture":"#28b29bf9-9c27-b1c9-ac87-e7c1bc960c29","tintindex":0},"south":{"uv":[7.25,8.6875,7.3125,8.75],"rotation":0,"texture":"#28b29bf9-9c27-b1c9-ac87-e7c1bc960c29","tintindex":0},"up":{"uv":[7.4375,8.75,7.375,8.6875],"rotation":0,"texture":"#28b29bf9-9c27-b1c9-ac87-e7c1bc960c29","tintindex":0},"west":{"uv":[7.3125,8.6875,7.375,8.75],"rotation":0,"texture":"#28b29bf9-9c27-b1c9-ac87-e7c1bc960c29","tintindex":0}}},{"name":"cube","from":[9.894846,7.332443,4.390078],"to":[10.272846,7.8364434,4.692478],"rotation":{"angle":0.0,"axis":"x","origin":[7.7528462,9.348444,5.3224783]},"faces":{"down":{"uv":[5.6875,8.6875,5.75,8.75],"rotation":0,"texture":"#28b29bf9-9c27-b1c9-ac87-e7c1bc960c29","tintindex":0},"east":{"uv":[5.0625,8.6875,5.125,8.75],"rotation":0,"texture":"#28b29bf9-9c27-b1c9-ac87-e7c1bc960c29","tintindex":0},"north":{"uv":[5.0,8.6875,5.0625,8.75],"rotation":0,"texture":"#28b29bf9-9c27-b1c9-ac87-e7c1bc960c29","tintindex":0},"south":{"uv":[5.1875,8.6875,5.25,8.75],"rotation":0,"texture":"#28b29bf9-9c27-b1c9-ac87-e7c1bc960c29","tintindex":0},"up":{"uv":[5.375,8.75,5.3125,8.6875],"rotation":0,"texture":"#28b29bf9-9c27-b1c9-ac87-e7c1bc960c29","tintindex":0},"west":{"uv":[5.25,8.6875,5.3125,8.75],"rotation":0,"texture":"#28b29bf9-9c27-b1c9-ac87-e7c1bc960c29","tintindex":0}}},{"name":"cube","from":[5.8628464,7.332443,4.390078],"to":[6.240846,7.8364434,4.692478],"rotation":{"angle":0.0,"axis":"x","origin":[3.7208462,9.348444,5.3224783]},"faces":{"down":{"uv":[6.6875,8.6875,6.75,8.75],"rotation":0,"texture":"#28b29bf9-9c27-b1c9-ac87-e7c1bc960c29","tintindex":0},"east":{"uv":[6.4375,8.6875,6.5,8.75],"rotation":0,"texture":"#28b29bf9-9c27-b1c9-ac87-e7c1bc960c29","tintindex":0},"north":{"uv":[6.375,8.6875,6.4375,8.75],"rotation":0,"texture":"#28b29bf9-9c27-b1c9-ac87-e7c1bc960c29","tintindex":0},"south":{"uv":[6.5,8.6875,6.5625,8.75],"rotation":0,"texture":"#28b29bf9-9c27-b1c9-ac87-e7c1bc960c29","tintindex":0},"up":{"uv":[6.6875,8.75,6.625,8.6875],"rotation":0,"texture":"#28b29bf9-9c27-b1c9-ac87-e7c1bc960c29","tintindex":0},"west":{"uv":[6.5625,8.6875,6.625,8.75],"rotation":0,"texture":"#28b29bf9-9c27-b1c9-ac87-e7c1bc960c29","tintindex":0}}}],"display":{"head":{"translation":[0.0,-6.4,0.0],"rotation":[0.0,0.0,0.0],"scale":[3.8095,3.8095,3.8095]},"gui":{"translation":[0.0,0.0,0.0],"rotation":[35.0,225.0,0.0],"scale":[0.625,0.625,0.625]}}}