{"file_name":"leftfoot","texture_size":[256,256],"textures":{"28b29bf9-9c27-b1c9-ac87-e7c1bc960c29":"modelengine:entity/orcboss"},"elements":[{"name":"cube","from":[6.236,6.474909,4.724],"to":[9.764,6.9789095,9.512001],"rotation":{"angle":0.0,"axis":"x","origin":[5.2279997,5.4669094,9.764]},"faces":{"down":{"uv":[5.4375,6.0625,5.8125,6.5625],"rotation":0,"texture":"#28b29bf9-9c27-b1c9-ac87-e7c1bc960c29","tintindex":0},"east":{"uv":[8.125,8.0625,8.625,8.125],"rotation":0,"texture":"#28b29bf9-9c27-b1c9-ac87-e7c1bc960c29","tintindex":0},"north":{"uv":[2.9375,5.75,3.3125,5.8125],"rotation":0,"texture":"#28b29bf9-9c27-b1c9-ac87-e7c1bc960c29","tintindex":0},"south":{"uv":[3.4375,6.3125,3.8125,6.375],"rotation":0,"texture":"#28b29bf9-9c27-b1c9-ac87-e7c1bc960c29","tintindex":0},"up":{"uv":[1.5625,6.5,1.1875,6.0],"rotation":0,"texture":"#28b29bf9-9c27-b1c9-ac87-e7c1bc960c29","tintindex":0},"west":{"uv":[8.1875,2.625,8.6875,2.6875],"rotation":0,"texture":"#28b29bf9-9c27-b1c9-ac87-e7c1bc960c29","tintindex":0}}},{"name":"cube","from":[6.488,7.482909,6.236],"to":[9.512001,7.986909,9.26],"rotation":{"angle":0.0,"axis":"x","origin":[5.2279997,5.970909,9.764]},"faces":{"down":{"uv":[5.875,7.0625,6.1875,7.375],"rotation":0,"texture":"#28b29bf9-9c27-b1c9-ac87-e7c1bc960c29","tintindex":0},"east":{"uv":[5.8125,3.5625,6.125,3.625],"rotation":0,"texture":"#28b29bf9-9c27-b1c9-ac87-e7c1bc960c29","tintindex":0},"north":{"uv":[4.0,2.1875,4.3125,2.25],"rotation":0,"texture":"#28b29bf9-9c27-b1c9-ac87-e7c1bc960c29","tintindex":0},"south":{"uv":[8.3125,5.125,8.625,5.1875],"rotation":0,"texture":"#28b29bf9-9c27-b1c9-ac87-e7c1bc960c29","tintindex":0},"up":{"uv":[4.3125,2.1875,4.0,1.875],"rotation":0,"texture":"#28b29bf9-9c27-b1c9-ac87-e7c1bc960c29","tintindex":0},"west":{"uv":[8.3125,5.1875,8.625,5.25],"rotation":0,"texture":"#28b29bf9-9c27-b1c9-ac87-e7c1bc960c29","tintindex":0}}},{"name":"cube","from":[6.362,6.9789095,5.9839997],"to":[9.6380005,7.482909,9.26],"rotation":{"angle":0.0,"axis":"x","origin":[5.2279997,5.4669094,9.764]},"faces":{"down":{"uv":[0.375,7.1875,0.6875,7.5],"rotation":0,"texture":"#28b29bf9-9c27-b1c9-ac87-e7c1bc960c29","tintindex":0},"east":{"uv":[8.3125,5.3125,8.625,5.375],"rotation":0,"texture":"#28b29bf9-9c27-b1c9-ac87-e7c1bc960c29","tintindex":0},"north":{"uv":[8.3125,5.25,8.625,5.3125],"rotation":0,"texture":"#28b29bf9-9c27-b1c9-ac87-e7c1bc960c29","tintindex":0},"south":{"uv":[8.3125,7.4375,8.625,7.5],"rotation":0,"texture":"#28b29bf9-9c27-b1c9-ac87-e7c1bc960c29","tintindex":0},"up":{"uv":[4.9375,7.4375,4.625,7.125],"rotation":0,"texture":"#28b29bf9-9c27-b1c9-ac87-e7c1bc960c29","tintindex":0},"west":{"uv":[8.3125,8.125,8.625,8.1875],"rotation":0,"texture":"#28b29bf9-9c27-b1c9-ac87-e7c1bc960c29","tintindex":0}}},{"name":"cube","from":[9.008,6.474909,4.472],"to":[9.6380005,7.482909,5.9839997],"rotation":{"angle":0.0,"axis":"x","origin":[5.2279997,5.4669094,9.764]},"faces":{"down":{"uv":[1.5625,6.0,1.625,6.1875],"rotation":0,"texture":"#28b29bf9-9c27-b1c9-ac87-e7c1bc960c29","tintindex":0},"east":{"uv":[1.375,4.375,1.5625,4.5],"rotation":0,"texture":"#28b29bf9-9c27-b1c9-ac87-e7c1bc960c29","tintindex":0},"north":{"uv":[2.8125,4.0,2.875,4.125],"rotation":0,"texture":"#28b29bf9-9c27-b1c9-ac87-e7c1bc960c29","tintindex":0},"south":{"uv":[1.5625,4.375,1.625,4.5],"rotation":0,"texture":"#28b29bf9-9c27-b1c9-ac87-e7c1bc960c29","tintindex":0},"up":{"uv":[1.375,5.125,1.3125,4.9375],"rotation":0,"texture":"#28b29bf9-9c27-b1c9-ac87-e7c1bc960c29","tintindex":0},"west":{"uv":[4.8125,1.75,5.0,1.875],"rotation":0,"texture":"#28b29bf9-9c27-b1c9-ac87-e7c1bc960c29","tintindex":0}}},{"name":"cube","from":[9.008,6.474909,3.968],"to":[9.6380005,6.9789095,4.472],"rotation":{"angle":0.0,"axis":"x","origin":[5.2279997,5.4669094,9.764]},"faces":{"down":{"uv":[7.8125,5.1875,7.875,5.25],"rotation":0,"texture":"#28b29bf9-9c27-b1c9-ac87-e7c1bc960c29","tintindex":0},"east":{"uv":[4.4375,4.1875,4.5,4.25],"rotation":0,"texture":"#28b29bf9-9c27-b1c9-ac87-e7c1bc960c29","tintindex":0},"north":{"uv":[4.375,3.5625,4.4375,3.625],"rotation":0,"texture":"#28b29bf9-9c27-b1c9-ac87-e7c1bc960c29","tintindex":0},"south":{"uv":[2.25,5.6875,2.3125,5.75],"rotation":0,"texture":"#28b29bf9-9c27-b1c9-ac87-e7c1bc960c29","tintindex":0},"up":{"uv":[4.625,7.1875,4.5625,7.125],"rotation":0,"texture":"#28b29bf9-9c27-b1c9-ac87-e7c1bc960c29","tintindex":0},"west":{"uv":[3.375,7.0,3.4375,7.0625],"rotation":0,"texture":"#28b29bf9-9c27-b1c9-ac87-e7c1bc960c29","tintindex":0}}},{"name":"cube","from":[8.125999,6.474909,3.968],"to":[8.7560005,6.9789095,4.472],"rotation":{"angle":0.0,"axis":"x","origin":[4.3459997,5.4669094,9.764]},"faces":{"down":{"uv":[8.625,5.3125,8.6875,5.375],"rotation":0,"texture":"#28b29bf9-9c27-b1c9-ac87-e7c1bc960c29","tintindex":0},"east":{"uv":[8.0625,8.25,8.125,8.3125],"rotation":0,"texture":"#28b29bf9-9c27-b1c9-ac87-e7c1bc960c29","tintindex":0},"north":{"uv":[6.5625,8.0,6.625,8.0625],"rotation":0,"texture":"#28b29bf9-9c27-b1c9-ac87-e7c1bc960c29","tintindex":0},"south":{"uv":[2.4375,8.375,2.5,8.4375],"rotation":0,"texture":"#28b29bf9-9c27-b1c9-ac87-e7c1bc960c29","tintindex":0},"up":{"uv":[8.6875,5.3125,8.625,5.25],"rotation":0,"texture":"#28b29bf9-9c27-b1c9-ac87-e7c1bc960c29","tintindex":0},"west":{"uv":[6.875,8.625,6.9375,8.6875],"rotation":0,"texture":"#28b29bf9-9c27-b1c9-ac87-e7c1bc960c29","tintindex":0}}},{"name":"cube","from":[7.244,6.474909,3.968],"to":[7.874,6.9789095,4.472],"rotation":{"angle":0.0,"axis":"x","origin":[3.4639997,5.4669094,9.764]},"faces":{"down":{"uv":[8.625,6.5625,8.6875,6.625],"rotation":0,"texture":"#28b29bf9-9c27-b1c9-ac87-e7c1bc960c29","tintindex":0},"east":{"uv":[8.625,5.5,8.6875,5.5625],"rotation":0,"texture":"#28b29bf9-9c27-b1c9-ac87-e7c1bc960c29","tintindex":0},"north":{"uv":[8.625,5.4375,8.6875,5.5],"rotation":0,"texture":"#28b29bf9-9c27-b1c9-ac87-e7c1bc960c29","tintindex":0},"south":{"uv":[8.625,5.9375,8.6875,6.0],"rotation":0,"texture":"#28b29bf9-9c27-b1c9-ac87-e7c1bc960c29","tintindex":0},"up":{"uv":[8.6875,6.1875,8.625,6.125],"rotation":0,"texture":"#28b29bf9-9c27-b1c9-ac87-e7c1bc960c29","tintindex":0},"west":{"uv":[8.625,6.0625,8.6875,6.125],"rotation":0,"texture":"#28b29bf9-9c27-b1c9-ac87-e7c1bc960c29","tintindex":0}}},{"name":"cube","from":[6.362,6.474909,3.968],"to":[6.992,6.9789095,4.472],"rotation":{"angle":0.0,"axis":"x","origin":[2.582,5.4669094,9.764]},"faces":{"down":{"uv":[8.625,7.8125,8.6875,7.875],"rotation":0,"texture":"#28b29bf9-9c27-b1c9-ac87-e7c1bc960c29","tintindex":0},"east":{"uv":[8.625,7.125,8.6875,7.1875],"rotation":0,"texture":"#28b29bf9-9c27-b1c9-ac87-e7c1bc960c29","tintindex":0},"north":{"uv":[8.625,7.0625,8.6875,7.125],"rotation":0,"texture":"#28b29bf9-9c27-b1c9-ac87-e7c1bc960c29","tintindex":0},"south":{"uv":[8.625,7.375,8.6875,7.4375],"rotation":0,"texture":"#28b29bf9-9c27-b1c9-ac87-e7c1bc960c29","tintindex":0},"up":{"uv":[8.6875,7.8125,8.625,7.75],"rotation":0,"texture":"#28b29bf9-9c27-b1c9-ac87-e7c1bc960c29","tintindex":0},"west":{"uv":[8.625,7.4375,8.6875,7.5],"rotation":0,"texture":"#28b29bf9-9c27-b1c9-ac87-e7c1bc960c29","tintindex":0}}},{"name":"cube","from":[8.125999,6.474909,4.472],"to":[8.7560005,7.482909,5.9839997],"rotation":{"angle":0.0,"axis":"x","origin":[4.3459997,5.4669094,9.764]},"faces":{"down":{"uv":[2.625,8.0625,2.6875,8.25],"rotation":0,"texture":"#28b29bf9-9c27-b1c9-ac87-e7c1bc960c29","tintindex":0},"east":{"uv":[0.5,5.25,0.6875,5.375],"rotation":0,"texture":"#28b29bf9-9c27-b1c9-ac87-e7c1bc960c29","tintindex":0},"north":{"uv":[5.5625,4.125,5.625,4.25],"rotation":0,"texture":"#28b29bf9-9c27-b1c9-ac87-e7c1bc960c29","tintindex":0},"south":{"uv":[0.4375,5.75,0.5,5.875],"rotation":0,"texture":"#28b29bf9-9c27-b1c9-ac87-e7c1bc960c29","tintindex":0},"up":{"uv":[0.4375,6.4375,0.375,6.25],"rotation":0,"texture":"#28b29bf9-9c27-b1c9-ac87-e7c1bc960c29","tintindex":0},"west":{"uv":[0.8125,5.875,1.0,6.0],"rotation":0,"texture":"#28b29bf9-9c27-b1c9-ac87-e7c1bc960c29","tintindex":0}}},{"name":"cube","from":[6.362,6.474909,4.472],"to":[6.992,7.482909,5.9839997],"rotation":{"angle":0.0,"axis":"x","origin":[2.582,5.4669094,9.764]},"faces":{"down":{"uv":[4.0625,8.4375,4.125,8.625],"rotation":0,"texture":"#28b29bf9-9c27-b1c9-ac87-e7c1bc960c29","tintindex":0},"east":{"uv":[1.9375,7.4375,2.125,7.5625],"rotation":0,"texture":"#28b29bf9-9c27-b1c9-ac87-e7c1bc960c29","tintindex":0},"north":{"uv":[6.1875,6.3125,6.25,6.4375],"rotation":0,"texture":"#28b29bf9-9c27-b1c9-ac87-e7c1bc960c29","tintindex":0},"south":{"uv":[0.75,6.4375,0.8125,6.5625],"rotation":0,"texture":"#28b29bf9-9c27-b1c9-ac87-e7c1bc960c29","tintindex":0},"up":{"uv":[7.0,8.25,6.9375,8.0625],"rotation":0,"texture":"#28b29bf9-9c27-b1c9-ac87-e7c1bc960c29","tintindex":0},"west":{"uv":[0.25,8.25,0.4375,8.375],"rotation":0,"texture":"#28b29bf9-9c27-b1c9-ac87-e7c1bc960c29","tintindex":0}}},{"name":"cube","from":[7.244,6.474909,4.472],"to":[7.874,7.482909,5.9839997],"rotation":{"angle":0.0,"axis":"x","origin":[3.4639997,5.4669094,9.764]},"faces":{"down":{"uv":[5.25,8.4375,5.3125,8.625],"rotation":0,"texture":"#28b29bf9-9c27-b1c9-ac87-e7c1bc960c29","tintindex":0},"east":{"uv":[0.4375,8.25,0.625,8.375],"rotation":0,"texture":"#28b29bf9-9c27-b1c9-ac87-e7c1bc960c29","tintindex":0},"north":{"uv":[6.125,7.375,6.1875,7.5],"rotation":0,"texture":"#28b29bf9-9c27-b1c9-ac87-e7c1bc960c29","tintindex":0},"south":{"uv":[2.125,7.4375,2.1875,7.5625],"rotation":0,"texture":"#28b29bf9-9c27-b1c9-ac87-e7c1bc960c29","tintindex":0},"up":{"uv":[4.9375,8.625,4.875,8.4375],"rotation":0,"texture":"#28b29bf9-9c27-b1c9-ac87-e7c1bc960c29","tintindex":0},"west":{"uv":[1.1875,8.25,1.375,8.375],"rotation":0,"texture":"#28b29bf9-9c27-b1c9-ac87-e7c1bc960c29","tintindex":0}}}],"display":{"head":{"translation":[0.0,-6.4,0.0],"rotation":[0.0,0.0,0.0],"scale":[3.8095,3.8095,3.8095]},"gui":{"translation":[0.0,0.0,0.0],"rotation":[35.0,225.0,0.0],"scale":[0.625,0.625,0.625]}}}