{"file_name":"lefthand","texture_size":[256,256],"textures":{"28b29bf9-9c27-b1c9-ac87-e7c1bc960c29":"modelengine:entity/orcboss"},"elements":[{"name":"cube","from":[6.865999,7.340001,7.244],"to":[8.882,8.851999,8.7560005],"rotation":{"angle":0.0,"axis":"x","origin":[-9.766001,5.3240004,9.764]},"faces":{"down":{"uv":[0.75,8.125,0.9375,8.3125],"rotation":0,"texture":"#28b29bf9-9c27-b1c9-ac87-e7c1bc960c29","tintindex":0},"east":{"uv":[6.5625,8.0625,6.75,8.25],"rotation":0,"texture":"#28b29bf9-9c27-b1c9-ac87-e7c1bc960c29","tintindex":0},"north":{"uv":[2.4375,8.0625,2.625,8.25],"rotation":0,"texture":"#28b29bf9-9c27-b1c9-ac87-e7c1bc960c29","tintindex":0},"south":{"uv":[6.75,8.0625,6.9375,8.25],"rotation":0,"texture":"#28b29bf9-9c27-b1c9-ac87-e7c1bc960c29","tintindex":0},"up":{"uv":[8.25,5.9375,8.0625,5.75],"rotation":0,"texture":"#28b29bf9-9c27-b1c9-ac87-e7c1bc960c29","tintindex":0},"west":{"uv":[8.0625,3.5625,8.25,3.75],"rotation":0,"texture":"#28b29bf9-9c27-b1c9-ac87-e7c1bc960c29","tintindex":0}}},{"name":"cube","from":[8.377999,6.8360004,6.74],"to":[10.897999,9.355999,9.26],"rotation":{"angle":0.0,"axis":"x","origin":[-9.766001,5.3240004,9.764]},"faces":{"down":{"uv":[2.1875,7.6875,2.4375,7.9375],"rotation":0,"texture":"#28b29bf9-9c27-b1c9-ac87-e7c1bc960c29","tintindex":0},"east":{"uv":[7.5625,3.5625,7.8125,3.8125],"rotation":0,"texture":"#28b29bf9-9c27-b1c9-ac87-e7c1bc960c29","tintindex":0},"north":{"uv":[7.5,7.5625,7.75,7.8125],"rotation":0,"texture":"#28b29bf9-9c27-b1c9-ac87-e7c1bc960c29","tintindex":0},"south":{"uv":[7.625,4.6875,7.875,4.9375],"rotation":0,"texture":"#28b29bf9-9c27-b1c9-ac87-e7c1bc960c29","tintindex":0},"up":{"uv":[2.1875,7.9375,1.9375,7.6875],"rotation":0,"texture":"#28b29bf9-9c27-b1c9-ac87-e7c1bc960c29","tintindex":0},"west":{"uv":[7.625,4.9375,7.875,5.1875],"rotation":0,"texture":"#28b29bf9-9c27-b1c9-ac87-e7c1bc960c29","tintindex":0}}},{"name":"cube","from":[8.882,7.0879993,6.7651997],"to":[10.897999,9.355999,7.3448],"rotation":{"angle":22.5,"axis":"z","origin":[9.6380005,8.3480015,6.992]},"faces":{"down":{"uv":[2.0625,5.6875,2.25,5.75],"rotation":0,"texture":"#28b29bf9-9c27-b1c9-ac87-e7c1bc960c29","tintindex":0},"east":{"uv":[2.375,4.5,2.4375,4.75],"rotation":0,"texture":"#28b29bf9-9c27-b1c9-ac87-e7c1bc960c29","tintindex":0},"north":{"uv":[1.8125,0.8125,2.0,1.0625],"rotation":0,"texture":"#28b29bf9-9c27-b1c9-ac87-e7c1bc960c29","tintindex":0},"south":{"uv":[0.25,8.0,0.4375,8.25],"rotation":0,"texture":"#28b29bf9-9c27-b1c9-ac87-e7c1bc960c29","tintindex":0},"up":{"uv":[1.8125,5.6875,1.625,5.625],"rotation":0,"texture":"#28b29bf9-9c27-b1c9-ac87-e7c1bc960c29","tintindex":0},"west":{"uv":[5.0,2.1875,5.0625,2.4375],"rotation":0,"texture":"#28b29bf9-9c27-b1c9-ac87-e7c1bc960c29","tintindex":0}}},{"name":"cube","from":[8.882,7.0879993,7.3952003],"to":[10.897999,9.355999,7.9748],"rotation":{"angle":22.5,"axis":"z","origin":[9.6380005,8.3480015,7.6219997]},"faces":{"down":{"uv":[7.5625,6.4375,7.75,6.5],"rotation":0,"texture":"#28b29bf9-9c27-b1c9-ac87-e7c1bc960c29","tintindex":0},"east":{"uv":[5.0625,2.1875,5.125,2.4375],"rotation":0,"texture":"#28b29bf9-9c27-b1c9-ac87-e7c1bc960c29","tintindex":0},"north":{"uv":[0.4375,8.0,0.625,8.25],"rotation":0,"texture":"#28b29bf9-9c27-b1c9-ac87-e7c1bc960c29","tintindex":0},"south":{"uv":[3.8125,8.0,4.0,8.25],"rotation":0,"texture":"#28b29bf9-9c27-b1c9-ac87-e7c1bc960c29","tintindex":0},"up":{"uv":[3.375,7.0625,3.1875,7.0],"rotation":0,"texture":"#28b29bf9-9c27-b1c9-ac87-e7c1bc960c29","tintindex":0},"west":{"uv":[1.25,5.375,1.3125,5.625],"rotation":0,"texture":"#28b29bf9-9c27-b1c9-ac87-e7c1bc960c29","tintindex":0}}},{"name":"cube","from":[8.882,7.0879993,8.0252],"to":[10.897999,9.355999,8.6048],"rotation":{"angle":22.5,"axis":"z","origin":[9.6380005,8.3480015,8.252]},"faces":{"down":{"uv":[7.5,8.4375,7.6875,8.5],"rotation":0,"texture":"#28b29bf9-9c27-b1c9-ac87-e7c1bc960c29","tintindex":0},"east":{"uv":[5.5625,1.5,5.625,1.75],"rotation":0,"texture":"#28b29bf9-9c27-b1c9-ac87-e7c1bc960c29","tintindex":0},"north":{"uv":[4.0,8.0,4.1875,8.25],"rotation":0,"texture":"#28b29bf9-9c27-b1c9-ac87-e7c1bc960c29","tintindex":0},"south":{"uv":[5.0,8.0,5.1875,8.25],"rotation":0,"texture":"#28b29bf9-9c27-b1c9-ac87-e7c1bc960c29","tintindex":0},"up":{"uv":[7.8125,5.25,7.625,5.1875],"rotation":0,"texture":"#28b29bf9-9c27-b1c9-ac87-e7c1bc960c29","tintindex":0},"west":{"uv":[1.375,8.25,1.4375,8.5],"rotation":0,"texture":"#28b29bf9-9c27-b1c9-ac87-e7c1bc960c29","tintindex":0}}},{"name":"cube","from":[8.7208395,7.2369194,10.961504],"to":[10.217718,8.7338,11.75984],"rotation":{"angle":0.0,"axis":"x","origin":[-3.33736,6.1558394,12.09248]},"faces":{"down":{"uv":[2.0625,8.625,2.1875,8.6875],"rotation":0,"texture":"#28b29bf9-9c27-b1c9-ac87-e7c1bc960c29","tintindex":0},"east":{"uv":[1.25,8.625,1.3125,8.75],"rotation":0,"texture":"#28b29bf9-9c27-b1c9-ac87-e7c1bc960c29","tintindex":0},"north":{"uv":[0.6875,4.1875,0.8125,4.3125],"rotation":0,"texture":"#28b29bf9-9c27-b1c9-ac87-e7c1bc960c29","tintindex":0},"south":{"uv":[0.25,7.875,0.375,8.0],"rotation":0,"texture":"#28b29bf9-9c27-b1c9-ac87-e7c1bc960c29","tintindex":0},"up":{"uv":[2.0625,8.6875,1.9375,8.625],"rotation":0,"texture":"#28b29bf9-9c27-b1c9-ac87-e7c1bc960c29","tintindex":0},"west":{"uv":[1.3125,8.625,1.375,8.75],"rotation":0,"texture":"#28b29bf9-9c27-b1c9-ac87-e7c1bc960c29","tintindex":0}}},{"name":"cube","from":[9.053479,7.56956,-7.666336],"to":[9.88508,8.401159,11.75984],"rotation":{"angle":0.0,"axis":"x","origin":[-3.33736,6.1558394,12.09248]},"faces":{"down":{"uv":[5.375,6.8125,5.4375,8.8125],"rotation":0,"texture":"#28b29bf9-9c27-b1c9-ac87-e7c1bc960c29","tintindex":0},"east":{"uv":[6.5,3.9375,8.5,4.0],"rotation":0,"texture":"#28b29bf9-9c27-b1c9-ac87-e7c1bc960c29","tintindex":0},"north":{"uv":[8.6875,1.1875,8.75,1.25],"rotation":0,"texture":"#28b29bf9-9c27-b1c9-ac87-e7c1bc960c29","tintindex":0},"south":{"uv":[8.6875,1.375,8.75,1.4375],"rotation":0,"texture":"#28b29bf9-9c27-b1c9-ac87-e7c1bc960c29","tintindex":0},"up":{"uv":[1.1875,8.5625,1.125,6.5625],"rotation":0,"texture":"#28b29bf9-9c27-b1c9-ac87-e7c1bc960c29","tintindex":0},"west":{"uv":[6.5,4.0,8.5,4.0625],"rotation":0,"texture":"#28b29bf9-9c27-b1c9-ac87-e7c1bc960c29","tintindex":0}}},{"name":"cube","from":[8.97032,7.4864006,-7.2006407],"to":[9.96824,8.484321,2.44592],"rotation":{"angle":0.0,"axis":"x","origin":[-3.33736,6.1558394,12.09248]},"faces":{"down":{"uv":[1.3125,6.875,1.4375,7.875],"rotation":0,"texture":"#28b29bf9-9c27-b1c9-ac87-e7c1bc960c29","tintindex":0},"east":{"uv":[6.5625,6.4375,7.5625,6.5625],"rotation":0,"texture":"#28b29bf9-9c27-b1c9-ac87-e7c1bc960c29","tintindex":0},"north":{"uv":[2.3125,8.125,2.4375,8.25],"rotation":0,"texture":"#28b29bf9-9c27-b1c9-ac87-e7c1bc960c29","tintindex":0},"south":{"uv":[3.8125,8.4375,3.9375,8.5625],"rotation":0,"texture":"#28b29bf9-9c27-b1c9-ac87-e7c1bc960c29","tintindex":0},"up":{"uv":[1.3125,7.875,1.1875,6.875],"rotation":0,"texture":"#28b29bf9-9c27-b1c9-ac87-e7c1bc960c29","tintindex":0},"west":{"uv":[6.6875,3.25,7.6875,3.375],"rotation":0,"texture":"#28b29bf9-9c27-b1c9-ac87-e7c1bc960c29","tintindex":0}}},{"name":"cube","from":[8.887159,7.403241,-6.5353603],"to":[10.051399,8.56748,1.7806394],"rotation":{"angle":0.0,"axis":"x","origin":[-3.33736,6.1558394,11.4272]},"faces":{"down":{"uv":[5.6875,6.9375,5.8125,7.8125],"rotation":0,"texture":"#28b29bf9-9c27-b1c9-ac87-e7c1bc960c29","tintindex":0},"east":{"uv":[6.9375,6.8125,7.8125,6.9375],"rotation":0,"texture":"#28b29bf9-9c27-b1c9-ac87-e7c1bc960c29","tintindex":0},"north":{"uv":[3.9375,8.4375,4.0625,8.5625],"rotation":0,"texture":"#28b29bf9-9c27-b1c9-ac87-e7c1bc960c29","tintindex":0},"south":{"uv":[5.0,8.4375,5.125,8.5625],"rotation":0,"texture":"#28b29bf9-9c27-b1c9-ac87-e7c1bc960c29","tintindex":0},"up":{"uv":[1.125,7.8125,1.0,6.9375],"rotation":0,"texture":"#28b29bf9-9c27-b1c9-ac87-e7c1bc960c29","tintindex":0},"west":{"uv":[2.1875,7.0,3.0625,7.125],"rotation":0,"texture":"#28b29bf9-9c27-b1c9-ac87-e7c1bc960c29","tintindex":0}}},{"name":"cube","from":[8.487992,7.7358794,-5.5374403],"to":[10.55036,8.234839,0.7827203],"rotation":{"angle":0.0,"axis":"x","origin":[-3.670001,6.1558394,11.4272]},"faces":{"down":{"uv":[5.1875,6.8125,5.375,7.5],"rotation":0,"texture":"#28b29bf9-9c27-b1c9-ac87-e7c1bc960c29","tintindex":0},"east":{"uv":[7.9375,7.375,8.625,7.4375],"rotation":0,"texture":"#28b29bf9-9c27-b1c9-ac87-e7c1bc960c29","tintindex":0},"north":{"uv":[7.9375,8.5,8.125,8.5625],"rotation":0,"texture":"#28b29bf9-9c27-b1c9-ac87-e7c1bc960c29","tintindex":0},"south":{"uv":[8.125,8.5,8.3125,8.5625],"rotation":0,"texture":"#28b29bf9-9c27-b1c9-ac87-e7c1bc960c29","tintindex":0},"up":{"uv":[5.1875,7.5,5.0,6.8125],"rotation":0,"texture":"#28b29bf9-9c27-b1c9-ac87-e7c1bc960c29","tintindex":0},"west":{"uv":[8.0,0.5,8.6875,0.5625],"rotation":0,"texture":"#28b29bf9-9c27-b1c9-ac87-e7c1bc960c29","tintindex":0}}},{"name":"cube","from":[7.8227115,7.8190393,-5.2048006],"to":[11.149113,8.15168,0.45007944],"rotation":{"angle":0.0,"axis":"x","origin":[-4.0026417,6.1558394,11.4272]},"faces":{"down":{"uv":[5.8125,3.0,6.1875,3.5625],"rotation":0,"texture":"#28b29bf9-9c27-b1c9-ac87-e7c1bc960c29","tintindex":0},"east":{"uv":[8.0625,5.4375,8.625,5.5],"rotation":0,"texture":"#28b29bf9-9c27-b1c9-ac87-e7c1bc960c29","tintindex":0},"north":{"uv":[8.25,7.875,8.625,7.9375],"rotation":0,"texture":"#28b29bf9-9c27-b1c9-ac87-e7c1bc960c29","tintindex":0},"south":{"uv":[2.125,8.3125,2.5,8.375],"rotation":0,"texture":"#28b29bf9-9c27-b1c9-ac87-e7c1bc960c29","tintindex":0},"up":{"uv":[6.1875,1.0625,5.8125,0.5],"rotation":0,"texture":"#28b29bf9-9c27-b1c9-ac87-e7c1bc960c29","tintindex":0},"west":{"uv":[8.0625,5.5,8.625,5.5625],"rotation":0,"texture":"#28b29bf9-9c27-b1c9-ac87-e7c1bc960c29","tintindex":0}}},{"name":"cube","from":[7.490072,7.4864006,-6.2027206],"to":[7.8227115,8.484321,1.4479997],"rotation":{"angle":0.0,"axis":"x","origin":[-4.667921,6.1558394,11.4272]},"faces":{"down":{"uv":[2.6875,7.8125,2.75,8.625],"rotation":0,"texture":"#28b29bf9-9c27-b1c9-ac87-e7c1bc960c29","tintindex":0},"east":{"uv":[7.0625,5.25,7.875,5.375],"rotation":0,"texture":"#28b29bf9-9c27-b1c9-ac87-e7c1bc960c29","tintindex":0},"north":{"uv":[2.1875,8.625,2.25,8.75],"rotation":0,"texture":"#28b29bf9-9c27-b1c9-ac87-e7c1bc960c29","tintindex":0},"south":{"uv":[2.25,8.625,2.3125,8.75],"rotation":0,"texture":"#28b29bf9-9c27-b1c9-ac87-e7c1bc960c29","tintindex":0},"up":{"uv":[1.125,8.625,1.0625,7.8125],"rotation":0,"texture":"#28b29bf9-9c27-b1c9-ac87-e7c1bc960c29","tintindex":0},"west":{"uv":[7.0625,6.0625,7.875,6.1875],"rotation":0,"texture":"#28b29bf9-9c27-b1c9-ac87-e7c1bc960c29","tintindex":0}}},{"name":"cube","from":[7.1574306,7.8190393,-4.20688],"to":[7.490072,8.15168,-0.54783964],"rotation":{"angle":0.0,"axis":"x","origin":[-5.0005608,6.1558394,11.4272]},"faces":{"down":{"uv":[2.0625,1.5,2.125,1.875],"rotation":0,"texture":"#28b29bf9-9c27-b1c9-ac87-e7c1bc960c29","tintindex":0},"east":{"uv":[6.375,8.3125,6.75,8.375],"rotation":0,"texture":"#28b29bf9-9c27-b1c9-ac87-e7c1bc960c29","tintindex":0},"north":{"uv":[8.6875,1.4375,8.75,1.5],"rotation":0,"texture":"#28b29bf9-9c27-b1c9-ac87-e7c1bc960c29","tintindex":0},"south":{"uv":[8.6875,1.5625,8.75,1.625],"rotation":0,"texture":"#28b29bf9-9c27-b1c9-ac87-e7c1bc960c29","tintindex":0},"up":{"uv":[2.0625,1.875,2.0,1.5],"rotation":0,"texture":"#28b29bf9-9c27-b1c9-ac87-e7c1bc960c29","tintindex":0},"west":{"uv":[6.75,8.3125,7.125,8.375],"rotation":0,"texture":"#28b29bf9-9c27-b1c9-ac87-e7c1bc960c29","tintindex":0}}},{"name":"cube","from":[6.824791,7.8190393,-3.2089596],"to":[7.1574306,8.15168,-1.5457602],"rotation":{"angle":0.0,"axis":"x","origin":[-5.3332005,6.1558394,11.4272]},"faces":{"down":{"uv":[0.3125,8.5625,0.375,8.75],"rotation":0,"texture":"#28b29bf9-9c27-b1c9-ac87-e7c1bc960c29","tintindex":0},"east":{"uv":[8.3125,8.5,8.5,8.5625],"rotation":0,"texture":"#28b29bf9-9c27-b1c9-ac87-e7c1bc960c29","tintindex":0},"north":{"uv":[8.6875,1.6875,8.75,1.75],"rotation":0,"texture":"#28b29bf9-9c27-b1c9-ac87-e7c1bc960c29","tintindex":0},"south":{"uv":[8.6875,1.75,8.75,1.8125],"rotation":0,"texture":"#28b29bf9-9c27-b1c9-ac87-e7c1bc960c29","tintindex":0},"up":{"uv":[0.3125,8.75,0.25,8.5625],"rotation":0,"texture":"#28b29bf9-9c27-b1c9-ac87-e7c1bc960c29","tintindex":0},"west":{"uv":[8.5,8.5,8.6875,8.5625],"rotation":0,"texture":"#28b29bf9-9c27-b1c9-ac87-e7c1bc960c29","tintindex":0}}},{"name":"cube","from":[11.149113,7.4864006,-6.2027206],"to":[11.4817505,8.484321,1.4479997],"rotation":{"angle":0.0,"axis":"x","origin":[-1.0088811,6.1558394,11.4272]},"faces":{"down":{"uv":[5.75,7.8125,5.8125,8.625],"rotation":0,"texture":"#28b29bf9-9c27-b1c9-ac87-e7c1bc960c29","tintindex":0},"east":{"uv":[2.1875,7.125,3.0,7.25],"rotation":0,"texture":"#28b29bf9-9c27-b1c9-ac87-e7c1bc960c29","tintindex":0},"north":{"uv":[2.3125,8.625,2.375,8.75],"rotation":0,"texture":"#28b29bf9-9c27-b1c9-ac87-e7c1bc960c29","tintindex":0},"south":{"uv":[2.375,8.625,2.4375,8.75],"rotation":0,"texture":"#28b29bf9-9c27-b1c9-ac87-e7c1bc960c29","tintindex":0},"up":{"uv":[5.75,8.625,5.6875,7.8125],"rotation":0,"texture":"#28b29bf9-9c27-b1c9-ac87-e7c1bc960c29","tintindex":0},"west":{"uv":[7.125,0.0,7.9375,0.125],"rotation":0,"texture":"#28b29bf9-9c27-b1c9-ac87-e7c1bc960c29","tintindex":0}}},{"name":"cube","from":[11.4817505,7.8190393,-10.194401],"to":[11.814391,8.15168,5.43968],"rotation":{"angle":0.0,"axis":"x","origin":[-0.6762407,6.1558394,11.4272]},"faces":{"down":{"uv":[1.625,7.0625,1.6875,8.6875],"rotation":0,"texture":"#28b29bf9-9c27-b1c9-ac87-e7c1bc960c29","tintindex":0},"east":{"uv":[6.75,2.75,8.375,2.8125],"rotation":0,"texture":"#28b29bf9-9c27-b1c9-ac87-e7c1bc960c29","tintindex":0},"north":{"uv":[8.6875,2.4375,8.75,2.5],"rotation":0,"texture":"#28b29bf9-9c27-b1c9-ac87-e7c1bc960c29","tintindex":0},"south":{"uv":[8.6875,2.5,8.75,2.5625],"rotation":0,"texture":"#28b29bf9-9c27-b1c9-ac87-e7c1bc960c29","tintindex":0},"up":{"uv":[1.625,8.6875,1.5625,7.0625],"rotation":0,"texture":"#28b29bf9-9c27-b1c9-ac87-e7c1bc960c29","tintindex":0},"west":{"uv":[7.0625,4.375,8.6875,4.4375],"rotation":0,"texture":"#28b29bf9-9c27-b1c9-ac87-e7c1bc960c29","tintindex":0}}},{"name":"cube","from":[10.816471,7.8190393,-9.19648],"to":[11.4817505,8.15168,-8.86384],"rotation":{"angle":0.0,"axis":"x","origin":[-0.6762407,6.1558394,12.42512]},"faces":{"down":{"uv":[8.6875,3.875,8.75,3.9375],"rotation":0,"texture":"#28b29bf9-9c27-b1c9-ac87-e7c1bc960c29","tintindex":0},"east":{"uv":[8.6875,2.625,8.75,2.6875],"rotation":0,"texture":"#28b29bf9-9c27-b1c9-ac87-e7c1bc960c29","tintindex":0},"north":{"uv":[8.6875,2.5625,8.75,2.625],"rotation":0,"texture":"#28b29bf9-9c27-b1c9-ac87-e7c1bc960c29","tintindex":0},"south":{"uv":[8.6875,2.75,8.75,2.8125],"rotation":0,"texture":"#28b29bf9-9c27-b1c9-ac87-e7c1bc960c29","tintindex":0},"up":{"uv":[8.75,3.875,8.6875,3.8125],"rotation":0,"texture":"#28b29bf9-9c27-b1c9-ac87-e7c1bc960c29","tintindex":0},"west":{"uv":[8.6875,3.75,8.75,3.8125],"rotation":0,"texture":"#28b29bf9-9c27-b1c9-ac87-e7c1bc960c29","tintindex":0}}},{"name":"cube","from":[11.149113,7.8190393,-8.86384],"to":[11.4817505,8.15168,-8.5312],"rotation":{"angle":0.0,"axis":"x","origin":[-0.6762407,6.1558394,12.75776]},"faces":{"down":{"uv":[8.6875,4.75,8.75,4.8125],"rotation":0,"texture":"#28b29bf9-9c27-b1c9-ac87-e7c1bc960c29","tintindex":0},"east":{"uv":[8.6875,4.0,8.75,4.0625],"rotation":0,"texture":"#28b29bf9-9c27-b1c9-ac87-e7c1bc960c29","tintindex":0},"north":{"uv":[8.6875,3.9375,8.75,4.0],"rotation":0,"texture":"#28b29bf9-9c27-b1c9-ac87-e7c1bc960c29","tintindex":0},"south":{"uv":[8.6875,4.25,8.75,4.3125],"rotation":0,"texture":"#28b29bf9-9c27-b1c9-ac87-e7c1bc960c29","tintindex":0},"up":{"uv":[8.75,4.4375,8.6875,4.375],"rotation":0,"texture":"#28b29bf9-9c27-b1c9-ac87-e7c1bc960c29","tintindex":0},"west":{"uv":[8.6875,4.3125,8.75,4.375],"rotation":0,"texture":"#28b29bf9-9c27-b1c9-ac87-e7c1bc960c29","tintindex":0}}},{"name":"cube","from":[10.483833,7.8190393,-9.529121],"to":[11.4817505,8.15168,-9.19648],"rotation":{"angle":0.0,"axis":"x","origin":[-0.6762407,6.1558394,12.09248]},"faces":{"down":{"uv":[4.625,8.625,4.75,8.6875],"rotation":0,"texture":"#28b29bf9-9c27-b1c9-ac87-e7c1bc960c29","tintindex":0},"east":{"uv":[8.6875,4.8125,8.75,4.875],"rotation":0,"texture":"#28b29bf9-9c27-b1c9-ac87-e7c1bc960c29","tintindex":0},"north":{"uv":[3.0625,8.625,3.1875,8.6875],"rotation":0,"texture":"#28b29bf9-9c27-b1c9-ac87-e7c1bc960c29","tintindex":0},"south":{"uv":[3.8125,8.625,3.9375,8.6875],"rotation":0,"texture":"#28b29bf9-9c27-b1c9-ac87-e7c1bc960c29","tintindex":0},"up":{"uv":[4.1875,8.6875,4.0625,8.625],"rotation":0,"texture":"#28b29bf9-9c27-b1c9-ac87-e7c1bc960c29","tintindex":0},"west":{"uv":[8.6875,4.875,8.75,4.9375],"rotation":0,"texture":"#28b29bf9-9c27-b1c9-ac87-e7c1bc960c29","tintindex":0}}},{"name":"cube","from":[10.151192,7.8190393,-9.861759],"to":[11.4817505,8.15168,-9.529121],"rotation":{"angle":0.0,"axis":"x","origin":[-0.6762407,6.1558394,11.75984]},"faces":{"down":{"uv":[6.125,8.625,6.25,8.6875],"rotation":0,"texture":"#28b29bf9-9c27-b1c9-ac87-e7c1bc960c29","tintindex":0},"east":{"uv":[8.6875,4.9375,8.75,5.0],"rotation":0,"texture":"#28b29bf9-9c27-b1c9-ac87-e7c1bc960c29","tintindex":0},"north":{"uv":[5.0,8.625,5.125,8.6875],"rotation":0,"texture":"#28b29bf9-9c27-b1c9-ac87-e7c1bc960c29","tintindex":0},"south":{"uv":[5.25,8.625,5.375,8.6875],"rotation":0,"texture":"#28b29bf9-9c27-b1c9-ac87-e7c1bc960c29","tintindex":0},"up":{"uv":[5.8125,8.6875,5.6875,8.625],"rotation":0,"texture":"#28b29bf9-9c27-b1c9-ac87-e7c1bc960c29","tintindex":0},"west":{"uv":[8.6875,5.0,8.75,5.0625],"rotation":0,"texture":"#28b29bf9-9c27-b1c9-ac87-e7c1bc960c29","tintindex":0}}},{"name":"cube","from":[9.818551,7.8190393,-10.194401],"to":[11.4817505,8.15168,-9.861759],"rotation":{"angle":0.0,"axis":"x","origin":[-0.6762407,6.1558394,11.4272]},"faces":{"down":{"uv":[8.5,3.9375,8.6875,4.0],"rotation":0,"texture":"#28b29bf9-9c27-b1c9-ac87-e7c1bc960c29","tintindex":0},"east":{"uv":[8.6875,5.0625,8.75,5.125],"rotation":0,"texture":"#28b29bf9-9c27-b1c9-ac87-e7c1bc960c29","tintindex":0},"north":{"uv":[8.5,0.875,8.6875,0.9375],"rotation":0,"texture":"#28b29bf9-9c27-b1c9-ac87-e7c1bc960c29","tintindex":0},"south":{"uv":[8.5,1.1875,8.6875,1.25],"rotation":0,"texture":"#28b29bf9-9c27-b1c9-ac87-e7c1bc960c29","tintindex":0},"up":{"uv":[8.6875,3.875,8.5,3.8125],"rotation":0,"texture":"#28b29bf9-9c27-b1c9-ac87-e7c1bc960c29","tintindex":0},"west":{"uv":[8.6875,5.25,8.75,5.3125],"rotation":0,"texture":"#28b29bf9-9c27-b1c9-ac87-e7c1bc960c29","tintindex":0}}},{"name":"cube","from":[9.818551,7.8190393,5.10704],"to":[11.4817505,8.15168,5.43968],"rotation":{"angle":0.0,"axis":"x","origin":[-0.6762407,6.1558394,26.728642]},"faces":{"down":{"uv":[8.5,7.5,8.6875,7.5625],"rotation":0,"texture":"#28b29bf9-9c27-b1c9-ac87-e7c1bc960c29","tintindex":0},"east":{"uv":[8.6875,5.3125,8.75,5.375],"rotation":0,"texture":"#28b29bf9-9c27-b1c9-ac87-e7c1bc960c29","tintindex":0},"north":{"uv":[8.5,4.0,8.6875,4.0625],"rotation":0,"texture":"#28b29bf9-9c27-b1c9-ac87-e7c1bc960c29","tintindex":0},"south":{"uv":[8.5,5.5625,8.6875,5.625],"rotation":0,"texture":"#28b29bf9-9c27-b1c9-ac87-e7c1bc960c29","tintindex":0},"up":{"uv":[8.6875,6.0625,8.5,6.0],"rotation":0,"texture":"#28b29bf9-9c27-b1c9-ac87-e7c1bc960c29","tintindex":0},"west":{"uv":[8.6875,5.375,8.75,5.4375],"rotation":0,"texture":"#28b29bf9-9c27-b1c9-ac87-e7c1bc960c29","tintindex":0}}},{"name":"cube","from":[10.151192,7.8190393,4.7743998],"to":[11.4817505,8.15168,5.10704],"rotation":{"angle":0.0,"axis":"x","origin":[-0.6762407,6.1558394,26.396]},"faces":{"down":{"uv":[6.625,8.625,6.75,8.6875],"rotation":0,"texture":"#28b29bf9-9c27-b1c9-ac87-e7c1bc960c29","tintindex":0},"east":{"uv":[8.6875,5.4375,8.75,5.5],"rotation":0,"texture":"#28b29bf9-9c27-b1c9-ac87-e7c1bc960c29","tintindex":0},"north":{"uv":[6.25,8.625,6.375,8.6875],"rotation":0,"texture":"#28b29bf9-9c27-b1c9-ac87-e7c1bc960c29","tintindex":0},"south":{"uv":[6.375,8.625,6.5,8.6875],"rotation":0,"texture":"#28b29bf9-9c27-b1c9-ac87-e7c1bc960c29","tintindex":0},"up":{"uv":[6.625,8.6875,6.5,8.625],"rotation":0,"texture":"#28b29bf9-9c27-b1c9-ac87-e7c1bc960c29","tintindex":0},"west":{"uv":[8.6875,5.5,8.75,5.5625],"rotation":0,"texture":"#28b29bf9-9c27-b1c9-ac87-e7c1bc960c29","tintindex":0}}},{"name":"cube","from":[10.483833,7.8190393,4.4417596],"to":[11.4817505,8.15168,4.7743998],"rotation":{"angle":0.0,"axis":"x","origin":[-0.6762407,6.1558394,26.063358]},"faces":{"down":{"uv":[7.25,8.625,7.375,8.6875],"rotation":0,"texture":"#28b29bf9-9c27-b1c9-ac87-e7c1bc960c29","tintindex":0},"east":{"uv":[8.6875,5.5625,8.75,5.625],"rotation":0,"texture":"#28b29bf9-9c27-b1c9-ac87-e7c1bc960c29","tintindex":0},"north":{"uv":[6.75,8.625,6.875,8.6875],"rotation":0,"texture":"#28b29bf9-9c27-b1c9-ac87-e7c1bc960c29","tintindex":0},"south":{"uv":[7.0,8.625,7.125,8.6875],"rotation":0,"texture":"#28b29bf9-9c27-b1c9-ac87-e7c1bc960c29","tintindex":0},"up":{"uv":[7.25,8.6875,7.125,8.625],"rotation":0,"texture":"#28b29bf9-9c27-b1c9-ac87-e7c1bc960c29","tintindex":0},"west":{"uv":[8.6875,5.625,8.75,5.6875],"rotation":0,"texture":"#28b29bf9-9c27-b1c9-ac87-e7c1bc960c29","tintindex":0}}},{"name":"cube","from":[10.816471,7.8190393,4.10912],"to":[11.4817505,8.15168,4.4417596],"rotation":{"angle":0.0,"axis":"x","origin":[-0.6762407,6.1558394,25.73072]},"faces":{"down":{"uv":[8.6875,6.0,8.75,6.0625],"rotation":0,"texture":"#28b29bf9-9c27-b1c9-ac87-e7c1bc960c29","tintindex":0},"east":{"uv":[8.6875,5.75,8.75,5.8125],"rotation":0,"texture":"#28b29bf9-9c27-b1c9-ac87-e7c1bc960c29","tintindex":0},"north":{"uv":[8.6875,5.6875,8.75,5.75],"rotation":0,"texture":"#28b29bf9-9c27-b1c9-ac87-e7c1bc960c29","tintindex":0},"south":{"uv":[8.6875,5.8125,8.75,5.875],"rotation":0,"texture":"#28b29bf9-9c27-b1c9-ac87-e7c1bc960c29","tintindex":0},"up":{"uv":[8.75,6.0,8.6875,5.9375],"rotation":0,"texture":"#28b29bf9-9c27-b1c9-ac87-e7c1bc960c29","tintindex":0},"west":{"uv":[8.6875,5.875,8.75,5.9375],"rotation":0,"texture":"#28b29bf9-9c27-b1c9-ac87-e7c1bc960c29","tintindex":0}}},{"name":"cube","from":[11.149113,7.8190393,3.7764797],"to":[11.4817505,8.15168,4.10912],"rotation":{"angle":0.0,"axis":"x","origin":[-0.6762407,6.1558394,25.398083]},"faces":{"down":{"uv":[8.6875,6.375,8.75,6.4375],"rotation":0,"texture":"#28b29bf9-9c27-b1c9-ac87-e7c1bc960c29","tintindex":0},"east":{"uv":[8.6875,6.125,8.75,6.1875],"rotation":0,"texture":"#28b29bf9-9c27-b1c9-ac87-e7c1bc960c29","tintindex":0},"north":{"uv":[8.6875,6.0625,8.75,6.125],"rotation":0,"texture":"#28b29bf9-9c27-b1c9-ac87-e7c1bc960c29","tintindex":0},"south":{"uv":[8.6875,6.1875,8.75,6.25],"rotation":0,"texture":"#28b29bf9-9c27-b1c9-ac87-e7c1bc960c29","tintindex":0},"up":{"uv":[8.75,6.375,8.6875,6.3125],"rotation":0,"texture":"#28b29bf9-9c27-b1c9-ac87-e7c1bc960c29","tintindex":0},"west":{"uv":[8.6875,6.25,8.75,6.3125],"rotation":0,"texture":"#28b29bf9-9c27-b1c9-ac87-e7c1bc960c29","tintindex":0}}},{"name":"cube","from":[11.814391,7.8190393,-10.194401],"to":[12.147033,8.15168,5.43968],"rotation":{"angle":0.0,"axis":"x","origin":[-0.3436005,6.1558394,11.4272]},"faces":{"down":{"uv":[1.75,7.0625,1.8125,8.6875],"rotation":0,"texture":"#28b29bf9-9c27-b1c9-ac87-e7c1bc960c29","tintindex":0},"east":{"uv":[7.0625,5.375,8.6875,5.4375],"rotation":0,"texture":"#28b29bf9-9c27-b1c9-ac87-e7c1bc960c29","tintindex":0},"north":{"uv":[8.6875,6.4375,8.75,6.5],"rotation":0,"texture":"#28b29bf9-9c27-b1c9-ac87-e7c1bc960c29","tintindex":0},"south":{"uv":[8.6875,6.5,8.75,6.5625],"rotation":0,"texture":"#28b29bf9-9c27-b1c9-ac87-e7c1bc960c29","tintindex":0},"up":{"uv":[1.75,8.6875,1.6875,7.0625],"rotation":0,"texture":"#28b29bf9-9c27-b1c9-ac87-e7c1bc960c29","tintindex":0},"west":{"uv":[7.0625,6.1875,8.6875,6.25],"rotation":0,"texture":"#28b29bf9-9c27-b1c9-ac87-e7c1bc960c29","tintindex":0}}},{"name":"cube","from":[12.147033,7.8190393,-9.861759],"to":[12.479671,8.15168,5.10704],"rotation":{"angle":0.0,"axis":"x","origin":[-0.010960817,6.1558394,11.4272]},"faces":{"down":{"uv":[4.9375,7.125,5.0,8.6875],"rotation":0,"texture":"#28b29bf9-9c27-b1c9-ac87-e7c1bc960c29","tintindex":0},"east":{"uv":[7.1875,0.9375,8.75,1.0],"rotation":0,"texture":"#28b29bf9-9c27-b1c9-ac87-e7c1bc960c29","tintindex":0},"north":{"uv":[8.6875,6.5625,8.75,6.625],"rotation":0,"texture":"#28b29bf9-9c27-b1c9-ac87-e7c1bc960c29","tintindex":0},"south":{"uv":[8.6875,6.625,8.75,6.6875],"rotation":0,"texture":"#28b29bf9-9c27-b1c9-ac87-e7c1bc960c29","tintindex":0},"up":{"uv":[3.0625,8.6875,3.0,7.125],"rotation":0,"texture":"#28b29bf9-9c27-b1c9-ac87-e7c1bc960c29","tintindex":0},"west":{"uv":[7.1875,1.0,8.75,1.0625],"rotation":0,"texture":"#28b29bf9-9c27-b1c9-ac87-e7c1bc960c29","tintindex":0}}},{"name":"cube","from":[12.479671,7.8190393,-9.861759],"to":[12.812312,8.15168,5.10704],"rotation":{"angle":0.0,"axis":"x","origin":[0.32167912,6.1558394,11.4272]},"faces":{"down":{"uv":[2.8125,7.25,2.875,8.8125],"rotation":0,"texture":"#28b29bf9-9c27-b1c9-ac87-e7c1bc960c29","tintindex":0},"east":{"uv":[7.1875,2.8125,8.75,2.875],"rotation":0,"texture":"#28b29bf9-9c27-b1c9-ac87-e7c1bc960c29","tintindex":0},"north":{"uv":[8.6875,6.8125,8.75,6.875],"rotation":0,"texture":"#28b29bf9-9c27-b1c9-ac87-e7c1bc960c29","tintindex":0},"south":{"uv":[8.6875,6.875,8.75,6.9375],"rotation":0,"texture":"#28b29bf9-9c27-b1c9-ac87-e7c1bc960c29","tintindex":0},"up":{"uv":[0.75,8.75,0.6875,7.1875],"rotation":0,"texture":"#28b29bf9-9c27-b1c9-ac87-e7c1bc960c29","tintindex":0},"west":{"uv":[7.1875,2.875,8.75,2.9375],"rotation":0,"texture":"#28b29bf9-9c27-b1c9-ac87-e7c1bc960c29","tintindex":0}}},{"name":"cube","from":[12.812312,7.8190393,-9.861759],"to":[13.144953,8.15168,5.10704],"rotation":{"angle":0.0,"axis":"x","origin":[0.6543188,6.1558394,11.4272]},"faces":{"down":{"uv":[2.9375,7.25,3.0,8.8125],"rotation":0,"texture":"#28b29bf9-9c27-b1c9-ac87-e7c1bc960c29","tintindex":0},"east":{"uv":[7.1875,2.9375,8.75,3.0],"rotation":0,"texture":"#28b29bf9-9c27-b1c9-ac87-e7c1bc960c29","tintindex":0},"north":{"uv":[8.6875,6.9375,8.75,7.0],"rotation":0,"texture":"#28b29bf9-9c27-b1c9-ac87-e7c1bc960c29","tintindex":0},"south":{"uv":[8.6875,7.0,8.75,7.0625],"rotation":0,"texture":"#28b29bf9-9c27-b1c9-ac87-e7c1bc960c29","tintindex":0},"up":{"uv":[2.9375,8.8125,2.875,7.25],"rotation":0,"texture":"#28b29bf9-9c27-b1c9-ac87-e7c1bc960c29","tintindex":0},"west":{"uv":[7.1875,3.375,8.75,3.4375],"rotation":0,"texture":"#28b29bf9-9c27-b1c9-ac87-e7c1bc960c29","tintindex":0}}},{"name":"cube","from":[13.144953,7.8190393,-9.529121],"to":[13.4775915,8.15168,4.7743998],"rotation":{"angle":0.0,"axis":"x","origin":[0.98695946,6.1558394,11.4272]},"faces":{"down":{"uv":[3.625,7.25,3.6875,8.75],"rotation":0,"texture":"#28b29bf9-9c27-b1c9-ac87-e7c1bc960c29","tintindex":0},"east":{"uv":[7.25,3.125,8.75,3.1875],"rotation":0,"texture":"#28b29bf9-9c27-b1c9-ac87-e7c1bc960c29","tintindex":0},"north":{"uv":[8.6875,7.0625,8.75,7.125],"rotation":0,"texture":"#28b29bf9-9c27-b1c9-ac87-e7c1bc960c29","tintindex":0},"south":{"uv":[8.6875,7.125,8.75,7.1875],"rotation":0,"texture":"#28b29bf9-9c27-b1c9-ac87-e7c1bc960c29","tintindex":0},"up":{"uv":[3.625,8.75,3.5625,7.25],"rotation":0,"texture":"#28b29bf9-9c27-b1c9-ac87-e7c1bc960c29","tintindex":0},"west":{"uv":[7.25,3.1875,8.75,3.25],"rotation":0,"texture":"#28b29bf9-9c27-b1c9-ac87-e7c1bc960c29","tintindex":0}}},{"name":"cube","from":[13.4775915,7.8190393,-9.529121],"to":[13.810232,8.15168,4.7743998],"rotation":{"angle":0.0,"axis":"x","origin":[1.3195993,6.1558394,11.4272]},"faces":{"down":{"uv":[4.3125,7.3125,4.375,8.8125],"rotation":0,"texture":"#28b29bf9-9c27-b1c9-ac87-e7c1bc960c29","tintindex":0},"east":{"uv":[7.25,4.625,8.75,4.6875],"rotation":0,"texture":"#28b29bf9-9c27-b1c9-ac87-e7c1bc960c29","tintindex":0},"north":{"uv":[8.6875,7.3125,8.75,7.375],"rotation":0,"texture":"#28b29bf9-9c27-b1c9-ac87-e7c1bc960c29","tintindex":0},"south":{"uv":[8.6875,7.375,8.75,7.4375],"rotation":0,"texture":"#28b29bf9-9c27-b1c9-ac87-e7c1bc960c29","tintindex":0},"up":{"uv":[3.75,8.75,3.6875,7.25],"rotation":0,"texture":"#28b29bf9-9c27-b1c9-ac87-e7c1bc960c29","tintindex":0},"west":{"uv":[7.3125,1.875,8.8125,1.9375],"rotation":0,"texture":"#28b29bf9-9c27-b1c9-ac87-e7c1bc960c29","tintindex":0}}},{"name":"cube","from":[13.810232,7.8190393,-9.19648],"to":[14.142873,8.15168,4.4417596],"rotation":{"angle":0.0,"axis":"x","origin":[1.652239,6.1558394,11.4272]},"faces":{"down":{"uv":[5.5,7.375,5.5625,8.8125],"rotation":0,"texture":"#28b29bf9-9c27-b1c9-ac87-e7c1bc960c29","tintindex":0},"east":{"uv":[7.3125,2.1875,8.75,2.25],"rotation":0,"texture":"#28b29bf9-9c27-b1c9-ac87-e7c1bc960c29","tintindex":0},"north":{"uv":[8.6875,7.4375,8.75,7.5],"rotation":0,"texture":"#28b29bf9-9c27-b1c9-ac87-e7c1bc960c29","tintindex":0},"south":{"uv":[8.6875,7.5,8.75,7.5625],"rotation":0,"texture":"#28b29bf9-9c27-b1c9-ac87-e7c1bc960c29","tintindex":0},"up":{"uv":[5.5,8.8125,5.4375,7.375],"rotation":0,"texture":"#28b29bf9-9c27-b1c9-ac87-e7c1bc960c29","tintindex":0},"west":{"uv":[7.3125,2.25,8.75,2.3125],"rotation":0,"texture":"#28b29bf9-9c27-b1c9-ac87-e7c1bc960c29","tintindex":0}}},{"name":"cube","from":[14.142873,7.8190393,-8.86384],"to":[14.475512,8.15168,4.10912],"rotation":{"angle":0.0,"axis":"x","origin":[1.9848799,6.1558394,11.4272]},"faces":{"down":{"uv":[5.9375,7.375,6.0,8.75],"rotation":0,"texture":"#28b29bf9-9c27-b1c9-ac87-e7c1bc960c29","tintindex":0},"east":{"uv":[7.375,6.6875,8.75,6.75],"rotation":0,"texture":"#28b29bf9-9c27-b1c9-ac87-e7c1bc960c29","tintindex":0},"north":{"uv":[8.6875,7.5625,8.75,7.625],"rotation":0,"texture":"#28b29bf9-9c27-b1c9-ac87-e7c1bc960c29","tintindex":0},"south":{"uv":[8.6875,7.625,8.75,7.6875],"rotation":0,"texture":"#28b29bf9-9c27-b1c9-ac87-e7c1bc960c29","tintindex":0},"up":{"uv":[5.9375,8.75,5.875,7.375],"rotation":0,"texture":"#28b29bf9-9c27-b1c9-ac87-e7c1bc960c29","tintindex":0},"west":{"uv":[7.375,6.75,8.75,6.8125],"rotation":0,"texture":"#28b29bf9-9c27-b1c9-ac87-e7c1bc960c29","tintindex":0}}},{"name":"cube","from":[14.475512,7.852305,-8.19856],"to":[14.808152,8.118417,3.44384],"rotation":{"angle":0.0,"axis":"x","origin":[2.3175197,6.1558394,11.4272]},"faces":{"down":{"uv":[0.0625,7.4375,0.125,8.625],"rotation":0,"texture":"#28b29bf9-9c27-b1c9-ac87-e7c1bc960c29","tintindex":0},"east":{"uv":[6.125,7.5,7.3125,7.5625],"rotation":0,"texture":"#28b29bf9-9c27-b1c9-ac87-e7c1bc960c29","tintindex":0},"north":{"uv":[8.6875,7.6875,8.75,7.75],"rotation":0,"texture":"#28b29bf9-9c27-b1c9-ac87-e7c1bc960c29","tintindex":0},"south":{"uv":[8.6875,7.75,8.75,7.8125],"rotation":0,"texture":"#28b29bf9-9c27-b1c9-ac87-e7c1bc960c29","tintindex":0},"up":{"uv":[0.0625,8.625,0.0,7.4375],"rotation":0,"texture":"#28b29bf9-9c27-b1c9-ac87-e7c1bc960c29","tintindex":0},"west":{"uv":[7.3125,7.5,8.5,7.5625],"rotation":0,"texture":"#28b29bf9-9c27-b1c9-ac87-e7c1bc960c29","tintindex":0}}},{"name":"cube","from":[14.808152,7.852305,-7.2006407],"to":[15.140791,8.118417,2.44592],"rotation":{"angle":0.0,"axis":"x","origin":[2.6501594,6.1558394,11.4272]},"faces":{"down":{"uv":[0.625,7.5,0.6875,8.5],"rotation":0,"texture":"#28b29bf9-9c27-b1c9-ac87-e7c1bc960c29","tintindex":0},"east":{"uv":[7.5,0.875,8.5,0.9375],"rotation":0,"texture":"#28b29bf9-9c27-b1c9-ac87-e7c1bc960c29","tintindex":0},"north":{"uv":[8.6875,7.8125,8.75,7.875],"rotation":0,"texture":"#28b29bf9-9c27-b1c9-ac87-e7c1bc960c29","tintindex":0},"south":{"uv":[8.6875,7.875,8.75,7.9375],"rotation":0,"texture":"#28b29bf9-9c27-b1c9-ac87-e7c1bc960c29","tintindex":0},"up":{"uv":[4.9375,8.4375,4.875,7.4375],"rotation":0,"texture":"#28b29bf9-9c27-b1c9-ac87-e7c1bc960c29","tintindex":0},"west":{"uv":[7.5,5.5625,8.5,5.625],"rotation":0,"texture":"#28b29bf9-9c27-b1c9-ac87-e7c1bc960c29","tintindex":0}}},{"name":"cube","from":[15.140791,7.885568,-5.870081],"to":[15.473432,8.085151,1.11536],"rotation":{"angle":0.0,"axis":"x","origin":[2.982799,6.1558394,11.4272]},"faces":{"down":{"uv":[3.125,7.875,3.1875,8.625],"rotation":0,"texture":"#28b29bf9-9c27-b1c9-ac87-e7c1bc960c29","tintindex":0},"east":{"uv":[7.9375,0.0625,8.6875,0.125],"rotation":0,"texture":"#28b29bf9-9c27-b1c9-ac87-e7c1bc960c29","tintindex":0},"north":{"uv":[8.6875,7.9375,8.75,8.0],"rotation":0,"texture":"#28b29bf9-9c27-b1c9-ac87-e7c1bc960c29","tintindex":0},"south":{"uv":[8.6875,8.0,8.75,8.0625],"rotation":0,"texture":"#28b29bf9-9c27-b1c9-ac87-e7c1bc960c29","tintindex":0},"up":{"uv":[3.125,8.625,3.0625,7.875],"rotation":0,"texture":"#28b29bf9-9c27-b1c9-ac87-e7c1bc960c29","tintindex":0},"west":{"uv":[7.9375,1.375,8.6875,1.4375],"rotation":0,"texture":"#28b29bf9-9c27-b1c9-ac87-e7c1bc960c29","tintindex":0}}},{"name":"cube","from":[15.473432,7.902201,-4.20688],"to":[15.806072,8.068521,-0.54783964],"rotation":{"angle":0.0,"axis":"x","origin":[3.3154397,6.1558394,11.4272]},"faces":{"down":{"uv":[3.0,1.125,3.0625,1.5],"rotation":0,"texture":"#28b29bf9-9c27-b1c9-ac87-e7c1bc960c29","tintindex":0},"east":{"uv":[7.125,8.3125,7.5,8.375],"rotation":0,"texture":"#28b29bf9-9c27-b1c9-ac87-e7c1bc960c29","tintindex":0},"north":{"uv":[8.6875,8.0625,8.75,8.125],"rotation":0,"texture":"#28b29bf9-9c27-b1c9-ac87-e7c1bc960c29","tintindex":0},"south":{"uv":[8.6875,8.125,8.75,8.1875],"rotation":0,"texture":"#28b29bf9-9c27-b1c9-ac87-e7c1bc960c29","tintindex":0},"up":{"uv":[3.0,1.5,2.9375,1.125],"rotation":0,"texture":"#28b29bf9-9c27-b1c9-ac87-e7c1bc960c29","tintindex":0},"west":{"uv":[7.5,8.3125,7.875,8.375],"rotation":0,"texture":"#28b29bf9-9c27-b1c9-ac87-e7c1bc960c29","tintindex":0}}},{"name":"cube","from":[15.806072,7.9354644,-3.2089596],"to":[16.13871,8.035257,-1.5457602],"rotation":{"angle":0.0,"axis":"x","origin":[3.6480794,6.1558394,11.4272]},"faces":{"down":{"uv":[1.125,8.5625,1.1875,8.75],"rotation":0,"texture":"#28b29bf9-9c27-b1c9-ac87-e7c1bc960c29","tintindex":0},"east":{"uv":[1.9375,8.5625,2.125,8.625],"rotation":0,"texture":"#28b29bf9-9c27-b1c9-ac87-e7c1bc960c29","tintindex":0},"north":{"uv":[8.6875,8.1875,8.75,8.25],"rotation":0,"texture":"#28b29bf9-9c27-b1c9-ac87-e7c1bc960c29","tintindex":0},"south":{"uv":[8.6875,8.25,8.75,8.3125],"rotation":0,"texture":"#28b29bf9-9c27-b1c9-ac87-e7c1bc960c29","tintindex":0},"up":{"uv":[0.4375,8.75,0.375,8.5625],"rotation":0,"texture":"#28b29bf9-9c27-b1c9-ac87-e7c1bc960c29","tintindex":0},"west":{"uv":[2.125,8.5625,2.3125,8.625],"rotation":0,"texture":"#28b29bf9-9c27-b1c9-ac87-e7c1bc960c29","tintindex":0}}},{"name":"cube","from":[8.882,7.0879993,8.6552],"to":[10.897999,9.355999,9.2348],"rotation":{"angle":22.5,"axis":"z","origin":[9.6380005,8.3480015,8.882]},"faces":{"down":{"uv":[7.875,8.4375,8.0625,8.5],"rotation":0,"texture":"#28b29bf9-9c27-b1c9-ac87-e7c1bc960c29","tintindex":0},"east":{"uv":[2.5625,8.3125,2.625,8.5625],"rotation":0,"texture":"#28b29bf9-9c27-b1c9-ac87-e7c1bc960c29","tintindex":0},"north":{"uv":[5.1875,8.0,5.375,8.25],"rotation":0,"texture":"#28b29bf9-9c27-b1c9-ac87-e7c1bc960c29","tintindex":0},"south":{"uv":[6.375,8.0,6.5625,8.25],"rotation":0,"texture":"#28b29bf9-9c27-b1c9-ac87-e7c1bc960c29","tintindex":0},"up":{"uv":[7.875,8.5,7.6875,8.4375],"rotation":0,"texture":"#28b29bf9-9c27-b1c9-ac87-e7c1bc960c29","tintindex":0},"west":{"uv":[2.625,8.3125,2.6875,8.5625],"rotation":0,"texture":"#28b29bf9-9c27-b1c9-ac87-e7c1bc960c29","tintindex":0}}}],"display":{"head":{"translation":[0.0,-6.4,0.0],"rotation":[0.0,0.0,0.0],"scale":[3.8095,3.8095,3.8095]},"gui":{"translation":[0.0,0.0,0.0],"rotation":[35.0,225.0,0.0],"scale":[0.625,0.625,0.625]}}}