{"file_name":"lowerbody","texture_size":[256,256],"textures":{"28b29bf9-9c27-b1c9-ac87-e7c1bc960c29":"modelengine:entity/orcboss"},"elements":[{"name":"cube","from":[2.96,7.6808004,4.3712],"to":[13.04,9.6968,10.923201],"rotation":{"angle":0.0,"axis":"x","origin":[8.0,7.6808004,9.4112]},"faces":{"down":{"uv":[1.0625,1.875,2.125,2.5625],"rotation":0,"texture":"#28b29bf9-9c27-b1c9-ac87-e7c1bc960c29","tintindex":0},"east":{"uv":[6.8125,5.4375,7.5,5.625],"rotation":0,"texture":"#28b29bf9-9c27-b1c9-ac87-e7c1bc960c29","tintindex":0},"north":{"uv":[5.625,4.5,6.6875,4.6875],"rotation":0,"texture":"#28b29bf9-9c27-b1c9-ac87-e7c1bc960c29","tintindex":0},"south":{"uv":[5.8125,1.0625,6.875,1.25],"rotation":0,"texture":"#28b29bf9-9c27-b1c9-ac87-e7c1bc960c29","tintindex":0},"up":{"uv":[1.0625,2.3125,0.0,1.625],"rotation":0,"texture":"#28b29bf9-9c27-b1c9-ac87-e7c1bc960c29","tintindex":0},"west":{"uv":[6.875,1.0625,7.5625,1.25],"rotation":0,"texture":"#28b29bf9-9c27-b1c9-ac87-e7c1bc960c29","tintindex":0}}},{"name":"cube","from":[3.4639997,7.1768,4.8752],"to":[12.536,7.6808004,10.4192],"rotation":{"angle":0.0,"axis":"x","origin":[8.0,7.1768,9.4112]},"faces":{"down":{"uv":[3.0625,1.6875,4.0,2.25],"rotation":0,"texture":"#28b29bf9-9c27-b1c9-ac87-e7c1bc960c29","tintindex":0},"east":{"uv":[3.125,4.1875,3.6875,4.25],"rotation":0,"texture":"#28b29bf9-9c27-b1c9-ac87-e7c1bc960c29","tintindex":0},"north":{"uv":[7.5625,1.1875,8.5,1.25],"rotation":0,"texture":"#28b29bf9-9c27-b1c9-ac87-e7c1bc960c29","tintindex":0},"south":{"uv":[7.5625,3.8125,8.5,3.875],"rotation":0,"texture":"#28b29bf9-9c27-b1c9-ac87-e7c1bc960c29","tintindex":0},"up":{"uv":[4.0,1.6875,3.0625,1.125],"rotation":0,"texture":"#28b29bf9-9c27-b1c9-ac87-e7c1bc960c29","tintindex":0},"west":{"uv":[8.0625,1.8125,8.625,1.875],"rotation":0,"texture":"#28b29bf9-9c27-b1c9-ac87-e7c1bc960c29","tintindex":0}}},{"name":"cube","from":[3.968,6.6728,4.8752],"to":[12.032,7.1768,10.4192],"rotation":{"angle":0.0,"axis":"x","origin":[8.0,6.6728,9.4112]},"faces":{"down":{"uv":[2.875,3.625,3.6875,4.1875],"rotation":0,"texture":"#28b29bf9-9c27-b1c9-ac87-e7c1bc960c29","tintindex":0},"east":{"uv":[8.0625,3.25,8.625,3.3125],"rotation":0,"texture":"#28b29bf9-9c27-b1c9-ac87-e7c1bc960c29","tintindex":0},"north":{"uv":[7.5625,3.875,8.375,3.9375],"rotation":0,"texture":"#28b29bf9-9c27-b1c9-ac87-e7c1bc960c29","tintindex":0},"south":{"uv":[7.5625,6.5,8.375,6.5625],"rotation":0,"texture":"#28b29bf9-9c27-b1c9-ac87-e7c1bc960c29","tintindex":0},"up":{"uv":[0.8125,4.1875,0.0,3.625],"rotation":0,"texture":"#28b29bf9-9c27-b1c9-ac87-e7c1bc960c29","tintindex":0},"west":{"uv":[8.0625,3.3125,8.625,3.375],"rotation":0,"texture":"#28b29bf9-9c27-b1c9-ac87-e7c1bc960c29","tintindex":0}}},{"name":"cube","from":[4.4719996,6.1688,10.2932005],"to":[11.528,6.6728,10.4192],"rotation":{"angle":0.0,"axis":"x","origin":[8.0,6.1688,9.4112]},"faces":{"down":{"uv":[7.875,6.0625,8.625,6.125],"rotation":0,"texture":"#28b29bf9-9c27-b1c9-ac87-e7c1bc960c29","tintindex":0},"east":{"uv":[2.0,8.6875,2.0625,8.75],"rotation":0,"texture":"#28b29bf9-9c27-b1c9-ac87-e7c1bc960c29","tintindex":0},"north":{"uv":[3.6875,3.625,4.4375,3.6875],"rotation":0,"texture":"#28b29bf9-9c27-b1c9-ac87-e7c1bc960c29","tintindex":0},"south":{"uv":[7.5625,7.4375,8.3125,7.5],"rotation":0,"texture":"#28b29bf9-9c27-b1c9-ac87-e7c1bc960c29","tintindex":0},"up":{"uv":[8.5625,3.8125,7.8125,3.75],"rotation":0,"texture":"#28b29bf9-9c27-b1c9-ac87-e7c1bc960c29","tintindex":0},"west":{"uv":[2.0625,8.6875,2.125,8.75],"rotation":0,"texture":"#28b29bf9-9c27-b1c9-ac87-e7c1bc960c29","tintindex":0}}},{"name":"cube","from":[4.4719996,6.1688,4.8752],"to":[11.528,6.6728,5.0011997],"rotation":{"angle":0.0,"axis":"x","origin":[8.0,6.1688,3.9932]},"faces":{"down":{"uv":[7.9375,6.9375,8.6875,7.0],"rotation":0,"texture":"#28b29bf9-9c27-b1c9-ac87-e7c1bc960c29","tintindex":0},"east":{"uv":[8.6875,8.3125,8.75,8.375],"rotation":0,"texture":"#28b29bf9-9c27-b1c9-ac87-e7c1bc960c29","tintindex":0},"north":{"uv":[7.9375,1.4375,8.6875,1.5],"rotation":0,"texture":"#28b29bf9-9c27-b1c9-ac87-e7c1bc960c29","tintindex":0},"south":{"uv":[7.9375,4.25,8.6875,4.3125],"rotation":0,"texture":"#28b29bf9-9c27-b1c9-ac87-e7c1bc960c29","tintindex":0},"up":{"uv":[8.6875,4.375,7.9375,4.3125],"rotation":0,"texture":"#28b29bf9-9c27-b1c9-ac87-e7c1bc960c29","tintindex":0},"west":{"uv":[8.6875,8.375,8.75,8.4375],"rotation":0,"texture":"#28b29bf9-9c27-b1c9-ac87-e7c1bc960c29","tintindex":0}}},{"name":"cube","from":[4.976,5.6647997,10.2932005],"to":[11.024,6.1688,10.4192],"rotation":{"angle":0.0,"axis":"x","origin":[8.0,5.6647997,9.4112]},"faces":{"down":{"uv":[8.0625,0.375,8.6875,0.4375],"rotation":0,"texture":"#28b29bf9-9c27-b1c9-ac87-e7c1bc960c29","tintindex":0},"east":{"uv":[2.125,8.6875,2.1875,8.75],"rotation":0,"texture":"#28b29bf9-9c27-b1c9-ac87-e7c1bc960c29","tintindex":0},"north":{"uv":[8.0,3.0625,8.625,3.125],"rotation":0,"texture":"#28b29bf9-9c27-b1c9-ac87-e7c1bc960c29","tintindex":0},"south":{"uv":[8.0,7.9375,8.625,8.0],"rotation":0,"texture":"#28b29bf9-9c27-b1c9-ac87-e7c1bc960c29","tintindex":0},"up":{"uv":[8.6875,0.375,8.0625,0.3125],"rotation":0,"texture":"#28b29bf9-9c27-b1c9-ac87-e7c1bc960c29","tintindex":0},"west":{"uv":[2.5,8.6875,2.5625,8.75],"rotation":0,"texture":"#28b29bf9-9c27-b1c9-ac87-e7c1bc960c29","tintindex":0}}},{"name":"cube","from":[4.976,5.6647997,4.8752],"to":[11.024,6.1688,5.0011997],"rotation":{"angle":0.0,"axis":"x","origin":[8.0,5.6647997,3.9932]},"faces":{"down":{"uv":[8.0625,1.75,8.6875,1.8125],"rotation":0,"texture":"#28b29bf9-9c27-b1c9-ac87-e7c1bc960c29","tintindex":0},"east":{"uv":[8.6875,8.4375,8.75,8.5],"rotation":0,"texture":"#28b29bf9-9c27-b1c9-ac87-e7c1bc960c29","tintindex":0},"north":{"uv":[8.0625,1.0625,8.6875,1.125],"rotation":0,"texture":"#28b29bf9-9c27-b1c9-ac87-e7c1bc960c29","tintindex":0},"south":{"uv":[8.0625,1.125,8.6875,1.1875],"rotation":0,"texture":"#28b29bf9-9c27-b1c9-ac87-e7c1bc960c29","tintindex":0},"up":{"uv":[8.6875,1.75,8.0625,1.6875],"rotation":0,"texture":"#28b29bf9-9c27-b1c9-ac87-e7c1bc960c29","tintindex":0},"west":{"uv":[8.6875,8.5,8.75,8.5625],"rotation":0,"texture":"#28b29bf9-9c27-b1c9-ac87-e7c1bc960c29","tintindex":0}}},{"name":"cube","from":[5.48,5.1607995,10.2932005],"to":[10.52,5.6647997,10.4192],"rotation":{"angle":0.0,"axis":"x","origin":[8.0,5.6647997,9.4112]},"faces":{"down":{"uv":[6.875,8.25,7.375,8.3125],"rotation":0,"texture":"#28b29bf9-9c27-b1c9-ac87-e7c1bc960c29","tintindex":0},"east":{"uv":[3.0,8.6875,3.0625,8.75],"rotation":0,"texture":"#28b29bf9-9c27-b1c9-ac87-e7c1bc960c29","tintindex":0},"north":{"uv":[8.1875,6.8125,8.6875,6.875],"rotation":0,"texture":"#28b29bf9-9c27-b1c9-ac87-e7c1bc960c29","tintindex":0},"south":{"uv":[8.1875,6.875,8.6875,6.9375],"rotation":0,"texture":"#28b29bf9-9c27-b1c9-ac87-e7c1bc960c29","tintindex":0},"up":{"uv":[6.875,8.3125,6.375,8.25],"rotation":0,"texture":"#28b29bf9-9c27-b1c9-ac87-e7c1bc960c29","tintindex":0},"west":{"uv":[3.0625,8.6875,3.125,8.75],"rotation":0,"texture":"#28b29bf9-9c27-b1c9-ac87-e7c1bc960c29","tintindex":0}}},{"name":"cube","from":[5.48,5.1607995,4.8752],"to":[10.52,5.6647997,5.0011997],"rotation":{"angle":0.0,"axis":"x","origin":[8.0,5.6647997,3.9932]},"faces":{"down":{"uv":[8.25,4.6875,8.75,4.75],"rotation":0,"texture":"#28b29bf9-9c27-b1c9-ac87-e7c1bc960c29","tintindex":0},"east":{"uv":[8.6875,8.5625,8.75,8.625],"rotation":0,"texture":"#28b29bf9-9c27-b1c9-ac87-e7c1bc960c29","tintindex":0},"north":{"uv":[8.25,4.4375,8.75,4.5],"rotation":0,"texture":"#28b29bf9-9c27-b1c9-ac87-e7c1bc960c29","tintindex":0},"south":{"uv":[8.25,4.5,8.75,4.5625],"rotation":0,"texture":"#28b29bf9-9c27-b1c9-ac87-e7c1bc960c29","tintindex":0},"up":{"uv":[8.75,4.625,8.25,4.5625],"rotation":0,"texture":"#28b29bf9-9c27-b1c9-ac87-e7c1bc960c29","tintindex":0},"west":{"uv":[8.6875,8.625,8.75,8.6875],"rotation":0,"texture":"#28b29bf9-9c27-b1c9-ac87-e7c1bc960c29","tintindex":0}}},{"name":"cube","from":[5.984,4.6567993,10.2932005],"to":[10.016,5.1607995,10.4192],"rotation":{"angle":0.0,"axis":"x","origin":[8.0,5.1607995,9.4112]},"faces":{"down":{"uv":[5.8125,5.75,6.25,5.8125],"rotation":0,"texture":"#28b29bf9-9c27-b1c9-ac87-e7c1bc960c29","tintindex":0},"east":{"uv":[3.125,8.6875,3.1875,8.75],"rotation":0,"texture":"#28b29bf9-9c27-b1c9-ac87-e7c1bc960c29","tintindex":0},"north":{"uv":[2.4375,4.125,2.875,4.1875],"rotation":0,"texture":"#28b29bf9-9c27-b1c9-ac87-e7c1bc960c29","tintindex":0},"south":{"uv":[2.6875,4.75,3.125,4.8125],"rotation":0,"texture":"#28b29bf9-9c27-b1c9-ac87-e7c1bc960c29","tintindex":0},"up":{"uv":[5.625,4.3125,5.1875,4.25],"rotation":0,"texture":"#28b29bf9-9c27-b1c9-ac87-e7c1bc960c29","tintindex":0},"west":{"uv":[3.75,8.6875,3.8125,8.75],"rotation":0,"texture":"#28b29bf9-9c27-b1c9-ac87-e7c1bc960c29","tintindex":0}}},{"name":"cube","from":[5.984,4.6567993,4.8752],"to":[10.016,5.1607995,5.0011997],"rotation":{"angle":0.0,"axis":"x","origin":[8.0,5.1607995,3.9932]},"faces":{"down":{"uv":[8.25,7.6875,8.6875,7.75],"rotation":0,"texture":"#28b29bf9-9c27-b1c9-ac87-e7c1bc960c29","tintindex":0},"east":{"uv":[0.0,8.75,0.0625,8.8125],"rotation":0,"texture":"#28b29bf9-9c27-b1c9-ac87-e7c1bc960c29","tintindex":0},"north":{"uv":[8.25,5.875,8.6875,5.9375],"rotation":0,"texture":"#28b29bf9-9c27-b1c9-ac87-e7c1bc960c29","tintindex":0},"south":{"uv":[8.25,7.5625,8.6875,7.625],"rotation":0,"texture":"#28b29bf9-9c27-b1c9-ac87-e7c1bc960c29","tintindex":0},"up":{"uv":[8.6875,7.6875,8.25,7.625],"rotation":0,"texture":"#28b29bf9-9c27-b1c9-ac87-e7c1bc960c29","tintindex":0},"west":{"uv":[0.0625,8.75,0.125,8.8125],"rotation":0,"texture":"#28b29bf9-9c27-b1c9-ac87-e7c1bc960c29","tintindex":0}}},{"name":"cube","from":[6.488,4.1527996,10.2932005],"to":[9.512001,4.6567993,10.4192],"rotation":{"angle":0.0,"axis":"x","origin":[8.0,4.6567993,9.4112]},"faces":{"down":{"uv":[7.9375,8.375,8.25,8.4375],"rotation":0,"texture":"#28b29bf9-9c27-b1c9-ac87-e7c1bc960c29","tintindex":0},"east":{"uv":[3.8125,8.6875,3.875,8.75],"rotation":0,"texture":"#28b29bf9-9c27-b1c9-ac87-e7c1bc960c29","tintindex":0},"north":{"uv":[7.0,8.375,7.3125,8.4375],"rotation":0,"texture":"#28b29bf9-9c27-b1c9-ac87-e7c1bc960c29","tintindex":0},"south":{"uv":[7.3125,8.375,7.625,8.4375],"rotation":0,"texture":"#28b29bf9-9c27-b1c9-ac87-e7c1bc960c29","tintindex":0},"up":{"uv":[7.9375,8.4375,7.625,8.375],"rotation":0,"texture":"#28b29bf9-9c27-b1c9-ac87-e7c1bc960c29","tintindex":0},"west":{"uv":[3.875,8.6875,3.9375,8.75],"rotation":0,"texture":"#28b29bf9-9c27-b1c9-ac87-e7c1bc960c29","tintindex":0}}},{"name":"cube","from":[6.488,4.1527996,4.8752],"to":[9.512001,4.6567993,5.0011997],"rotation":{"angle":0.0,"axis":"x","origin":[8.0,4.6567993,3.9932]},"faces":{"down":{"uv":[2.25,8.4375,2.5625,8.5],"rotation":0,"texture":"#28b29bf9-9c27-b1c9-ac87-e7c1bc960c29","tintindex":0},"east":{"uv":[0.125,8.75,0.1875,8.8125],"rotation":0,"texture":"#28b29bf9-9c27-b1c9-ac87-e7c1bc960c29","tintindex":0},"north":{"uv":[8.375,6.5,8.6875,6.5625],"rotation":0,"texture":"#28b29bf9-9c27-b1c9-ac87-e7c1bc960c29","tintindex":0},"south":{"uv":[0.25,8.4375,0.5625,8.5],"rotation":0,"texture":"#28b29bf9-9c27-b1c9-ac87-e7c1bc960c29","tintindex":0},"up":{"uv":[2.25,8.5,1.9375,8.4375],"rotation":0,"texture":"#28b29bf9-9c27-b1c9-ac87-e7c1bc960c29","tintindex":0},"west":{"uv":[0.1875,8.75,0.25,8.8125],"rotation":0,"texture":"#28b29bf9-9c27-b1c9-ac87-e7c1bc960c29","tintindex":0}}},{"name":"cube","from":[8.504,8.1848,5.3792],"to":[13.04,9.6968,9.915199],"rotation":{"angle":0.0,"axis":"x","origin":[8.0,6.6728,9.4112]},"faces":{"down":{"uv":[4.5625,5.0625,5.0625,5.5625],"rotation":0,"texture":"#28b29bf9-9c27-b1c9-ac87-e7c1bc960c29","tintindex":0},"east":{"uv":[4.5,3.0,5.0,3.1875],"rotation":0,"texture":"#28b29bf9-9c27-b1c9-ac87-e7c1bc960c29","tintindex":0},"north":{"uv":[1.625,2.5625,2.125,2.75],"rotation":0,"texture":"#28b29bf9-9c27-b1c9-ac87-e7c1bc960c29","tintindex":0},"south":{"uv":[7.25,4.4375,7.75,4.625],"rotation":0,"texture":"#28b29bf9-9c27-b1c9-ac87-e7c1bc960c29","tintindex":0},"up":{"uv":[4.5625,5.5625,4.0625,5.0625],"rotation":0,"texture":"#28b29bf9-9c27-b1c9-ac87-e7c1bc960c29","tintindex":0},"west":{"uv":[7.25,6.25,7.75,6.4375],"rotation":0,"texture":"#28b29bf9-9c27-b1c9-ac87-e7c1bc960c29","tintindex":0}}},{"name":"cube","from":[7.496,9.1928,5.3792],"to":[8.504,9.6968,9.915199],"rotation":{"angle":0.0,"axis":"x","origin":[8.0,6.6728,9.4112]},"faces":{"down":{"uv":[6.625,7.5625,6.75,8.0625],"rotation":0,"texture":"#28b29bf9-9c27-b1c9-ac87-e7c1bc960c29","tintindex":0},"east":{"uv":[8.1875,6.25,8.6875,6.3125],"rotation":0,"texture":"#28b29bf9-9c27-b1c9-ac87-e7c1bc960c29","tintindex":0},"north":{"uv":[0.6875,4.3125,0.8125,4.375],"rotation":0,"texture":"#28b29bf9-9c27-b1c9-ac87-e7c1bc960c29","tintindex":0},"south":{"uv":[1.8125,5.125,1.9375,5.1875],"rotation":0,"texture":"#28b29bf9-9c27-b1c9-ac87-e7c1bc960c29","tintindex":0},"up":{"uv":[5.375,8.0,5.25,7.5],"rotation":0,"texture":"#28b29bf9-9c27-b1c9-ac87-e7c1bc960c29","tintindex":0},"west":{"uv":[8.1875,6.3125,8.6875,6.375],"rotation":0,"texture":"#28b29bf9-9c27-b1c9-ac87-e7c1bc960c29","tintindex":0}}},{"name":"cube","from":[7.496,8.688801,5.3792],"to":[8.504,9.1928,9.915199],"rotation":{"angle":0.0,"axis":"x","origin":[8.0,6.1688,9.4112]},"faces":{"down":{"uv":[6.875,7.5625,7.0,8.0625],"rotation":0,"texture":"#28b29bf9-9c27-b1c9-ac87-e7c1bc960c29","tintindex":0},"east":{"uv":[8.1875,6.375,8.6875,6.4375],"rotation":0,"texture":"#28b29bf9-9c27-b1c9-ac87-e7c1bc960c29","tintindex":0},"north":{"uv":[3.3125,5.25,3.4375,5.3125],"rotation":0,"texture":"#28b29bf9-9c27-b1c9-ac87-e7c1bc960c29","tintindex":0},"south":{"uv":[6.125,4.0625,6.25,4.125],"rotation":0,"texture":"#28b29bf9-9c27-b1c9-ac87-e7c1bc960c29","tintindex":0},"up":{"uv":[6.875,8.0625,6.75,7.5625],"rotation":0,"texture":"#28b29bf9-9c27-b1c9-ac87-e7c1bc960c29","tintindex":0},"west":{"uv":[8.1875,6.4375,8.6875,6.5],"rotation":0,"texture":"#28b29bf9-9c27-b1c9-ac87-e7c1bc960c29","tintindex":0}}},{"name":"cube","from":[2.96,8.1848,5.3792],"to":[7.496,9.6968,9.915199],"rotation":{"angle":0.0,"axis":"x","origin":[2.4559999,6.6728,9.4112]},"faces":{"down":{"uv":[1.3125,5.125,1.8125,5.625],"rotation":0,"texture":"#28b29bf9-9c27-b1c9-ac87-e7c1bc960c29","tintindex":0},"east":{"uv":[6.5625,7.3125,7.0625,7.5],"rotation":0,"texture":"#28b29bf9-9c27-b1c9-ac87-e7c1bc960c29","tintindex":0},"north":{"uv":[3.8125,7.3125,4.3125,7.5],"rotation":0,"texture":"#28b29bf9-9c27-b1c9-ac87-e7c1bc960c29","tintindex":0},"south":{"uv":[7.0625,7.3125,7.5625,7.5],"rotation":0,"texture":"#28b29bf9-9c27-b1c9-ac87-e7c1bc960c29","tintindex":0},"up":{"uv":[5.5625,5.5625,5.0625,5.0625],"rotation":0,"texture":"#28b29bf9-9c27-b1c9-ac87-e7c1bc960c29","tintindex":0},"west":{"uv":[7.3125,1.6875,7.8125,1.875],"rotation":0,"texture":"#28b29bf9-9c27-b1c9-ac87-e7c1bc960c29","tintindex":0}}}],"display":{"head":{"translation":[0.0,-6.4,0.0],"rotation":[0.0,0.0,0.0],"scale":[3.8095,3.8095,3.8095]},"gui":{"translation":[0.0,0.0,0.0],"rotation":[35.0,225.0,0.0],"scale":[0.625,0.625,0.625]}}}