{"file_name":"rightfoot","texture_size":[256,256],"textures":{"28b29bf9-9c27-b1c9-ac87-e7c1bc960c29":"modelengine:entity/orcboss"},"elements":[{"name":"cube","from":[6.236,6.5349092,4.724],"to":[9.764,7.0389094,9.512001],"rotation":{"angle":0.0,"axis":"x","origin":[10.771999,5.5269094,9.764]},"faces":{"down":{"uv":[1.5625,6.1875,1.9375,6.6875],"rotation":0,"texture":"#28b29bf9-9c27-b1c9-ac87-e7c1bc960c29","tintindex":0},"east":{"uv":[8.1875,5.625,8.6875,5.6875],"rotation":0,"texture":"#28b29bf9-9c27-b1c9-ac87-e7c1bc960c29","tintindex":0},"north":{"uv":[3.8125,7.125,4.1875,7.1875],"rotation":0,"texture":"#28b29bf9-9c27-b1c9-ac87-e7c1bc960c29","tintindex":0},"south":{"uv":[2.3125,8.25,2.6875,8.3125],"rotation":0,"texture":"#28b29bf9-9c27-b1c9-ac87-e7c1bc960c29","tintindex":0},"up":{"uv":[6.5,4.0625,6.125,3.5625],"rotation":0,"texture":"#28b29bf9-9c27-b1c9-ac87-e7c1bc960c29","tintindex":0},"west":{"uv":[8.1875,5.6875,8.6875,5.75],"rotation":0,"texture":"#28b29bf9-9c27-b1c9-ac87-e7c1bc960c29","tintindex":0}}},{"name":"cube","from":[6.488,7.542909,6.236],"to":[9.512001,8.046909,9.26],"rotation":{"angle":0.0,"axis":"x","origin":[10.771999,6.030909,9.764]},"faces":{"down":{"uv":[7.1875,5.75,7.5,6.0625],"rotation":0,"texture":"#28b29bf9-9c27-b1c9-ac87-e7c1bc960c29","tintindex":0},"east":{"uv":[8.3125,8.25,8.625,8.3125],"rotation":0,"texture":"#28b29bf9-9c27-b1c9-ac87-e7c1bc960c29","tintindex":0},"north":{"uv":[8.3125,8.1875,8.625,8.25],"rotation":0,"texture":"#28b29bf9-9c27-b1c9-ac87-e7c1bc960c29","tintindex":0},"south":{"uv":[0.25,8.375,0.5625,8.4375],"rotation":0,"texture":"#28b29bf9-9c27-b1c9-ac87-e7c1bc960c29","tintindex":0},"up":{"uv":[7.5,0.9375,7.1875,0.625],"rotation":0,"texture":"#28b29bf9-9c27-b1c9-ac87-e7c1bc960c29","tintindex":0},"west":{"uv":[2.125,8.375,2.4375,8.4375],"rotation":0,"texture":"#28b29bf9-9c27-b1c9-ac87-e7c1bc960c29","tintindex":0}}},{"name":"cube","from":[6.362,7.0389094,5.9839997],"to":[9.6380005,7.542909,9.26],"rotation":{"angle":0.0,"axis":"x","origin":[10.771999,5.5269094,9.764]},"faces":{"down":{"uv":[2.5,7.25,2.8125,7.5625],"rotation":0,"texture":"#28b29bf9-9c27-b1c9-ac87-e7c1bc960c29","tintindex":0},"east":{"uv":[5.0,8.375,5.3125,8.4375],"rotation":0,"texture":"#28b29bf9-9c27-b1c9-ac87-e7c1bc960c29","tintindex":0},"north":{"uv":[3.8125,8.375,4.125,8.4375],"rotation":0,"texture":"#28b29bf9-9c27-b1c9-ac87-e7c1bc960c29","tintindex":0},"south":{"uv":[6.375,8.375,6.6875,8.4375],"rotation":0,"texture":"#28b29bf9-9c27-b1c9-ac87-e7c1bc960c29","tintindex":0},"up":{"uv":[2.5,7.5625,2.1875,7.25],"rotation":0,"texture":"#28b29bf9-9c27-b1c9-ac87-e7c1bc960c29","tintindex":0},"west":{"uv":[6.6875,8.375,7.0,8.4375],"rotation":0,"texture":"#28b29bf9-9c27-b1c9-ac87-e7c1bc960c29","tintindex":0}}},{"name":"cube","from":[6.362,6.5349092,4.472],"to":[6.9919996,7.542909,5.9839997],"rotation":{"angle":0.0,"axis":"x","origin":[10.771999,5.5269094,9.764]},"faces":{"down":{"uv":[7.0625,8.4375,7.125,8.625],"rotation":0,"texture":"#28b29bf9-9c27-b1c9-ac87-e7c1bc960c29","tintindex":0},"east":{"uv":[3.8125,8.25,4.0,8.375],"rotation":0,"texture":"#28b29bf9-9c27-b1c9-ac87-e7c1bc960c29","tintindex":0},"north":{"uv":[2.4375,7.6875,2.5,7.8125],"rotation":0,"texture":"#28b29bf9-9c27-b1c9-ac87-e7c1bc960c29","tintindex":0},"south":{"uv":[2.5,8.3125,2.5625,8.4375],"rotation":0,"texture":"#28b29bf9-9c27-b1c9-ac87-e7c1bc960c29","tintindex":0},"up":{"uv":[7.0625,8.625,7.0,8.4375],"rotation":0,"texture":"#28b29bf9-9c27-b1c9-ac87-e7c1bc960c29","tintindex":0},"west":{"uv":[4.0,8.25,4.1875,8.375],"rotation":0,"texture":"#28b29bf9-9c27-b1c9-ac87-e7c1bc960c29","tintindex":0}}},{"name":"cube","from":[6.362,6.5349092,3.968],"to":[6.9919996,7.0389094,4.472],"rotation":{"angle":0.0,"axis":"x","origin":[10.771999,5.5269094,9.764]},"faces":{"down":{"uv":[8.625,8.1875,8.6875,8.25],"rotation":0,"texture":"#28b29bf9-9c27-b1c9-ac87-e7c1bc960c29","tintindex":0},"east":{"uv":[8.625,7.9375,8.6875,8.0],"rotation":0,"texture":"#28b29bf9-9c27-b1c9-ac87-e7c1bc960c29","tintindex":0},"north":{"uv":[8.625,7.875,8.6875,7.9375],"rotation":0,"texture":"#28b29bf9-9c27-b1c9-ac87-e7c1bc960c29","tintindex":0},"south":{"uv":[8.625,8.0,8.6875,8.0625],"rotation":0,"texture":"#28b29bf9-9c27-b1c9-ac87-e7c1bc960c29","tintindex":0},"up":{"uv":[8.6875,8.1875,8.625,8.125],"rotation":0,"texture":"#28b29bf9-9c27-b1c9-ac87-e7c1bc960c29","tintindex":0},"west":{"uv":[8.625,8.0625,8.6875,8.125],"rotation":0,"texture":"#28b29bf9-9c27-b1c9-ac87-e7c1bc960c29","tintindex":0}}},{"name":"cube","from":[7.244,6.5349092,3.968],"to":[7.874,7.0389094,4.472],"rotation":{"angle":0.0,"axis":"x","origin":[11.654,5.5269094,9.764]},"faces":{"down":{"uv":[0.625,8.6875,0.6875,8.75],"rotation":0,"texture":"#28b29bf9-9c27-b1c9-ac87-e7c1bc960c29","tintindex":0},"east":{"uv":[8.625,8.3125,8.6875,8.375],"rotation":0,"texture":"#28b29bf9-9c27-b1c9-ac87-e7c1bc960c29","tintindex":0},"north":{"uv":[8.625,8.25,8.6875,8.3125],"rotation":0,"texture":"#28b29bf9-9c27-b1c9-ac87-e7c1bc960c29","tintindex":0},"south":{"uv":[8.625,8.4375,8.6875,8.5],"rotation":0,"texture":"#28b29bf9-9c27-b1c9-ac87-e7c1bc960c29","tintindex":0},"up":{"uv":[0.5625,8.75,0.5,8.6875],"rotation":0,"texture":"#28b29bf9-9c27-b1c9-ac87-e7c1bc960c29","tintindex":0},"west":{"uv":[0.4375,8.6875,0.5,8.75],"rotation":0,"texture":"#28b29bf9-9c27-b1c9-ac87-e7c1bc960c29","tintindex":0}}},{"name":"cube","from":[8.125999,6.5349092,3.968],"to":[8.7560005,7.0389094,4.472],"rotation":{"angle":0.0,"axis":"x","origin":[12.536,5.5269094,9.764]},"faces":{"down":{"uv":[1.5625,8.6875,1.625,8.75],"rotation":0,"texture":"#28b29bf9-9c27-b1c9-ac87-e7c1bc960c29","tintindex":0},"east":{"uv":[0.8125,8.6875,0.875,8.75],"rotation":0,"texture":"#28b29bf9-9c27-b1c9-ac87-e7c1bc960c29","tintindex":0},"north":{"uv":[0.75,8.6875,0.8125,8.75],"rotation":0,"texture":"#28b29bf9-9c27-b1c9-ac87-e7c1bc960c29","tintindex":0},"south":{"uv":[0.875,8.6875,0.9375,8.75],"rotation":0,"texture":"#28b29bf9-9c27-b1c9-ac87-e7c1bc960c29","tintindex":0},"up":{"uv":[1.4375,8.75,1.375,8.6875],"rotation":0,"texture":"#28b29bf9-9c27-b1c9-ac87-e7c1bc960c29","tintindex":0},"west":{"uv":[0.9375,8.6875,1.0,8.75],"rotation":0,"texture":"#28b29bf9-9c27-b1c9-ac87-e7c1bc960c29","tintindex":0}}},{"name":"cube","from":[9.008,6.5349092,3.968],"to":[9.6380005,7.0389094,4.472],"rotation":{"angle":0.0,"axis":"x","origin":[13.417999,5.5269094,9.764]},"faces":{"down":{"uv":[1.9375,8.6875,2.0,8.75],"rotation":0,"texture":"#28b29bf9-9c27-b1c9-ac87-e7c1bc960c29","tintindex":0},"east":{"uv":[1.6875,8.6875,1.75,8.75],"rotation":0,"texture":"#28b29bf9-9c27-b1c9-ac87-e7c1bc960c29","tintindex":0},"north":{"uv":[1.625,8.6875,1.6875,8.75],"rotation":0,"texture":"#28b29bf9-9c27-b1c9-ac87-e7c1bc960c29","tintindex":0},"south":{"uv":[1.75,8.6875,1.8125,8.75],"rotation":0,"texture":"#28b29bf9-9c27-b1c9-ac87-e7c1bc960c29","tintindex":0},"up":{"uv":[1.9375,8.75,1.875,8.6875],"rotation":0,"texture":"#28b29bf9-9c27-b1c9-ac87-e7c1bc960c29","tintindex":0},"west":{"uv":[1.8125,8.6875,1.875,8.75],"rotation":0,"texture":"#28b29bf9-9c27-b1c9-ac87-e7c1bc960c29","tintindex":0}}},{"name":"cube","from":[7.244,6.5349092,4.472],"to":[7.874,7.542909,5.9839997],"rotation":{"angle":0.0,"axis":"x","origin":[11.654,5.5269094,9.764]},"faces":{"down":{"uv":[7.1875,8.4375,7.25,8.625],"rotation":0,"texture":"#28b29bf9-9c27-b1c9-ac87-e7c1bc960c29","tintindex":0},"east":{"uv":[5.0,8.25,5.1875,8.375],"rotation":0,"texture":"#28b29bf9-9c27-b1c9-ac87-e7c1bc960c29","tintindex":0},"north":{"uv":[5.1875,8.5625,5.25,8.6875],"rotation":0,"texture":"#28b29bf9-9c27-b1c9-ac87-e7c1bc960c29","tintindex":0},"south":{"uv":[6.9375,8.5625,7.0,8.6875],"rotation":0,"texture":"#28b29bf9-9c27-b1c9-ac87-e7c1bc960c29","tintindex":0},"up":{"uv":[7.1875,8.625,7.125,8.4375],"rotation":0,"texture":"#28b29bf9-9c27-b1c9-ac87-e7c1bc960c29","tintindex":0},"west":{"uv":[5.1875,8.25,5.375,8.375],"rotation":0,"texture":"#28b29bf9-9c27-b1c9-ac87-e7c1bc960c29","tintindex":0}}},{"name":"cube","from":[9.008,6.5349092,4.472],"to":[9.6380005,7.542909,5.9839997],"rotation":{"angle":0.0,"axis":"x","origin":[13.417999,5.5269094,9.764]},"faces":{"down":{"uv":[7.3125,8.4375,7.375,8.625],"rotation":0,"texture":"#28b29bf9-9c27-b1c9-ac87-e7c1bc960c29","tintindex":0},"east":{"uv":[7.875,8.25,8.0625,8.375],"rotation":0,"texture":"#28b29bf9-9c27-b1c9-ac87-e7c1bc960c29","tintindex":0},"north":{"uv":[8.5625,7.0625,8.625,7.1875],"rotation":0,"texture":"#28b29bf9-9c27-b1c9-ac87-e7c1bc960c29","tintindex":0},"south":{"uv":[0.0,8.625,0.0625,8.75],"rotation":0,"texture":"#28b29bf9-9c27-b1c9-ac87-e7c1bc960c29","tintindex":0},"up":{"uv":[7.3125,8.625,7.25,8.4375],"rotation":0,"texture":"#28b29bf9-9c27-b1c9-ac87-e7c1bc960c29","tintindex":0},"west":{"uv":[8.25,7.75,8.4375,7.875],"rotation":0,"texture":"#28b29bf9-9c27-b1c9-ac87-e7c1bc960c29","tintindex":0}}},{"name":"cube","from":[8.125999,6.5349092,4.472],"to":[8.7560005,7.542909,5.9839997],"rotation":{"angle":0.0,"axis":"x","origin":[12.536,5.5269094,9.764]},"faces":{"down":{"uv":[7.4375,8.4375,7.5,8.625],"rotation":0,"texture":"#28b29bf9-9c27-b1c9-ac87-e7c1bc960c29","tintindex":0},"east":{"uv":[0.75,8.3125,0.9375,8.4375],"rotation":0,"texture":"#28b29bf9-9c27-b1c9-ac87-e7c1bc960c29","tintindex":0},"north":{"uv":[0.0625,8.625,0.125,8.75],"rotation":0,"texture":"#28b29bf9-9c27-b1c9-ac87-e7c1bc960c29","tintindex":0},"south":{"uv":[0.125,8.625,0.1875,8.75],"rotation":0,"texture":"#28b29bf9-9c27-b1c9-ac87-e7c1bc960c29","tintindex":0},"up":{"uv":[7.4375,8.625,7.375,8.4375],"rotation":0,"texture":"#28b29bf9-9c27-b1c9-ac87-e7c1bc960c29","tintindex":0},"west":{"uv":[1.9375,8.3125,2.125,8.4375],"rotation":0,"texture":"#28b29bf9-9c27-b1c9-ac87-e7c1bc960c29","tintindex":0}}}],"display":{"head":{"translation":[0.0,-6.4,0.0],"rotation":[0.0,0.0,0.0],"scale":[3.8095,3.8095,3.8095]},"gui":{"translation":[0.0,0.0,0.0],"rotation":[35.0,225.0,0.0],"scale":[0.625,0.625,0.625]}}}