{"file_name":"shield","texture_size":[64,64],"textures":{"8fbd413e-8404-a815-48ea-73ba209a6179":"modelengine:entity/goblin"},"elements":[{"name":"cube","from":[6.2,2.8090835,3.3517313],"to":[6.8,7.6090837,8.1517315],"rotation":{"angle":0.0,"axis":"x","origin":[6.2,5.8090835,5.1517315]},"faces":{"down":{"uv":[7.25,11.5,7.0,13.5],"rotation":0,"texture":"#8fbd413e-8404-a815-48ea-73ba209a6179","tintindex":0},"east":{"uv":[2.0,4.75,4.0,6.75],"rotation":0,"texture":"#8fbd413e-8404-a815-48ea-73ba209a6179","tintindex":0},"north":{"uv":[7.25,11.5,7.5,13.5],"rotation":0,"texture":"#8fbd413e-8404-a815-48ea-73ba209a6179","tintindex":0},"south":{"uv":[7.5,11.5,7.75,13.5],"rotation":0,"texture":"#8fbd413e-8404-a815-48ea-73ba209a6179","tintindex":0},"up":{"uv":[6.75,11.5,7.0,13.5],"rotation":0,"texture":"#8fbd413e-8404-a815-48ea-73ba209a6179","tintindex":0},"west":{"uv":[0.0,4.0,2.0,6.0],"rotation":0,"texture":"#8fbd413e-8404-a815-48ea-73ba209a6179","tintindex":0}}},{"name":"cube","from":[6.8,4.3492393,6.7622747],"to":[8.6,6.1492395,9.762275],"rotation":{"angle":-22.5,"axis":"x","origin":[8.6,3.1492395,7.962274]},"faces":{"down":{"uv":[1.5,10.25,0.75,11.5],"rotation":0,"texture":"#8fbd413e-8404-a815-48ea-73ba209a6179","tintindex":0},"east":{"uv":[11.25,9.0,10.0,9.75],"rotation":0,"texture":"#8fbd413e-8404-a815-48ea-73ba209a6179","tintindex":0},"north":{"uv":[1.5,11.5,0.75,12.25],"rotation":0,"texture":"#8fbd413e-8404-a815-48ea-73ba209a6179","tintindex":0},"south":{"uv":[3.5,11.5,2.75,12.25],"rotation":0,"texture":"#8fbd413e-8404-a815-48ea-73ba209a6179","tintindex":0},"up":{"uv":[0.0,11.5,0.75,10.25],"rotation":0,"texture":"#8fbd413e-8404-a815-48ea-73ba209a6179","tintindex":0},"west":{"uv":[11.25,2.25,10.0,3.0],"rotation":0,"texture":"#8fbd413e-8404-a815-48ea-73ba209a6179","tintindex":0}}},{"name":"cube","from":[6.8,3.7986748,3.3943982],"to":[8.6,5.598675,6.3943987],"rotation":{"angle":0.0,"axis":"x","origin":[8.6,2.5986745,5.7943993]},"faces":{"down":{"uv":[10.75,7.75,10.0,9.0],"rotation":0,"texture":"#8fbd413e-8404-a815-48ea-73ba209a6179","tintindex":0},"east":{"uv":[11.25,10.0,10.0,10.75],"rotation":0,"texture":"#8fbd413e-8404-a815-48ea-73ba209a6179","tintindex":0},"north":{"uv":[12.0,2.0,11.25,2.75],"rotation":0,"texture":"#8fbd413e-8404-a815-48ea-73ba209a6179","tintindex":0},"south":{"uv":[0.75,11.5,0.0,12.25],"rotation":0,"texture":"#8fbd413e-8404-a815-48ea-73ba209a6179","tintindex":0},"up":{"uv":[10.0,2.25,10.75,1.0],"rotation":0,"texture":"#8fbd413e-8404-a815-48ea-73ba209a6179","tintindex":0},"west":{"uv":[11.0,4.25,9.75,5.0],"rotation":0,"texture":"#8fbd413e-8404-a815-48ea-73ba209a6179","tintindex":0}}}],"display":{"head":{"translation":[0.0,-6.4,0.0],"rotation":[0.0,0.0,0.0],"scale":[3.8095,3.8095,3.8095]},"gui":{"translation":[0.0,0.0,0.0],"rotation":[35.0,225.0,0.0],"scale":[0.625,0.625,0.625]}}}