{"file_name":"lomb","texture_size":[16,16],"textures":{"0e169796-9d38-e44e-1f9c-9814cc503ae9":"modelengine:entity/oaktree"},"elements":[{"name":"cube","from":[2.8444445,20.800003,2.1333332],"to":[12.444445,30.400002,11.733334],"rotation":{"angle":0.0,"axis":"x","origin":[7.6444445,20.800003,6.9333334]},"faces":{"down":{"uv":[8.0,0.0,4.0,4.0],"rotation":0,"texture":"#0e169796-9d38-e44e-1f9c-9814cc503ae9","tintindex":0},"east":{"uv":[4.0,0.0,8.0,4.0],"rotation":0,"texture":"#0e169796-9d38-e44e-1f9c-9814cc503ae9","tintindex":0},"north":{"uv":[4.0,0.0,8.0,4.0],"rotation":0,"texture":"#0e169796-9d38-e44e-1f9c-9814cc503ae9","tintindex":0},"south":{"uv":[4.0,0.0,8.0,4.0],"rotation":0,"texture":"#0e169796-9d38-e44e-1f9c-9814cc503ae9","tintindex":0},"up":{"uv":[4.0,0.0,8.0,4.0],"rotation":0,"texture":"#0e169796-9d38-e44e-1f9c-9814cc503ae9","tintindex":0},"west":{"uv":[4.0,0.0,8.0,4.0],"rotation":0,"texture":"#0e169796-9d38-e44e-1f9c-9814cc503ae9","tintindex":0}}},{"name":"cube","from":[2.8444445,20.800003,-7.466668],"to":[12.444445,30.400002,2.1333332],"rotation":{"angle":0.0,"axis":"x","origin":[7.6444445,20.800003,-2.6666675]},"faces":{"down":{"uv":[8.0,0.0,4.0,4.0],"rotation":0,"texture":"#0e169796-9d38-e44e-1f9c-9814cc503ae9","tintindex":0},"east":{"uv":[4.0,0.0,8.0,4.0],"rotation":0,"texture":"#0e169796-9d38-e44e-1f9c-9814cc503ae9","tintindex":0},"north":{"uv":[4.0,0.0,8.0,4.0],"rotation":0,"texture":"#0e169796-9d38-e44e-1f9c-9814cc503ae9","tintindex":0},"south":{"uv":[4.0,0.0,8.0,4.0],"rotation":0,"texture":"#0e169796-9d38-e44e-1f9c-9814cc503ae9","tintindex":0},"up":{"uv":[4.0,0.0,8.0,4.0],"rotation":0,"texture":"#0e169796-9d38-e44e-1f9c-9814cc503ae9","tintindex":0},"west":{"uv":[4.0,0.0,8.0,4.0],"rotation":0,"texture":"#0e169796-9d38-e44e-1f9c-9814cc503ae9","tintindex":0}}},{"name":"cube","from":[12.444445,20.800003,-7.466668],"to":[22.044445,30.400002,2.1333332],"rotation":{"angle":0.0,"axis":"x","origin":[17.244446,20.800003,-2.6666675]},"faces":{"down":{"uv":[8.0,0.0,4.0,4.0],"rotation":0,"texture":"#0e169796-9d38-e44e-1f9c-9814cc503ae9","tintindex":0},"east":{"uv":[4.0,0.0,8.0,4.0],"rotation":0,"texture":"#0e169796-9d38-e44e-1f9c-9814cc503ae9","tintindex":0},"north":{"uv":[4.0,0.0,8.0,4.0],"rotation":0,"texture":"#0e169796-9d38-e44e-1f9c-9814cc503ae9","tintindex":0},"south":{"uv":[4.0,0.0,8.0,4.0],"rotation":0,"texture":"#0e169796-9d38-e44e-1f9c-9814cc503ae9","tintindex":0},"up":{"uv":[4.0,0.0,8.0,4.0],"rotation":0,"texture":"#0e169796-9d38-e44e-1f9c-9814cc503ae9","tintindex":0},"west":{"uv":[4.0,0.0,8.0,4.0],"rotation":0,"texture":"#0e169796-9d38-e44e-1f9c-9814cc503ae9","tintindex":0}}},{"name":"cube","from":[-6.755556,20.800003,11.733334],"to":[2.8444445,30.400002,21.333332],"rotation":{"angle":0.0,"axis":"x","origin":[-1.9555559,20.800003,16.533333]},"faces":{"down":{"uv":[8.0,0.0,4.0,4.0],"rotation":0,"texture":"#0e169796-9d38-e44e-1f9c-9814cc503ae9","tintindex":0},"east":{"uv":[4.0,0.0,8.0,4.0],"rotation":0,"texture":"#0e169796-9d38-e44e-1f9c-9814cc503ae9","tintindex":0},"north":{"uv":[4.0,0.0,8.0,4.0],"rotation":0,"texture":"#0e169796-9d38-e44e-1f9c-9814cc503ae9","tintindex":0},"south":{"uv":[4.0,0.0,8.0,4.0],"rotation":0,"texture":"#0e169796-9d38-e44e-1f9c-9814cc503ae9","tintindex":0},"up":{"uv":[4.0,0.0,8.0,4.0],"rotation":0,"texture":"#0e169796-9d38-e44e-1f9c-9814cc503ae9","tintindex":0},"west":{"uv":[4.0,0.0,8.0,4.0],"rotation":0,"texture":"#0e169796-9d38-e44e-1f9c-9814cc503ae9","tintindex":0}}},{"name":"cube","from":[22.044445,11.200002,-7.466668],"to":[31.644447,20.800003,2.1333332],"rotation":{"angle":0.0,"axis":"x","origin":[26.844448,11.200002,-2.6666675]},"faces":{"down":{"uv":[8.0,0.0,4.0,4.0],"rotation":0,"texture":"#0e169796-9d38-e44e-1f9c-9814cc503ae9","tintindex":0},"east":{"uv":[4.0,0.0,8.0,4.0],"rotation":0,"texture":"#0e169796-9d38-e44e-1f9c-9814cc503ae9","tintindex":0},"north":{"uv":[4.0,0.0,8.0,4.0],"rotation":0,"texture":"#0e169796-9d38-e44e-1f9c-9814cc503ae9","tintindex":0},"south":{"uv":[4.0,0.0,8.0,4.0],"rotation":0,"texture":"#0e169796-9d38-e44e-1f9c-9814cc503ae9","tintindex":0},"up":{"uv":[4.0,0.0,8.0,4.0],"rotation":0,"texture":"#0e169796-9d38-e44e-1f9c-9814cc503ae9","tintindex":0},"west":{"uv":[4.0,0.0,8.0,4.0],"rotation":0,"texture":"#0e169796-9d38-e44e-1f9c-9814cc503ae9","tintindex":0}}},{"name":"cube","from":[22.044445,11.200002,2.1333332],"to":[31.644447,20.800003,11.733334],"rotation":{"angle":0.0,"axis":"x","origin":[26.844448,11.200002,6.9333334]},"faces":{"down":{"uv":[8.0,0.0,4.0,4.0],"rotation":0,"texture":"#0e169796-9d38-e44e-1f9c-9814cc503ae9","tintindex":0},"east":{"uv":[4.0,0.0,8.0,4.0],"rotation":0,"texture":"#0e169796-9d38-e44e-1f9c-9814cc503ae9","tintindex":0},"north":{"uv":[4.0,0.0,8.0,4.0],"rotation":0,"texture":"#0e169796-9d38-e44e-1f9c-9814cc503ae9","tintindex":0},"south":{"uv":[4.0,0.0,8.0,4.0],"rotation":0,"texture":"#0e169796-9d38-e44e-1f9c-9814cc503ae9","tintindex":0},"up":{"uv":[4.0,0.0,8.0,4.0],"rotation":0,"texture":"#0e169796-9d38-e44e-1f9c-9814cc503ae9","tintindex":0},"west":{"uv":[4.0,0.0,8.0,4.0],"rotation":0,"texture":"#0e169796-9d38-e44e-1f9c-9814cc503ae9","tintindex":0}}},{"name":"cube","from":[12.444445,11.200002,2.1333332],"to":[22.044445,20.800003,11.733334],"rotation":{"angle":0.0,"axis":"x","origin":[17.244446,11.200002,6.9333334]},"faces":{"down":{"uv":[8.0,0.0,4.0,4.0],"rotation":0,"texture":"#0e169796-9d38-e44e-1f9c-9814cc503ae9","tintindex":0},"east":{"uv":[4.0,0.0,8.0,4.0],"rotation":0,"texture":"#0e169796-9d38-e44e-1f9c-9814cc503ae9","tintindex":0},"north":{"uv":[4.0,0.0,8.0,4.0],"rotation":0,"texture":"#0e169796-9d38-e44e-1f9c-9814cc503ae9","tintindex":0},"south":{"uv":[4.0,0.0,8.0,4.0],"rotation":0,"texture":"#0e169796-9d38-e44e-1f9c-9814cc503ae9","tintindex":0},"up":{"uv":[4.0,0.0,8.0,4.0],"rotation":0,"texture":"#0e169796-9d38-e44e-1f9c-9814cc503ae9","tintindex":0},"west":{"uv":[4.0,0.0,8.0,4.0],"rotation":0,"texture":"#0e169796-9d38-e44e-1f9c-9814cc503ae9","tintindex":0}}},{"name":"cube","from":[12.444445,11.200002,11.733334],"to":[22.044445,20.800003,21.333332],"rotation":{"angle":0.0,"axis":"x","origin":[17.244446,11.200002,16.533333]},"faces":{"down":{"uv":[8.0,0.0,4.0,4.0],"rotation":0,"texture":"#0e169796-9d38-e44e-1f9c-9814cc503ae9","tintindex":0},"east":{"uv":[4.0,0.0,8.0,4.0],"rotation":0,"texture":"#0e169796-9d38-e44e-1f9c-9814cc503ae9","tintindex":0},"north":{"uv":[4.0,0.0,8.0,4.0],"rotation":0,"texture":"#0e169796-9d38-e44e-1f9c-9814cc503ae9","tintindex":0},"south":{"uv":[4.0,0.0,8.0,4.0],"rotation":0,"texture":"#0e169796-9d38-e44e-1f9c-9814cc503ae9","tintindex":0},"up":{"uv":[4.0,0.0,8.0,4.0],"rotation":0,"texture":"#0e169796-9d38-e44e-1f9c-9814cc503ae9","tintindex":0},"west":{"uv":[4.0,0.0,8.0,4.0],"rotation":0,"texture":"#0e169796-9d38-e44e-1f9c-9814cc503ae9","tintindex":0}}},{"name":"cube","from":[2.8444445,11.200002,11.733334],"to":[12.444445,20.800003,21.333332],"rotation":{"angle":0.0,"axis":"x","origin":[7.6444445,11.200002,16.533333]},"faces":{"down":{"uv":[8.0,0.0,4.0,4.0],"rotation":0,"texture":"#0e169796-9d38-e44e-1f9c-9814cc503ae9","tintindex":0},"east":{"uv":[4.0,0.0,8.0,4.0],"rotation":0,"texture":"#0e169796-9d38-e44e-1f9c-9814cc503ae9","tintindex":0},"north":{"uv":[4.0,0.0,8.0,4.0],"rotation":0,"texture":"#0e169796-9d38-e44e-1f9c-9814cc503ae9","tintindex":0},"south":{"uv":[4.0,0.0,8.0,4.0],"rotation":0,"texture":"#0e169796-9d38-e44e-1f9c-9814cc503ae9","tintindex":0},"up":{"uv":[4.0,0.0,8.0,4.0],"rotation":0,"texture":"#0e169796-9d38-e44e-1f9c-9814cc503ae9","tintindex":0},"west":{"uv":[4.0,0.0,8.0,4.0],"rotation":0,"texture":"#0e169796-9d38-e44e-1f9c-9814cc503ae9","tintindex":0}}},{"name":"cube","from":[2.8444445,11.200002,21.333332],"to":[12.444445,20.800003,30.933334],"rotation":{"angle":0.0,"axis":"x","origin":[7.6444445,11.200002,26.133335]},"faces":{"down":{"uv":[8.0,0.0,4.0,4.0],"rotation":0,"texture":"#0e169796-9d38-e44e-1f9c-9814cc503ae9","tintindex":0},"east":{"uv":[4.0,0.0,8.0,4.0],"rotation":0,"texture":"#0e169796-9d38-e44e-1f9c-9814cc503ae9","tintindex":0},"north":{"uv":[4.0,0.0,8.0,4.0],"rotation":0,"texture":"#0e169796-9d38-e44e-1f9c-9814cc503ae9","tintindex":0},"south":{"uv":[4.0,0.0,8.0,4.0],"rotation":0,"texture":"#0e169796-9d38-e44e-1f9c-9814cc503ae9","tintindex":0},"up":{"uv":[4.0,0.0,8.0,4.0],"rotation":0,"texture":"#0e169796-9d38-e44e-1f9c-9814cc503ae9","tintindex":0},"west":{"uv":[4.0,0.0,8.0,4.0],"rotation":0,"texture":"#0e169796-9d38-e44e-1f9c-9814cc503ae9","tintindex":0}}},{"name":"cube","from":[-6.755556,11.200002,21.333332],"to":[2.8444445,20.800003,30.933334],"rotation":{"angle":0.0,"axis":"x","origin":[-1.9555559,11.200002,26.133335]},"faces":{"down":{"uv":[8.0,0.0,4.0,4.0],"rotation":0,"texture":"#0e169796-9d38-e44e-1f9c-9814cc503ae9","tintindex":0},"east":{"uv":[4.0,0.0,8.0,4.0],"rotation":0,"texture":"#0e169796-9d38-e44e-1f9c-9814cc503ae9","tintindex":0},"north":{"uv":[4.0,0.0,8.0,4.0],"rotation":0,"texture":"#0e169796-9d38-e44e-1f9c-9814cc503ae9","tintindex":0},"south":{"uv":[4.0,0.0,8.0,4.0],"rotation":0,"texture":"#0e169796-9d38-e44e-1f9c-9814cc503ae9","tintindex":0},"up":{"uv":[4.0,0.0,8.0,4.0],"rotation":0,"texture":"#0e169796-9d38-e44e-1f9c-9814cc503ae9","tintindex":0},"west":{"uv":[4.0,0.0,8.0,4.0],"rotation":0,"texture":"#0e169796-9d38-e44e-1f9c-9814cc503ae9","tintindex":0}}},{"name":"cube","from":[-6.755556,1.6000012,21.333332],"to":[2.8444445,11.200002,30.933334],"rotation":{"angle":0.0,"axis":"x","origin":[-1.9555559,1.6000012,26.133335]},"faces":{"down":{"uv":[8.0,0.0,4.0,4.0],"rotation":0,"texture":"#0e169796-9d38-e44e-1f9c-9814cc503ae9","tintindex":0},"east":{"uv":[4.0,0.0,8.0,4.0],"rotation":0,"texture":"#0e169796-9d38-e44e-1f9c-9814cc503ae9","tintindex":0},"north":{"uv":[4.0,0.0,8.0,4.0],"rotation":0,"texture":"#0e169796-9d38-e44e-1f9c-9814cc503ae9","tintindex":0},"south":{"uv":[4.0,0.0,8.0,4.0],"rotation":0,"texture":"#0e169796-9d38-e44e-1f9c-9814cc503ae9","tintindex":0},"up":{"uv":[4.0,0.0,8.0,4.0],"rotation":0,"texture":"#0e169796-9d38-e44e-1f9c-9814cc503ae9","tintindex":0},"west":{"uv":[4.0,0.0,8.0,4.0],"rotation":0,"texture":"#0e169796-9d38-e44e-1f9c-9814cc503ae9","tintindex":0}}},{"name":"cube","from":[2.8444445,1.6000012,21.333332],"to":[12.444445,11.200002,30.933334],"rotation":{"angle":0.0,"axis":"x","origin":[7.6444445,1.6000012,26.133335]},"faces":{"down":{"uv":[8.0,0.0,4.0,4.0],"rotation":0,"texture":"#0e169796-9d38-e44e-1f9c-9814cc503ae9","tintindex":0},"east":{"uv":[4.0,0.0,8.0,4.0],"rotation":0,"texture":"#0e169796-9d38-e44e-1f9c-9814cc503ae9","tintindex":0},"north":{"uv":[4.0,0.0,8.0,4.0],"rotation":0,"texture":"#0e169796-9d38-e44e-1f9c-9814cc503ae9","tintindex":0},"south":{"uv":[4.0,0.0,8.0,4.0],"rotation":0,"texture":"#0e169796-9d38-e44e-1f9c-9814cc503ae9","tintindex":0},"up":{"uv":[4.0,0.0,8.0,4.0],"rotation":0,"texture":"#0e169796-9d38-e44e-1f9c-9814cc503ae9","tintindex":0},"west":{"uv":[4.0,0.0,8.0,4.0],"rotation":0,"texture":"#0e169796-9d38-e44e-1f9c-9814cc503ae9","tintindex":0}}},{"name":"cube","from":[2.8444445,-7.999999,21.333332],"to":[12.444445,1.6000012,30.933334],"rotation":{"angle":0.0,"axis":"x","origin":[7.6444445,-7.999999,26.133335]},"faces":{"down":{"uv":[8.0,0.0,4.0,4.0],"rotation":0,"texture":"#0e169796-9d38-e44e-1f9c-9814cc503ae9","tintindex":0},"east":{"uv":[4.0,0.0,8.0,4.0],"rotation":0,"texture":"#0e169796-9d38-e44e-1f9c-9814cc503ae9","tintindex":0},"north":{"uv":[4.0,0.0,8.0,4.0],"rotation":0,"texture":"#0e169796-9d38-e44e-1f9c-9814cc503ae9","tintindex":0},"south":{"uv":[4.0,0.0,8.0,4.0],"rotation":0,"texture":"#0e169796-9d38-e44e-1f9c-9814cc503ae9","tintindex":0},"up":{"uv":[4.0,0.0,8.0,4.0],"rotation":0,"texture":"#0e169796-9d38-e44e-1f9c-9814cc503ae9","tintindex":0},"west":{"uv":[4.0,0.0,8.0,4.0],"rotation":0,"texture":"#0e169796-9d38-e44e-1f9c-9814cc503ae9","tintindex":0}}},{"name":"cube","from":[22.044445,1.6000012,2.1333332],"to":[31.644447,11.200002,11.733334],"rotation":{"angle":0.0,"axis":"x","origin":[26.844448,1.6000012,6.9333334]},"faces":{"down":{"uv":[8.0,0.0,4.0,4.0],"rotation":0,"texture":"#0e169796-9d38-e44e-1f9c-9814cc503ae9","tintindex":0},"east":{"uv":[4.0,0.0,8.0,4.0],"rotation":0,"texture":"#0e169796-9d38-e44e-1f9c-9814cc503ae9","tintindex":0},"north":{"uv":[4.0,0.0,8.0,4.0],"rotation":0,"texture":"#0e169796-9d38-e44e-1f9c-9814cc503ae9","tintindex":0},"south":{"uv":[4.0,0.0,8.0,4.0],"rotation":0,"texture":"#0e169796-9d38-e44e-1f9c-9814cc503ae9","tintindex":0},"up":{"uv":[4.0,0.0,8.0,4.0],"rotation":0,"texture":"#0e169796-9d38-e44e-1f9c-9814cc503ae9","tintindex":0},"west":{"uv":[4.0,0.0,8.0,4.0],"rotation":0,"texture":"#0e169796-9d38-e44e-1f9c-9814cc503ae9","tintindex":0}}},{"name":"cube","from":[22.044445,1.6000012,-7.466668],"to":[31.644447,11.200002,2.1333332],"rotation":{"angle":0.0,"axis":"x","origin":[26.844448,1.6000012,-2.6666675]},"faces":{"down":{"uv":[8.0,0.0,4.0,4.0],"rotation":0,"texture":"#0e169796-9d38-e44e-1f9c-9814cc503ae9","tintindex":0},"east":{"uv":[4.0,0.0,8.0,4.0],"rotation":0,"texture":"#0e169796-9d38-e44e-1f9c-9814cc503ae9","tintindex":0},"north":{"uv":[4.0,0.0,8.0,4.0],"rotation":0,"texture":"#0e169796-9d38-e44e-1f9c-9814cc503ae9","tintindex":0},"south":{"uv":[4.0,0.0,8.0,4.0],"rotation":0,"texture":"#0e169796-9d38-e44e-1f9c-9814cc503ae9","tintindex":0},"up":{"uv":[4.0,0.0,8.0,4.0],"rotation":0,"texture":"#0e169796-9d38-e44e-1f9c-9814cc503ae9","tintindex":0},"west":{"uv":[4.0,0.0,8.0,4.0],"rotation":0,"texture":"#0e169796-9d38-e44e-1f9c-9814cc503ae9","tintindex":0}}},{"name":"cube","from":[-6.755556,11.200002,11.733334],"to":[2.8444445,20.800003,21.333332],"rotation":{"angle":0.0,"axis":"x","origin":[-1.9555559,11.200002,16.533333]},"faces":{"down":{"uv":[8.0,0.0,4.0,4.0],"rotation":0,"texture":"#0e169796-9d38-e44e-1f9c-9814cc503ae9","tintindex":0},"east":{"uv":[4.0,0.0,8.0,4.0],"rotation":0,"texture":"#0e169796-9d38-e44e-1f9c-9814cc503ae9","tintindex":0},"north":{"uv":[4.0,0.0,8.0,4.0],"rotation":0,"texture":"#0e169796-9d38-e44e-1f9c-9814cc503ae9","tintindex":0},"south":{"uv":[4.0,0.0,8.0,4.0],"rotation":0,"texture":"#0e169796-9d38-e44e-1f9c-9814cc503ae9","tintindex":0},"up":{"uv":[4.0,0.0,8.0,4.0],"rotation":0,"texture":"#0e169796-9d38-e44e-1f9c-9814cc503ae9","tintindex":0},"west":{"uv":[4.0,0.0,8.0,4.0],"rotation":0,"texture":"#0e169796-9d38-e44e-1f9c-9814cc503ae9","tintindex":0}}},{"name":"cube","from":[2.8444445,11.200002,2.1333332],"to":[12.444445,20.800003,11.733334],"rotation":{"angle":0.0,"axis":"x","origin":[7.6444445,11.200002,6.9333334]},"faces":{"down":{"uv":[8.0,0.0,4.0,4.0],"rotation":0,"texture":"#0e169796-9d38-e44e-1f9c-9814cc503ae9","tintindex":0},"east":{"uv":[4.0,0.0,8.0,4.0],"rotation":0,"texture":"#0e169796-9d38-e44e-1f9c-9814cc503ae9","tintindex":0},"north":{"uv":[4.0,0.0,8.0,4.0],"rotation":0,"texture":"#0e169796-9d38-e44e-1f9c-9814cc503ae9","tintindex":0},"south":{"uv":[4.0,0.0,8.0,4.0],"rotation":0,"texture":"#0e169796-9d38-e44e-1f9c-9814cc503ae9","tintindex":0},"up":{"uv":[4.0,0.0,8.0,4.0],"rotation":0,"texture":"#0e169796-9d38-e44e-1f9c-9814cc503ae9","tintindex":0},"west":{"uv":[4.0,0.0,8.0,4.0],"rotation":0,"texture":"#0e169796-9d38-e44e-1f9c-9814cc503ae9","tintindex":0}}},{"name":"cube","from":[-6.755556,11.200002,2.1333332],"to":[2.8444445,20.800003,11.733334],"rotation":{"angle":0.0,"axis":"x","origin":[-1.9555559,11.200002,6.9333334]},"faces":{"down":{"uv":[8.0,0.0,4.0,4.0],"rotation":0,"texture":"#0e169796-9d38-e44e-1f9c-9814cc503ae9","tintindex":0},"east":{"uv":[4.0,0.0,8.0,4.0],"rotation":0,"texture":"#0e169796-9d38-e44e-1f9c-9814cc503ae9","tintindex":0},"north":{"uv":[4.0,0.0,8.0,4.0],"rotation":0,"texture":"#0e169796-9d38-e44e-1f9c-9814cc503ae9","tintindex":0},"south":{"uv":[4.0,0.0,8.0,4.0],"rotation":0,"texture":"#0e169796-9d38-e44e-1f9c-9814cc503ae9","tintindex":0},"up":{"uv":[4.0,0.0,8.0,4.0],"rotation":0,"texture":"#0e169796-9d38-e44e-1f9c-9814cc503ae9","tintindex":0},"west":{"uv":[4.0,0.0,8.0,4.0],"rotation":0,"texture":"#0e169796-9d38-e44e-1f9c-9814cc503ae9","tintindex":0}}},{"name":"cube","from":[-6.755556,11.200002,-7.466668],"to":[2.8444445,20.800003,2.1333332],"rotation":{"angle":0.0,"axis":"x","origin":[-1.9555559,11.200002,-2.6666675]},"faces":{"down":{"uv":[8.0,0.0,4.0,4.0],"rotation":0,"texture":"#0e169796-9d38-e44e-1f9c-9814cc503ae9","tintindex":0},"east":{"uv":[4.0,0.0,8.0,4.0],"rotation":0,"texture":"#0e169796-9d38-e44e-1f9c-9814cc503ae9","tintindex":0},"north":{"uv":[4.0,0.0,8.0,4.0],"rotation":0,"texture":"#0e169796-9d38-e44e-1f9c-9814cc503ae9","tintindex":0},"south":{"uv":[4.0,0.0,8.0,4.0],"rotation":0,"texture":"#0e169796-9d38-e44e-1f9c-9814cc503ae9","tintindex":0},"up":{"uv":[4.0,0.0,8.0,4.0],"rotation":0,"texture":"#0e169796-9d38-e44e-1f9c-9814cc503ae9","tintindex":0},"west":{"uv":[4.0,0.0,8.0,4.0],"rotation":0,"texture":"#0e169796-9d38-e44e-1f9c-9814cc503ae9","tintindex":0}}},{"name":"cube","from":[2.8444445,11.200002,-7.466668],"to":[12.444445,20.800003,2.1333332],"rotation":{"angle":0.0,"axis":"x","origin":[7.6444445,11.200002,-2.6666675]},"faces":{"down":{"uv":[8.0,0.0,4.0,4.0],"rotation":0,"texture":"#0e169796-9d38-e44e-1f9c-9814cc503ae9","tintindex":0},"east":{"uv":[4.0,0.0,8.0,4.0],"rotation":0,"texture":"#0e169796-9d38-e44e-1f9c-9814cc503ae9","tintindex":0},"north":{"uv":[4.0,0.0,8.0,4.0],"rotation":0,"texture":"#0e169796-9d38-e44e-1f9c-9814cc503ae9","tintindex":0},"south":{"uv":[4.0,0.0,8.0,4.0],"rotation":0,"texture":"#0e169796-9d38-e44e-1f9c-9814cc503ae9","tintindex":0},"up":{"uv":[4.0,0.0,8.0,4.0],"rotation":0,"texture":"#0e169796-9d38-e44e-1f9c-9814cc503ae9","tintindex":0},"west":{"uv":[4.0,0.0,8.0,4.0],"rotation":0,"texture":"#0e169796-9d38-e44e-1f9c-9814cc503ae9","tintindex":0}}},{"name":"cube","from":[-6.755556,20.800003,2.1333332],"to":[2.8444445,30.400002,11.733334],"rotation":{"angle":0.0,"axis":"x","origin":[-1.9555559,20.800003,6.9333334]},"faces":{"down":{"uv":[8.0,0.0,4.0,4.0],"rotation":0,"texture":"#0e169796-9d38-e44e-1f9c-9814cc503ae9","tintindex":0},"east":{"uv":[4.0,0.0,8.0,4.0],"rotation":0,"texture":"#0e169796-9d38-e44e-1f9c-9814cc503ae9","tintindex":0},"north":{"uv":[4.0,0.0,8.0,4.0],"rotation":0,"texture":"#0e169796-9d38-e44e-1f9c-9814cc503ae9","tintindex":0},"south":{"uv":[4.0,0.0,8.0,4.0],"rotation":0,"texture":"#0e169796-9d38-e44e-1f9c-9814cc503ae9","tintindex":0},"up":{"uv":[4.0,0.0,8.0,4.0],"rotation":0,"texture":"#0e169796-9d38-e44e-1f9c-9814cc503ae9","tintindex":0},"west":{"uv":[4.0,0.0,8.0,4.0],"rotation":0,"texture":"#0e169796-9d38-e44e-1f9c-9814cc503ae9","tintindex":0}}},{"name":"cube","from":[-6.755556,20.800003,-7.466668],"to":[2.8444445,30.400002,2.1333332],"rotation":{"angle":0.0,"axis":"x","origin":[-1.9555559,20.800003,-2.6666675]},"faces":{"down":{"uv":[8.0,0.0,4.0,4.0],"rotation":0,"texture":"#0e169796-9d38-e44e-1f9c-9814cc503ae9","tintindex":0},"east":{"uv":[4.0,0.0,8.0,4.0],"rotation":0,"texture":"#0e169796-9d38-e44e-1f9c-9814cc503ae9","tintindex":0},"north":{"uv":[4.0,0.0,8.0,4.0],"rotation":0,"texture":"#0e169796-9d38-e44e-1f9c-9814cc503ae9","tintindex":0},"south":{"uv":[4.0,0.0,8.0,4.0],"rotation":0,"texture":"#0e169796-9d38-e44e-1f9c-9814cc503ae9","tintindex":0},"up":{"uv":[4.0,0.0,8.0,4.0],"rotation":0,"texture":"#0e169796-9d38-e44e-1f9c-9814cc503ae9","tintindex":0},"west":{"uv":[4.0,0.0,8.0,4.0],"rotation":0,"texture":"#0e169796-9d38-e44e-1f9c-9814cc503ae9","tintindex":0}}},{"name":"cube","from":[12.444445,11.200002,-7.466668],"to":[22.044445,20.800003,2.1333332],"rotation":{"angle":0.0,"axis":"x","origin":[17.244446,11.200002,-2.6666675]},"faces":{"down":{"uv":[8.0,0.0,4.0,4.0],"rotation":0,"texture":"#0e169796-9d38-e44e-1f9c-9814cc503ae9","tintindex":0},"east":{"uv":[4.0,0.0,8.0,4.0],"rotation":0,"texture":"#0e169796-9d38-e44e-1f9c-9814cc503ae9","tintindex":0},"north":{"uv":[4.0,0.0,8.0,4.0],"rotation":0,"texture":"#0e169796-9d38-e44e-1f9c-9814cc503ae9","tintindex":0},"south":{"uv":[4.0,0.0,8.0,4.0],"rotation":0,"texture":"#0e169796-9d38-e44e-1f9c-9814cc503ae9","tintindex":0},"up":{"uv":[4.0,0.0,8.0,4.0],"rotation":0,"texture":"#0e169796-9d38-e44e-1f9c-9814cc503ae9","tintindex":0},"west":{"uv":[4.0,0.0,8.0,4.0],"rotation":0,"texture":"#0e169796-9d38-e44e-1f9c-9814cc503ae9","tintindex":0}}}],"display":{"head":{"translation":[0.0,-6.4,0.0],"rotation":[0.0,0.0,0.0],"scale":[3.8095,3.8095,3.8095]},"gui":{"translation":[0.0,0.0,0.0],"rotation":[35.0,225.0,0.0],"scale":[0.625,0.625,0.625]}}}