{"file_name":"lomb3","texture_size":[16,16],"textures":{"0e169796-9d38-e44e-1f9c-9814cc503ae9":"modelengine:entity/oaktree"},"elements":[{"name":"cube","from":[-6.8571434,0.85714364,-9.714286],"to":[-9.536743E-7,7.714287,-2.8571424],"rotation":{"angle":0.0,"axis":"x","origin":[-3.4285727,0.85714364,-6.285714]},"faces":{"down":{"uv":[8.0,0.0,4.0,4.0],"rotation":0,"texture":"#0e169796-9d38-e44e-1f9c-9814cc503ae9","tintindex":0},"east":{"uv":[4.0,0.0,8.0,4.0],"rotation":0,"texture":"#0e169796-9d38-e44e-1f9c-9814cc503ae9","tintindex":0},"north":{"uv":[4.0,0.0,8.0,4.0],"rotation":0,"texture":"#0e169796-9d38-e44e-1f9c-9814cc503ae9","tintindex":0},"south":{"uv":[4.0,0.0,8.0,4.0],"rotation":0,"texture":"#0e169796-9d38-e44e-1f9c-9814cc503ae9","tintindex":0},"up":{"uv":[4.0,0.0,8.0,4.0],"rotation":0,"texture":"#0e169796-9d38-e44e-1f9c-9814cc503ae9","tintindex":0},"west":{"uv":[4.0,0.0,8.0,4.0],"rotation":0,"texture":"#0e169796-9d38-e44e-1f9c-9814cc503ae9","tintindex":0}}},{"name":"cube","from":[6.8571424,0.85714364,-9.714286],"to":[13.714285,7.714287,-2.8571424],"rotation":{"angle":0.0,"axis":"x","origin":[10.285714,0.85714364,-6.285714]},"faces":{"down":{"uv":[8.0,0.0,4.0,4.0],"rotation":0,"texture":"#0e169796-9d38-e44e-1f9c-9814cc503ae9","tintindex":0},"east":{"uv":[4.0,0.0,8.0,4.0],"rotation":0,"texture":"#0e169796-9d38-e44e-1f9c-9814cc503ae9","tintindex":0},"north":{"uv":[4.0,0.0,8.0,4.0],"rotation":0,"texture":"#0e169796-9d38-e44e-1f9c-9814cc503ae9","tintindex":0},"south":{"uv":[4.0,0.0,8.0,4.0],"rotation":0,"texture":"#0e169796-9d38-e44e-1f9c-9814cc503ae9","tintindex":0},"up":{"uv":[4.0,0.0,8.0,4.0],"rotation":0,"texture":"#0e169796-9d38-e44e-1f9c-9814cc503ae9","tintindex":0},"west":{"uv":[4.0,0.0,8.0,4.0],"rotation":0,"texture":"#0e169796-9d38-e44e-1f9c-9814cc503ae9","tintindex":0}}},{"name":"cube","from":[13.714285,0.85714364,-2.8571424],"to":[20.571428,7.714287,4.0],"rotation":{"angle":0.0,"axis":"x","origin":[17.142857,0.85714364,0.5714288]},"faces":{"down":{"uv":[8.0,0.0,4.0,4.0],"rotation":0,"texture":"#0e169796-9d38-e44e-1f9c-9814cc503ae9","tintindex":0},"east":{"uv":[4.0,0.0,8.0,4.0],"rotation":0,"texture":"#0e169796-9d38-e44e-1f9c-9814cc503ae9","tintindex":0},"north":{"uv":[4.0,0.0,8.0,4.0],"rotation":0,"texture":"#0e169796-9d38-e44e-1f9c-9814cc503ae9","tintindex":0},"south":{"uv":[4.0,0.0,8.0,4.0],"rotation":0,"texture":"#0e169796-9d38-e44e-1f9c-9814cc503ae9","tintindex":0},"up":{"uv":[4.0,0.0,8.0,4.0],"rotation":0,"texture":"#0e169796-9d38-e44e-1f9c-9814cc503ae9","tintindex":0},"west":{"uv":[4.0,0.0,8.0,4.0],"rotation":0,"texture":"#0e169796-9d38-e44e-1f9c-9814cc503ae9","tintindex":0}}},{"name":"cube","from":[6.8571424,0.85714364,-2.8571424],"to":[13.714285,7.714287,4.0],"rotation":{"angle":0.0,"axis":"x","origin":[10.285714,0.85714364,0.5714288]},"faces":{"down":{"uv":[8.0,0.0,4.0,4.0],"rotation":0,"texture":"#0e169796-9d38-e44e-1f9c-9814cc503ae9","tintindex":0},"east":{"uv":[4.0,0.0,8.0,4.0],"rotation":0,"texture":"#0e169796-9d38-e44e-1f9c-9814cc503ae9","tintindex":0},"north":{"uv":[4.0,0.0,8.0,4.0],"rotation":0,"texture":"#0e169796-9d38-e44e-1f9c-9814cc503ae9","tintindex":0},"south":{"uv":[4.0,0.0,8.0,4.0],"rotation":0,"texture":"#0e169796-9d38-e44e-1f9c-9814cc503ae9","tintindex":0},"up":{"uv":[4.0,0.0,8.0,4.0],"rotation":0,"texture":"#0e169796-9d38-e44e-1f9c-9814cc503ae9","tintindex":0},"west":{"uv":[4.0,0.0,8.0,4.0],"rotation":0,"texture":"#0e169796-9d38-e44e-1f9c-9814cc503ae9","tintindex":0}}},{"name":"cube","from":[-9.536743E-7,0.85714364,-2.8571424],"to":[6.8571424,7.714287,4.0],"rotation":{"angle":0.0,"axis":"x","origin":[3.428571,0.85714364,0.5714288]},"faces":{"down":{"uv":[8.0,0.0,4.0,4.0],"rotation":0,"texture":"#0e169796-9d38-e44e-1f9c-9814cc503ae9","tintindex":0},"east":{"uv":[4.0,0.0,8.0,4.0],"rotation":0,"texture":"#0e169796-9d38-e44e-1f9c-9814cc503ae9","tintindex":0},"north":{"uv":[4.0,0.0,8.0,4.0],"rotation":0,"texture":"#0e169796-9d38-e44e-1f9c-9814cc503ae9","tintindex":0},"south":{"uv":[4.0,0.0,8.0,4.0],"rotation":0,"texture":"#0e169796-9d38-e44e-1f9c-9814cc503ae9","tintindex":0},"up":{"uv":[4.0,0.0,8.0,4.0],"rotation":0,"texture":"#0e169796-9d38-e44e-1f9c-9814cc503ae9","tintindex":0},"west":{"uv":[4.0,0.0,8.0,4.0],"rotation":0,"texture":"#0e169796-9d38-e44e-1f9c-9814cc503ae9","tintindex":0}}},{"name":"cube","from":[-6.8571434,7.714287,-2.8571424],"to":[-9.536743E-7,14.571429,4.0],"rotation":{"angle":0.0,"axis":"x","origin":[-3.4285727,7.714287,0.5714288]},"faces":{"down":{"uv":[8.0,0.0,4.0,4.0],"rotation":0,"texture":"#0e169796-9d38-e44e-1f9c-9814cc503ae9","tintindex":0},"east":{"uv":[4.0,0.0,8.0,4.0],"rotation":0,"texture":"#0e169796-9d38-e44e-1f9c-9814cc503ae9","tintindex":0},"north":{"uv":[4.0,0.0,8.0,4.0],"rotation":0,"texture":"#0e169796-9d38-e44e-1f9c-9814cc503ae9","tintindex":0},"south":{"uv":[4.0,0.0,8.0,4.0],"rotation":0,"texture":"#0e169796-9d38-e44e-1f9c-9814cc503ae9","tintindex":0},"up":{"uv":[4.0,0.0,8.0,4.0],"rotation":0,"texture":"#0e169796-9d38-e44e-1f9c-9814cc503ae9","tintindex":0},"west":{"uv":[4.0,0.0,8.0,4.0],"rotation":0,"texture":"#0e169796-9d38-e44e-1f9c-9814cc503ae9","tintindex":0}}},{"name":"cube","from":[-6.8571434,7.714287,4.0],"to":[-9.536743E-7,14.571429,10.857143],"rotation":{"angle":0.0,"axis":"x","origin":[-3.4285727,7.714287,7.4285717]},"faces":{"down":{"uv":[8.0,0.0,4.0,4.0],"rotation":0,"texture":"#0e169796-9d38-e44e-1f9c-9814cc503ae9","tintindex":0},"east":{"uv":[4.0,0.0,8.0,4.0],"rotation":0,"texture":"#0e169796-9d38-e44e-1f9c-9814cc503ae9","tintindex":0},"north":{"uv":[4.0,0.0,8.0,4.0],"rotation":0,"texture":"#0e169796-9d38-e44e-1f9c-9814cc503ae9","tintindex":0},"south":{"uv":[4.0,0.0,8.0,4.0],"rotation":0,"texture":"#0e169796-9d38-e44e-1f9c-9814cc503ae9","tintindex":0},"up":{"uv":[4.0,0.0,8.0,4.0],"rotation":0,"texture":"#0e169796-9d38-e44e-1f9c-9814cc503ae9","tintindex":0},"west":{"uv":[4.0,0.0,8.0,4.0],"rotation":0,"texture":"#0e169796-9d38-e44e-1f9c-9814cc503ae9","tintindex":0}}},{"name":"cube","from":[-9.536743E-7,7.714287,4.0],"to":[6.8571424,14.571429,10.857143],"rotation":{"angle":0.0,"axis":"x","origin":[3.428571,7.714287,7.4285717]},"faces":{"down":{"uv":[8.0,0.0,4.0,4.0],"rotation":0,"texture":"#0e169796-9d38-e44e-1f9c-9814cc503ae9","tintindex":0},"east":{"uv":[4.0,0.0,8.0,4.0],"rotation":0,"texture":"#0e169796-9d38-e44e-1f9c-9814cc503ae9","tintindex":0},"north":{"uv":[4.0,0.0,8.0,4.0],"rotation":0,"texture":"#0e169796-9d38-e44e-1f9c-9814cc503ae9","tintindex":0},"south":{"uv":[4.0,0.0,8.0,4.0],"rotation":0,"texture":"#0e169796-9d38-e44e-1f9c-9814cc503ae9","tintindex":0},"up":{"uv":[4.0,0.0,8.0,4.0],"rotation":0,"texture":"#0e169796-9d38-e44e-1f9c-9814cc503ae9","tintindex":0},"west":{"uv":[4.0,0.0,8.0,4.0],"rotation":0,"texture":"#0e169796-9d38-e44e-1f9c-9814cc503ae9","tintindex":0}}},{"name":"cube","from":[6.8571424,7.714287,4.0],"to":[13.714285,14.571429,10.857143],"rotation":{"angle":0.0,"axis":"x","origin":[10.285714,7.714287,7.4285717]},"faces":{"down":{"uv":[8.0,0.0,4.0,4.0],"rotation":0,"texture":"#0e169796-9d38-e44e-1f9c-9814cc503ae9","tintindex":0},"east":{"uv":[4.0,0.0,8.0,4.0],"rotation":0,"texture":"#0e169796-9d38-e44e-1f9c-9814cc503ae9","tintindex":0},"north":{"uv":[4.0,0.0,8.0,4.0],"rotation":0,"texture":"#0e169796-9d38-e44e-1f9c-9814cc503ae9","tintindex":0},"south":{"uv":[4.0,0.0,8.0,4.0],"rotation":0,"texture":"#0e169796-9d38-e44e-1f9c-9814cc503ae9","tintindex":0},"up":{"uv":[4.0,0.0,8.0,4.0],"rotation":0,"texture":"#0e169796-9d38-e44e-1f9c-9814cc503ae9","tintindex":0},"west":{"uv":[4.0,0.0,8.0,4.0],"rotation":0,"texture":"#0e169796-9d38-e44e-1f9c-9814cc503ae9","tintindex":0}}},{"name":"cube","from":[13.714285,0.85714364,4.0],"to":[20.571428,7.714287,10.857143],"rotation":{"angle":0.0,"axis":"x","origin":[17.142857,0.85714364,7.4285717]},"faces":{"down":{"uv":[8.0,0.0,4.0,4.0],"rotation":0,"texture":"#0e169796-9d38-e44e-1f9c-9814cc503ae9","tintindex":0},"east":{"uv":[4.0,0.0,8.0,4.0],"rotation":0,"texture":"#0e169796-9d38-e44e-1f9c-9814cc503ae9","tintindex":0},"north":{"uv":[4.0,0.0,8.0,4.0],"rotation":0,"texture":"#0e169796-9d38-e44e-1f9c-9814cc503ae9","tintindex":0},"south":{"uv":[4.0,0.0,8.0,4.0],"rotation":0,"texture":"#0e169796-9d38-e44e-1f9c-9814cc503ae9","tintindex":0},"up":{"uv":[4.0,0.0,8.0,4.0],"rotation":0,"texture":"#0e169796-9d38-e44e-1f9c-9814cc503ae9","tintindex":0},"west":{"uv":[4.0,0.0,8.0,4.0],"rotation":0,"texture":"#0e169796-9d38-e44e-1f9c-9814cc503ae9","tintindex":0}}},{"name":"cube","from":[13.714285,7.714287,10.857143],"to":[20.571428,14.571429,17.714287],"rotation":{"angle":0.0,"axis":"x","origin":[17.142857,7.714287,14.285715]},"faces":{"down":{"uv":[8.0,0.0,4.0,4.0],"rotation":0,"texture":"#0e169796-9d38-e44e-1f9c-9814cc503ae9","tintindex":0},"east":{"uv":[4.0,0.0,8.0,4.0],"rotation":0,"texture":"#0e169796-9d38-e44e-1f9c-9814cc503ae9","tintindex":0},"north":{"uv":[4.0,0.0,8.0,4.0],"rotation":0,"texture":"#0e169796-9d38-e44e-1f9c-9814cc503ae9","tintindex":0},"south":{"uv":[4.0,0.0,8.0,4.0],"rotation":0,"texture":"#0e169796-9d38-e44e-1f9c-9814cc503ae9","tintindex":0},"up":{"uv":[4.0,0.0,8.0,4.0],"rotation":0,"texture":"#0e169796-9d38-e44e-1f9c-9814cc503ae9","tintindex":0},"west":{"uv":[4.0,0.0,8.0,4.0],"rotation":0,"texture":"#0e169796-9d38-e44e-1f9c-9814cc503ae9","tintindex":0}}},{"name":"cube","from":[6.8571424,14.571429,10.857143],"to":[13.714285,21.428572,17.714287],"rotation":{"angle":0.0,"axis":"x","origin":[10.285714,14.571429,14.285715]},"faces":{"down":{"uv":[8.0,0.0,4.0,4.0],"rotation":0,"texture":"#0e169796-9d38-e44e-1f9c-9814cc503ae9","tintindex":0},"east":{"uv":[4.0,0.0,8.0,4.0],"rotation":0,"texture":"#0e169796-9d38-e44e-1f9c-9814cc503ae9","tintindex":0},"north":{"uv":[4.0,0.0,8.0,4.0],"rotation":0,"texture":"#0e169796-9d38-e44e-1f9c-9814cc503ae9","tintindex":0},"south":{"uv":[4.0,0.0,8.0,4.0],"rotation":0,"texture":"#0e169796-9d38-e44e-1f9c-9814cc503ae9","tintindex":0},"up":{"uv":[4.0,0.0,8.0,4.0],"rotation":0,"texture":"#0e169796-9d38-e44e-1f9c-9814cc503ae9","tintindex":0},"west":{"uv":[4.0,0.0,8.0,4.0],"rotation":0,"texture":"#0e169796-9d38-e44e-1f9c-9814cc503ae9","tintindex":0}}},{"name":"cube","from":[-9.536743E-7,14.571429,10.857143],"to":[6.8571424,21.428572,17.714287],"rotation":{"angle":0.0,"axis":"x","origin":[3.428571,14.571429,14.285715]},"faces":{"down":{"uv":[8.0,0.0,4.0,4.0],"rotation":0,"texture":"#0e169796-9d38-e44e-1f9c-9814cc503ae9","tintindex":0},"east":{"uv":[4.0,0.0,8.0,4.0],"rotation":0,"texture":"#0e169796-9d38-e44e-1f9c-9814cc503ae9","tintindex":0},"north":{"uv":[4.0,0.0,8.0,4.0],"rotation":0,"texture":"#0e169796-9d38-e44e-1f9c-9814cc503ae9","tintindex":0},"south":{"uv":[4.0,0.0,8.0,4.0],"rotation":0,"texture":"#0e169796-9d38-e44e-1f9c-9814cc503ae9","tintindex":0},"up":{"uv":[4.0,0.0,8.0,4.0],"rotation":0,"texture":"#0e169796-9d38-e44e-1f9c-9814cc503ae9","tintindex":0},"west":{"uv":[4.0,0.0,8.0,4.0],"rotation":0,"texture":"#0e169796-9d38-e44e-1f9c-9814cc503ae9","tintindex":0}}},{"name":"cube","from":[-6.8571434,14.571429,10.857143],"to":[-9.536743E-7,21.428572,17.714287],"rotation":{"angle":0.0,"axis":"x","origin":[-3.4285727,14.571429,14.285715]},"faces":{"down":{"uv":[8.0,0.0,4.0,4.0],"rotation":0,"texture":"#0e169796-9d38-e44e-1f9c-9814cc503ae9","tintindex":0},"east":{"uv":[4.0,0.0,8.0,4.0],"rotation":0,"texture":"#0e169796-9d38-e44e-1f9c-9814cc503ae9","tintindex":0},"north":{"uv":[4.0,0.0,8.0,4.0],"rotation":0,"texture":"#0e169796-9d38-e44e-1f9c-9814cc503ae9","tintindex":0},"south":{"uv":[4.0,0.0,8.0,4.0],"rotation":0,"texture":"#0e169796-9d38-e44e-1f9c-9814cc503ae9","tintindex":0},"up":{"uv":[4.0,0.0,8.0,4.0],"rotation":0,"texture":"#0e169796-9d38-e44e-1f9c-9814cc503ae9","tintindex":0},"west":{"uv":[4.0,0.0,8.0,4.0],"rotation":0,"texture":"#0e169796-9d38-e44e-1f9c-9814cc503ae9","tintindex":0}}},{"name":"cube","from":[13.714285,-5.999999,-2.8571424],"to":[20.571428,0.85714364,4.0],"rotation":{"angle":0.0,"axis":"x","origin":[17.142857,-5.999999,0.5714288]},"faces":{"down":{"uv":[8.0,0.0,4.0,4.0],"rotation":0,"texture":"#0e169796-9d38-e44e-1f9c-9814cc503ae9","tintindex":0},"east":{"uv":[4.0,0.0,8.0,4.0],"rotation":0,"texture":"#0e169796-9d38-e44e-1f9c-9814cc503ae9","tintindex":0},"north":{"uv":[4.0,0.0,8.0,4.0],"rotation":0,"texture":"#0e169796-9d38-e44e-1f9c-9814cc503ae9","tintindex":0},"south":{"uv":[4.0,0.0,8.0,4.0],"rotation":0,"texture":"#0e169796-9d38-e44e-1f9c-9814cc503ae9","tintindex":0},"up":{"uv":[4.0,0.0,8.0,4.0],"rotation":0,"texture":"#0e169796-9d38-e44e-1f9c-9814cc503ae9","tintindex":0},"west":{"uv":[4.0,0.0,8.0,4.0],"rotation":0,"texture":"#0e169796-9d38-e44e-1f9c-9814cc503ae9","tintindex":0}}},{"name":"cube","from":[6.8571424,-5.999999,4.0],"to":[13.714285,0.85714364,10.857143],"rotation":{"angle":0.0,"axis":"x","origin":[10.285714,-5.999999,7.4285717]},"faces":{"down":{"uv":[8.0,0.0,4.0,4.0],"rotation":0,"texture":"#0e169796-9d38-e44e-1f9c-9814cc503ae9","tintindex":0},"east":{"uv":[4.0,0.0,8.0,4.0],"rotation":0,"texture":"#0e169796-9d38-e44e-1f9c-9814cc503ae9","tintindex":0},"north":{"uv":[4.0,0.0,8.0,4.0],"rotation":0,"texture":"#0e169796-9d38-e44e-1f9c-9814cc503ae9","tintindex":0},"south":{"uv":[4.0,0.0,8.0,4.0],"rotation":0,"texture":"#0e169796-9d38-e44e-1f9c-9814cc503ae9","tintindex":0},"up":{"uv":[4.0,0.0,8.0,4.0],"rotation":0,"texture":"#0e169796-9d38-e44e-1f9c-9814cc503ae9","tintindex":0},"west":{"uv":[4.0,0.0,8.0,4.0],"rotation":0,"texture":"#0e169796-9d38-e44e-1f9c-9814cc503ae9","tintindex":0}}},{"name":"cube","from":[6.8571424,0.85714364,10.857143],"to":[13.714285,7.714287,17.714287],"rotation":{"angle":0.0,"axis":"x","origin":[10.285714,0.85714364,14.285715]},"faces":{"down":{"uv":[8.0,0.0,4.0,4.0],"rotation":0,"texture":"#0e169796-9d38-e44e-1f9c-9814cc503ae9","tintindex":0},"east":{"uv":[4.0,0.0,8.0,4.0],"rotation":0,"texture":"#0e169796-9d38-e44e-1f9c-9814cc503ae9","tintindex":0},"north":{"uv":[4.0,0.0,8.0,4.0],"rotation":0,"texture":"#0e169796-9d38-e44e-1f9c-9814cc503ae9","tintindex":0},"south":{"uv":[4.0,0.0,8.0,4.0],"rotation":0,"texture":"#0e169796-9d38-e44e-1f9c-9814cc503ae9","tintindex":0},"up":{"uv":[4.0,0.0,8.0,4.0],"rotation":0,"texture":"#0e169796-9d38-e44e-1f9c-9814cc503ae9","tintindex":0},"west":{"uv":[4.0,0.0,8.0,4.0],"rotation":0,"texture":"#0e169796-9d38-e44e-1f9c-9814cc503ae9","tintindex":0}}},{"name":"cube","from":[20.571428,7.714287,10.857143],"to":[27.428572,14.571429,17.714287],"rotation":{"angle":0.0,"axis":"x","origin":[24.0,7.714287,14.285715]},"faces":{"down":{"uv":[8.0,0.0,4.0,4.0],"rotation":0,"texture":"#0e169796-9d38-e44e-1f9c-9814cc503ae9","tintindex":0},"east":{"uv":[4.0,0.0,8.0,4.0],"rotation":0,"texture":"#0e169796-9d38-e44e-1f9c-9814cc503ae9","tintindex":0},"north":{"uv":[4.0,0.0,8.0,4.0],"rotation":0,"texture":"#0e169796-9d38-e44e-1f9c-9814cc503ae9","tintindex":0},"south":{"uv":[4.0,0.0,8.0,4.0],"rotation":0,"texture":"#0e169796-9d38-e44e-1f9c-9814cc503ae9","tintindex":0},"up":{"uv":[4.0,0.0,8.0,4.0],"rotation":0,"texture":"#0e169796-9d38-e44e-1f9c-9814cc503ae9","tintindex":0},"west":{"uv":[4.0,0.0,8.0,4.0],"rotation":0,"texture":"#0e169796-9d38-e44e-1f9c-9814cc503ae9","tintindex":0}}},{"name":"cube","from":[20.571428,0.85714364,10.857143],"to":[27.428572,7.714287,17.714287],"rotation":{"angle":0.0,"axis":"x","origin":[24.0,0.85714364,14.285715]},"faces":{"down":{"uv":[8.0,0.0,4.0,4.0],"rotation":0,"texture":"#0e169796-9d38-e44e-1f9c-9814cc503ae9","tintindex":0},"east":{"uv":[4.0,0.0,8.0,4.0],"rotation":0,"texture":"#0e169796-9d38-e44e-1f9c-9814cc503ae9","tintindex":0},"north":{"uv":[4.0,0.0,8.0,4.0],"rotation":0,"texture":"#0e169796-9d38-e44e-1f9c-9814cc503ae9","tintindex":0},"south":{"uv":[4.0,0.0,8.0,4.0],"rotation":0,"texture":"#0e169796-9d38-e44e-1f9c-9814cc503ae9","tintindex":0},"up":{"uv":[4.0,0.0,8.0,4.0],"rotation":0,"texture":"#0e169796-9d38-e44e-1f9c-9814cc503ae9","tintindex":0},"west":{"uv":[4.0,0.0,8.0,4.0],"rotation":0,"texture":"#0e169796-9d38-e44e-1f9c-9814cc503ae9","tintindex":0}}},{"name":"cube","from":[-6.8571434,7.714287,10.857143],"to":[-9.536743E-7,14.571429,17.714287],"rotation":{"angle":0.0,"axis":"x","origin":[-3.4285727,7.714287,14.285715]},"faces":{"down":{"uv":[8.0,0.0,4.0,4.0],"rotation":0,"texture":"#0e169796-9d38-e44e-1f9c-9814cc503ae9","tintindex":0},"east":{"uv":[4.0,0.0,8.0,4.0],"rotation":0,"texture":"#0e169796-9d38-e44e-1f9c-9814cc503ae9","tintindex":0},"north":{"uv":[4.0,0.0,8.0,4.0],"rotation":0,"texture":"#0e169796-9d38-e44e-1f9c-9814cc503ae9","tintindex":0},"south":{"uv":[4.0,0.0,8.0,4.0],"rotation":0,"texture":"#0e169796-9d38-e44e-1f9c-9814cc503ae9","tintindex":0},"up":{"uv":[4.0,0.0,8.0,4.0],"rotation":0,"texture":"#0e169796-9d38-e44e-1f9c-9814cc503ae9","tintindex":0},"west":{"uv":[4.0,0.0,8.0,4.0],"rotation":0,"texture":"#0e169796-9d38-e44e-1f9c-9814cc503ae9","tintindex":0}}},{"name":"cube","from":[-6.8571434,0.85714364,10.857143],"to":[-9.536743E-7,7.714287,17.714287],"rotation":{"angle":0.0,"axis":"x","origin":[-3.4285727,0.85714364,14.285715]},"faces":{"down":{"uv":[8.0,0.0,4.0,4.0],"rotation":0,"texture":"#0e169796-9d38-e44e-1f9c-9814cc503ae9","tintindex":0},"east":{"uv":[4.0,0.0,8.0,4.0],"rotation":0,"texture":"#0e169796-9d38-e44e-1f9c-9814cc503ae9","tintindex":0},"north":{"uv":[4.0,0.0,8.0,4.0],"rotation":0,"texture":"#0e169796-9d38-e44e-1f9c-9814cc503ae9","tintindex":0},"south":{"uv":[4.0,0.0,8.0,4.0],"rotation":0,"texture":"#0e169796-9d38-e44e-1f9c-9814cc503ae9","tintindex":0},"up":{"uv":[4.0,0.0,8.0,4.0],"rotation":0,"texture":"#0e169796-9d38-e44e-1f9c-9814cc503ae9","tintindex":0},"west":{"uv":[4.0,0.0,8.0,4.0],"rotation":0,"texture":"#0e169796-9d38-e44e-1f9c-9814cc503ae9","tintindex":0}}},{"name":"cube","from":[-9.536743E-7,7.714287,10.857143],"to":[6.8571424,14.571429,17.714287],"rotation":{"angle":0.0,"axis":"x","origin":[3.428571,7.714287,14.285715]},"faces":{"down":{"uv":[8.0,0.0,4.0,4.0],"rotation":0,"texture":"#0e169796-9d38-e44e-1f9c-9814cc503ae9","tintindex":0},"east":{"uv":[4.0,0.0,8.0,4.0],"rotation":0,"texture":"#0e169796-9d38-e44e-1f9c-9814cc503ae9","tintindex":0},"north":{"uv":[4.0,0.0,8.0,4.0],"rotation":0,"texture":"#0e169796-9d38-e44e-1f9c-9814cc503ae9","tintindex":0},"south":{"uv":[4.0,0.0,8.0,4.0],"rotation":0,"texture":"#0e169796-9d38-e44e-1f9c-9814cc503ae9","tintindex":0},"up":{"uv":[4.0,0.0,8.0,4.0],"rotation":0,"texture":"#0e169796-9d38-e44e-1f9c-9814cc503ae9","tintindex":0},"west":{"uv":[4.0,0.0,8.0,4.0],"rotation":0,"texture":"#0e169796-9d38-e44e-1f9c-9814cc503ae9","tintindex":0}}},{"name":"cube","from":[6.8571424,7.714287,10.857143],"to":[13.714285,14.571429,17.714287],"rotation":{"angle":0.0,"axis":"x","origin":[10.285714,7.714287,14.285715]},"faces":{"down":{"uv":[8.0,0.0,4.0,4.0],"rotation":0,"texture":"#0e169796-9d38-e44e-1f9c-9814cc503ae9","tintindex":0},"east":{"uv":[4.0,0.0,8.0,4.0],"rotation":0,"texture":"#0e169796-9d38-e44e-1f9c-9814cc503ae9","tintindex":0},"north":{"uv":[4.0,0.0,8.0,4.0],"rotation":0,"texture":"#0e169796-9d38-e44e-1f9c-9814cc503ae9","tintindex":0},"south":{"uv":[4.0,0.0,8.0,4.0],"rotation":0,"texture":"#0e169796-9d38-e44e-1f9c-9814cc503ae9","tintindex":0},"up":{"uv":[4.0,0.0,8.0,4.0],"rotation":0,"texture":"#0e169796-9d38-e44e-1f9c-9814cc503ae9","tintindex":0},"west":{"uv":[4.0,0.0,8.0,4.0],"rotation":0,"texture":"#0e169796-9d38-e44e-1f9c-9814cc503ae9","tintindex":0}}},{"name":"cube","from":[6.8571424,0.85714364,4.0],"to":[13.714285,7.714287,10.857143],"rotation":{"angle":0.0,"axis":"x","origin":[10.285714,0.85714364,7.4285717]},"faces":{"down":{"uv":[8.0,0.0,4.0,4.0],"rotation":0,"texture":"#0e169796-9d38-e44e-1f9c-9814cc503ae9","tintindex":0},"east":{"uv":[4.0,0.0,8.0,4.0],"rotation":0,"texture":"#0e169796-9d38-e44e-1f9c-9814cc503ae9","tintindex":0},"north":{"uv":[4.0,0.0,8.0,4.0],"rotation":0,"texture":"#0e169796-9d38-e44e-1f9c-9814cc503ae9","tintindex":0},"south":{"uv":[4.0,0.0,8.0,4.0],"rotation":0,"texture":"#0e169796-9d38-e44e-1f9c-9814cc503ae9","tintindex":0},"up":{"uv":[4.0,0.0,8.0,4.0],"rotation":0,"texture":"#0e169796-9d38-e44e-1f9c-9814cc503ae9","tintindex":0},"west":{"uv":[4.0,0.0,8.0,4.0],"rotation":0,"texture":"#0e169796-9d38-e44e-1f9c-9814cc503ae9","tintindex":0}}}],"display":{"head":{"translation":[0.0,-6.4,0.0],"rotation":[0.0,0.0,0.0],"scale":[3.7333333,3.7333333,3.7333333]},"gui":{"translation":[0.0,0.0,0.0],"rotation":[35.0,225.0,0.0],"scale":[0.625,0.625,0.625]}}}