{"file_name":"torzs2","texture_size":[16,16],"textures":{"0e169796-9d38-e44e-1f9c-9814cc503ae9":"modelengine:entity/oaktree"},"elements":[{"name":"cube","from":[-4.0000005,-1.6000004,0.7999997],"to":[5.6,8.0,10.4],"rotation":{"angle":0.0,"axis":"x","origin":[0.7999997,-1.6000004,5.6]},"faces":{"down":{"uv":[4.0,0.0,0.0,4.0],"rotation":0,"texture":"#0e169796-9d38-e44e-1f9c-9814cc503ae9","tintindex":0},"east":{"uv":[0.0,0.0,4.0,4.0],"rotation":0,"texture":"#0e169796-9d38-e44e-1f9c-9814cc503ae9","tintindex":0},"north":{"uv":[0.0,0.0,4.0,4.0],"rotation":0,"texture":"#0e169796-9d38-e44e-1f9c-9814cc503ae9","tintindex":0},"south":{"uv":[0.0,0.0,4.0,4.0],"rotation":0,"texture":"#0e169796-9d38-e44e-1f9c-9814cc503ae9","tintindex":0},"up":{"uv":[0.0,0.0,4.0,4.0],"rotation":0,"texture":"#0e169796-9d38-e44e-1f9c-9814cc503ae9","tintindex":0},"west":{"uv":[0.0,0.0,4.0,4.0],"rotation":0,"texture":"#0e169796-9d38-e44e-1f9c-9814cc503ae9","tintindex":0}}},{"name":"cube","from":[5.6,-1.6000004,0.7999997],"to":[15.2,8.0,10.4],"rotation":{"angle":0.0,"axis":"x","origin":[10.4,-1.6000004,5.6]},"faces":{"down":{"uv":[4.0,0.0,0.0,4.0],"rotation":0,"texture":"#0e169796-9d38-e44e-1f9c-9814cc503ae9","tintindex":0},"east":{"uv":[0.0,0.0,4.0,4.0],"rotation":0,"texture":"#0e169796-9d38-e44e-1f9c-9814cc503ae9","tintindex":0},"north":{"uv":[0.0,0.0,4.0,4.0],"rotation":0,"texture":"#0e169796-9d38-e44e-1f9c-9814cc503ae9","tintindex":0},"south":{"uv":[0.0,0.0,4.0,4.0],"rotation":0,"texture":"#0e169796-9d38-e44e-1f9c-9814cc503ae9","tintindex":0},"up":{"uv":[0.0,0.0,4.0,4.0],"rotation":0,"texture":"#0e169796-9d38-e44e-1f9c-9814cc503ae9","tintindex":0},"west":{"uv":[0.0,0.0,4.0,4.0],"rotation":0,"texture":"#0e169796-9d38-e44e-1f9c-9814cc503ae9","tintindex":0}}},{"name":"cube","from":[5.6,8.0,0.7999997],"to":[15.2,17.6,10.4],"rotation":{"angle":0.0,"axis":"x","origin":[10.4,12.8,5.6]},"faces":{"down":{"uv":[4.0,0.0,0.0,4.0],"rotation":0,"texture":"#0e169796-9d38-e44e-1f9c-9814cc503ae9","tintindex":0},"east":{"uv":[0.0,0.0,4.0,4.0],"rotation":0,"texture":"#0e169796-9d38-e44e-1f9c-9814cc503ae9","tintindex":0},"north":{"uv":[0.0,0.0,4.0,4.0],"rotation":0,"texture":"#0e169796-9d38-e44e-1f9c-9814cc503ae9","tintindex":0},"south":{"uv":[0.0,0.0,4.0,4.0],"rotation":0,"texture":"#0e169796-9d38-e44e-1f9c-9814cc503ae9","tintindex":0},"up":{"uv":[0.0,0.0,4.0,4.0],"rotation":0,"texture":"#0e169796-9d38-e44e-1f9c-9814cc503ae9","tintindex":0},"west":{"uv":[0.0,0.0,4.0,4.0],"rotation":0,"texture":"#0e169796-9d38-e44e-1f9c-9814cc503ae9","tintindex":0}}},{"name":"cube","from":[5.6,8.0,10.4],"to":[15.2,17.6,20.0],"rotation":{"angle":0.0,"axis":"x","origin":[10.4,8.0,15.2]},"faces":{"down":{"uv":[4.0,0.0,0.0,4.0],"rotation":0,"texture":"#0e169796-9d38-e44e-1f9c-9814cc503ae9","tintindex":0},"east":{"uv":[0.0,0.0,4.0,4.0],"rotation":0,"texture":"#0e169796-9d38-e44e-1f9c-9814cc503ae9","tintindex":0},"north":{"uv":[0.0,0.0,4.0,4.0],"rotation":0,"texture":"#0e169796-9d38-e44e-1f9c-9814cc503ae9","tintindex":0},"south":{"uv":[0.0,0.0,4.0,4.0],"rotation":0,"texture":"#0e169796-9d38-e44e-1f9c-9814cc503ae9","tintindex":0},"up":{"uv":[0.0,0.0,4.0,4.0],"rotation":0,"texture":"#0e169796-9d38-e44e-1f9c-9814cc503ae9","tintindex":0},"west":{"uv":[0.0,0.0,4.0,4.0],"rotation":0,"texture":"#0e169796-9d38-e44e-1f9c-9814cc503ae9","tintindex":0}}}],"display":{"head":{"translation":[0.0,-6.4,0.0],"rotation":[0.0,0.0,0.0],"scale":[3.8095,3.8095,3.8095]},"gui":{"translation":[0.0,0.0,0.0],"rotation":[35.0,225.0,0.0],"scale":[0.625,0.625,0.625]}}}