{"file_name":"torzs3","texture_size":[16,16],"textures":{"0e169796-9d38-e44e-1f9c-9814cc503ae9":"modelengine:entity/oaktree"},"elements":[{"name":"cube","from":[4.2666664,17.066666,4.266667],"to":[13.866668,26.666668,13.866668],"rotation":{"angle":0.0,"axis":"x","origin":[9.066667,17.066666,9.066668]},"faces":{"down":{"uv":[4.0,0.0,0.0,4.0],"rotation":0,"texture":"#0e169796-9d38-e44e-1f9c-9814cc503ae9","tintindex":0},"east":{"uv":[0.0,0.0,4.0,4.0],"rotation":0,"texture":"#0e169796-9d38-e44e-1f9c-9814cc503ae9","tintindex":0},"north":{"uv":[0.0,0.0,4.0,4.0],"rotation":0,"texture":"#0e169796-9d38-e44e-1f9c-9814cc503ae9","tintindex":0},"south":{"uv":[0.0,0.0,4.0,4.0],"rotation":0,"texture":"#0e169796-9d38-e44e-1f9c-9814cc503ae9","tintindex":0},"up":{"uv":[0.0,0.0,4.0,4.0],"rotation":0,"texture":"#0e169796-9d38-e44e-1f9c-9814cc503ae9","tintindex":0},"west":{"uv":[0.0,0.0,4.0,4.0],"rotation":0,"texture":"#0e169796-9d38-e44e-1f9c-9814cc503ae9","tintindex":0}}},{"name":"cube","from":[4.2666664,7.466666,4.266667],"to":[13.866668,17.066666,13.866668],"rotation":{"angle":0.0,"axis":"x","origin":[9.066667,7.466666,9.066668]},"faces":{"down":{"uv":[4.0,0.0,0.0,4.0],"rotation":0,"texture":"#0e169796-9d38-e44e-1f9c-9814cc503ae9","tintindex":0},"east":{"uv":[0.0,0.0,4.0,4.0],"rotation":0,"texture":"#0e169796-9d38-e44e-1f9c-9814cc503ae9","tintindex":0},"north":{"uv":[0.0,0.0,4.0,4.0],"rotation":0,"texture":"#0e169796-9d38-e44e-1f9c-9814cc503ae9","tintindex":0},"south":{"uv":[0.0,0.0,4.0,4.0],"rotation":0,"texture":"#0e169796-9d38-e44e-1f9c-9814cc503ae9","tintindex":0},"up":{"uv":[0.0,0.0,4.0,4.0],"rotation":0,"texture":"#0e169796-9d38-e44e-1f9c-9814cc503ae9","tintindex":0},"west":{"uv":[0.0,0.0,4.0,4.0],"rotation":0,"texture":"#0e169796-9d38-e44e-1f9c-9814cc503ae9","tintindex":0}}},{"name":"cube","from":[4.2666664,-2.1333342,4.266667],"to":[13.866668,7.466666,13.866668],"rotation":{"angle":0.0,"axis":"x","origin":[9.066667,-2.1333342,9.066668]},"faces":{"down":{"uv":[4.0,0.0,0.0,4.0],"rotation":0,"texture":"#0e169796-9d38-e44e-1f9c-9814cc503ae9","tintindex":0},"east":{"uv":[0.0,0.0,4.0,4.0],"rotation":0,"texture":"#0e169796-9d38-e44e-1f9c-9814cc503ae9","tintindex":0},"north":{"uv":[0.0,0.0,4.0,4.0],"rotation":0,"texture":"#0e169796-9d38-e44e-1f9c-9814cc503ae9","tintindex":0},"south":{"uv":[0.0,0.0,4.0,4.0],"rotation":0,"texture":"#0e169796-9d38-e44e-1f9c-9814cc503ae9","tintindex":0},"up":{"uv":[0.0,0.0,4.0,4.0],"rotation":0,"texture":"#0e169796-9d38-e44e-1f9c-9814cc503ae9","tintindex":0},"west":{"uv":[0.0,0.0,4.0,4.0],"rotation":0,"texture":"#0e169796-9d38-e44e-1f9c-9814cc503ae9","tintindex":0}}},{"name":"cube","from":[4.2666664,7.466666,-5.333333],"to":[13.866668,17.066666,4.266667],"rotation":{"angle":0.0,"axis":"x","origin":[9.066667,7.466666,-0.53333306]},"faces":{"down":{"uv":[4.0,0.0,0.0,4.0],"rotation":0,"texture":"#0e169796-9d38-e44e-1f9c-9814cc503ae9","tintindex":0},"east":{"uv":[0.0,0.0,4.0,4.0],"rotation":0,"texture":"#0e169796-9d38-e44e-1f9c-9814cc503ae9","tintindex":0},"north":{"uv":[0.0,0.0,4.0,4.0],"rotation":0,"texture":"#0e169796-9d38-e44e-1f9c-9814cc503ae9","tintindex":0},"south":{"uv":[0.0,0.0,4.0,4.0],"rotation":0,"texture":"#0e169796-9d38-e44e-1f9c-9814cc503ae9","tintindex":0},"up":{"uv":[0.0,0.0,4.0,4.0],"rotation":0,"texture":"#0e169796-9d38-e44e-1f9c-9814cc503ae9","tintindex":0},"west":{"uv":[0.0,0.0,4.0,4.0],"rotation":0,"texture":"#0e169796-9d38-e44e-1f9c-9814cc503ae9","tintindex":0}}},{"name":"cube","from":[4.2666664,-2.1333342,-5.333333],"to":[13.866668,7.466666,4.266667],"rotation":{"angle":0.0,"axis":"x","origin":[9.066667,-2.1333342,-0.53333306]},"faces":{"down":{"uv":[4.0,0.0,0.0,4.0],"rotation":0,"texture":"#0e169796-9d38-e44e-1f9c-9814cc503ae9","tintindex":0},"east":{"uv":[0.0,0.0,4.0,4.0],"rotation":0,"texture":"#0e169796-9d38-e44e-1f9c-9814cc503ae9","tintindex":0},"north":{"uv":[0.0,0.0,4.0,4.0],"rotation":0,"texture":"#0e169796-9d38-e44e-1f9c-9814cc503ae9","tintindex":0},"south":{"uv":[0.0,0.0,4.0,4.0],"rotation":0,"texture":"#0e169796-9d38-e44e-1f9c-9814cc503ae9","tintindex":0},"up":{"uv":[0.0,0.0,4.0,4.0],"rotation":0,"texture":"#0e169796-9d38-e44e-1f9c-9814cc503ae9","tintindex":0},"west":{"uv":[0.0,0.0,4.0,4.0],"rotation":0,"texture":"#0e169796-9d38-e44e-1f9c-9814cc503ae9","tintindex":0}}},{"name":"cube","from":[13.866668,-2.1333342,4.266667],"to":[23.466667,7.466666,13.866668],"rotation":{"angle":0.0,"axis":"x","origin":[18.666668,-2.1333342,9.066668]},"faces":{"down":{"uv":[4.0,0.0,0.0,4.0],"rotation":0,"texture":"#0e169796-9d38-e44e-1f9c-9814cc503ae9","tintindex":0},"east":{"uv":[0.0,0.0,4.0,4.0],"rotation":0,"texture":"#0e169796-9d38-e44e-1f9c-9814cc503ae9","tintindex":0},"north":{"uv":[0.0,0.0,4.0,4.0],"rotation":0,"texture":"#0e169796-9d38-e44e-1f9c-9814cc503ae9","tintindex":0},"south":{"uv":[0.0,0.0,4.0,4.0],"rotation":0,"texture":"#0e169796-9d38-e44e-1f9c-9814cc503ae9","tintindex":0},"up":{"uv":[0.0,0.0,4.0,4.0],"rotation":0,"texture":"#0e169796-9d38-e44e-1f9c-9814cc503ae9","tintindex":0},"west":{"uv":[0.0,0.0,4.0,4.0],"rotation":0,"texture":"#0e169796-9d38-e44e-1f9c-9814cc503ae9","tintindex":0}}},{"name":"cube","from":[4.2666664,-2.1333342,13.866668],"to":[13.866668,7.466666,23.466667],"rotation":{"angle":0.0,"axis":"x","origin":[9.066667,-2.1333342,18.666668]},"faces":{"down":{"uv":[4.0,0.0,0.0,4.0],"rotation":0,"texture":"#0e169796-9d38-e44e-1f9c-9814cc503ae9","tintindex":0},"east":{"uv":[0.0,0.0,4.0,4.0],"rotation":0,"texture":"#0e169796-9d38-e44e-1f9c-9814cc503ae9","tintindex":0},"north":{"uv":[0.0,0.0,4.0,4.0],"rotation":0,"texture":"#0e169796-9d38-e44e-1f9c-9814cc503ae9","tintindex":0},"south":{"uv":[0.0,0.0,4.0,4.0],"rotation":0,"texture":"#0e169796-9d38-e44e-1f9c-9814cc503ae9","tintindex":0},"up":{"uv":[0.0,0.0,4.0,4.0],"rotation":0,"texture":"#0e169796-9d38-e44e-1f9c-9814cc503ae9","tintindex":0},"west":{"uv":[0.0,0.0,4.0,4.0],"rotation":0,"texture":"#0e169796-9d38-e44e-1f9c-9814cc503ae9","tintindex":0}}},{"name":"cube","from":[-5.333333,7.466666,4.266667],"to":[4.2666664,17.066666,13.866668],"rotation":{"angle":0.0,"axis":"x","origin":[-0.5333338,7.466666,9.066668]},"faces":{"down":{"uv":[4.0,0.0,0.0,4.0],"rotation":0,"texture":"#0e169796-9d38-e44e-1f9c-9814cc503ae9","tintindex":0},"east":{"uv":[0.0,0.0,4.0,4.0],"rotation":0,"texture":"#0e169796-9d38-e44e-1f9c-9814cc503ae9","tintindex":0},"north":{"uv":[0.0,0.0,4.0,4.0],"rotation":0,"texture":"#0e169796-9d38-e44e-1f9c-9814cc503ae9","tintindex":0},"south":{"uv":[0.0,0.0,4.0,4.0],"rotation":0,"texture":"#0e169796-9d38-e44e-1f9c-9814cc503ae9","tintindex":0},"up":{"uv":[0.0,0.0,4.0,4.0],"rotation":0,"texture":"#0e169796-9d38-e44e-1f9c-9814cc503ae9","tintindex":0},"west":{"uv":[0.0,0.0,4.0,4.0],"rotation":0,"texture":"#0e169796-9d38-e44e-1f9c-9814cc503ae9","tintindex":0}}},{"name":"cube","from":[-5.333333,-2.1333342,4.266667],"to":[4.2666664,7.466666,13.866668],"rotation":{"angle":0.0,"axis":"x","origin":[-0.5333338,-2.1333342,9.066668]},"faces":{"down":{"uv":[4.0,0.0,0.0,4.0],"rotation":0,"texture":"#0e169796-9d38-e44e-1f9c-9814cc503ae9","tintindex":0},"east":{"uv":[0.0,0.0,4.0,4.0],"rotation":0,"texture":"#0e169796-9d38-e44e-1f9c-9814cc503ae9","tintindex":0},"north":{"uv":[0.0,0.0,4.0,4.0],"rotation":0,"texture":"#0e169796-9d38-e44e-1f9c-9814cc503ae9","tintindex":0},"south":{"uv":[0.0,0.0,4.0,4.0],"rotation":0,"texture":"#0e169796-9d38-e44e-1f9c-9814cc503ae9","tintindex":0},"up":{"uv":[0.0,0.0,4.0,4.0],"rotation":0,"texture":"#0e169796-9d38-e44e-1f9c-9814cc503ae9","tintindex":0},"west":{"uv":[0.0,0.0,4.0,4.0],"rotation":0,"texture":"#0e169796-9d38-e44e-1f9c-9814cc503ae9","tintindex":0}}}],"display":{"head":{"translation":[0.0,-6.4,0.0],"rotation":[0.0,0.0,0.0],"scale":[3.8095,3.8095,3.8095]},"gui":{"translation":[0.0,0.0,0.0],"rotation":[35.0,225.0,0.0],"scale":[0.625,0.625,0.625]}}}