{"file_name":"torzs","texture_size":[16,16],"textures":{"0e169796-9d38-e44e-1f9c-9814cc503ae9":"modelengine:entity/oaktree"},"elements":[{"name":"cube","from":[-6.4000015,11.200002,12.8],"to":[3.1999986,20.800003,22.400002],"rotation":{"angle":0.0,"axis":"x","origin":[-1.6000018,11.200002,17.6]},"faces":{"down":{"uv":[4.0,0.0,0.0,4.0],"rotation":0,"texture":"#0e169796-9d38-e44e-1f9c-9814cc503ae9","tintindex":0},"east":{"uv":[0.0,0.0,4.0,4.0],"rotation":0,"texture":"#0e169796-9d38-e44e-1f9c-9814cc503ae9","tintindex":0},"north":{"uv":[0.0,0.0,4.0,4.0],"rotation":0,"texture":"#0e169796-9d38-e44e-1f9c-9814cc503ae9","tintindex":0},"south":{"uv":[0.0,0.0,4.0,4.0],"rotation":0,"texture":"#0e169796-9d38-e44e-1f9c-9814cc503ae9","tintindex":0},"up":{"uv":[0.0,0.0,4.0,4.0],"rotation":0,"texture":"#0e169796-9d38-e44e-1f9c-9814cc503ae9","tintindex":0},"west":{"uv":[0.0,0.0,4.0,4.0],"rotation":0,"texture":"#0e169796-9d38-e44e-1f9c-9814cc503ae9","tintindex":0}}},{"name":"cube","from":[12.799999,11.200002,12.8],"to":[22.399998,20.800003,22.400002],"rotation":{"angle":0.0,"axis":"x","origin":[17.599998,11.200002,17.6]},"faces":{"down":{"uv":[4.0,0.0,0.0,4.0],"rotation":0,"texture":"#0e169796-9d38-e44e-1f9c-9814cc503ae9","tintindex":0},"east":{"uv":[0.0,0.0,4.0,4.0],"rotation":0,"texture":"#0e169796-9d38-e44e-1f9c-9814cc503ae9","tintindex":0},"north":{"uv":[0.0,0.0,4.0,4.0],"rotation":0,"texture":"#0e169796-9d38-e44e-1f9c-9814cc503ae9","tintindex":0},"south":{"uv":[0.0,0.0,4.0,4.0],"rotation":0,"texture":"#0e169796-9d38-e44e-1f9c-9814cc503ae9","tintindex":0},"up":{"uv":[0.0,0.0,4.0,4.0],"rotation":0,"texture":"#0e169796-9d38-e44e-1f9c-9814cc503ae9","tintindex":0},"west":{"uv":[0.0,0.0,4.0,4.0],"rotation":0,"texture":"#0e169796-9d38-e44e-1f9c-9814cc503ae9","tintindex":0}}},{"name":"cube","from":[3.1999986,11.200002,12.8],"to":[12.799999,20.800003,22.400002],"rotation":{"angle":0.0,"axis":"x","origin":[7.999999,11.200002,17.6]},"faces":{"down":{"uv":[4.0,0.0,0.0,4.0],"rotation":0,"texture":"#0e169796-9d38-e44e-1f9c-9814cc503ae9","tintindex":0},"east":{"uv":[0.0,0.0,4.0,4.0],"rotation":0,"texture":"#0e169796-9d38-e44e-1f9c-9814cc503ae9","tintindex":0},"north":{"uv":[0.0,0.0,4.0,4.0],"rotation":0,"texture":"#0e169796-9d38-e44e-1f9c-9814cc503ae9","tintindex":0},"south":{"uv":[0.0,0.0,4.0,4.0],"rotation":0,"texture":"#0e169796-9d38-e44e-1f9c-9814cc503ae9","tintindex":0},"up":{"uv":[0.0,0.0,4.0,4.0],"rotation":0,"texture":"#0e169796-9d38-e44e-1f9c-9814cc503ae9","tintindex":0},"west":{"uv":[0.0,0.0,4.0,4.0],"rotation":0,"texture":"#0e169796-9d38-e44e-1f9c-9814cc503ae9","tintindex":0}}},{"name":"cube","from":[-6.4000015,20.800003,12.8],"to":[3.1999986,30.400002,22.400002],"rotation":{"angle":0.0,"axis":"x","origin":[-1.6000018,20.800003,17.6]},"faces":{"down":{"uv":[4.0,0.0,0.0,4.0],"rotation":0,"texture":"#0e169796-9d38-e44e-1f9c-9814cc503ae9","tintindex":0},"east":{"uv":[0.0,0.0,4.0,4.0],"rotation":0,"texture":"#0e169796-9d38-e44e-1f9c-9814cc503ae9","tintindex":0},"north":{"uv":[0.0,0.0,4.0,4.0],"rotation":0,"texture":"#0e169796-9d38-e44e-1f9c-9814cc503ae9","tintindex":0},"south":{"uv":[0.0,0.0,4.0,4.0],"rotation":0,"texture":"#0e169796-9d38-e44e-1f9c-9814cc503ae9","tintindex":0},"up":{"uv":[0.0,0.0,4.0,4.0],"rotation":0,"texture":"#0e169796-9d38-e44e-1f9c-9814cc503ae9","tintindex":0},"west":{"uv":[0.0,0.0,4.0,4.0],"rotation":0,"texture":"#0e169796-9d38-e44e-1f9c-9814cc503ae9","tintindex":0}}},{"name":"cube","from":[-16.0,20.800003,12.8],"to":[-6.4000015,30.400002,22.400002],"rotation":{"angle":0.0,"axis":"x","origin":[-11.200001,20.800003,17.6]},"faces":{"down":{"uv":[4.0,0.0,0.0,4.0],"rotation":0,"texture":"#0e169796-9d38-e44e-1f9c-9814cc503ae9","tintindex":0},"east":{"uv":[0.0,0.0,4.0,4.0],"rotation":0,"texture":"#0e169796-9d38-e44e-1f9c-9814cc503ae9","tintindex":0},"north":{"uv":[0.0,0.0,4.0,4.0],"rotation":0,"texture":"#0e169796-9d38-e44e-1f9c-9814cc503ae9","tintindex":0},"south":{"uv":[0.0,0.0,4.0,4.0],"rotation":0,"texture":"#0e169796-9d38-e44e-1f9c-9814cc503ae9","tintindex":0},"up":{"uv":[0.0,0.0,4.0,4.0],"rotation":0,"texture":"#0e169796-9d38-e44e-1f9c-9814cc503ae9","tintindex":0},"west":{"uv":[0.0,0.0,4.0,4.0],"rotation":0,"texture":"#0e169796-9d38-e44e-1f9c-9814cc503ae9","tintindex":0}}},{"name":"cube","from":[-16.0,20.800003,3.2],"to":[-6.4000015,30.400002,12.8],"rotation":{"angle":0.0,"axis":"x","origin":[-11.200001,20.800003,8.0]},"faces":{"down":{"uv":[4.0,0.0,0.0,4.0],"rotation":0,"texture":"#0e169796-9d38-e44e-1f9c-9814cc503ae9","tintindex":0},"east":{"uv":[0.0,0.0,4.0,4.0],"rotation":0,"texture":"#0e169796-9d38-e44e-1f9c-9814cc503ae9","tintindex":0},"north":{"uv":[0.0,0.0,4.0,4.0],"rotation":0,"texture":"#0e169796-9d38-e44e-1f9c-9814cc503ae9","tintindex":0},"south":{"uv":[0.0,0.0,4.0,4.0],"rotation":0,"texture":"#0e169796-9d38-e44e-1f9c-9814cc503ae9","tintindex":0},"up":{"uv":[0.0,0.0,4.0,4.0],"rotation":0,"texture":"#0e169796-9d38-e44e-1f9c-9814cc503ae9","tintindex":0},"west":{"uv":[0.0,0.0,4.0,4.0],"rotation":0,"texture":"#0e169796-9d38-e44e-1f9c-9814cc503ae9","tintindex":0}}},{"name":"cube","from":[3.1999986,20.800003,-16.0],"to":[12.799999,30.400002,-6.4000006],"rotation":{"angle":0.0,"axis":"x","origin":[7.999999,20.800003,-11.200002]},"faces":{"down":{"uv":[4.0,0.0,0.0,4.0],"rotation":0,"texture":"#0e169796-9d38-e44e-1f9c-9814cc503ae9","tintindex":0},"east":{"uv":[0.0,0.0,4.0,4.0],"rotation":0,"texture":"#0e169796-9d38-e44e-1f9c-9814cc503ae9","tintindex":0},"north":{"uv":[0.0,0.0,4.0,4.0],"rotation":0,"texture":"#0e169796-9d38-e44e-1f9c-9814cc503ae9","tintindex":0},"south":{"uv":[0.0,0.0,4.0,4.0],"rotation":0,"texture":"#0e169796-9d38-e44e-1f9c-9814cc503ae9","tintindex":0},"up":{"uv":[0.0,0.0,4.0,4.0],"rotation":0,"texture":"#0e169796-9d38-e44e-1f9c-9814cc503ae9","tintindex":0},"west":{"uv":[0.0,0.0,4.0,4.0],"rotation":0,"texture":"#0e169796-9d38-e44e-1f9c-9814cc503ae9","tintindex":0}}},{"name":"cube","from":[3.1999986,20.800003,-6.4000006],"to":[12.799999,30.400002,3.2],"rotation":{"angle":0.0,"axis":"x","origin":[7.999999,20.800003,-1.6000004]},"faces":{"down":{"uv":[4.0,0.0,0.0,4.0],"rotation":0,"texture":"#0e169796-9d38-e44e-1f9c-9814cc503ae9","tintindex":0},"east":{"uv":[0.0,0.0,4.0,4.0],"rotation":0,"texture":"#0e169796-9d38-e44e-1f9c-9814cc503ae9","tintindex":0},"north":{"uv":[0.0,0.0,4.0,4.0],"rotation":0,"texture":"#0e169796-9d38-e44e-1f9c-9814cc503ae9","tintindex":0},"south":{"uv":[0.0,0.0,4.0,4.0],"rotation":0,"texture":"#0e169796-9d38-e44e-1f9c-9814cc503ae9","tintindex":0},"up":{"uv":[0.0,0.0,4.0,4.0],"rotation":0,"texture":"#0e169796-9d38-e44e-1f9c-9814cc503ae9","tintindex":0},"west":{"uv":[0.0,0.0,4.0,4.0],"rotation":0,"texture":"#0e169796-9d38-e44e-1f9c-9814cc503ae9","tintindex":0}}},{"name":"cube","from":[12.799999,20.800003,-6.4000006],"to":[22.399998,30.400002,3.2],"rotation":{"angle":0.0,"axis":"x","origin":[17.599998,20.800003,-1.6000004]},"faces":{"down":{"uv":[4.0,0.0,0.0,4.0],"rotation":0,"texture":"#0e169796-9d38-e44e-1f9c-9814cc503ae9","tintindex":0},"east":{"uv":[0.0,0.0,4.0,4.0],"rotation":0,"texture":"#0e169796-9d38-e44e-1f9c-9814cc503ae9","tintindex":0},"north":{"uv":[0.0,0.0,4.0,4.0],"rotation":0,"texture":"#0e169796-9d38-e44e-1f9c-9814cc503ae9","tintindex":0},"south":{"uv":[0.0,0.0,4.0,4.0],"rotation":0,"texture":"#0e169796-9d38-e44e-1f9c-9814cc503ae9","tintindex":0},"up":{"uv":[0.0,0.0,4.0,4.0],"rotation":0,"texture":"#0e169796-9d38-e44e-1f9c-9814cc503ae9","tintindex":0},"west":{"uv":[0.0,0.0,4.0,4.0],"rotation":0,"texture":"#0e169796-9d38-e44e-1f9c-9814cc503ae9","tintindex":0}}},{"name":"cube","from":[12.799999,20.800003,3.2],"to":[22.399998,30.400002,12.8],"rotation":{"angle":0.0,"axis":"x","origin":[17.599998,20.800003,8.0]},"faces":{"down":{"uv":[4.0,0.0,0.0,4.0],"rotation":0,"texture":"#0e169796-9d38-e44e-1f9c-9814cc503ae9","tintindex":0},"east":{"uv":[0.0,0.0,4.0,4.0],"rotation":0,"texture":"#0e169796-9d38-e44e-1f9c-9814cc503ae9","tintindex":0},"north":{"uv":[0.0,0.0,4.0,4.0],"rotation":0,"texture":"#0e169796-9d38-e44e-1f9c-9814cc503ae9","tintindex":0},"south":{"uv":[0.0,0.0,4.0,4.0],"rotation":0,"texture":"#0e169796-9d38-e44e-1f9c-9814cc503ae9","tintindex":0},"up":{"uv":[0.0,0.0,4.0,4.0],"rotation":0,"texture":"#0e169796-9d38-e44e-1f9c-9814cc503ae9","tintindex":0},"west":{"uv":[0.0,0.0,4.0,4.0],"rotation":0,"texture":"#0e169796-9d38-e44e-1f9c-9814cc503ae9","tintindex":0}}},{"name":"cube","from":[12.799999,1.6000012,12.8],"to":[22.399998,11.200002,22.400002],"rotation":{"angle":0.0,"axis":"x","origin":[17.599998,1.6000012,17.6]},"faces":{"down":{"uv":[4.0,0.0,0.0,4.0],"rotation":0,"texture":"#0e169796-9d38-e44e-1f9c-9814cc503ae9","tintindex":0},"east":{"uv":[0.0,0.0,4.0,4.0],"rotation":0,"texture":"#0e169796-9d38-e44e-1f9c-9814cc503ae9","tintindex":0},"north":{"uv":[0.0,0.0,4.0,4.0],"rotation":0,"texture":"#0e169796-9d38-e44e-1f9c-9814cc503ae9","tintindex":0},"south":{"uv":[0.0,0.0,4.0,4.0],"rotation":0,"texture":"#0e169796-9d38-e44e-1f9c-9814cc503ae9","tintindex":0},"up":{"uv":[0.0,0.0,4.0,4.0],"rotation":0,"texture":"#0e169796-9d38-e44e-1f9c-9814cc503ae9","tintindex":0},"west":{"uv":[0.0,0.0,4.0,4.0],"rotation":0,"texture":"#0e169796-9d38-e44e-1f9c-9814cc503ae9","tintindex":0}}},{"name":"cube","from":[12.799999,-7.999999,12.8],"to":[22.399998,1.6000012,22.400002],"rotation":{"angle":0.0,"axis":"x","origin":[17.599998,-7.999999,17.6]},"faces":{"down":{"uv":[4.0,0.0,0.0,4.0],"rotation":0,"texture":"#0e169796-9d38-e44e-1f9c-9814cc503ae9","tintindex":0},"east":{"uv":[0.0,0.0,4.0,4.0],"rotation":0,"texture":"#0e169796-9d38-e44e-1f9c-9814cc503ae9","tintindex":0},"north":{"uv":[0.0,0.0,4.0,4.0],"rotation":0,"texture":"#0e169796-9d38-e44e-1f9c-9814cc503ae9","tintindex":0},"south":{"uv":[0.0,0.0,4.0,4.0],"rotation":0,"texture":"#0e169796-9d38-e44e-1f9c-9814cc503ae9","tintindex":0},"up":{"uv":[0.0,0.0,4.0,4.0],"rotation":0,"texture":"#0e169796-9d38-e44e-1f9c-9814cc503ae9","tintindex":0},"west":{"uv":[0.0,0.0,4.0,4.0],"rotation":0,"texture":"#0e169796-9d38-e44e-1f9c-9814cc503ae9","tintindex":0}}}],"display":{"head":{"translation":[-4.778662,-6.4,-14.336],"rotation":[0.0,0.0,0.0],"scale":[3.8095,3.8095,3.8095]},"gui":{"translation":[0.0,0.0,0.0],"rotation":[35.0,225.0,0.0],"scale":[0.625,0.625,0.625]}}}