{
"textures": {
    "ures": "block/black_concrete"
},
"elements": [ 
{
    "from": [ 0, 0.4375, 4 ],
    "to": [ 0.0625, 0.5, 4.0625 ],
    "faces": {
        "down":  { "uv": [ 0, 4, 0.0625, 4.0625 ], "texture": "#10" },
        "up":    { "uv": [ 0, 4, 0.0625, 4.0625 ], "texture": "#10" },
        "north": { "uv": [ 0, 15.5, 0.0625, 15.5625 ], "texture": "#10" },
        "south": { "uv": [ 0, 15.5, 0.0625, 15.5625 ], "texture": "#10" },
        "west":  { "uv": [ 4, 15.5, 4.0625, 15.5625 ], "texture": "#10" },
        "east":  { "uv": [ 4, 15.5, 4.0625, 15.5625 ], "texture": "#10" }
    }
},
{
    "from": [ 0, 15.9375, 7.5 ],
    "to": [ 16, 16, 7.5625 ],
    "faces": {
        "down":  { "uv": [ 16, 7.5625, 0, 7.5 ], "texture": "#" },
        "up":    { "uv": [ 0, 7.5, 16, 7.5625 ], "texture": "#" },
        "north": { "uv": [ 0, 0, 16, 0.0625 ], "texture": "#" },
        "south": { "uv": [ 0, 0, 16, 0.0625 ], "texture": "#" },
        "west":  { "uv": [ 7.5, 0, 7.5625, 0.0625 ], "texture": "#" },
        "east":  { "uv": [ 8.4375, 0, 8.5, 0.0625 ], "texture": "#" }
    }
}
],
"display": {
    "thirdperson_righthand": {
        "rotation": [ 0, 0, 0 ],
        "translation": [ 0, 0, 0 ],
        "scale": [ 0, 1, 1 ]
    },
    "thirdperson_lefthand": {
        "rotation": [ 0, 0, 0 ],
        "translation": [ 0, 0, 0 ],
        "scale": [ 0, 1, 1 ]
    },
    "firstperson_righthand": {
        "rotation": [ 0, 0, 0 ],
        "translation": [ 0, 0, 0 ],
        "scale": [ 0, 1, 1 ]
    },
    "firstperson_lefthand": {
        "rotation": [ 0, 0, 0 ],
        "translation": [ 0, 0, 0 ],
        "scale": [ 0, 1, 1 ]
    },
    "gui": {
        "rotation": [ 0, 0, 0 ],
        "translation": [ 0, 0, 0 ],
        "scale": [ 0, 1, 1 ]
    }
}
}