{
	"credit": "Made with Blockbench",
	"textures": {
		"133": "block/coal_block",
		"254": "block/furnace_side",
		"391": "block/nether_portal",
		"410": "block/observer_side",
		"412": "block/obsidian",
		"459": "block/purple_glazed_terracotta",
		"545": "block/smithing_table_top",
		"551": "block/smooth_stone",
		"635": "block/white_shulker_box",
		"particle": "block/acacia_door_bottom"
	},
	"elements": [
		{
			"from": [7.7, -5.5, 7.7],
			"to": [8.3, -1.5, 8.3],
			"rotation": {"angle": 0, "axis": "y", "origin": [8, -5, 8]},
			"faces": {
				"north": {"uv": [11, 11, 16, 16], "texture": "#412"},
				"east": {"uv": [11, 11, 16, 16], "texture": "#412"},
				"south": {"uv": [11, 11, 16, 16], "texture": "#412"},
				"west": {"uv": [11, 11, 16, 16], "texture": "#412"},
				"up": {"uv": [11, 11, 16, 16], "texture": "#412"},
				"down": {"uv": [11, 11, 16, 16], "texture": "#412"}
			}
		},
		{
			"from": [7.7, -0.5, 7.7],
			"to": [8.3, 3.5, 8.3],
			"rotation": {"angle": 0, "axis": "y", "origin": [8, 0, 8]},
			"faces": {
				"north": {"uv": [11, 11, 16, 16], "texture": "#412"},
				"east": {"uv": [11, 11, 16, 16], "texture": "#412"},
				"south": {"uv": [11, 11, 16, 16], "texture": "#412"},
				"west": {"uv": [11, 11, 16, 16], "texture": "#412"},
				"up": {"uv": [11, 11, 16, 16], "texture": "#412"},
				"down": {"uv": [11, 11, 16, 16], "texture": "#412"}
			}
		},
		{
			"from": [7.6, -1.7, 7.6],
			"to": [8.4, -1.4, 8.4],
			"rotation": {"angle": 0, "axis": "y", "origin": [8, -5.2, 8]},
			"faces": {
				"north": {"uv": [2, 10, 14, 14], "texture": "#254"},
				"east": {"uv": [2, 10, 14, 14], "texture": "#254"},
				"south": {"uv": [2, 10, 14, 14], "texture": "#254"},
				"west": {"uv": [2, 10, 14, 14], "texture": "#254"},
				"up": {"uv": [2, 10, 14, 14], "texture": "#254"},
				"down": {"uv": [2, 10, 14, 14], "texture": "#254"}
			}
		},
		{
			"from": [7.4, 3.3, 7.6],
			"to": [8.6, 3.6, 8.4],
			"rotation": {"angle": 0, "axis": "y", "origin": [8, -0.2, 8]},
			"faces": {
				"north": {"uv": [1, 12, 3, 14], "texture": "#133"},
				"east": {"uv": [1, 12, 3, 14], "texture": "#133"},
				"south": {"uv": [1, 12, 3, 14], "texture": "#133"},
				"west": {"uv": [1, 12, 3, 14], "texture": "#133"},
				"up": {"uv": [1, 12, 3, 14], "texture": "#133"},
				"down": {"uv": [1, 12, 3, 14], "texture": "#133"}
			}
		},
		{
			"from": [7.4, 5.9, 7.6],
			"to": [8.6, 6.2, 8.4],
			"rotation": {"angle": 0, "axis": "y", "origin": [8, 9.7, 8]},
			"faces": {
				"north": {"uv": [1, 12, 3, 14], "texture": "#133"},
				"east": {"uv": [1, 12, 3, 14], "texture": "#133"},
				"south": {"uv": [1, 12, 3, 14], "texture": "#133"},
				"west": {"uv": [1, 12, 3, 14], "texture": "#133"},
				"up": {"uv": [1, 12, 3, 14], "texture": "#133"},
				"down": {"uv": [1, 12, 3, 14], "texture": "#133"}
			}
		},
		{
			"from": [7.6, 5.2, 7.3],
			"to": [8.4, 6.5, 8.7],
			"rotation": {"angle": 0, "axis": "y", "origin": [8, 10, 8]},
			"faces": {
				"north": {"uv": [1, 5, 15, 12], "texture": "#410"},
				"east": {"uv": [1, 5, 15, 12], "texture": "#410"},
				"south": {"uv": [1, 5, 15, 12], "texture": "#410"},
				"west": {"uv": [1, 5, 15, 12], "texture": "#410"},
				"up": {"uv": [1, 5, 15, 12], "texture": "#410"},
				"down": {"uv": [1, 5, 15, 12], "texture": "#410"}
			}
		},
		{
			"from": [7.9, 6.525, 7.125],
			"to": [8.1, 24, 8.875],
			"rotation": {"angle": 0, "axis": "y", "origin": [8, 11.7, 8]},
			"faces": {
				"north": {"uv": [4, 9, 5.75, 10], "texture": "#254"},
				"east": {"uv": [4, 9, 5.75, 10], "texture": "#254"},
				"south": {"uv": [4, 9, 5.75, 10], "texture": "#254"},
				"west": {"uv": [4, 9, 5.75, 10], "texture": "#254"},
				"up": {"uv": [4, 9, 5.75, 10], "texture": "#254"},
				"down": {"uv": [4, 9, 5.75, 10], "texture": "#254"}
			}
		},
		{
			"from": [7.8, 6.525, 7.375],
			"to": [8.2, 23.9, 8.625],
			"rotation": {"angle": 0, "axis": "y", "origin": [8, 11.7, 8]},
			"faces": {
				"north": {"uv": [5, 12, 6.9, 13.875], "texture": "#254"},
				"east": {"uv": [5, 12, 6.9, 13.875], "texture": "#254"},
				"south": {"uv": [5, 12, 6.9, 13.875], "texture": "#254"},
				"west": {"uv": [5, 12, 6.9, 13.875], "texture": "#254"},
				"up": {"uv": [5, 12, 6.9, 13.875], "texture": "#254"},
				"down": {"uv": [5, 12, 6.9, 13.875], "texture": "#254"}
			}
		},
		{
			"from": [7.925, 23.2625, 7.1125],
			"to": [8.075, 24.5125, 8.3375],
			"rotation": {"angle": 45, "axis": "x", "origin": [8, 23.6125, 8]},
			"faces": {
				"north": {"uv": [4, 9, 5.75, 10], "rotation": 90, "texture": "#254"},
				"east": {"uv": [4, 9, 5.75, 10], "rotation": 90, "texture": "#254"},
				"south": {"uv": [4, 9, 5.75, 10], "rotation": 90, "texture": "#254"},
				"west": {"uv": [4, 9, 5.75, 10], "rotation": 90, "texture": "#254"},
				"up": {"uv": [4, 9, 5.75, 10], "rotation": 90, "texture": "#254"},
				"down": {"uv": [4, 9, 5.75, 10], "rotation": 90, "texture": "#254"}
			}
		},
		{
			"from": [7.825, 23.3625, 7.3625],
			"to": [8.175, 24.2625, 8.2375],
			"rotation": {"angle": 45, "axis": "x", "origin": [8, 23.6125, 8]},
			"faces": {
				"north": {"uv": [5, 12, 6.9, 13.875], "rotation": 90, "texture": "#254"},
				"east": {"uv": [5, 12, 6.9, 13.875], "rotation": 90, "texture": "#254"},
				"south": {"uv": [5, 12, 6.9, 13.875], "rotation": 90, "texture": "#254"},
				"west": {"uv": [5, 12, 6.9, 13.875], "rotation": 90, "texture": "#254"},
				"up": {"uv": [5, 12, 6.9, 13.875], "rotation": 90, "texture": "#254"},
				"down": {"uv": [5, 12, 6.9, 13.875], "rotation": 90, "texture": "#254"}
			}
		},
		{
			"from": [7.7, 6.5, 8.3],
			"to": [8.3, 7.4, 8.9],
			"rotation": {"angle": 0, "axis": "y", "origin": [8, 11.3, 8.2]},
			"faces": {
				"north": {"uv": [1, 5, 15, 12], "texture": "#410"},
				"east": {"uv": [1, 5, 15, 12], "texture": "#410"},
				"south": {"uv": [1, 5, 15, 12], "texture": "#410"},
				"west": {"uv": [1, 5, 15, 12], "texture": "#410"},
				"up": {"uv": [1, 5, 15, 12], "texture": "#410"},
				"down": {"uv": [1, 5, 15, 12], "texture": "#410"}
			}
		},
		{
			"from": [7.7, 7.4, 8.4],
			"to": [8.3, 8.1, 9.1],
			"rotation": {"angle": 0, "axis": "x", "origin": [8, 7.75, 8.65]},
			"faces": {
				"north": {"uv": [1, 5, 15, 12], "texture": "#410"},
				"east": {"uv": [1, 5, 15, 12], "texture": "#410"},
				"south": {"uv": [1, 5, 15, 12], "texture": "#410"},
				"west": {"uv": [1, 5, 15, 12], "texture": "#410"},
				"up": {"uv": [1, 5, 15, 12], "texture": "#410"},
				"down": {"uv": [1, 5, 15, 12], "texture": "#410"}
			}
		},
		{
			"from": [7.6, 8.1, 8.2],
			"to": [8.4, 8.2, 9.2],
			"rotation": {"angle": 0, "axis": "y", "origin": [8, 12.2, 8.2]},
			"faces": {
				"north": {"uv": [0, 0, 16, 16], "texture": "#545"},
				"east": {"uv": [0, 0, 16, 16], "texture": "#545"},
				"south": {"uv": [0, 0, 16, 16], "texture": "#545"},
				"west": {"uv": [0, 0, 16, 16], "texture": "#545"},
				"up": {"uv": [0, 0, 16, 16], "texture": "#545"},
				"down": {"uv": [0, 0, 16, 16], "texture": "#545"}
			}
		},
		{
			"from": [7.6, 8.1, 6.8],
			"to": [8.4, 8.2, 7.8],
			"rotation": {"angle": 0, "axis": "y", "origin": [8, 12.2, 7.8]},
			"faces": {
				"north": {"uv": [0, 0, 16, 16], "texture": "#545"},
				"east": {"uv": [0, 0, 16, 16], "texture": "#545"},
				"south": {"uv": [0, 0, 16, 16], "texture": "#545"},
				"west": {"uv": [0, 0, 16, 16], "texture": "#545"},
				"up": {"uv": [0, 0, 16, 16], "texture": "#545"},
				"down": {"uv": [0, 0, 16, 16], "texture": "#545"}
			}
		},
		{
			"from": [7.65, 6.3, 8.6],
			"to": [8.35, 8.2, 8.8],
			"rotation": {"angle": 22.5, "axis": "x", "origin": [8, 7.75, 8.65]},
			"faces": {
				"north": {"uv": [0, 0, 16, 16], "rotation": 90, "texture": "#545"},
				"east": {"uv": [0, 0, 16, 16], "rotation": 90, "texture": "#545"},
				"south": {"uv": [0, 0, 16, 16], "rotation": 90, "texture": "#545"},
				"west": {"uv": [0, 0, 16, 16], "rotation": 90, "texture": "#545"},
				"up": {"uv": [0, 0, 16, 16], "rotation": 90, "texture": "#545"},
				"down": {"uv": [0, 0, 16, 16], "rotation": 90, "texture": "#545"}
			}
		},
		{
			"from": [7.65, 6.3, 7.2],
			"to": [8.35, 8.2, 7.4],
			"rotation": {"angle": -22.5, "axis": "x", "origin": [8, 7.75, 7.35]},
			"faces": {
				"north": {"uv": [0, 0, 16, 16], "rotation": 90, "texture": "#545"},
				"east": {"uv": [0, 0, 16, 16], "rotation": 90, "texture": "#545"},
				"south": {"uv": [0, 0, 16, 16], "rotation": 90, "texture": "#545"},
				"west": {"uv": [0, 0, 16, 16], "rotation": 90, "texture": "#545"},
				"up": {"uv": [0, 0, 16, 16], "rotation": 90, "texture": "#545"},
				"down": {"uv": [0, 0, 16, 16], "rotation": 90, "texture": "#545"}
			}
		},
		{
			"from": [7.7, 6.5, 7.1],
			"to": [8.3, 7.4, 7.7],
			"rotation": {"angle": 0, "axis": "y", "origin": [8, 11.3, 7.8]},
			"faces": {
				"north": {"uv": [1, 5, 15, 12], "texture": "#410"},
				"east": {"uv": [1, 5, 15, 12], "texture": "#410"},
				"south": {"uv": [1, 5, 15, 12], "texture": "#410"},
				"west": {"uv": [1, 5, 15, 12], "texture": "#410"},
				"up": {"uv": [1, 5, 15, 12], "texture": "#410"},
				"down": {"uv": [1, 5, 15, 12], "texture": "#410"}
			}
		},
		{
			"from": [7.7, 7.4, 6.9],
			"to": [8.3, 8.1, 7.6],
			"rotation": {"angle": 0, "axis": "y", "origin": [8, 12.2, 7.8]},
			"faces": {
				"north": {"uv": [1, 5, 15, 12], "texture": "#410"},
				"east": {"uv": [1, 5, 15, 12], "texture": "#410"},
				"south": {"uv": [1, 5, 15, 12], "texture": "#410"},
				"west": {"uv": [1, 5, 15, 12], "texture": "#410"},
				"up": {"uv": [1, 5, 15, 12], "texture": "#410"},
				"down": {"uv": [1, 5, 15, 12], "texture": "#410"}
			}
		},
		{
			"from": [7.4, 3.6, 7.4],
			"to": [8.6, 3.9, 8.6],
			"rotation": {"angle": 0, "axis": "y", "origin": [8, 0.1, 8]},
			"faces": {
				"north": {"uv": [1, 12, 3, 14], "texture": "#133"},
				"east": {"uv": [1, 12, 3, 14], "texture": "#133"},
				"south": {"uv": [1, 12, 3, 14], "texture": "#133"},
				"west": {"uv": [1, 12, 3, 14], "texture": "#133"},
				"up": {"uv": [1, 12, 3, 14], "texture": "#133"},
				"down": {"uv": [1, 12, 3, 14], "texture": "#133"}
			}
		},
		{
			"from": [7.4, 5.6, 7.4],
			"to": [8.6, 5.9, 8.6],
			"rotation": {"angle": 0, "axis": "y", "origin": [8, 9.4, 8]},
			"faces": {
				"north": {"uv": [1, 12, 3, 14], "texture": "#133"},
				"east": {"uv": [1, 12, 3, 14], "texture": "#133"},
				"south": {"uv": [1, 12, 3, 14], "texture": "#133"},
				"west": {"uv": [1, 12, 3, 14], "texture": "#133"},
				"up": {"uv": [1, 12, 3, 14], "texture": "#133"},
				"down": {"uv": [1, 12, 3, 14], "texture": "#133"}
			}
		},
		{
			"from": [7.4, 3.9, 7.2],
			"to": [8.6, 4.3, 8.8],
			"rotation": {"angle": 0, "axis": "y", "origin": [8, 0.4, 8]},
			"faces": {
				"north": {"uv": [1, 12, 3, 14], "texture": "#133"},
				"east": {"uv": [1, 12, 3, 14], "texture": "#133"},
				"south": {"uv": [1, 12, 3, 14], "texture": "#133"},
				"west": {"uv": [1, 12, 3, 14], "texture": "#133"},
				"up": {"uv": [1, 12, 3, 14], "texture": "#133"},
				"down": {"uv": [1, 12, 3, 14], "texture": "#133"}
			}
		},
		{
			"from": [7.65, 3.9, 6.95],
			"to": [8.35, 4, 9.05],
			"rotation": {"angle": 0, "axis": "y", "origin": [8, 0.4, 8]},
			"faces": {
				"north": {"uv": [1, 12, 3, 14], "texture": "#133"},
				"east": {"uv": [1, 12, 3, 14], "texture": "#133"},
				"south": {"uv": [1, 12, 3, 14], "texture": "#133"},
				"west": {"uv": [1, 12, 3, 14], "texture": "#133"},
				"up": {"uv": [1, 12, 3, 14], "texture": "#133"},
				"down": {"uv": [1, 12, 3, 14], "texture": "#133"}
			}
		},
		{
			"from": [7.75, 4, 6.2],
			"to": [8.25, 4.3, 9.8],
			"rotation": {"angle": 0, "axis": "y", "origin": [8, 0.5, 8]},
			"faces": {
				"north": {"uv": [1, 12, 3, 14], "texture": "#133"},
				"east": {"uv": [1, 12, 3, 14], "texture": "#133"},
				"south": {"uv": [1, 12, 3, 14], "texture": "#133"},
				"west": {"uv": [1, 12, 3, 14], "texture": "#133"},
				"up": {"uv": [1, 12, 3, 14], "texture": "#133"},
				"down": {"uv": [1, 12, 3, 14], "texture": "#133"}
			}
		},
		{
			"from": [7.85, 4.3, 5.2],
			"to": [8.15, 4.6, 10.8],
			"rotation": {"angle": 0, "axis": "y", "origin": [8, 0.8, 8]},
			"faces": {
				"north": {"uv": [1, 12, 3, 14], "texture": "#133"},
				"east": {"uv": [1, 12, 3, 14], "texture": "#133"},
				"south": {"uv": [1, 12, 3, 14], "texture": "#133"},
				"west": {"uv": [1, 12, 3, 14], "texture": "#133"},
				"up": {"uv": [1, 12, 3, 14], "texture": "#133"},
				"down": {"uv": [1, 12, 3, 14], "texture": "#133"}
			}
		},
		{
			"from": [7.75, 4.3, 8.2],
			"to": [8.25, 4.6, 10.8],
			"rotation": {"angle": -45, "axis": "x", "origin": [8, 4.45, 8]},
			"faces": {
				"north": {"uv": [1, 12, 3, 14], "texture": "#133"},
				"east": {"uv": [1, 12, 3, 14], "texture": "#133"},
				"south": {"uv": [1, 12, 3, 14], "texture": "#133"},
				"west": {"uv": [1, 12, 3, 14], "texture": "#133"},
				"up": {"uv": [1, 12, 3, 14], "texture": "#133"},
				"down": {"uv": [1, 12, 3, 14], "texture": "#133"}
			}
		},
		{
			"from": [7.775, 4.2, 8.2],
			"to": [8.225, 4.7, 9.8],
			"rotation": {"angle": -45, "axis": "x", "origin": [8, 4.45, 8]},
			"faces": {
				"north": {"uv": [1, 12, 3, 14], "texture": "#133"},
				"east": {"uv": [1, 12, 3, 14], "texture": "#133"},
				"south": {"uv": [1, 12, 3, 14], "texture": "#133"},
				"west": {"uv": [1, 12, 3, 14], "texture": "#133"},
				"up": {"uv": [1, 12, 3, 14], "texture": "#133"},
				"down": {"uv": [1, 12, 3, 14], "texture": "#133"}
			}
		},
		{
			"from": [7.775, 4.2, 6.2],
			"to": [8.225, 4.7, 7.8],
			"rotation": {"angle": 45, "axis": "x", "origin": [8, 4.45, 8]},
			"faces": {
				"north": {"uv": [1, 12, 3, 14], "texture": "#133"},
				"east": {"uv": [1, 12, 3, 14], "texture": "#133"},
				"south": {"uv": [1, 12, 3, 14], "texture": "#133"},
				"west": {"uv": [1, 12, 3, 14], "texture": "#133"},
				"up": {"uv": [1, 12, 3, 14], "texture": "#133"},
				"down": {"uv": [1, 12, 3, 14], "texture": "#133"}
			}
		},
		{
			"from": [7.75, 4.3, 5.2],
			"to": [8.25, 4.6, 7.8],
			"rotation": {"angle": 45, "axis": "x", "origin": [8, 4.45, 8]},
			"faces": {
				"north": {"uv": [1, 12, 3, 14], "texture": "#133"},
				"east": {"uv": [1, 12, 3, 14], "texture": "#133"},
				"south": {"uv": [1, 12, 3, 14], "texture": "#133"},
				"west": {"uv": [1, 12, 3, 14], "texture": "#133"},
				"up": {"uv": [1, 12, 3, 14], "texture": "#133"},
				"down": {"uv": [1, 12, 3, 14], "texture": "#133"}
			}
		},
		{
			"from": [7.4, 5.2, 7.2],
			"to": [8.6, 5.6, 8.8],
			"rotation": {"angle": 0, "axis": "y", "origin": [8, 9.1, 8]},
			"faces": {
				"north": {"uv": [1, 12, 3, 14], "texture": "#133"},
				"east": {"uv": [1, 12, 3, 14], "texture": "#133"},
				"south": {"uv": [1, 12, 3, 14], "texture": "#133"},
				"west": {"uv": [1, 12, 3, 14], "texture": "#133"},
				"up": {"uv": [1, 12, 3, 14], "texture": "#133"},
				"down": {"uv": [1, 12, 3, 14], "texture": "#133"}
			}
		},
		{
			"from": [7.4, 4.3, 7.1],
			"to": [8.6, 5.2, 8.9],
			"rotation": {"angle": 0, "axis": "y", "origin": [8, 0.8, 8]},
			"faces": {
				"north": {"uv": [1, 12, 3, 14], "texture": "#133"},
				"east": {"uv": [1, 12, 3, 14], "texture": "#133"},
				"south": {"uv": [1, 12, 3, 14], "texture": "#133"},
				"west": {"uv": [1, 12, 3, 14], "texture": "#133"},
				"up": {"uv": [1, 12, 3, 14], "texture": "#133"},
				"down": {"uv": [1, 12, 3, 14], "texture": "#133"}
			}
		},
		{
			"from": [9, 4.75, 7.85],
			"to": [9.225, 5.05, 10],
			"rotation": {"angle": 45, "axis": "x", "origin": [8, 4.9, 8]},
			"faces": {
				"north": {"uv": [0, 0, 16, 16], "texture": "#391"},
				"east": {"uv": [0, 0, 16, 16], "texture": "#391"},
				"south": {"uv": [0, 0, 16, 16], "texture": "#391"},
				"west": {"uv": [0, 0, 16, 16], "texture": "#391"},
				"up": {"uv": [0, 0, 16, 16], "texture": "#391"},
				"down": {"uv": [0, 0, 16, 16], "texture": "#391"}
			}
		},
		{
			"from": [9, 4.75442, 6.00183],
			"to": [9.175, 5.05442, 8.10183],
			"rotation": {"angle": 0, "axis": "x", "origin": [8, 4.90442, 7.99558]},
			"faces": {
				"north": {"uv": [0, 0, 16, 16], "texture": "#391"},
				"east": {"uv": [0, 0, 16, 16], "texture": "#391"},
				"south": {"uv": [0, 0, 16, 16], "texture": "#391"},
				"west": {"uv": [0, 0, 16, 16], "texture": "#391"},
				"up": {"uv": [0, 0, 16, 16], "texture": "#391"},
				"down": {"uv": [0, 0, 16, 16], "texture": "#391"}
			}
		},
		{
			"from": [9, 4.74817, 7.84558],
			"to": [9.2, 6.89817, 8.14558],
			"rotation": {"angle": 45, "axis": "x", "origin": [8, 4.90442, 7.99558]},
			"faces": {
				"north": {"uv": [0, 0, 16, 16], "texture": "#391"},
				"east": {"uv": [0, 0, 16, 16], "texture": "#391"},
				"south": {"uv": [0, 0, 16, 16], "texture": "#391"},
				"west": {"uv": [0, 0, 16, 16], "texture": "#391"},
				"up": {"uv": [0, 0, 16, 16], "texture": "#391"},
				"down": {"uv": [0, 0, 16, 16], "texture": "#391"}
			}
		},
		{
			"from": [6.775, 4.75, 6],
			"to": [7, 5.05, 8.15],
			"rotation": {"angle": 45, "axis": "x", "origin": [8, 4.9, 8]},
			"faces": {
				"north": {"uv": [0, 0, 16, 16], "texture": "#391"},
				"east": {"uv": [0, 0, 16, 16], "texture": "#391"},
				"south": {"uv": [0, 0, 16, 16], "texture": "#391"},
				"west": {"uv": [0, 0, 16, 16], "texture": "#391"},
				"up": {"uv": [0, 0, 16, 16], "texture": "#391"},
				"down": {"uv": [0, 0, 16, 16], "texture": "#391"}
			}
		},
		{
			"from": [8.975, 4.75, 6],
			"to": [9.2, 5.05, 8.15],
			"rotation": {"angle": 45, "axis": "x", "origin": [10.2, 4.9, 8]},
			"faces": {
				"north": {"uv": [0, 0, 16, 16], "texture": "#391"},
				"east": {"uv": [0, 0, 16, 16], "texture": "#391"},
				"south": {"uv": [0, 0, 16, 16], "texture": "#391"},
				"west": {"uv": [0, 0, 16, 16], "texture": "#391"},
				"up": {"uv": [0, 0, 16, 16], "texture": "#391"},
				"down": {"uv": [0, 0, 16, 16], "texture": "#391"}
			}
		},
		{
			"from": [6.775, 4.64044, 7.90683],
			"to": [7, 4.94044, 10.05683],
			"rotation": {"angle": 45, "axis": "x", "origin": [6.9, 4.89558, 8.15572]},
			"faces": {
				"north": {"uv": [0, 0, 16, 16], "rotation": 180, "texture": "#391"},
				"east": {"uv": [0, 0, 16, 16], "rotation": 180, "texture": "#391"},
				"south": {"uv": [0, 0, 16, 16], "rotation": 180, "texture": "#391"},
				"west": {"uv": [0, 0, 16, 16], "rotation": 180, "texture": "#391"},
				"up": {"uv": [0, 0, 16, 16], "texture": "#391"},
				"down": {"uv": [0, 0, 16, 16], "texture": "#391"}
			}
		},
		{
			"from": [6.825, 4.75442, 7.80183],
			"to": [7, 5.05442, 10.00183],
			"rotation": {"angle": 0, "axis": "x", "origin": [8, 4.90442, 7.99558]},
			"faces": {
				"north": {"uv": [0, 0, 16, 16], "texture": "#391"},
				"east": {"uv": [0, 0, 16, 16], "texture": "#391"},
				"south": {"uv": [0, 0, 16, 16], "texture": "#391"},
				"west": {"uv": [0, 0, 16, 16], "texture": "#391"},
				"up": {"uv": [0, 0, 16, 16], "texture": "#391"},
				"down": {"uv": [0, 0, 16, 16], "texture": "#391"}
			}
		},
		{
			"from": [9.025, 4.75442, 7.80183],
			"to": [9.2, 5.05442, 10.00183],
			"rotation": {"angle": 0, "axis": "x", "origin": [10.2, 4.90442, 7.99558]},
			"faces": {
				"north": {"uv": [0, 0, 16, 16], "texture": "#391"},
				"east": {"uv": [0, 0, 16, 16], "texture": "#391"},
				"south": {"uv": [0, 0, 16, 16], "texture": "#391"},
				"west": {"uv": [0, 0, 16, 16], "texture": "#391"},
				"up": {"uv": [0, 0, 16, 16], "texture": "#391"},
				"down": {"uv": [0, 0, 16, 16], "texture": "#391"}
			}
		},
		{
			"from": [6.825, 4.73674, 6.00961],
			"to": [7, 5.03674, 8.20961],
			"rotation": {"angle": 0, "axis": "x", "origin": [6.9, 4.89558, 8.15572]},
			"faces": {
				"north": {"uv": [0, 0, 16, 16], "rotation": 180, "texture": "#391"},
				"east": {"uv": [0, 0, 16, 16], "rotation": 180, "texture": "#391"},
				"south": {"uv": [0, 0, 16, 16], "rotation": 180, "texture": "#391"},
				"west": {"uv": [0, 0, 16, 16], "rotation": 180, "texture": "#391"},
				"up": {"uv": [0, 0, 16, 16], "texture": "#391"},
				"down": {"uv": [0, 0, 16, 16], "texture": "#391"}
			}
		},
		{
			"from": [6.8, 2.89817, 7.84558],
			"to": [7, 4.99817, 8.14558],
			"rotation": {"angle": 45, "axis": "x", "origin": [8, 4.90442, 7.99558]},
			"faces": {
				"north": {"uv": [0, 0, 16, 16], "texture": "#391"},
				"east": {"uv": [0, 0, 16, 16], "texture": "#391"},
				"south": {"uv": [0, 0, 16, 16], "texture": "#391"},
				"west": {"uv": [0, 0, 16, 16], "texture": "#391"},
				"up": {"uv": [0, 0, 16, 16], "texture": "#391"},
				"down": {"uv": [0, 0, 16, 16], "texture": "#391"}
			}
		},
		{
			"from": [9, 2.89817, 7.84558],
			"to": [9.2, 4.99817, 8.14558],
			"rotation": {"angle": 45, "axis": "x", "origin": [10.2, 4.90442, 7.99558]},
			"faces": {
				"north": {"uv": [0, 0, 16, 16], "texture": "#391"},
				"east": {"uv": [0, 0, 16, 16], "texture": "#391"},
				"south": {"uv": [0, 0, 16, 16], "texture": "#391"},
				"west": {"uv": [0, 0, 16, 16], "texture": "#391"},
				"up": {"uv": [0, 0, 16, 16], "texture": "#391"},
				"down": {"uv": [0, 0, 16, 16], "texture": "#391"}
			}
		},
		{
			"from": [6.8, 4.69669, 7.91308],
			"to": [7, 6.79669, 8.21308],
			"rotation": {"angle": 45, "axis": "x", "origin": [6.9, 4.89558, 8.15572]},
			"faces": {
				"north": {"uv": [0, 0, 16, 16], "rotation": 180, "texture": "#391"},
				"east": {"uv": [0, 0, 16, 16], "rotation": 180, "texture": "#391"},
				"south": {"uv": [0, 0, 16, 16], "rotation": 180, "texture": "#391"},
				"west": {"uv": [0, 0, 16, 16], "rotation": 180, "texture": "#391"},
				"up": {"uv": [0, 0, 16, 16], "texture": "#391"},
				"down": {"uv": [0, 0, 16, 16], "texture": "#391"}
			}
		},
		{
			"from": [7.15, 4.3, 7.6],
			"to": [8.85, 5.2, 8.4],
			"rotation": {"angle": 0, "axis": "y", "origin": [8, 0.8, 8]},
			"faces": {
				"north": {"uv": [10, 10, 16, 16], "texture": "#459"},
				"east": {"uv": [10, 10, 16, 16], "texture": "#459"},
				"south": {"uv": [10, 10, 16, 16], "texture": "#459"},
				"west": {"uv": [10, 10, 16, 16], "texture": "#459"},
				"up": {"uv": [10, 10, 16, 16], "texture": "#459"},
				"down": {"uv": [10, 10, 16, 16], "texture": "#459"}
			}
		},
		{
			"from": [7.25, 4.2, 7.5],
			"to": [8.75, 5.3, 8.5],
			"rotation": {"angle": 0, "axis": "y", "origin": [8, 0.8, 8]},
			"faces": {
				"north": {"uv": [0, 0, 16, 16], "texture": "#551"},
				"east": {"uv": [0, 0, 16, 16], "texture": "#551"},
				"south": {"uv": [0, 0, 16, 16], "texture": "#551"},
				"west": {"uv": [0, 0, 16, 16], "texture": "#551"},
				"up": {"uv": [0, 0, 16, 16], "texture": "#551"},
				"down": {"uv": [0, 0, 16, 16], "texture": "#551"}
			}
		},
		{
			"from": [7.15, 5.2, 7.7],
			"to": [8.85, 5.3, 8.3],
			"rotation": {"angle": 0, "axis": "y", "origin": [8, 0.8, 8]},
			"faces": {
				"north": {"uv": [10, 10, 16, 16], "texture": "#459"},
				"east": {"uv": [10, 10, 16, 16], "texture": "#459"},
				"south": {"uv": [10, 10, 16, 16], "texture": "#459"},
				"west": {"uv": [10, 10, 16, 16], "texture": "#459"},
				"up": {"uv": [10, 10, 16, 16], "texture": "#459"},
				"down": {"uv": [10, 10, 16, 16], "texture": "#459"}
			}
		},
		{
			"from": [7.15, 4.2, 7.7],
			"to": [8.85, 4.3, 8.3],
			"rotation": {"angle": 0, "axis": "y", "origin": [8, -0.2, 8]},
			"faces": {
				"north": {"uv": [10, 10, 16, 16], "texture": "#459"},
				"east": {"uv": [10, 10, 16, 16], "texture": "#459"},
				"south": {"uv": [10, 10, 16, 16], "texture": "#459"},
				"west": {"uv": [10, 10, 16, 16], "texture": "#459"},
				"up": {"uv": [10, 10, 16, 16], "texture": "#459"},
				"down": {"uv": [10, 10, 16, 16], "texture": "#459"}
			}
		},
		{
			"from": [7.25, 4.1, 7.6],
			"to": [8.75, 5.4, 8.4],
			"rotation": {"angle": 0, "axis": "y", "origin": [8, 0.8, 8]},
			"faces": {
				"north": {"uv": [0, 0, 16, 16], "texture": "#551"},
				"east": {"uv": [0, 0, 16, 16], "texture": "#551"},
				"south": {"uv": [0, 0, 16, 16], "texture": "#551"},
				"west": {"uv": [0, 0, 16, 16], "texture": "#551"},
				"up": {"uv": [0, 0, 16, 16], "texture": "#551"},
				"down": {"uv": [0, 0, 16, 16], "texture": "#551"}
			}
		},
		{
			"from": [7.175, 4.1, 7.8],
			"to": [8.825, 5.4, 8.2],
			"rotation": {"angle": 0, "axis": "y", "origin": [8, 0.8, 8]},
			"faces": {
				"north": {"uv": [10, 10, 16, 16], "texture": "#459"},
				"east": {"uv": [10, 10, 16, 16], "texture": "#459"},
				"south": {"uv": [10, 10, 16, 16], "texture": "#459"},
				"west": {"uv": [10, 10, 16, 16], "texture": "#459"},
				"up": {"uv": [10, 10, 16, 16], "texture": "#459"},
				"down": {"uv": [10, 10, 16, 16], "texture": "#459"}
			}
		},
		{
			"from": [7.25, 4, 7.7],
			"to": [8.75, 5.5, 8.3],
			"rotation": {"angle": 0, "axis": "y", "origin": [8, 0.8, 8]},
			"faces": {
				"north": {"uv": [0, 0, 16, 16], "texture": "#551"},
				"east": {"uv": [0, 0, 16, 16], "texture": "#551"},
				"south": {"uv": [0, 0, 16, 16], "texture": "#551"},
				"west": {"uv": [0, 0, 16, 16], "texture": "#551"},
				"up": {"uv": [0, 0, 16, 16], "texture": "#551"},
				"down": {"uv": [0, 0, 16, 16], "texture": "#551"}
			}
		},
		{
			"from": [7.6, -0.6, 7.6],
			"to": [8.4, -0.3, 8.4],
			"rotation": {"angle": 0, "axis": "y", "origin": [8, -4.1, 8]},
			"faces": {
				"north": {"uv": [2, 10, 14, 14], "texture": "#254"},
				"east": {"uv": [2, 10, 14, 14], "texture": "#254"},
				"south": {"uv": [2, 10, 14, 14], "texture": "#254"},
				"west": {"uv": [2, 10, 14, 14], "texture": "#254"},
				"up": {"uv": [2, 10, 14, 14], "texture": "#254"},
				"down": {"uv": [2, 10, 14, 14], "texture": "#254"}
			}
		},
		{
			"from": [7.5, -1.4, 7.6],
			"to": [8.5, -0.6, 8.4],
			"rotation": {"angle": 0, "axis": "y", "origin": [8, -4.9, 8]},
			"faces": {
				"north": {"uv": [2, 10, 14, 14], "texture": "#254"},
				"east": {"uv": [2, 10, 14, 14], "texture": "#254"},
				"south": {"uv": [2, 10, 14, 14], "texture": "#254"},
				"west": {"uv": [2, 10, 14, 14], "texture": "#254"},
				"up": {"uv": [2, 10, 14, 14], "texture": "#254"},
				"down": {"uv": [2, 10, 14, 14], "texture": "#254"}
			}
		},
		{
			"from": [7.4, -1.2, 7.8],
			"to": [7.5, -0.8, 8.2],
			"rotation": {"angle": 45, "axis": "x", "origin": [8, -1, 8]},
			"faces": {
				"north": {"uv": [10, 10, 16, 16], "texture": "#459"},
				"east": {"uv": [10, 10, 16, 16], "texture": "#459"},
				"south": {"uv": [10, 10, 16, 16], "texture": "#459"},
				"west": {"uv": [10, 10, 16, 16], "texture": "#459"},
				"up": {"uv": [10, 10, 16, 16], "texture": "#459"},
				"down": {"uv": [10, 10, 16, 16], "texture": "#459"}
			}
		},
		{
			"from": [7.8, -1.2, 7.4],
			"to": [8.2, -0.8, 7.5],
			"rotation": {"angle": 45, "axis": "z", "origin": [8, -1, 8]},
			"faces": {
				"north": {"uv": [10, 10, 16, 16], "texture": "#459"},
				"east": {"uv": [10, 10, 16, 16], "texture": "#459"},
				"south": {"uv": [10, 10, 16, 16], "texture": "#459"},
				"west": {"uv": [10, 10, 16, 16], "texture": "#459"},
				"up": {"uv": [10, 10, 16, 16], "texture": "#459"},
				"down": {"uv": [10, 10, 16, 16], "texture": "#459"}
			}
		},
		{
			"from": [8.5, -1.2, 7.8],
			"to": [8.6, -0.8, 8.2],
			"rotation": {"angle": -45, "axis": "x", "origin": [8, -1, 8]},
			"faces": {
				"north": {"uv": [10, 10, 16, 16], "texture": "#459"},
				"east": {"uv": [10, 10, 16, 16], "texture": "#459"},
				"south": {"uv": [10, 10, 16, 16], "texture": "#459"},
				"west": {"uv": [10, 10, 16, 16], "texture": "#459"},
				"up": {"uv": [10, 10, 16, 16], "texture": "#459"},
				"down": {"uv": [10, 10, 16, 16], "texture": "#459"}
			}
		},
		{
			"from": [7.8, -1.2, 8.5],
			"to": [8.2, -0.8, 8.6],
			"rotation": {"angle": -45, "axis": "z", "origin": [8, -1, 8]},
			"faces": {
				"north": {"uv": [10, 10, 16, 16], "texture": "#459"},
				"east": {"uv": [10, 10, 16, 16], "texture": "#459"},
				"south": {"uv": [10, 10, 16, 16], "texture": "#459"},
				"west": {"uv": [10, 10, 16, 16], "texture": "#459"},
				"up": {"uv": [10, 10, 16, 16], "texture": "#459"},
				"down": {"uv": [10, 10, 16, 16], "texture": "#459"}
			}
		},
		{
			"from": [7.6, -1.4, 7.5],
			"to": [8.4, -0.6, 8.5],
			"rotation": {"angle": 0, "axis": "y", "origin": [8, -4.9, 8]},
			"faces": {
				"north": {"uv": [2, 10, 14, 14], "texture": "#254"},
				"east": {"uv": [2, 10, 14, 14], "texture": "#254"},
				"south": {"uv": [2, 10, 14, 14], "texture": "#254"},
				"west": {"uv": [2, 10, 14, 14], "texture": "#254"},
				"up": {"uv": [2, 10, 14, 14], "texture": "#254"},
				"down": {"uv": [2, 10, 14, 14], "texture": "#254"}
			}
		},
		{
			"from": [7.6, -6.05, 7.6],
			"to": [8.4, -5.35, 8.4],
			"rotation": {"angle": 0, "axis": "y", "origin": [8, -9.05, 8]},
			"faces": {
				"north": {"uv": [2, 10, 14, 14], "texture": "#254"},
				"east": {"uv": [2, 10, 14, 14], "texture": "#254"},
				"south": {"uv": [2, 10, 14, 14], "texture": "#254"},
				"west": {"uv": [2, 10, 14, 14], "texture": "#254"},
				"up": {"uv": [2, 10, 14, 14], "texture": "#254"},
				"down": {"uv": [2, 10, 14, 14], "texture": "#254"}
			}
		},
		{
			"from": [7.85, -6.175, 8.3],
			"to": [8.3, -5.725, 8.425],
			"rotation": {"angle": -45, "axis": "z", "origin": [8, -5.875, 8]},
			"faces": {
				"north": {"uv": [2, 10, 14, 14], "texture": "#254"},
				"east": {"uv": [2, 10, 14, 14], "texture": "#254"},
				"south": {"uv": [2, 10, 14, 14], "texture": "#254"},
				"west": {"uv": [2, 10, 14, 14], "texture": "#254"},
				"up": {"uv": [2, 10, 14, 14], "texture": "#254"},
				"down": {"uv": [2, 10, 14, 14], "texture": "#254"}
			}
		},
		{
			"from": [7.85, -5.55, 8.3],
			"to": [8.3, -5.1, 8.425],
			"rotation": {"angle": -45, "axis": "z", "origin": [8, -5.25, 8]},
			"faces": {
				"north": {"uv": [2, 10, 14, 14], "texture": "#254"},
				"east": {"uv": [2, 10, 14, 14], "texture": "#254"},
				"south": {"uv": [2, 10, 14, 14], "texture": "#254"},
				"west": {"uv": [2, 10, 14, 14], "texture": "#254"},
				"up": {"uv": [2, 10, 14, 14], "texture": "#254"},
				"down": {"uv": [2, 10, 14, 14], "texture": "#254"}
			}
		},
		{
			"from": [7.875, -6.15607, 8.4],
			"to": [8.125, -5.80607, 8.525],
			"rotation": {"angle": 0, "axis": "z", "origin": [8, -5.98107, 8.3625]},
			"faces": {
				"north": {"uv": [10, 10, 16, 16], "rotation": 90, "texture": "#459"},
				"east": {"uv": [10, 10, 16, 16], "rotation": 90, "texture": "#459"},
				"south": {"uv": [10, 10, 16, 16], "rotation": 90, "texture": "#459"},
				"west": {"uv": [10, 10, 16, 16], "rotation": 90, "texture": "#459"},
				"up": {"uv": [10, 10, 16, 16], "rotation": 90, "texture": "#459"},
				"down": {"uv": [10, 10, 16, 16], "rotation": 90, "texture": "#459"}
			}
		},
		{
			"from": [7.875, 6.84393, 7.45],
			"to": [8.125, 7.19393, 7.575],
			"rotation": {"angle": 0, "axis": "z", "origin": [8, 7.01893, 7.6125]},
			"color": 2,
			"faces": {
				"north": {"uv": [0, 0, 0.35, 0.25], "rotation": 90, "texture": "#missing"},
				"east": {"uv": [0, 0, 0.35, 0.125], "rotation": 90, "texture": "#missing"},
				"south": {"uv": [0, 0, 0.35, 0.25], "rotation": 270, "texture": "#missing"},
				"west": {"uv": [0, 0, 0.35, 0.125], "rotation": 90, "texture": "#missing"},
				"up": {"uv": [0, 0, 0.125, 0.25], "rotation": 270, "texture": "#missing"},
				"down": {"uv": [0, 0, 0.125, 0.25], "rotation": 270, "texture": "#missing"}
			}
		},
		{
			"from": [8.4125, -6.15607, 7.8625],
			"to": [8.5375, -5.80607, 8.1125],
			"rotation": {"angle": 0, "axis": "z", "origin": [8.375, -5.98107, 7.9875]},
			"faces": {
				"north": {"uv": [10, 10, 16, 16], "rotation": 90, "texture": "#459"},
				"east": {"uv": [10, 10, 16, 16], "rotation": 90, "texture": "#459"},
				"south": {"uv": [10, 10, 16, 16], "rotation": 90, "texture": "#459"},
				"west": {"uv": [10, 10, 16, 16], "rotation": 90, "texture": "#459"},
				"up": {"uv": [10, 10, 16, 16], "rotation": 90, "texture": "#459"},
				"down": {"uv": [10, 10, 16, 16], "rotation": 90, "texture": "#459"}
			}
		},
		{
			"from": [7.875, -6.15607, 7.45],
			"to": [8.125, -5.80607, 7.575],
			"rotation": {"angle": 0, "axis": "z", "origin": [8, -5.98107, 7.4125]},
			"faces": {
				"north": {"uv": [10, 10, 16, 16], "rotation": 90, "texture": "#459"},
				"east": {"uv": [10, 10, 16, 16], "rotation": 90, "texture": "#459"},
				"south": {"uv": [10, 10, 16, 16], "rotation": 90, "texture": "#459"},
				"west": {"uv": [10, 10, 16, 16], "rotation": 90, "texture": "#459"},
				"up": {"uv": [10, 10, 16, 16], "rotation": 90, "texture": "#459"},
				"down": {"uv": [10, 10, 16, 16], "rotation": 90, "texture": "#459"}
			}
		},
		{
			"from": [7.4625, -6.15607, 7.8875],
			"to": [7.5875, -5.80607, 8.1375],
			"rotation": {"angle": 0, "axis": "z", "origin": [7.625, -5.98107, 8.0125]},
			"faces": {
				"north": {"uv": [10, 10, 16, 16], "rotation": 270, "texture": "#459"},
				"east": {"uv": [10, 10, 16, 16], "rotation": 270, "texture": "#459"},
				"south": {"uv": [10, 10, 16, 16], "rotation": 270, "texture": "#459"},
				"west": {"uv": [10, 10, 16, 16], "rotation": 270, "texture": "#459"},
				"up": {"uv": [10, 10, 16, 16], "rotation": 270, "texture": "#459"},
				"down": {"uv": [10, 10, 16, 16], "rotation": 270, "texture": "#459"}
			}
		},
		{
			"from": [7.575, -6.175, 7.85],
			"to": [7.7, -5.725, 8.3],
			"rotation": {"angle": 45, "axis": "x", "origin": [8, -5.875, 8]},
			"faces": {
				"north": {"uv": [2, 10, 14, 14], "texture": "#254"},
				"east": {"uv": [2, 10, 14, 14], "texture": "#254"},
				"south": {"uv": [2, 10, 14, 14], "texture": "#254"},
				"west": {"uv": [2, 10, 14, 14], "texture": "#254"},
				"up": {"uv": [2, 10, 14, 14], "texture": "#254"},
				"down": {"uv": [2, 10, 14, 14], "texture": "#254"}
			}
		},
		{
			"from": [7.575, -5.55, 7.85],
			"to": [7.7, -5.1, 8.3],
			"rotation": {"angle": 45, "axis": "x", "origin": [8, -5.25, 8]},
			"faces": {
				"north": {"uv": [2, 10, 14, 14], "texture": "#254"},
				"east": {"uv": [2, 10, 14, 14], "texture": "#254"},
				"south": {"uv": [2, 10, 14, 14], "texture": "#254"},
				"west": {"uv": [2, 10, 14, 14], "texture": "#254"},
				"up": {"uv": [2, 10, 14, 14], "texture": "#254"},
				"down": {"uv": [2, 10, 14, 14], "texture": "#254"}
			}
		},
		{
			"from": [7.7, -6.175, 7.575],
			"to": [8.15, -5.725, 7.7],
			"rotation": {"angle": 45, "axis": "z", "origin": [8, -5.875, 8]},
			"faces": {
				"north": {"uv": [2, 10, 14, 14], "texture": "#254"},
				"east": {"uv": [2, 10, 14, 14], "texture": "#254"},
				"south": {"uv": [2, 10, 14, 14], "texture": "#254"},
				"west": {"uv": [2, 10, 14, 14], "texture": "#254"},
				"up": {"uv": [2, 10, 14, 14], "texture": "#254"},
				"down": {"uv": [2, 10, 14, 14], "texture": "#254"}
			}
		},
		{
			"from": [7.7, -5.55, 7.575],
			"to": [8.15, -5.1, 7.7],
			"rotation": {"angle": 45, "axis": "z", "origin": [8, -5.25, 8]},
			"faces": {
				"north": {"uv": [2, 10, 14, 14], "texture": "#254"},
				"east": {"uv": [2, 10, 14, 14], "texture": "#254"},
				"south": {"uv": [2, 10, 14, 14], "texture": "#254"},
				"west": {"uv": [2, 10, 14, 14], "texture": "#254"},
				"up": {"uv": [2, 10, 14, 14], "texture": "#254"},
				"down": {"uv": [2, 10, 14, 14], "texture": "#254"}
			}
		},
		{
			"from": [7.6, -6.275, 7.675],
			"to": [8.15, -5.725, 7.8],
			"rotation": {"angle": 45, "axis": "z", "origin": [8, -5.875, 8.1]},
			"faces": {
				"north": {"uv": [2, 10, 14, 14], "texture": "#254"},
				"east": {"uv": [2, 10, 14, 14], "texture": "#254"},
				"south": {"uv": [2, 10, 14, 14], "texture": "#254"},
				"west": {"uv": [2, 10, 14, 14], "texture": "#254"},
				"up": {"uv": [2, 10, 14, 14], "texture": "#254"},
				"down": {"uv": [2, 10, 14, 14], "texture": "#254"}
			}
		},
		{
			"from": [8.2, -6.275, 7.6],
			"to": [8.325, -5.725, 8.15],
			"rotation": {"angle": -45, "axis": "x", "origin": [7.9, -5.875, 8]},
			"faces": {
				"north": {"uv": [2, 10, 14, 14], "texture": "#254"},
				"east": {"uv": [2, 10, 14, 14], "texture": "#254"},
				"south": {"uv": [2, 10, 14, 14], "texture": "#254"},
				"west": {"uv": [2, 10, 14, 14], "texture": "#254"},
				"up": {"uv": [2, 10, 14, 14], "texture": "#254"},
				"down": {"uv": [2, 10, 14, 14], "texture": "#254"}
			}
		},
		{
			"from": [7.85, -6.275, 8.2],
			"to": [8.4, -5.725, 8.325],
			"rotation": {"angle": -45, "axis": "z", "origin": [8, -5.875, 7.9]},
			"faces": {
				"north": {"uv": [2, 10, 14, 14], "texture": "#254"},
				"east": {"uv": [2, 10, 14, 14], "texture": "#254"},
				"south": {"uv": [2, 10, 14, 14], "texture": "#254"},
				"west": {"uv": [2, 10, 14, 14], "texture": "#254"},
				"up": {"uv": [2, 10, 14, 14], "texture": "#254"},
				"down": {"uv": [2, 10, 14, 14], "texture": "#254"}
			}
		},
		{
			"from": [7.675, -6.275, 7.85],
			"to": [7.8, -5.725, 8.4],
			"rotation": {"angle": 45, "axis": "x", "origin": [8.1, -5.875, 8]},
			"faces": {
				"north": {"uv": [2, 10, 14, 14], "texture": "#254"},
				"east": {"uv": [2, 10, 14, 14], "texture": "#254"},
				"south": {"uv": [2, 10, 14, 14], "texture": "#254"},
				"west": {"uv": [2, 10, 14, 14], "texture": "#254"},
				"up": {"uv": [2, 10, 14, 14], "texture": "#254"},
				"down": {"uv": [2, 10, 14, 14], "texture": "#254"}
			}
		},
		{
			"from": [8.3, -6.175, 7.7],
			"to": [8.425, -5.725, 8.15],
			"rotation": {"angle": -45, "axis": "x", "origin": [8, -5.875, 8]},
			"faces": {
				"north": {"uv": [2, 10, 14, 14], "texture": "#254"},
				"east": {"uv": [2, 10, 14, 14], "texture": "#254"},
				"south": {"uv": [2, 10, 14, 14], "texture": "#254"},
				"west": {"uv": [2, 10, 14, 14], "texture": "#254"},
				"up": {"uv": [2, 10, 14, 14], "texture": "#254"},
				"down": {"uv": [2, 10, 14, 14], "texture": "#254"}
			}
		},
		{
			"from": [8.3, -5.55, 7.7],
			"to": [8.425, -5.1, 8.15],
			"rotation": {"angle": -45, "axis": "x", "origin": [8, -5.25, 8]},
			"faces": {
				"north": {"uv": [2, 10, 14, 14], "texture": "#254"},
				"east": {"uv": [2, 10, 14, 14], "texture": "#254"},
				"south": {"uv": [2, 10, 14, 14], "texture": "#254"},
				"west": {"uv": [2, 10, 14, 14], "texture": "#254"},
				"up": {"uv": [2, 10, 14, 14], "texture": "#254"},
				"down": {"uv": [2, 10, 14, 14], "texture": "#254"}
			}
		},
		{
			"from": [7.625, -5.19116, 7.54491],
			"to": [7.7, -5.09116, 8.46991],
			"rotation": {"angle": 45, "axis": "x", "origin": [7.6625, -5.14116, 8.00741]},
			"faces": {
				"north": {"uv": [0, 0, 2, 16], "texture": "#635"},
				"east": {"uv": [0, 0, 2, 16], "texture": "#635"},
				"south": {"uv": [0, 0, 2, 16], "texture": "#635"},
				"west": {"uv": [0, 0, 2, 16], "texture": "#635"},
				"up": {"uv": [0, 0, 2, 16], "texture": "#635"},
				"down": {"uv": [0, 0, 2, 16], "texture": "#635"}
			}
		},
		{
			"from": [7.625, -0.19116, 7.54491],
			"to": [7.7, -0.09116, 8.46991],
			"rotation": {"angle": 45, "axis": "x", "origin": [7.6625, -0.14116, 8.00741]},
			"faces": {
				"north": {"uv": [0, 0, 2, 16], "texture": "#635"},
				"east": {"uv": [0, 0, 2, 16], "texture": "#635"},
				"south": {"uv": [0, 0, 2, 16], "texture": "#635"},
				"west": {"uv": [0, 0, 2, 16], "texture": "#635"},
				"up": {"uv": [0, 0, 2, 16], "texture": "#635"},
				"down": {"uv": [0, 0, 2, 16], "texture": "#635"}
			}
		},
		{
			"from": [8.3, -5.19116, 7.51259],
			"to": [8.375, -5.09116, 8.43759],
			"rotation": {"angle": -45, "axis": "x", "origin": [8.3375, -5.14116, 7.97509]},
			"faces": {
				"north": {"uv": [0, 0, 2, 16], "texture": "#635"},
				"east": {"uv": [0, 0, 2, 16], "texture": "#635"},
				"south": {"uv": [0, 0, 2, 16], "texture": "#635"},
				"west": {"uv": [0, 0, 2, 16], "texture": "#635"},
				"up": {"uv": [0, 0, 2, 16], "texture": "#635"},
				"down": {"uv": [0, 0, 2, 16], "texture": "#635"}
			}
		},
		{
			"from": [8.3, -0.19116, 7.51259],
			"to": [8.375, -0.09116, 8.43759],
			"rotation": {"angle": -45, "axis": "x", "origin": [8.3375, -0.14116, 7.97509]},
			"faces": {
				"north": {"uv": [0, 0, 2, 16], "texture": "#635"},
				"east": {"uv": [0, 0, 2, 16], "texture": "#635"},
				"south": {"uv": [0, 0, 2, 16], "texture": "#635"},
				"west": {"uv": [0, 0, 2, 16], "texture": "#635"},
				"up": {"uv": [0, 0, 2, 16], "texture": "#635"},
				"down": {"uv": [0, 0, 2, 16], "texture": "#635"}
			}
		},
		{
			"from": [6.4044, -4.71512, 7.61625],
			"to": [7.3294, -4.61512, 7.69125],
			"rotation": {"angle": 45, "axis": "z", "origin": [8.0125, -3.5247, 7.65375]},
			"faces": {
				"north": {"uv": [0, 0, 2, 16], "texture": "#635"},
				"east": {"uv": [0, 0, 2, 16], "texture": "#635"},
				"south": {"uv": [0, 0, 2, 16], "texture": "#635"},
				"west": {"uv": [0, 0, 2, 16], "texture": "#635"},
				"up": {"uv": [0, 0, 2, 16], "texture": "#635"},
				"down": {"uv": [0, 0, 2, 16], "texture": "#635"}
			}
		},
		{
			"from": [6.4044, 0.28488, 7.61625],
			"to": [7.3294, 0.38488, 7.69125],
			"rotation": {"angle": 45, "axis": "z", "origin": [8.0125, 1.4753, 7.65375]},
			"faces": {
				"north": {"uv": [0, 0, 2, 16], "texture": "#635"},
				"east": {"uv": [0, 0, 2, 16], "texture": "#635"},
				"south": {"uv": [0, 0, 2, 16], "texture": "#635"},
				"west": {"uv": [0, 0, 2, 16], "texture": "#635"},
				"up": {"uv": [0, 0, 2, 16], "texture": "#635"},
				"down": {"uv": [0, 0, 2, 16], "texture": "#635"}
			}
		},
		{
			"from": [8.6706, -4.71512, 8.29125],
			"to": [9.5956, -4.61512, 8.36625],
			"rotation": {"angle": -45, "axis": "z", "origin": [7.9875, -3.5247, 8.32875]},
			"faces": {
				"north": {"uv": [0, 0, 2, 16], "texture": "#635"},
				"east": {"uv": [0, 0, 2, 16], "texture": "#635"},
				"south": {"uv": [0, 0, 2, 16], "texture": "#635"},
				"west": {"uv": [0, 0, 2, 16], "texture": "#635"},
				"up": {"uv": [0, 0, 2, 16], "texture": "#635"},
				"down": {"uv": [0, 0, 2, 16], "texture": "#635"}
			}
		},
		{
			"from": [8.6706, 0.28488, 8.29125],
			"to": [9.5956, 0.38488, 8.36625],
			"rotation": {"angle": -45, "axis": "z", "origin": [7.9875, 1.4753, 8.32875]},
			"faces": {
				"north": {"uv": [0, 0, 2, 16], "texture": "#635"},
				"east": {"uv": [0, 0, 2, 16], "texture": "#635"},
				"south": {"uv": [0, 0, 2, 16], "texture": "#635"},
				"west": {"uv": [0, 0, 2, 16], "texture": "#635"},
				"up": {"uv": [0, 0, 2, 16], "texture": "#635"},
				"down": {"uv": [0, 0, 2, 16], "texture": "#635"}
			}
		},
		{
			"from": [7.625, -4.54116, 7.54491],
			"to": [7.7, -4.44116, 8.46991],
			"rotation": {"angle": 45, "axis": "x", "origin": [7.6625, -4.49116, 8.00741]},
			"faces": {
				"north": {"uv": [0, 0, 2, 16], "texture": "#635"},
				"east": {"uv": [0, 0, 2, 16], "texture": "#635"},
				"south": {"uv": [0, 0, 2, 16], "texture": "#635"},
				"west": {"uv": [0, 0, 2, 16], "texture": "#635"},
				"up": {"uv": [0, 0, 2, 16], "texture": "#635"},
				"down": {"uv": [0, 0, 2, 16], "texture": "#635"}
			}
		},
		{
			"from": [7.625, 0.45884, 7.54491],
			"to": [7.7, 0.55884, 8.46991],
			"rotation": {"angle": 45, "axis": "x", "origin": [7.6625, 0.50884, 8.00741]},
			"faces": {
				"north": {"uv": [0, 0, 2, 16], "texture": "#635"},
				"east": {"uv": [0, 0, 2, 16], "texture": "#635"},
				"south": {"uv": [0, 0, 2, 16], "texture": "#635"},
				"west": {"uv": [0, 0, 2, 16], "texture": "#635"},
				"up": {"uv": [0, 0, 2, 16], "texture": "#635"},
				"down": {"uv": [0, 0, 2, 16], "texture": "#635"}
			}
		},
		{
			"from": [8.3, -4.54116, 7.51259],
			"to": [8.375, -4.44116, 8.43759],
			"rotation": {"angle": -45, "axis": "x", "origin": [8.3375, -4.49116, 7.97509]},
			"faces": {
				"north": {"uv": [0, 0, 2, 16], "texture": "#635"},
				"east": {"uv": [0, 0, 2, 16], "texture": "#635"},
				"south": {"uv": [0, 0, 2, 16], "texture": "#635"},
				"west": {"uv": [0, 0, 2, 16], "texture": "#635"},
				"up": {"uv": [0, 0, 2, 16], "texture": "#635"},
				"down": {"uv": [0, 0, 2, 16], "texture": "#635"}
			}
		},
		{
			"from": [8.3, 0.45884, 7.51259],
			"to": [8.375, 0.55884, 8.43759],
			"rotation": {"angle": -45, "axis": "x", "origin": [8.3375, 0.50884, 7.97509]},
			"faces": {
				"north": {"uv": [0, 0, 2, 16], "texture": "#635"},
				"east": {"uv": [0, 0, 2, 16], "texture": "#635"},
				"south": {"uv": [0, 0, 2, 16], "texture": "#635"},
				"west": {"uv": [0, 0, 2, 16], "texture": "#635"},
				"up": {"uv": [0, 0, 2, 16], "texture": "#635"},
				"down": {"uv": [0, 0, 2, 16], "texture": "#635"}
			}
		},
		{
			"from": [6.86402, -4.2555, 7.61625],
			"to": [7.78902, -4.1555, 7.69125],
			"rotation": {"angle": 45, "axis": "z", "origin": [8.0125, -3.5247, 7.65375]},
			"faces": {
				"north": {"uv": [0, 0, 2, 16], "texture": "#635"},
				"east": {"uv": [0, 0, 2, 16], "texture": "#635"},
				"south": {"uv": [0, 0, 2, 16], "texture": "#635"},
				"west": {"uv": [0, 0, 2, 16], "texture": "#635"},
				"up": {"uv": [0, 0, 2, 16], "texture": "#635"},
				"down": {"uv": [0, 0, 2, 16], "texture": "#635"}
			}
		},
		{
			"from": [6.86402, 0.7445, 7.61625],
			"to": [7.78902, 0.8445, 7.69125],
			"rotation": {"angle": 45, "axis": "z", "origin": [8.0125, 1.4753, 7.65375]},
			"faces": {
				"north": {"uv": [0, 0, 2, 16], "texture": "#635"},
				"east": {"uv": [0, 0, 2, 16], "texture": "#635"},
				"south": {"uv": [0, 0, 2, 16], "texture": "#635"},
				"west": {"uv": [0, 0, 2, 16], "texture": "#635"},
				"up": {"uv": [0, 0, 2, 16], "texture": "#635"},
				"down": {"uv": [0, 0, 2, 16], "texture": "#635"}
			}
		},
		{
			"from": [8.21098, -4.2555, 8.29125],
			"to": [9.13598, -4.1555, 8.36625],
			"rotation": {"angle": -45, "axis": "z", "origin": [7.9875, -3.5247, 8.32875]},
			"faces": {
				"north": {"uv": [0, 0, 2, 16], "texture": "#635"},
				"east": {"uv": [0, 0, 2, 16], "texture": "#635"},
				"south": {"uv": [0, 0, 2, 16], "texture": "#635"},
				"west": {"uv": [0, 0, 2, 16], "texture": "#635"},
				"up": {"uv": [0, 0, 2, 16], "texture": "#635"},
				"down": {"uv": [0, 0, 2, 16], "texture": "#635"}
			}
		},
		{
			"from": [8.21098, 0.7445, 8.29125],
			"to": [9.13598, 0.8445, 8.36625],
			"rotation": {"angle": -45, "axis": "z", "origin": [7.9875, 1.4753, 8.32875]},
			"faces": {
				"north": {"uv": [0, 0, 2, 16], "texture": "#635"},
				"east": {"uv": [0, 0, 2, 16], "texture": "#635"},
				"south": {"uv": [0, 0, 2, 16], "texture": "#635"},
				"west": {"uv": [0, 0, 2, 16], "texture": "#635"},
				"up": {"uv": [0, 0, 2, 16], "texture": "#635"},
				"down": {"uv": [0, 0, 2, 16], "texture": "#635"}
			}
		},
		{
			"from": [7.625, -2.61616, 7.54491],
			"to": [7.7, -2.51616, 8.46991],
			"rotation": {"angle": 45, "axis": "x", "origin": [7.6625, -2.56616, 8.00741]},
			"faces": {
				"north": {"uv": [0, 0, 2, 16], "texture": "#635"},
				"east": {"uv": [0, 0, 2, 16], "texture": "#635"},
				"south": {"uv": [0, 0, 2, 16], "texture": "#635"},
				"west": {"uv": [0, 0, 2, 16], "texture": "#635"},
				"up": {"uv": [0, 0, 2, 16], "texture": "#635"},
				"down": {"uv": [0, 0, 2, 16], "texture": "#635"}
			}
		},
		{
			"from": [7.625, 2.38384, 7.54491],
			"to": [7.7, 2.48384, 8.46991],
			"rotation": {"angle": 45, "axis": "x", "origin": [7.6625, 2.43384, 8.00741]},
			"faces": {
				"north": {"uv": [0, 0, 2, 16], "texture": "#635"},
				"east": {"uv": [0, 0, 2, 16], "texture": "#635"},
				"south": {"uv": [0, 0, 2, 16], "texture": "#635"},
				"west": {"uv": [0, 0, 2, 16], "texture": "#635"},
				"up": {"uv": [0, 0, 2, 16], "texture": "#635"},
				"down": {"uv": [0, 0, 2, 16], "texture": "#635"}
			}
		},
		{
			"from": [8.3, -2.61616, 7.51259],
			"to": [8.375, -2.51616, 8.43759],
			"rotation": {"angle": -45, "axis": "x", "origin": [8.3375, -2.56616, 7.97509]},
			"faces": {
				"north": {"uv": [0, 0, 2, 16], "texture": "#635"},
				"east": {"uv": [0, 0, 2, 16], "texture": "#635"},
				"south": {"uv": [0, 0, 2, 16], "texture": "#635"},
				"west": {"uv": [0, 0, 2, 16], "texture": "#635"},
				"up": {"uv": [0, 0, 2, 16], "texture": "#635"},
				"down": {"uv": [0, 0, 2, 16], "texture": "#635"}
			}
		},
		{
			"from": [8.3, 2.38384, 7.51259],
			"to": [8.375, 2.48384, 8.43759],
			"rotation": {"angle": -45, "axis": "x", "origin": [8.3375, 2.43384, 7.97509]},
			"faces": {
				"north": {"uv": [0, 0, 2, 16], "texture": "#635"},
				"east": {"uv": [0, 0, 2, 16], "texture": "#635"},
				"south": {"uv": [0, 0, 2, 16], "texture": "#635"},
				"west": {"uv": [0, 0, 2, 16], "texture": "#635"},
				"up": {"uv": [0, 0, 2, 16], "texture": "#635"},
				"down": {"uv": [0, 0, 2, 16], "texture": "#635"}
			}
		},
		{
			"from": [8.2252, -2.89432, 7.61625],
			"to": [9.1502, -2.79432, 7.69125],
			"rotation": {"angle": 45, "axis": "z", "origin": [8.0125, -3.5247, 7.65375]},
			"faces": {
				"north": {"uv": [0, 0, 2, 16], "texture": "#635"},
				"east": {"uv": [0, 0, 2, 16], "texture": "#635"},
				"south": {"uv": [0, 0, 2, 16], "texture": "#635"},
				"west": {"uv": [0, 0, 2, 16], "texture": "#635"},
				"up": {"uv": [0, 0, 2, 16], "texture": "#635"},
				"down": {"uv": [0, 0, 2, 16], "texture": "#635"}
			}
		},
		{
			"from": [8.2252, 2.10568, 7.61625],
			"to": [9.1502, 2.20568, 7.69125],
			"rotation": {"angle": 45, "axis": "z", "origin": [8.0125, 1.4753, 7.65375]},
			"faces": {
				"north": {"uv": [0, 0, 2, 16], "texture": "#635"},
				"east": {"uv": [0, 0, 2, 16], "texture": "#635"},
				"south": {"uv": [0, 0, 2, 16], "texture": "#635"},
				"west": {"uv": [0, 0, 2, 16], "texture": "#635"},
				"up": {"uv": [0, 0, 2, 16], "texture": "#635"},
				"down": {"uv": [0, 0, 2, 16], "texture": "#635"}
			}
		},
		{
			"from": [6.8498, -2.89432, 8.29125],
			"to": [7.7748, -2.79432, 8.36625],
			"rotation": {"angle": -45, "axis": "z", "origin": [7.9875, -3.5247, 8.32875]},
			"faces": {
				"north": {"uv": [0, 0, 2, 16], "texture": "#635"},
				"east": {"uv": [0, 0, 2, 16], "texture": "#635"},
				"south": {"uv": [0, 0, 2, 16], "texture": "#635"},
				"west": {"uv": [0, 0, 2, 16], "texture": "#635"},
				"up": {"uv": [0, 0, 2, 16], "texture": "#635"},
				"down": {"uv": [0, 0, 2, 16], "texture": "#635"}
			}
		},
		{
			"from": [6.8498, 2.10568, 8.29125],
			"to": [7.7748, 2.20568, 8.36625],
			"rotation": {"angle": -45, "axis": "z", "origin": [7.9875, 1.4753, 8.32875]},
			"faces": {
				"north": {"uv": [0, 0, 2, 16], "texture": "#635"},
				"east": {"uv": [0, 0, 2, 16], "texture": "#635"},
				"south": {"uv": [0, 0, 2, 16], "texture": "#635"},
				"west": {"uv": [0, 0, 2, 16], "texture": "#635"},
				"up": {"uv": [0, 0, 2, 16], "texture": "#635"},
				"down": {"uv": [0, 0, 2, 16], "texture": "#635"}
			}
		},
		{
			"from": [7.625, -1.96616, 7.54491],
			"to": [7.7, -1.86616, 8.46991],
			"rotation": {"angle": 45, "axis": "x", "origin": [7.6625, -1.91616, 8.00741]},
			"faces": {
				"north": {"uv": [0, 0, 2, 16], "texture": "#635"},
				"east": {"uv": [0, 0, 2, 16], "texture": "#635"},
				"south": {"uv": [0, 0, 2, 16], "texture": "#635"},
				"west": {"uv": [0, 0, 2, 16], "texture": "#635"},
				"up": {"uv": [0, 0, 2, 16], "texture": "#635"},
				"down": {"uv": [0, 0, 2, 16], "texture": "#635"}
			}
		},
		{
			"from": [7.625, 3.03384, 7.54491],
			"to": [7.7, 3.13384, 8.46991],
			"rotation": {"angle": 45, "axis": "x", "origin": [7.6625, 3.08384, 8.00741]},
			"faces": {
				"north": {"uv": [0, 0, 2, 16], "texture": "#635"},
				"east": {"uv": [0, 0, 2, 16], "texture": "#635"},
				"south": {"uv": [0, 0, 2, 16], "texture": "#635"},
				"west": {"uv": [0, 0, 2, 16], "texture": "#635"},
				"up": {"uv": [0, 0, 2, 16], "texture": "#635"},
				"down": {"uv": [0, 0, 2, 16], "texture": "#635"}
			}
		},
		{
			"from": [8.3, -1.96616, 7.51259],
			"to": [8.375, -1.86616, 8.43759],
			"rotation": {"angle": -45, "axis": "x", "origin": [8.3375, -1.91616, 7.97509]},
			"faces": {
				"north": {"uv": [0, 0, 2, 16], "texture": "#635"},
				"east": {"uv": [0, 0, 2, 16], "texture": "#635"},
				"south": {"uv": [0, 0, 2, 16], "texture": "#635"},
				"west": {"uv": [0, 0, 2, 16], "texture": "#635"},
				"up": {"uv": [0, 0, 2, 16], "texture": "#635"},
				"down": {"uv": [0, 0, 2, 16], "texture": "#635"}
			}
		},
		{
			"from": [8.3, 3.03384, 7.51259],
			"to": [8.375, 3.13384, 8.43759],
			"rotation": {"angle": -45, "axis": "x", "origin": [8.3375, 3.08384, 7.97509]},
			"faces": {
				"north": {"uv": [0, 0, 2, 16], "texture": "#635"},
				"east": {"uv": [0, 0, 2, 16], "texture": "#635"},
				"south": {"uv": [0, 0, 2, 16], "texture": "#635"},
				"west": {"uv": [0, 0, 2, 16], "texture": "#635"},
				"up": {"uv": [0, 0, 2, 16], "texture": "#635"},
				"down": {"uv": [0, 0, 2, 16], "texture": "#635"}
			}
		},
		{
			"from": [8.68482, -2.4347, 7.61625],
			"to": [9.60982, -2.3347, 7.69125],
			"rotation": {"angle": 45, "axis": "z", "origin": [8.0125, -3.5247, 7.65375]},
			"faces": {
				"north": {"uv": [0, 0, 2, 16], "texture": "#635"},
				"east": {"uv": [0, 0, 2, 16], "texture": "#635"},
				"south": {"uv": [0, 0, 2, 16], "texture": "#635"},
				"west": {"uv": [0, 0, 2, 16], "texture": "#635"},
				"up": {"uv": [0, 0, 2, 16], "texture": "#635"},
				"down": {"uv": [0, 0, 2, 16], "texture": "#635"}
			}
		},
		{
			"from": [8.68482, 2.5653, 7.61625],
			"to": [9.60982, 2.6653, 7.69125],
			"rotation": {"angle": 45, "axis": "z", "origin": [8.0125, 1.4753, 7.65375]},
			"faces": {
				"north": {"uv": [0, 0, 2, 16], "texture": "#635"},
				"east": {"uv": [0, 0, 2, 16], "texture": "#635"},
				"south": {"uv": [0, 0, 2, 16], "texture": "#635"},
				"west": {"uv": [0, 0, 2, 16], "texture": "#635"},
				"up": {"uv": [0, 0, 2, 16], "texture": "#635"},
				"down": {"uv": [0, 0, 2, 16], "texture": "#635"}
			}
		},
		{
			"from": [6.39018, -2.4347, 8.29125],
			"to": [7.31518, -2.3347, 8.36625],
			"rotation": {"angle": -45, "axis": "z", "origin": [7.9875, -3.5247, 8.32875]},
			"faces": {
				"north": {"uv": [0, 0, 2, 16], "texture": "#635"},
				"east": {"uv": [0, 0, 2, 16], "texture": "#635"},
				"south": {"uv": [0, 0, 2, 16], "texture": "#635"},
				"west": {"uv": [0, 0, 2, 16], "texture": "#635"},
				"up": {"uv": [0, 0, 2, 16], "texture": "#635"},
				"down": {"uv": [0, 0, 2, 16], "texture": "#635"}
			}
		},
		{
			"from": [6.39018, 2.5653, 8.29125],
			"to": [7.31518, 2.6653, 8.36625],
			"rotation": {"angle": -45, "axis": "z", "origin": [7.9875, 1.4753, 8.32875]},
			"faces": {
				"north": {"uv": [0, 0, 2, 16], "texture": "#635"},
				"east": {"uv": [0, 0, 2, 16], "texture": "#635"},
				"south": {"uv": [0, 0, 2, 16], "texture": "#635"},
				"west": {"uv": [0, 0, 2, 16], "texture": "#635"},
				"up": {"uv": [0, 0, 2, 16], "texture": "#635"},
				"down": {"uv": [0, 0, 2, 16], "texture": "#635"}
			}
		},
		{
			"from": [7.625, -3.9, 7.52357],
			"to": [7.7, -3.8, 8.47357],
			"rotation": {"angle": 45, "axis": "x", "origin": [7.6625, -3.85, 7.99857]},
			"faces": {
				"north": {"uv": [0, 0, 2, 16], "texture": "#635"},
				"east": {"uv": [0, 0, 2, 16], "texture": "#635"},
				"south": {"uv": [0, 0, 2, 16], "texture": "#635"},
				"west": {"uv": [0, 0, 2, 16], "texture": "#635"},
				"up": {"uv": [0, 0, 2, 16], "texture": "#635"},
				"down": {"uv": [0, 0, 2, 16], "texture": "#635"}
			}
		},
		{
			"from": [7.625, 1.1, 7.52357],
			"to": [7.7, 1.2, 8.47357],
			"rotation": {"angle": 45, "axis": "x", "origin": [7.6625, 1.15, 7.99857]},
			"faces": {
				"north": {"uv": [0, 0, 2, 16], "texture": "#635"},
				"east": {"uv": [0, 0, 2, 16], "texture": "#635"},
				"south": {"uv": [0, 0, 2, 16], "texture": "#635"},
				"west": {"uv": [0, 0, 2, 16], "texture": "#635"},
				"up": {"uv": [0, 0, 2, 16], "texture": "#635"},
				"down": {"uv": [0, 0, 2, 16], "texture": "#635"}
			}
		},
		{
			"from": [8.3, -3.9, 7.50893],
			"to": [8.375, -3.8, 8.45893],
			"rotation": {"angle": -45, "axis": "x", "origin": [8.3375, -3.85, 7.98393]},
			"faces": {
				"north": {"uv": [0, 0, 2, 16], "texture": "#635"},
				"east": {"uv": [0, 0, 2, 16], "texture": "#635"},
				"south": {"uv": [0, 0, 2, 16], "texture": "#635"},
				"west": {"uv": [0, 0, 2, 16], "texture": "#635"},
				"up": {"uv": [0, 0, 2, 16], "texture": "#635"},
				"down": {"uv": [0, 0, 2, 16], "texture": "#635"}
			}
		},
		{
			"from": [8.3, 1.1, 7.50893],
			"to": [8.375, 1.2, 8.45893],
			"rotation": {"angle": -45, "axis": "x", "origin": [8.3375, 1.15, 7.98393]},
			"faces": {
				"north": {"uv": [0, 0, 2, 16], "texture": "#635"},
				"east": {"uv": [0, 0, 2, 16], "texture": "#635"},
				"south": {"uv": [0, 0, 2, 16], "texture": "#635"},
				"west": {"uv": [0, 0, 2, 16], "texture": "#635"},
				"up": {"uv": [0, 0, 2, 16], "texture": "#635"},
				"down": {"uv": [0, 0, 2, 16], "texture": "#635"}
			}
		},
		{
			"from": [7.31114, -3.80838, 7.61625],
			"to": [8.26114, -3.70838, 7.69125],
			"rotation": {"angle": 45, "axis": "z", "origin": [8.0125, -3.5247, 7.65375]},
			"faces": {
				"north": {"uv": [0, 0, 2, 16], "texture": "#635"},
				"east": {"uv": [0, 0, 2, 16], "texture": "#635"},
				"south": {"uv": [0, 0, 2, 16], "texture": "#635"},
				"west": {"uv": [0, 0, 2, 16], "texture": "#635"},
				"up": {"uv": [0, 0, 2, 16], "texture": "#635"},
				"down": {"uv": [0, 0, 2, 16], "texture": "#635"}
			}
		},
		{
			"from": [7.31114, 1.19162, 7.61625],
			"to": [8.26114, 1.29162, 7.69125],
			"rotation": {"angle": 45, "axis": "z", "origin": [8.0125, 1.4753, 7.65375]},
			"faces": {
				"north": {"uv": [0, 0, 2, 16], "texture": "#635"},
				"east": {"uv": [0, 0, 2, 16], "texture": "#635"},
				"south": {"uv": [0, 0, 2, 16], "texture": "#635"},
				"west": {"uv": [0, 0, 2, 16], "texture": "#635"},
				"up": {"uv": [0, 0, 2, 16], "texture": "#635"},
				"down": {"uv": [0, 0, 2, 16], "texture": "#635"}
			}
		},
		{
			"from": [7.73886, -3.80838, 8.29125],
			"to": [8.68886, -3.70838, 8.36625],
			"rotation": {"angle": -45, "axis": "z", "origin": [7.9875, -3.5247, 8.32875]},
			"faces": {
				"north": {"uv": [0, 0, 2, 16], "texture": "#635"},
				"east": {"uv": [0, 0, 2, 16], "texture": "#635"},
				"south": {"uv": [0, 0, 2, 16], "texture": "#635"},
				"west": {"uv": [0, 0, 2, 16], "texture": "#635"},
				"up": {"uv": [0, 0, 2, 16], "texture": "#635"},
				"down": {"uv": [0, 0, 2, 16], "texture": "#635"}
			}
		},
		{
			"from": [7.73886, 1.19162, 8.29125],
			"to": [8.68886, 1.29162, 8.36625],
			"rotation": {"angle": -45, "axis": "z", "origin": [7.9875, 1.4753, 8.32875]},
			"faces": {
				"north": {"uv": [0, 0, 2, 16], "texture": "#635"},
				"east": {"uv": [0, 0, 2, 16], "texture": "#635"},
				"south": {"uv": [0, 0, 2, 16], "texture": "#635"},
				"west": {"uv": [0, 0, 2, 16], "texture": "#635"},
				"up": {"uv": [0, 0, 2, 16], "texture": "#635"},
				"down": {"uv": [0, 0, 2, 16], "texture": "#635"}
			}
		},
		{
			"from": [7.625, -3.25, 7.52357],
			"to": [7.7, -3.15, 8.47357],
			"rotation": {"angle": 45, "axis": "x", "origin": [7.6625, -3.2, 7.99857]},
			"faces": {
				"north": {"uv": [0, 0, 2, 16], "texture": "#635"},
				"east": {"uv": [0, 0, 2, 16], "texture": "#635"},
				"south": {"uv": [0, 0, 2, 16], "texture": "#635"},
				"west": {"uv": [0, 0, 2, 16], "texture": "#635"},
				"up": {"uv": [0, 0, 2, 16], "texture": "#635"},
				"down": {"uv": [0, 0, 2, 16], "texture": "#635"}
			}
		},
		{
			"from": [7.625, 1.75, 7.52357],
			"to": [7.7, 1.85, 8.47357],
			"rotation": {"angle": 45, "axis": "x", "origin": [7.6625, 1.8, 7.99857]},
			"faces": {
				"north": {"uv": [0, 0, 2, 16], "texture": "#635"},
				"east": {"uv": [0, 0, 2, 16], "texture": "#635"},
				"south": {"uv": [0, 0, 2, 16], "texture": "#635"},
				"west": {"uv": [0, 0, 2, 16], "texture": "#635"},
				"up": {"uv": [0, 0, 2, 16], "texture": "#635"},
				"down": {"uv": [0, 0, 2, 16], "texture": "#635"}
			}
		},
		{
			"from": [8.3, -3.25, 7.50893],
			"to": [8.375, -3.15, 8.45893],
			"rotation": {"angle": -45, "axis": "x", "origin": [8.3375, -3.2, 7.98393]},
			"faces": {
				"north": {"uv": [0, 0, 2, 16], "texture": "#635"},
				"east": {"uv": [0, 0, 2, 16], "texture": "#635"},
				"south": {"uv": [0, 0, 2, 16], "texture": "#635"},
				"west": {"uv": [0, 0, 2, 16], "texture": "#635"},
				"up": {"uv": [0, 0, 2, 16], "texture": "#635"},
				"down": {"uv": [0, 0, 2, 16], "texture": "#635"}
			}
		},
		{
			"from": [8.3, 1.75, 7.50893],
			"to": [8.375, 1.85, 8.45893],
			"rotation": {"angle": -45, "axis": "x", "origin": [8.3375, 1.8, 7.98393]},
			"faces": {
				"north": {"uv": [0, 0, 2, 16], "texture": "#635"},
				"east": {"uv": [0, 0, 2, 16], "texture": "#635"},
				"south": {"uv": [0, 0, 2, 16], "texture": "#635"},
				"west": {"uv": [0, 0, 2, 16], "texture": "#635"},
				"up": {"uv": [0, 0, 2, 16], "texture": "#635"},
				"down": {"uv": [0, 0, 2, 16], "texture": "#635"}
			}
		},
		{
			"from": [7.77076, -3.34876, 7.61625],
			"to": [8.72076, -3.24876, 7.69125],
			"rotation": {"angle": 45, "axis": "z", "origin": [8.0125, -3.5247, 7.65375]},
			"faces": {
				"north": {"uv": [0, 0, 2, 16], "texture": "#635"},
				"east": {"uv": [0, 0, 2, 16], "texture": "#635"},
				"south": {"uv": [0, 0, 2, 16], "texture": "#635"},
				"west": {"uv": [0, 0, 2, 16], "texture": "#635"},
				"up": {"uv": [0, 0, 2, 16], "texture": "#635"},
				"down": {"uv": [0, 0, 2, 16], "texture": "#635"}
			}
		},
		{
			"from": [7.77076, 1.65124, 7.61625],
			"to": [8.72076, 1.75124, 7.69125],
			"rotation": {"angle": 45, "axis": "z", "origin": [8.0125, 1.4753, 7.65375]},
			"faces": {
				"north": {"uv": [0, 0, 2, 16], "texture": "#635"},
				"east": {"uv": [0, 0, 2, 16], "texture": "#635"},
				"south": {"uv": [0, 0, 2, 16], "texture": "#635"},
				"west": {"uv": [0, 0, 2, 16], "texture": "#635"},
				"up": {"uv": [0, 0, 2, 16], "texture": "#635"},
				"down": {"uv": [0, 0, 2, 16], "texture": "#635"}
			}
		},
		{
			"from": [7.27924, -3.34876, 8.29125],
			"to": [8.22924, -3.24876, 8.36625],
			"rotation": {"angle": -45, "axis": "z", "origin": [7.9875, -3.5247, 8.32875]},
			"faces": {
				"north": {"uv": [0, 0, 2, 16], "texture": "#635"},
				"east": {"uv": [0, 0, 2, 16], "texture": "#635"},
				"south": {"uv": [0, 0, 2, 16], "texture": "#635"},
				"west": {"uv": [0, 0, 2, 16], "texture": "#635"},
				"up": {"uv": [0, 0, 2, 16], "texture": "#635"},
				"down": {"uv": [0, 0, 2, 16], "texture": "#635"}
			}
		},
		{
			"from": [7.27924, 1.65124, 8.29125],
			"to": [8.22924, 1.75124, 8.36625],
			"rotation": {"angle": -45, "axis": "z", "origin": [7.9875, 1.4753, 8.32875]},
			"faces": {
				"north": {"uv": [0, 0, 2, 16], "texture": "#635"},
				"east": {"uv": [0, 0, 2, 16], "texture": "#635"},
				"south": {"uv": [0, 0, 2, 16], "texture": "#635"},
				"west": {"uv": [0, 0, 2, 16], "texture": "#635"},
				"up": {"uv": [0, 0, 2, 16], "texture": "#635"},
				"down": {"uv": [0, 0, 2, 16], "texture": "#635"}
			}
		},
		{
			"from": [7.625, -4.95, 7.9],
			"to": [7.7, -4, 8],
			"rotation": {"angle": 45, "axis": "x", "origin": [7.65, -4.55, 7.95]},
			"faces": {
				"north": {"uv": [0, 0, 2, 16], "rotation": 90, "texture": "#635"},
				"east": {"uv": [0, 0, 2, 16], "rotation": 90, "texture": "#635"},
				"south": {"uv": [0, 0, 2, 16], "rotation": 90, "texture": "#635"},
				"west": {"uv": [0, 0, 2, 16], "rotation": 90, "texture": "#635"},
				"up": {"uv": [0, 0, 2, 16], "rotation": 90, "texture": "#635"},
				"down": {"uv": [0, 0, 2, 16], "rotation": 90, "texture": "#635"}
			}
		},
		{
			"from": [7.625, 0.05, 7.9],
			"to": [7.7, 1, 8],
			"rotation": {"angle": 45, "axis": "x", "origin": [7.65, 0.45, 7.95]},
			"faces": {
				"north": {"uv": [0, 0, 2, 16], "rotation": 90, "texture": "#635"},
				"east": {"uv": [0, 0, 2, 16], "rotation": 90, "texture": "#635"},
				"south": {"uv": [0, 0, 2, 16], "rotation": 90, "texture": "#635"},
				"west": {"uv": [0, 0, 2, 16], "rotation": 90, "texture": "#635"},
				"up": {"uv": [0, 0, 2, 16], "rotation": 90, "texture": "#635"},
				"down": {"uv": [0, 0, 2, 16], "rotation": 90, "texture": "#635"}
			}
		},
		{
			"from": [8.3, -4.95, 7.9825],
			"to": [8.375, -4, 8.0825],
			"rotation": {"angle": -45, "axis": "x", "origin": [8.35, -4.55, 8.0325]},
			"faces": {
				"north": {"uv": [0, 0, 2, 16], "rotation": 270, "texture": "#635"},
				"east": {"uv": [0, 0, 2, 16], "rotation": 270, "texture": "#635"},
				"south": {"uv": [0, 0, 2, 16], "rotation": 270, "texture": "#635"},
				"west": {"uv": [0, 0, 2, 16], "rotation": 270, "texture": "#635"},
				"up": {"uv": [0, 0, 2, 16], "rotation": 270, "texture": "#635"},
				"down": {"uv": [0, 0, 2, 16], "rotation": 270, "texture": "#635"}
			}
		},
		{
			"from": [8.3, 0.05, 7.9825],
			"to": [8.375, 1, 8.0825],
			"rotation": {"angle": -45, "axis": "x", "origin": [8.35, 0.45, 8.0325]},
			"faces": {
				"north": {"uv": [0, 0, 2, 16], "rotation": 270, "texture": "#635"},
				"east": {"uv": [0, 0, 2, 16], "rotation": 270, "texture": "#635"},
				"south": {"uv": [0, 0, 2, 16], "rotation": 270, "texture": "#635"},
				"west": {"uv": [0, 0, 2, 16], "rotation": 270, "texture": "#635"},
				"up": {"uv": [0, 0, 2, 16], "rotation": 270, "texture": "#635"},
				"down": {"uv": [0, 0, 2, 16], "rotation": 270, "texture": "#635"}
			}
		},
		{
			"from": [7.27551, -4.6877, 7.61625],
			"to": [7.37551, -3.7377, 7.69125],
			"rotation": {"angle": 45, "axis": "z", "origin": [8.0125, -3.5247, 7.65375]},
			"faces": {
				"north": {"uv": [0, 0, 2, 16], "texture": "#635"},
				"east": {"uv": [0, 0, 2, 16], "texture": "#635"},
				"south": {"uv": [0, 0, 2, 16], "texture": "#635"},
				"west": {"uv": [0, 0, 2, 16], "texture": "#635"},
				"up": {"uv": [0, 0, 2, 16], "texture": "#635"},
				"down": {"uv": [0, 0, 2, 16], "texture": "#635"}
			}
		},
		{
			"from": [7.27551, 0.3123, 7.61625],
			"to": [7.37551, 1.2623, 7.69125],
			"rotation": {"angle": 45, "axis": "z", "origin": [8.0125, 1.4753, 7.65375]},
			"faces": {
				"north": {"uv": [0, 0, 2, 16], "texture": "#635"},
				"east": {"uv": [0, 0, 2, 16], "texture": "#635"},
				"south": {"uv": [0, 0, 2, 16], "texture": "#635"},
				"west": {"uv": [0, 0, 2, 16], "texture": "#635"},
				"up": {"uv": [0, 0, 2, 16], "texture": "#635"},
				"down": {"uv": [0, 0, 2, 16], "texture": "#635"}
			}
		},
		{
			"from": [8.62449, -4.6877, 8.29125],
			"to": [8.72449, -3.7377, 8.36625],
			"rotation": {"angle": -45, "axis": "z", "origin": [7.9875, -3.5247, 8.32875]},
			"faces": {
				"north": {"uv": [0, 0, 2, 16], "rotation": 180, "texture": "#635"},
				"east": {"uv": [0, 0, 2, 16], "rotation": 180, "texture": "#635"},
				"south": {"uv": [0, 0, 2, 16], "rotation": 180, "texture": "#635"},
				"west": {"uv": [0, 0, 2, 16], "rotation": 180, "texture": "#635"},
				"up": {"uv": [0, 0, 2, 16], "rotation": 180, "texture": "#635"},
				"down": {"uv": [0, 0, 2, 16], "rotation": 180, "texture": "#635"}
			}
		},
		{
			"from": [8.62449, 0.3123, 8.29125],
			"to": [8.72449, 1.2623, 8.36625],
			"rotation": {"angle": -45, "axis": "z", "origin": [7.9875, 1.4753, 8.32875]},
			"faces": {
				"north": {"uv": [0, 0, 2, 16], "rotation": 180, "texture": "#635"},
				"east": {"uv": [0, 0, 2, 16], "rotation": 180, "texture": "#635"},
				"south": {"uv": [0, 0, 2, 16], "rotation": 180, "texture": "#635"},
				"west": {"uv": [0, 0, 2, 16], "rotation": 180, "texture": "#635"},
				"up": {"uv": [0, 0, 2, 16], "rotation": 180, "texture": "#635"},
				"down": {"uv": [0, 0, 2, 16], "rotation": 180, "texture": "#635"}
			}
		},
		{
			"from": [7.625, -5.575, 7.9],
			"to": [7.7, -4.625, 8],
			"rotation": {"angle": 45, "axis": "x", "origin": [7.65, -5.175, 7.95]},
			"faces": {
				"north": {"uv": [0, 0, 2, 16], "rotation": 90, "texture": "#635"},
				"east": {"uv": [0, 0, 2, 16], "rotation": 90, "texture": "#635"},
				"south": {"uv": [0, 0, 2, 16], "rotation": 90, "texture": "#635"},
				"west": {"uv": [0, 0, 2, 16], "rotation": 90, "texture": "#635"},
				"up": {"uv": [0, 0, 2, 16], "rotation": 90, "texture": "#635"},
				"down": {"uv": [0, 0, 2, 16], "rotation": 90, "texture": "#635"}
			}
		},
		{
			"from": [7.625, -0.575, 7.9],
			"to": [7.7, 0.375, 8],
			"rotation": {"angle": 45, "axis": "x", "origin": [7.65, -0.175, 7.95]},
			"faces": {
				"north": {"uv": [0, 0, 2, 16], "rotation": 90, "texture": "#635"},
				"east": {"uv": [0, 0, 2, 16], "rotation": 90, "texture": "#635"},
				"south": {"uv": [0, 0, 2, 16], "rotation": 90, "texture": "#635"},
				"west": {"uv": [0, 0, 2, 16], "rotation": 90, "texture": "#635"},
				"up": {"uv": [0, 0, 2, 16], "rotation": 90, "texture": "#635"},
				"down": {"uv": [0, 0, 2, 16], "rotation": 90, "texture": "#635"}
			}
		},
		{
			"from": [8.3, -5.575, 7.9825],
			"to": [8.375, -4.625, 8.0825],
			"rotation": {"angle": -45, "axis": "x", "origin": [8.35, -5.175, 8.0325]},
			"faces": {
				"north": {"uv": [0, 0, 2, 16], "rotation": 270, "texture": "#635"},
				"east": {"uv": [0, 0, 2, 16], "rotation": 270, "texture": "#635"},
				"south": {"uv": [0, 0, 2, 16], "rotation": 270, "texture": "#635"},
				"west": {"uv": [0, 0, 2, 16], "rotation": 270, "texture": "#635"},
				"up": {"uv": [0, 0, 2, 16], "rotation": 270, "texture": "#635"},
				"down": {"uv": [0, 0, 2, 16], "rotation": 270, "texture": "#635"}
			}
		},
		{
			"from": [8.3, -0.575, 7.9825],
			"to": [8.375, 0.375, 8.0825],
			"rotation": {"angle": -45, "axis": "x", "origin": [8.35, -0.175, 8.0325]},
			"faces": {
				"north": {"uv": [0, 0, 2, 16], "rotation": 270, "texture": "#635"},
				"east": {"uv": [0, 0, 2, 16], "rotation": 270, "texture": "#635"},
				"south": {"uv": [0, 0, 2, 16], "rotation": 270, "texture": "#635"},
				"west": {"uv": [0, 0, 2, 16], "rotation": 270, "texture": "#635"},
				"up": {"uv": [0, 0, 2, 16], "rotation": 270, "texture": "#635"},
				"down": {"uv": [0, 0, 2, 16], "rotation": 270, "texture": "#635"}
			}
		},
		{
			"from": [6.83357, -5.12964, 7.61625],
			"to": [6.93357, -4.17964, 7.69125],
			"rotation": {"angle": 45, "axis": "z", "origin": [8.0125, -3.5247, 7.65375]},
			"faces": {
				"north": {"uv": [0, 0, 2, 16], "texture": "#635"},
				"east": {"uv": [0, 0, 2, 16], "texture": "#635"},
				"south": {"uv": [0, 0, 2, 16], "texture": "#635"},
				"west": {"uv": [0, 0, 2, 16], "texture": "#635"},
				"up": {"uv": [0, 0, 2, 16], "texture": "#635"},
				"down": {"uv": [0, 0, 2, 16], "texture": "#635"}
			}
		},
		{
			"from": [6.83357, -0.12964, 7.61625],
			"to": [6.93357, 0.82036, 7.69125],
			"rotation": {"angle": 45, "axis": "z", "origin": [8.0125, 1.4753, 7.65375]},
			"faces": {
				"north": {"uv": [0, 0, 2, 16], "texture": "#635"},
				"east": {"uv": [0, 0, 2, 16], "texture": "#635"},
				"south": {"uv": [0, 0, 2, 16], "texture": "#635"},
				"west": {"uv": [0, 0, 2, 16], "texture": "#635"},
				"up": {"uv": [0, 0, 2, 16], "texture": "#635"},
				"down": {"uv": [0, 0, 2, 16], "texture": "#635"}
			}
		},
		{
			"from": [9.06643, -5.12964, 8.29125],
			"to": [9.16643, -4.17964, 8.36625],
			"rotation": {"angle": -45, "axis": "z", "origin": [7.9875, -3.5247, 8.32875]},
			"faces": {
				"north": {"uv": [0, 0, 2, 16], "rotation": 180, "texture": "#635"},
				"east": {"uv": [0, 0, 2, 16], "rotation": 180, "texture": "#635"},
				"south": {"uv": [0, 0, 2, 16], "rotation": 180, "texture": "#635"},
				"west": {"uv": [0, 0, 2, 16], "rotation": 180, "texture": "#635"},
				"up": {"uv": [0, 0, 2, 16], "rotation": 180, "texture": "#635"},
				"down": {"uv": [0, 0, 2, 16], "rotation": 180, "texture": "#635"}
			}
		},
		{
			"from": [9.06643, -0.12964, 8.29125],
			"to": [9.16643, 0.82036, 8.36625],
			"rotation": {"angle": -45, "axis": "z", "origin": [7.9875, 1.4753, 8.32875]},
			"faces": {
				"north": {"uv": [0, 0, 2, 16], "rotation": 180, "texture": "#635"},
				"east": {"uv": [0, 0, 2, 16], "rotation": 180, "texture": "#635"},
				"south": {"uv": [0, 0, 2, 16], "rotation": 180, "texture": "#635"},
				"west": {"uv": [0, 0, 2, 16], "rotation": 180, "texture": "#635"},
				"up": {"uv": [0, 0, 2, 16], "rotation": 180, "texture": "#635"},
				"down": {"uv": [0, 0, 2, 16], "rotation": 180, "texture": "#635"}
			}
		},
		{
			"from": [7.625, -4.3, 7.9],
			"to": [7.7, -3.35, 8],
			"rotation": {"angle": 45, "axis": "x", "origin": [7.65, -3.9, 7.95]},
			"faces": {
				"north": {"uv": [0, 0, 2, 16], "rotation": 90, "texture": "#635"},
				"east": {"uv": [0, 0, 2, 16], "rotation": 90, "texture": "#635"},
				"south": {"uv": [0, 0, 2, 16], "rotation": 90, "texture": "#635"},
				"west": {"uv": [0, 0, 2, 16], "rotation": 90, "texture": "#635"},
				"up": {"uv": [0, 0, 2, 16], "rotation": 90, "texture": "#635"},
				"down": {"uv": [0, 0, 2, 16], "rotation": 90, "texture": "#635"}
			}
		},
		{
			"from": [7.625, 0.7, 7.9],
			"to": [7.7, 1.65, 8],
			"rotation": {"angle": 45, "axis": "x", "origin": [7.65, 1.1, 7.95]},
			"faces": {
				"north": {"uv": [0, 0, 2, 16], "rotation": 90, "texture": "#635"},
				"east": {"uv": [0, 0, 2, 16], "rotation": 90, "texture": "#635"},
				"south": {"uv": [0, 0, 2, 16], "rotation": 90, "texture": "#635"},
				"west": {"uv": [0, 0, 2, 16], "rotation": 90, "texture": "#635"},
				"up": {"uv": [0, 0, 2, 16], "rotation": 90, "texture": "#635"},
				"down": {"uv": [0, 0, 2, 16], "rotation": 90, "texture": "#635"}
			}
		},
		{
			"from": [8.3, -4.3, 7.9825],
			"to": [8.375, -3.35, 8.0825],
			"rotation": {"angle": -45, "axis": "x", "origin": [8.35, -3.9, 8.0325]},
			"faces": {
				"north": {"uv": [0, 0, 2, 16], "rotation": 270, "texture": "#635"},
				"east": {"uv": [0, 0, 2, 16], "rotation": 270, "texture": "#635"},
				"south": {"uv": [0, 0, 2, 16], "rotation": 270, "texture": "#635"},
				"west": {"uv": [0, 0, 2, 16], "rotation": 270, "texture": "#635"},
				"up": {"uv": [0, 0, 2, 16], "rotation": 270, "texture": "#635"},
				"down": {"uv": [0, 0, 2, 16], "rotation": 270, "texture": "#635"}
			}
		},
		{
			"from": [8.3, 0.7, 7.9825],
			"to": [8.375, 1.65, 8.0825],
			"rotation": {"angle": -45, "axis": "x", "origin": [8.35, 1.1, 8.0325]},
			"faces": {
				"north": {"uv": [0, 0, 2, 16], "rotation": 270, "texture": "#635"},
				"east": {"uv": [0, 0, 2, 16], "rotation": 270, "texture": "#635"},
				"south": {"uv": [0, 0, 2, 16], "rotation": 270, "texture": "#635"},
				"west": {"uv": [0, 0, 2, 16], "rotation": 270, "texture": "#635"},
				"up": {"uv": [0, 0, 2, 16], "rotation": 270, "texture": "#635"},
				"down": {"uv": [0, 0, 2, 16], "rotation": 270, "texture": "#635"}
			}
		},
		{
			"from": [7.73513, -4.22808, 7.61625],
			"to": [7.83513, -3.27808, 7.69125],
			"rotation": {"angle": 45, "axis": "z", "origin": [8.0125, -3.5247, 7.65375]},
			"faces": {
				"north": {"uv": [0, 0, 2, 16], "texture": "#635"},
				"east": {"uv": [0, 0, 2, 16], "texture": "#635"},
				"south": {"uv": [0, 0, 2, 16], "texture": "#635"},
				"west": {"uv": [0, 0, 2, 16], "texture": "#635"},
				"up": {"uv": [0, 0, 2, 16], "texture": "#635"},
				"down": {"uv": [0, 0, 2, 16], "texture": "#635"}
			}
		},
		{
			"from": [7.73513, 0.77192, 7.61625],
			"to": [7.83513, 1.72192, 7.69125],
			"rotation": {"angle": 45, "axis": "z", "origin": [8.0125, 1.4753, 7.65375]},
			"faces": {
				"north": {"uv": [0, 0, 2, 16], "texture": "#635"},
				"east": {"uv": [0, 0, 2, 16], "texture": "#635"},
				"south": {"uv": [0, 0, 2, 16], "texture": "#635"},
				"west": {"uv": [0, 0, 2, 16], "texture": "#635"},
				"up": {"uv": [0, 0, 2, 16], "texture": "#635"},
				"down": {"uv": [0, 0, 2, 16], "texture": "#635"}
			}
		},
		{
			"from": [8.16487, -4.22808, 8.29125],
			"to": [8.26487, -3.27808, 8.36625],
			"rotation": {"angle": -45, "axis": "z", "origin": [7.9875, -3.5247, 8.32875]},
			"faces": {
				"north": {"uv": [0, 0, 2, 16], "rotation": 180, "texture": "#635"},
				"east": {"uv": [0, 0, 2, 16], "rotation": 180, "texture": "#635"},
				"south": {"uv": [0, 0, 2, 16], "rotation": 180, "texture": "#635"},
				"west": {"uv": [0, 0, 2, 16], "rotation": 180, "texture": "#635"},
				"up": {"uv": [0, 0, 2, 16], "rotation": 180, "texture": "#635"},
				"down": {"uv": [0, 0, 2, 16], "rotation": 180, "texture": "#635"}
			}
		},
		{
			"from": [8.16487, 0.77192, 8.29125],
			"to": [8.26487, 1.72192, 8.36625],
			"rotation": {"angle": -45, "axis": "z", "origin": [7.9875, 1.4753, 8.32875]},
			"faces": {
				"north": {"uv": [0, 0, 2, 16], "rotation": 180, "texture": "#635"},
				"east": {"uv": [0, 0, 2, 16], "rotation": 180, "texture": "#635"},
				"south": {"uv": [0, 0, 2, 16], "rotation": 180, "texture": "#635"},
				"west": {"uv": [0, 0, 2, 16], "rotation": 180, "texture": "#635"},
				"up": {"uv": [0, 0, 2, 16], "rotation": 180, "texture": "#635"},
				"down": {"uv": [0, 0, 2, 16], "rotation": 180, "texture": "#635"}
			}
		},
		{
			"from": [7.625, -2.375, 7.9],
			"to": [7.7, -1.425, 8],
			"rotation": {"angle": 45, "axis": "x", "origin": [7.65, -1.975, 7.95]},
			"faces": {
				"north": {"uv": [0, 0, 2, 16], "rotation": 90, "texture": "#635"},
				"east": {"uv": [0, 0, 2, 16], "rotation": 90, "texture": "#635"},
				"south": {"uv": [0, 0, 2, 16], "rotation": 90, "texture": "#635"},
				"west": {"uv": [0, 0, 2, 16], "rotation": 90, "texture": "#635"},
				"up": {"uv": [0, 0, 2, 16], "rotation": 90, "texture": "#635"},
				"down": {"uv": [0, 0, 2, 16], "rotation": 90, "texture": "#635"}
			}
		},
		{
			"from": [7.625, 2.625, 7.9],
			"to": [7.7, 3.575, 8],
			"rotation": {"angle": 45, "axis": "x", "origin": [7.65, 3.025, 7.95]},
			"faces": {
				"north": {"uv": [0, 0, 2, 16], "rotation": 90, "texture": "#635"},
				"east": {"uv": [0, 0, 2, 16], "rotation": 90, "texture": "#635"},
				"south": {"uv": [0, 0, 2, 16], "rotation": 90, "texture": "#635"},
				"west": {"uv": [0, 0, 2, 16], "rotation": 90, "texture": "#635"},
				"up": {"uv": [0, 0, 2, 16], "rotation": 90, "texture": "#635"},
				"down": {"uv": [0, 0, 2, 16], "rotation": 90, "texture": "#635"}
			}
		},
		{
			"from": [8.3, -2.375, 7.9825],
			"to": [8.375, -1.425, 8.0825],
			"rotation": {"angle": -45, "axis": "x", "origin": [8.35, -1.975, 8.0325]},
			"faces": {
				"north": {"uv": [0, 0, 2, 16], "rotation": 270, "texture": "#635"},
				"east": {"uv": [0, 0, 2, 16], "rotation": 270, "texture": "#635"},
				"south": {"uv": [0, 0, 2, 16], "rotation": 270, "texture": "#635"},
				"west": {"uv": [0, 0, 2, 16], "rotation": 270, "texture": "#635"},
				"up": {"uv": [0, 0, 2, 16], "rotation": 270, "texture": "#635"},
				"down": {"uv": [0, 0, 2, 16], "rotation": 270, "texture": "#635"}
			}
		},
		{
			"from": [8.3, 2.625, 7.9825],
			"to": [8.375, 3.575, 8.0825],
			"rotation": {"angle": -45, "axis": "x", "origin": [8.35, 3.025, 8.0325]},
			"faces": {
				"north": {"uv": [0, 0, 2, 16], "rotation": 270, "texture": "#635"},
				"east": {"uv": [0, 0, 2, 16], "rotation": 270, "texture": "#635"},
				"south": {"uv": [0, 0, 2, 16], "rotation": 270, "texture": "#635"},
				"west": {"uv": [0, 0, 2, 16], "rotation": 270, "texture": "#635"},
				"up": {"uv": [0, 0, 2, 16], "rotation": 270, "texture": "#635"},
				"down": {"uv": [0, 0, 2, 16], "rotation": 270, "texture": "#635"}
			}
		},
		{
			"from": [9.09631, -2.8669, 7.61625],
			"to": [9.19631, -1.9169, 7.69125],
			"rotation": {"angle": 45, "axis": "z", "origin": [8.0125, -3.5247, 7.65375]},
			"faces": {
				"north": {"uv": [0, 0, 2, 16], "texture": "#635"},
				"east": {"uv": [0, 0, 2, 16], "texture": "#635"},
				"south": {"uv": [0, 0, 2, 16], "texture": "#635"},
				"west": {"uv": [0, 0, 2, 16], "texture": "#635"},
				"up": {"uv": [0, 0, 2, 16], "texture": "#635"},
				"down": {"uv": [0, 0, 2, 16], "texture": "#635"}
			}
		},
		{
			"from": [9.09631, 2.1331, 7.61625],
			"to": [9.19631, 3.0831, 7.69125],
			"rotation": {"angle": 45, "axis": "z", "origin": [8.0125, 1.4753, 7.65375]},
			"faces": {
				"north": {"uv": [0, 0, 2, 16], "texture": "#635"},
				"east": {"uv": [0, 0, 2, 16], "texture": "#635"},
				"south": {"uv": [0, 0, 2, 16], "texture": "#635"},
				"west": {"uv": [0, 0, 2, 16], "texture": "#635"},
				"up": {"uv": [0, 0, 2, 16], "texture": "#635"},
				"down": {"uv": [0, 0, 2, 16], "texture": "#635"}
			}
		},
		{
			"from": [6.80369, -2.8669, 8.29125],
			"to": [6.90369, -1.9169, 8.36625],
			"rotation": {"angle": -45, "axis": "z", "origin": [7.9875, -3.5247, 8.32875]},
			"faces": {
				"north": {"uv": [0, 0, 2, 16], "rotation": 180, "texture": "#635"},
				"east": {"uv": [0, 0, 2, 16], "rotation": 180, "texture": "#635"},
				"south": {"uv": [0, 0, 2, 16], "rotation": 180, "texture": "#635"},
				"west": {"uv": [0, 0, 2, 16], "rotation": 180, "texture": "#635"},
				"up": {"uv": [0, 0, 2, 16], "rotation": 180, "texture": "#635"},
				"down": {"uv": [0, 0, 2, 16], "rotation": 180, "texture": "#635"}
			}
		},
		{
			"from": [6.80369, 2.1331, 8.29125],
			"to": [6.90369, 3.0831, 8.36625],
			"rotation": {"angle": -45, "axis": "z", "origin": [7.9875, 1.4753, 8.32875]},
			"faces": {
				"north": {"uv": [0, 0, 2, 16], "rotation": 180, "texture": "#635"},
				"east": {"uv": [0, 0, 2, 16], "rotation": 180, "texture": "#635"},
				"south": {"uv": [0, 0, 2, 16], "rotation": 180, "texture": "#635"},
				"west": {"uv": [0, 0, 2, 16], "rotation": 180, "texture": "#635"},
				"up": {"uv": [0, 0, 2, 16], "rotation": 180, "texture": "#635"},
				"down": {"uv": [0, 0, 2, 16], "rotation": 180, "texture": "#635"}
			}
		},
		{
			"from": [7.625, -3.65, 7.9],
			"to": [7.7, -2.7, 8],
			"rotation": {"angle": 45, "axis": "x", "origin": [7.65, -3.25, 7.95]},
			"faces": {
				"north": {"uv": [0, 0, 2, 16], "rotation": 90, "texture": "#635"},
				"east": {"uv": [0, 0, 2, 16], "rotation": 90, "texture": "#635"},
				"south": {"uv": [0, 0, 2, 16], "rotation": 90, "texture": "#635"},
				"west": {"uv": [0, 0, 2, 16], "rotation": 90, "texture": "#635"},
				"up": {"uv": [0, 0, 2, 16], "rotation": 90, "texture": "#635"},
				"down": {"uv": [0, 0, 2, 16], "rotation": 90, "texture": "#635"}
			}
		},
		{
			"from": [7.625, 1.35, 7.9],
			"to": [7.7, 2.3, 8],
			"rotation": {"angle": 45, "axis": "x", "origin": [7.65, 1.75, 7.95]},
			"faces": {
				"north": {"uv": [0, 0, 2, 16], "rotation": 90, "texture": "#635"},
				"east": {"uv": [0, 0, 2, 16], "rotation": 90, "texture": "#635"},
				"south": {"uv": [0, 0, 2, 16], "rotation": 90, "texture": "#635"},
				"west": {"uv": [0, 0, 2, 16], "rotation": 90, "texture": "#635"},
				"up": {"uv": [0, 0, 2, 16], "rotation": 90, "texture": "#635"},
				"down": {"uv": [0, 0, 2, 16], "rotation": 90, "texture": "#635"}
			}
		},
		{
			"from": [8.3, -3.65, 7.9825],
			"to": [8.375, -2.7, 8.0825],
			"rotation": {"angle": -45, "axis": "x", "origin": [8.35, -3.25, 8.0325]},
			"faces": {
				"north": {"uv": [0, 0, 2, 16], "rotation": 270, "texture": "#635"},
				"east": {"uv": [0, 0, 2, 16], "rotation": 270, "texture": "#635"},
				"south": {"uv": [0, 0, 2, 16], "rotation": 270, "texture": "#635"},
				"west": {"uv": [0, 0, 2, 16], "rotation": 270, "texture": "#635"},
				"up": {"uv": [0, 0, 2, 16], "rotation": 270, "texture": "#635"},
				"down": {"uv": [0, 0, 2, 16], "rotation": 270, "texture": "#635"}
			}
		},
		{
			"from": [8.3, 1.35, 7.9825],
			"to": [8.375, 2.3, 8.0825],
			"rotation": {"angle": -45, "axis": "x", "origin": [8.35, 1.75, 8.0325]},
			"faces": {
				"north": {"uv": [0, 0, 2, 16], "rotation": 270, "texture": "#635"},
				"east": {"uv": [0, 0, 2, 16], "rotation": 270, "texture": "#635"},
				"south": {"uv": [0, 0, 2, 16], "rotation": 270, "texture": "#635"},
				"west": {"uv": [0, 0, 2, 16], "rotation": 270, "texture": "#635"},
				"up": {"uv": [0, 0, 2, 16], "rotation": 270, "texture": "#635"},
				"down": {"uv": [0, 0, 2, 16], "rotation": 270, "texture": "#635"}
			}
		},
		{
			"from": [8.19475, -3.76846, 7.61625],
			"to": [8.29475, -2.81846, 7.69125],
			"rotation": {"angle": 45, "axis": "z", "origin": [8.0125, -3.5247, 7.65375]},
			"faces": {
				"north": {"uv": [0, 0, 2, 16], "texture": "#635"},
				"east": {"uv": [0, 0, 2, 16], "texture": "#635"},
				"south": {"uv": [0, 0, 2, 16], "texture": "#635"},
				"west": {"uv": [0, 0, 2, 16], "texture": "#635"},
				"up": {"uv": [0, 0, 2, 16], "texture": "#635"},
				"down": {"uv": [0, 0, 2, 16], "texture": "#635"}
			}
		},
		{
			"from": [8.19475, 1.23154, 7.61625],
			"to": [8.29475, 2.18154, 7.69125],
			"rotation": {"angle": 45, "axis": "z", "origin": [8.0125, 1.4753, 7.65375]},
			"faces": {
				"north": {"uv": [0, 0, 2, 16], "texture": "#635"},
				"east": {"uv": [0, 0, 2, 16], "texture": "#635"},
				"south": {"uv": [0, 0, 2, 16], "texture": "#635"},
				"west": {"uv": [0, 0, 2, 16], "texture": "#635"},
				"up": {"uv": [0, 0, 2, 16], "texture": "#635"},
				"down": {"uv": [0, 0, 2, 16], "texture": "#635"}
			}
		},
		{
			"from": [7.70525, -3.76846, 8.29125],
			"to": [7.80525, -2.81846, 8.36625],
			"rotation": {"angle": -45, "axis": "z", "origin": [7.9875, -3.5247, 8.32875]},
			"faces": {
				"north": {"uv": [0, 0, 2, 16], "rotation": 180, "texture": "#635"},
				"east": {"uv": [0, 0, 2, 16], "rotation": 180, "texture": "#635"},
				"south": {"uv": [0, 0, 2, 16], "rotation": 180, "texture": "#635"},
				"west": {"uv": [0, 0, 2, 16], "rotation": 180, "texture": "#635"},
				"up": {"uv": [0, 0, 2, 16], "rotation": 180, "texture": "#635"},
				"down": {"uv": [0, 0, 2, 16], "rotation": 180, "texture": "#635"}
			}
		},
		{
			"from": [7.70525, 1.23154, 8.29125],
			"to": [7.80525, 2.18154, 8.36625],
			"rotation": {"angle": -45, "axis": "z", "origin": [7.9875, 1.4753, 8.32875]},
			"faces": {
				"north": {"uv": [0, 0, 2, 16], "rotation": 180, "texture": "#635"},
				"east": {"uv": [0, 0, 2, 16], "rotation": 180, "texture": "#635"},
				"south": {"uv": [0, 0, 2, 16], "rotation": 180, "texture": "#635"},
				"west": {"uv": [0, 0, 2, 16], "rotation": 180, "texture": "#635"},
				"up": {"uv": [0, 0, 2, 16], "rotation": 180, "texture": "#635"},
				"down": {"uv": [0, 0, 2, 16], "rotation": 180, "texture": "#635"}
			}
		},
		{
			"from": [7.625, -3, 7.9],
			"to": [7.7, -2.05, 8],
			"rotation": {"angle": 45, "axis": "x", "origin": [7.65, -2.6, 7.95]},
			"faces": {
				"north": {"uv": [0, 0, 2, 16], "rotation": 90, "texture": "#635"},
				"east": {"uv": [0, 0, 2, 16], "rotation": 90, "texture": "#635"},
				"south": {"uv": [0, 0, 2, 16], "rotation": 90, "texture": "#635"},
				"west": {"uv": [0, 0, 2, 16], "rotation": 90, "texture": "#635"},
				"up": {"uv": [0, 0, 2, 16], "rotation": 90, "texture": "#635"},
				"down": {"uv": [0, 0, 2, 16], "rotation": 90, "texture": "#635"}
			}
		},
		{
			"from": [7.625, 2, 7.9],
			"to": [7.7, 2.95, 8],
			"rotation": {"angle": 45, "axis": "x", "origin": [7.65, 2.4, 7.95]},
			"faces": {
				"north": {"uv": [0, 0, 2, 16], "rotation": 90, "texture": "#635"},
				"east": {"uv": [0, 0, 2, 16], "rotation": 90, "texture": "#635"},
				"south": {"uv": [0, 0, 2, 16], "rotation": 90, "texture": "#635"},
				"west": {"uv": [0, 0, 2, 16], "rotation": 90, "texture": "#635"},
				"up": {"uv": [0, 0, 2, 16], "rotation": 90, "texture": "#635"},
				"down": {"uv": [0, 0, 2, 16], "rotation": 90, "texture": "#635"}
			}
		},
		{
			"from": [8.3, -3, 7.9825],
			"to": [8.375, -2.05, 8.0825],
			"rotation": {"angle": -45, "axis": "x", "origin": [8.35, -2.6, 8.0325]},
			"faces": {
				"north": {"uv": [0, 0, 2, 16], "rotation": 270, "texture": "#635"},
				"east": {"uv": [0, 0, 2, 16], "rotation": 270, "texture": "#635"},
				"south": {"uv": [0, 0, 2, 16], "rotation": 270, "texture": "#635"},
				"west": {"uv": [0, 0, 2, 16], "rotation": 270, "texture": "#635"},
				"up": {"uv": [0, 0, 2, 16], "rotation": 270, "texture": "#635"},
				"down": {"uv": [0, 0, 2, 16], "rotation": 270, "texture": "#635"}
			}
		},
		{
			"from": [8.3, 2, 7.9825],
			"to": [8.375, 2.95, 8.0825],
			"rotation": {"angle": -45, "axis": "x", "origin": [8.35, 2.4, 8.0325]},
			"faces": {
				"north": {"uv": [0, 0, 2, 16], "rotation": 270, "texture": "#635"},
				"east": {"uv": [0, 0, 2, 16], "rotation": 270, "texture": "#635"},
				"south": {"uv": [0, 0, 2, 16], "rotation": 270, "texture": "#635"},
				"west": {"uv": [0, 0, 2, 16], "rotation": 270, "texture": "#635"},
				"up": {"uv": [0, 0, 2, 16], "rotation": 270, "texture": "#635"},
				"down": {"uv": [0, 0, 2, 16], "rotation": 270, "texture": "#635"}
			}
		},
		{
			"from": [8.65437, -3.30884, 7.61625],
			"to": [8.75437, -2.35884, 7.69125],
			"rotation": {"angle": 45, "axis": "z", "origin": [8.0125, -3.5247, 7.65375]},
			"faces": {
				"north": {"uv": [0, 0, 2, 16], "texture": "#635"},
				"east": {"uv": [0, 0, 2, 16], "texture": "#635"},
				"south": {"uv": [0, 0, 2, 16], "texture": "#635"},
				"west": {"uv": [0, 0, 2, 16], "texture": "#635"},
				"up": {"uv": [0, 0, 2, 16], "texture": "#635"},
				"down": {"uv": [0, 0, 2, 16], "texture": "#635"}
			}
		},
		{
			"from": [8.65437, 1.69116, 7.61625],
			"to": [8.75437, 2.64116, 7.69125],
			"rotation": {"angle": 45, "axis": "z", "origin": [8.0125, 1.4753, 7.65375]},
			"faces": {
				"north": {"uv": [0, 0, 2, 16], "texture": "#635"},
				"east": {"uv": [0, 0, 2, 16], "texture": "#635"},
				"south": {"uv": [0, 0, 2, 16], "texture": "#635"},
				"west": {"uv": [0, 0, 2, 16], "texture": "#635"},
				"up": {"uv": [0, 0, 2, 16], "texture": "#635"},
				"down": {"uv": [0, 0, 2, 16], "texture": "#635"}
			}
		},
		{
			"from": [7.24563, -3.30884, 8.29125],
			"to": [7.34563, -2.35884, 8.36625],
			"rotation": {"angle": -45, "axis": "z", "origin": [7.9875, -3.5247, 8.32875]},
			"faces": {
				"north": {"uv": [0, 0, 2, 16], "rotation": 180, "texture": "#635"},
				"east": {"uv": [0, 0, 2, 16], "rotation": 180, "texture": "#635"},
				"south": {"uv": [0, 0, 2, 16], "rotation": 180, "texture": "#635"},
				"west": {"uv": [0, 0, 2, 16], "rotation": 180, "texture": "#635"},
				"up": {"uv": [0, 0, 2, 16], "rotation": 180, "texture": "#635"},
				"down": {"uv": [0, 0, 2, 16], "rotation": 180, "texture": "#635"}
			}
		},
		{
			"from": [7.24563, 1.69116, 8.29125],
			"to": [7.34563, 2.64116, 8.36625],
			"rotation": {"angle": -45, "axis": "z", "origin": [7.9875, 1.4753, 8.32875]},
			"faces": {
				"north": {"uv": [0, 0, 2, 16], "rotation": 180, "texture": "#635"},
				"east": {"uv": [0, 0, 2, 16], "rotation": 180, "texture": "#635"},
				"south": {"uv": [0, 0, 2, 16], "rotation": 180, "texture": "#635"},
				"west": {"uv": [0, 0, 2, 16], "rotation": 180, "texture": "#635"},
				"up": {"uv": [0, 0, 2, 16], "rotation": 180, "texture": "#635"},
				"down": {"uv": [0, 0, 2, 16], "rotation": 180, "texture": "#635"}
			}
		}
	],
	"gui_light": "front",
	"display": {
		"thirdperson_righthand": {
			"translation": [0, 5, 0]
		},
		"thirdperson_lefthand": {
			"translation": [0, 5.25, 0]
		},
		"firstperson_righthand": {
			"translation": [0, 2.5, 0]
		},
		"firstperson_lefthand": {
			"translation": [0, 2, 0]
		},
		"ground": {
			"translation": [0, 16.5, 0]
		},
		"gui": {
			"rotation": [70.25, 136.5, -72.75],
			"translation": [0.5, -0.25, 0],
			"scale": [1.94, 0.61, 1.52]
		},
		"fixed": {
			"rotation": [0, -90.5, 0],
			"translation": [0, 0, -2.75]
		}
	}
}