{
	"credit": "Made with Blockbench",
	"textures": {
		"68": "block/blast_furnace_front",
		"70": "block/blast_furnace_side",
		"71": "block/blast_furnace_top",
		"122": "block/cartography_table_side3",
		"336": "block/iron_block",
		"particle": "block/acacia_door_bottom"
	},
	"elements": [
		{
			"from": [7.5, 1.25, 7.5],
			"to": [8.5, 9.5, 8.5],
			"faces": {
				"north": {"uv": [0, 0, 16, 15.25], "texture": "#122"},
				"east": {"uv": [0, 0, 16, 15.25], "texture": "#122"},
				"south": {"uv": [0, 0, 16, 15.25], "texture": "#122"},
				"west": {"uv": [0, 0, 16, 15.25], "texture": "#122"},
				"up": {"uv": [0, 0, 16, 15.25], "texture": "#122"},
				"down": {"uv": [0, 0, 16, 15.25], "texture": "#122"}
			}
		},
		{
			"from": [6.5, 9.2, 7.275],
			"to": [9.5, 9.8, 8.725],
			"rotation": {"angle": 0, "axis": "y", "origin": [8, 7.95, 8]},
			"faces": {
				"north": {"uv": [2, 2, 13.4, 13.525], "texture": "#336"},
				"east": {"uv": [2, 2, 13.4, 13.525], "texture": "#336"},
				"south": {"uv": [2, 2, 13.4, 13.525], "texture": "#336"},
				"west": {"uv": [2, 2, 13.4, 13.525], "texture": "#336"},
				"up": {"uv": [2, 2, 13.4, 13.525], "texture": "#336"},
				"down": {"uv": [2, 2, 13.4, 13.525], "texture": "#336"}
			}
		},
		{
			"from": [7.6, 8.7, 7.3],
			"to": [8.4, 9.75, 8.7],
			"rotation": {"angle": 0, "axis": "y", "origin": [8, 7.95, 8]},
			"faces": {
				"north": {"uv": [2, 2, 13.4, 13.525], "texture": "#336"},
				"east": {"uv": [2, 2, 13.4, 13.525], "texture": "#336"},
				"south": {"uv": [2, 2, 13.4, 13.525], "texture": "#336"},
				"west": {"uv": [2, 2, 13.4, 13.525], "texture": "#336"},
				"up": {"uv": [2, 2, 13.4, 13.525], "texture": "#336"},
				"down": {"uv": [2, 2, 13.4, 13.525], "texture": "#336"}
			}
		},
		{
			"from": [7.75, 8.2, 7.25],
			"to": [8.275, 9.75, 8.75],
			"rotation": {"angle": 0, "axis": "y", "origin": [8, 7.95, 8]},
			"faces": {
				"north": {"uv": [2, 2, 13.4, 13.525], "texture": "#336"},
				"east": {"uv": [2, 2, 13.4, 13.525], "texture": "#336"},
				"south": {"uv": [2, 2, 13.4, 13.525], "texture": "#336"},
				"west": {"uv": [2, 2, 13.4, 13.525], "texture": "#336"},
				"up": {"uv": [2, 2, 13.4, 13.525], "texture": "#336"},
				"down": {"uv": [2, 2, 13.4, 13.525], "texture": "#336"}
			}
		},
		{
			"from": [7.85, 7.7, 7.3],
			"to": [8.175, 9.75, 8.7],
			"rotation": {"angle": 0, "axis": "y", "origin": [8, 7.95, 8]},
			"faces": {
				"north": {"uv": [2, 2, 13.4, 13.525], "texture": "#336"},
				"east": {"uv": [2, 2, 13.4, 13.525], "texture": "#336"},
				"south": {"uv": [2, 2, 13.4, 13.525], "texture": "#336"},
				"west": {"uv": [2, 2, 13.4, 13.525], "texture": "#336"},
				"up": {"uv": [2, 2, 13.4, 13.525], "texture": "#336"},
				"down": {"uv": [2, 2, 13.4, 13.525], "texture": "#336"}
			}
		},
		{
			"from": [6.85, 9.7, 7.9],
			"to": [9.175, 12.125, 8.1],
			"rotation": {"angle": 0, "axis": "y", "origin": [8, 9.95, 8]},
			"faces": {
				"north": {"uv": [0, 6, 4.125, 9.05], "texture": "#68"},
				"east": {"uv": [0, 9, 4.125, 10.05], "texture": "#68"},
				"south": {"uv": [0, 6, 4.125, 9.05], "texture": "#68"},
				"west": {"uv": [0, 9, 4.125, 10.05], "texture": "#68"},
				"up": {"uv": [0, 6, 4.125, 9.05], "texture": "#68"},
				"down": {"uv": [0, 6, 4.125, 9.05], "texture": "#68"}
			}
		},
		{
			"from": [6.9, 16.05, 7.9],
			"to": [9.125, 19.125, 8.1],
			"rotation": {"angle": 0, "axis": "y", "origin": [7.95, 16.325, 8]},
			"faces": {
				"north": {"uv": [0, 6, 4.125, 9.05], "texture": "#68"},
				"east": {"uv": [0, 9, 4.125, 10.05], "texture": "#68"},
				"south": {"uv": [0, 6, 4.125, 9.05], "texture": "#68"},
				"west": {"uv": [0, 9, 4.125, 10.05], "texture": "#68"},
				"up": {"uv": [0, 6, 4.125, 9.05], "texture": "#68"},
				"down": {"uv": [0, 6, 4.125, 9.05], "texture": "#68"}
			}
		},
		{
			"from": [6.95, 19.125, 7.9],
			"to": [9.05, 22.2, 8.1],
			"rotation": {"angle": 0, "axis": "y", "origin": [7.85, 19.4, 8]},
			"faces": {
				"north": {"uv": [0, 6, 4.125, 9.05], "texture": "#68"},
				"east": {"uv": [0, 9, 4.125, 10.05], "texture": "#68"},
				"south": {"uv": [0, 6, 4.125, 9.05], "texture": "#68"},
				"west": {"uv": [0, 9, 4.125, 10.05], "texture": "#68"},
				"up": {"uv": [0, 6, 4.125, 9.05], "texture": "#68"},
				"down": {"uv": [0, 6, 4.125, 9.05], "texture": "#68"}
			}
		},
		{
			"from": [6.85, 12.075, 7.9],
			"to": [9.175, 14.05, 8.1],
			"rotation": {"angle": 0, "axis": "z", "origin": [8, 12.25, 8]},
			"faces": {
				"north": {"uv": [0, 6, 4.125, 9.05], "texture": "#68"},
				"east": {"uv": [0, 9, 4.125, 10.05], "texture": "#68"},
				"south": {"uv": [0, 6, 4.125, 9.05], "texture": "#68"},
				"west": {"uv": [0, 9, 4.125, 10.05], "texture": "#68"},
				"up": {"uv": [0, 6, 4.125, 9.05], "texture": "#68"},
				"down": {"uv": [0, 6, 4.125, 9.05], "texture": "#68"}
			}
		},
		{
			"from": [6.875, 14.025, 7.9],
			"to": [9.15, 16.05, 8.1],
			"rotation": {"angle": 0, "axis": "z", "origin": [7.975, 14.25, 8]},
			"faces": {
				"north": {"uv": [0, 6, 4.125, 9.05], "texture": "#68"},
				"east": {"uv": [0, 9, 4.125, 10.05], "texture": "#68"},
				"south": {"uv": [0, 6, 4.125, 9.05], "texture": "#68"},
				"west": {"uv": [0, 9, 4.125, 10.05], "texture": "#68"},
				"up": {"uv": [0, 6, 4.125, 9.05], "texture": "#68"},
				"down": {"uv": [0, 6, 4.125, 9.05], "texture": "#68"}
			}
		},
		{
			"from": [7.0625, 24.6625, 7.9],
			"to": [8.8875, 26.6375, 8.1],
			"rotation": {"angle": 0, "axis": "z", "origin": [7.9875, 25.7, 8]},
			"faces": {
				"north": {"uv": [0, 6, 4.125, 9.05], "rotation": 180, "texture": "#68"},
				"east": {"uv": [0, 9, 4.125, 10.05], "texture": "#68"},
				"south": {"uv": [0, 6, 4.125, 9.05], "texture": "#68"},
				"west": {"uv": [0, 9, 4.125, 10.05], "texture": "#68"},
				"up": {"uv": [0, 6, 4.125, 9.05], "texture": "#68"},
				"down": {"uv": [0, 6, 4.125, 9.05], "texture": "#68"}
			}
		},
		{
			"from": [6.9875, 22.1875, 7.9],
			"to": [8.9875, 24.6875, 8.1],
			"rotation": {"angle": 0, "axis": "z", "origin": [8, 23.1875, 8]},
			"faces": {
				"north": {"uv": [0, 6, 4.125, 9.05], "rotation": 180, "texture": "#68"},
				"east": {"uv": [0, 9, 4.125, 10.05], "texture": "#68"},
				"south": {"uv": [0, 6, 4.125, 9.05], "texture": "#68"},
				"west": {"uv": [0, 9, 4.125, 10.05], "texture": "#68"},
				"up": {"uv": [0, 6, 4.125, 9.05], "texture": "#68"},
				"down": {"uv": [0, 6, 4.125, 9.05], "texture": "#68"}
			}
		},
		{
			"from": [7.925, 25.875, 7.925],
			"to": [9.2, 27.175, 8.075],
			"rotation": {"angle": 45, "axis": "z", "origin": [8.15, 25.875, 8]},
			"faces": {
				"north": {"uv": [0, 9, 1.125, 10.05], "texture": "#68"},
				"east": {"uv": [0, 9, 1.125, 10.05], "texture": "#68"},
				"south": {"uv": [0, 9, 1.125, 10.05], "texture": "#68"},
				"west": {"uv": [0, 9, 1.125, 10.05], "texture": "#68"},
				"up": {"uv": [0, 9, 1.125, 10.05], "texture": "#68"},
				"down": {"uv": [0, 9, 1.125, 10.05], "texture": "#68"}
			}
		},
		{
			"from": [3.875, 9.55, 7.8],
			"to": [5.875, 10.075, 8.2],
			"rotation": {"angle": 0, "axis": "y", "origin": [4.375, 8.3, 8]},
			"faces": {
				"north": {"uv": [2, 2, 13.4, 13.525], "texture": "#336"},
				"east": {"uv": [2, 2, 13.4, 13.525], "texture": "#336"},
				"south": {"uv": [2, 2, 13.4, 13.525], "texture": "#336"},
				"west": {"uv": [2, 2, 13.4, 13.525], "texture": "#336"},
				"up": {"uv": [2, 2, 13.4, 13.525], "texture": "#336"},
				"down": {"uv": [2, 2, 13.4, 13.525], "texture": "#336"}
			}
		},
		{
			"from": [3.625, 9.45, 7.7],
			"to": [4.125, 10.175, 8.3],
			"rotation": {"angle": 0, "axis": "y", "origin": [4.375, 8.3, 8]},
			"faces": {
				"north": {"uv": [0, 0, 16, 16], "texture": "#71"},
				"east": {"uv": [0, 0, 16, 16], "texture": "#71"},
				"south": {"uv": [0, 0, 16, 16], "texture": "#71"},
				"west": {"uv": [0, 0, 16, 16], "texture": "#71"},
				"up": {"uv": [0, 0, 16, 16], "texture": "#71"},
				"down": {"uv": [0, 0, 16, 16], "texture": "#71"}
			}
		},
		{
			"from": [12.025, 9.45, 7.7],
			"to": [12.525, 10.175, 8.3],
			"rotation": {"angle": 0, "axis": "y", "origin": [12.775, 8.3, 8]},
			"faces": {
				"north": {"uv": [0, 0, 16, 16], "texture": "#71"},
				"east": {"uv": [0, 0, 16, 16], "texture": "#71"},
				"south": {"uv": [0, 0, 16, 16], "texture": "#71"},
				"west": {"uv": [0, 0, 16, 16], "texture": "#71"},
				"up": {"uv": [0, 0, 16, 16], "texture": "#71"},
				"down": {"uv": [0, 0, 16, 16], "texture": "#71"}
			}
		},
		{
			"from": [10.225, 9.55, 7.8],
			"to": [12.225, 10.075, 8.2],
			"rotation": {"angle": 0, "axis": "y", "origin": [10.725, 8.3, 8]},
			"faces": {
				"north": {"uv": [2, 2, 13.4, 13.525], "texture": "#336"},
				"east": {"uv": [2, 2, 13.4, 13.525], "texture": "#336"},
				"south": {"uv": [2, 2, 13.4, 13.525], "texture": "#336"},
				"west": {"uv": [2, 2, 13.4, 13.525], "texture": "#336"},
				"up": {"uv": [2, 2, 13.4, 13.525], "texture": "#336"},
				"down": {"uv": [2, 2, 13.4, 13.525], "texture": "#336"}
			}
		},
		{
			"from": [5.2, 9.875, 7.55],
			"to": [6.2, 10.425, 8.45],
			"rotation": {"angle": -22.5, "axis": "z", "origin": [4.7, 8.625, 8]},
			"faces": {
				"north": {"uv": [2, 2, 13.4, 13.525], "texture": "#336"},
				"east": {"uv": [2, 2, 13.4, 13.525], "texture": "#336"},
				"south": {"uv": [2, 2, 13.4, 13.525], "texture": "#336"},
				"west": {"uv": [2, 2, 13.4, 13.525], "texture": "#336"},
				"up": {"uv": [2, 2, 13.4, 13.525], "texture": "#336"},
				"down": {"uv": [2, 2, 13.4, 13.525], "texture": "#336"}
			}
		},
		{
			"from": [6.325, 9.475, 7.55],
			"to": [7.325, 10.025, 8.45],
			"rotation": {"angle": -22.5, "axis": "z", "origin": [5.825, 8.225, 8]},
			"faces": {
				"north": {"uv": [2, 2, 13.4, 13.525], "texture": "#336"},
				"east": {"uv": [2, 2, 13.4, 13.525], "texture": "#336"},
				"south": {"uv": [2, 2, 13.4, 13.525], "texture": "#336"},
				"west": {"uv": [2, 2, 13.4, 13.525], "texture": "#336"},
				"up": {"uv": [2, 2, 13.4, 13.525], "texture": "#336"},
				"down": {"uv": [2, 2, 13.4, 13.525], "texture": "#336"}
			}
		},
		{
			"from": [8.7, 9.65, 7.55],
			"to": [9.7, 10.2, 8.45],
			"rotation": {"angle": 22.5, "axis": "z", "origin": [10.2, 11.45, 8]},
			"faces": {
				"north": {"uv": [2, 2, 13.4, 13.525], "rotation": 180, "texture": "#336"},
				"east": {"uv": [2, 2, 13.4, 13.525], "rotation": 180, "texture": "#336"},
				"south": {"uv": [2, 2, 13.4, 13.525], "rotation": 180, "texture": "#336"},
				"west": {"uv": [2, 2, 13.4, 13.525], "rotation": 180, "texture": "#336"},
				"up": {"uv": [2, 2, 13.4, 13.525], "rotation": 180, "texture": "#336"},
				"down": {"uv": [2, 2, 13.4, 13.525], "rotation": 180, "texture": "#336"}
			}
		},
		{
			"from": [7.675, 9.3, 7.55],
			"to": [8.675, 9.85, 8.45],
			"rotation": {"angle": 22.5, "axis": "z", "origin": [9.175, 11.1, 8]},
			"faces": {
				"north": {"uv": [2, 2, 13.4, 13.525], "rotation": 180, "texture": "#336"},
				"east": {"uv": [2, 2, 13.4, 13.525], "rotation": 180, "texture": "#336"},
				"south": {"uv": [2, 2, 13.4, 13.525], "rotation": 180, "texture": "#336"},
				"west": {"uv": [2, 2, 13.4, 13.525], "rotation": 180, "texture": "#336"},
				"up": {"uv": [2, 2, 13.4, 13.525], "rotation": 180, "texture": "#336"},
				"down": {"uv": [2, 2, 13.4, 13.525], "rotation": 180, "texture": "#336"}
			}
		},
		{
			"from": [7.25, 1.55, 7.25],
			"to": [8.75, 2, 8.75],
			"faces": {
				"north": {"uv": [2, 9, 13.5, 14.45], "texture": "#70"},
				"east": {"uv": [2, 9, 13.5, 14.45], "texture": "#70"},
				"south": {"uv": [2, 9, 13.5, 14.45], "texture": "#70"},
				"west": {"uv": [2, 9, 13.5, 14.45], "texture": "#70"},
				"up": {"uv": [2, 9, 13.5, 14.45], "texture": "#70"},
				"down": {"uv": [2, 9, 13.5, 14.45], "texture": "#70"}
			}
		},
		{
			"from": [7.25, 3.8, 7.25],
			"to": [8.75, 4.25, 8.75],
			"rotation": {"angle": 0, "axis": "y", "origin": [8, 10.25, 8]},
			"faces": {
				"north": {"uv": [2, 9, 13.5, 14.45], "texture": "#70"},
				"east": {"uv": [2, 9, 13.5, 14.45], "texture": "#70"},
				"south": {"uv": [2, 9, 13.5, 14.45], "texture": "#70"},
				"west": {"uv": [2, 9, 13.5, 14.45], "texture": "#70"},
				"up": {"uv": [2, 9, 13.5, 14.45], "texture": "#70"},
				"down": {"uv": [2, 9, 13.5, 14.45], "texture": "#70"}
			}
		},
		{
			"from": [7.75, 1.9, 7.275],
			"to": [8.25, 5.25, 8.725],
			"rotation": {"angle": 0, "axis": "y", "origin": [8, 10.25, 8]},
			"faces": {
				"north": {"uv": [2, 9, 13.5, 14.45], "texture": "#70"},
				"east": {"uv": [2, 9, 13.5, 14.45], "texture": "#70"},
				"south": {"uv": [2, 9, 13.5, 14.45], "texture": "#70"},
				"west": {"uv": [2, 9, 13.5, 14.45], "texture": "#70"},
				"up": {"uv": [2, 9, 13.5, 14.45], "texture": "#70"},
				"down": {"uv": [2, 9, 13.5, 14.45], "texture": "#70"}
			}
		},
		{
			"from": [7.275, 1.8, 7.75],
			"to": [8.725, 5.25, 8.25],
			"rotation": {"angle": 0, "axis": "y", "origin": [8, 10.25, 8]},
			"faces": {
				"north": {"uv": [2, 9, 13.5, 14.45], "texture": "#70"},
				"east": {"uv": [2, 9, 13.5, 14.45], "texture": "#70"},
				"south": {"uv": [2, 9, 13.5, 14.45], "texture": "#70"},
				"west": {"uv": [2, 9, 13.5, 14.45], "texture": "#70"},
				"up": {"uv": [2, 9, 13.5, 14.45], "texture": "#70"},
				"down": {"uv": [2, 9, 13.5, 14.45], "texture": "#70"}
			}
		}
	],
	"gui_light": "front",
	"display": {
		"thirdperson_righthand": {
			"rotation": [4.75, -56, -4],
			"translation": [0, 0.25, 0.25]
		},
		"firstperson_righthand": {
			"rotation": [-7.5, -105.5, 0],
			"translation": [2.75, -1.5, -1]
		},
		"firstperson_lefthand": {
			"rotation": [0, -113, 0],
			"translation": [3.25, 0, 0]
		},
		"ground": {
			"translation": [0, 4.75, 0]
		},
		"gui": {
			"rotation": [0, 0, 47],
			"translation": [3.5, -3.75, 0],
			"scale": [1.19, 0.86, 1]
		},
		"fixed": {
			"rotation": [0, 0, 43.75],
			"translation": [4.75, -4.75, -0.75]
		}
	}
}