{
	"credit": "Made with Blockbench",
	"textures": {
		"63": "block/blast_furnace_top",
		"272": "block/gray_glazed_terracotta",
		"280": "block/green_glazed_terracotta",
		"282": "block/green_stained_glass",
		"545": "block/smithing_table_top",
		"particle": "block/acacia_door_bottom"
	},
	"elements": [
		{
			"from": [8.1, 7.5, 7.5],
			"to": [8.5, 7.65, 7.8],
			"faces": {
				"north": {"uv": [0, 0, 16, 16], "texture": "#63"},
				"east": {"uv": [0, 0, 16, 16], "texture": "#63"},
				"south": {"uv": [0, 0, 16, 16], "texture": "#63"},
				"west": {"uv": [0, 0, 16, 16], "texture": "#63"},
				"up": {"uv": [0, 0, 16, 16], "texture": "#63"},
				"down": {"uv": [0, 0, 16, 16], "texture": "#63"}
			}
		},
		{
			"from": [8.1, 7.3, 7.5],
			"to": [8.5, 7.5, 7.8],
			"faces": {
				"north": {"uv": [0, 0, 16, 16], "texture": "#63"},
				"east": {"uv": [0, 0, 16, 16], "texture": "#63"},
				"south": {"uv": [0, 0, 16, 16], "texture": "#63"},
				"west": {"uv": [0, 0, 16, 16], "texture": "#63"},
				"up": {"uv": [0, 0, 16, 16], "texture": "#63"},
				"down": {"uv": [0, 0, 16, 16], "texture": "#63"}
			}
		},
		{
			"from": [8, 6.9, 7.3],
			"to": [8.6, 7.3, 8],
			"rotation": {"angle": 0, "axis": "y", "origin": [8, 7.8, 8]},
			"faces": {
				"north": {"uv": [4, 4, 13, 13], "texture": "#282"},
				"east": {"uv": [4, 4, 13, 13], "texture": "#282"},
				"south": {"uv": [4, 4, 13, 13], "texture": "#282"},
				"west": {"uv": [4, 4, 13, 13], "texture": "#282"},
				"up": {"uv": [4, 4, 13, 13], "texture": "#282"},
				"down": {"uv": [4, 4, 13, 13], "texture": "#282"}
			}
		},
		{
			"from": [7.925, 6.9, 7.5],
			"to": [8.675, 7.35, 7.8],
			"rotation": {"angle": 0, "axis": "y", "origin": [8, 7.8, 8]},
			"faces": {
				"north": {"uv": [0, 0, 16, 16], "texture": "#63"},
				"east": {"uv": [0, 0, 16, 16], "texture": "#63"},
				"south": {"uv": [0, 0, 16, 16], "texture": "#63"},
				"west": {"uv": [0, 0, 16, 16], "texture": "#63"},
				"up": {"uv": [0, 0, 16, 16], "texture": "#63"},
				"down": {"uv": [0, 0, 16, 16], "texture": "#63"}
			}
		},
		{
			"from": [8.15, 6.9, 7.275],
			"to": [8.45, 7.35, 8.025],
			"rotation": {"angle": 0, "axis": "y", "origin": [8.3, 7.125, 7.65]},
			"faces": {
				"north": {"uv": [0, 0, 16, 16], "texture": "#63"},
				"east": {"uv": [0, 0, 16, 16], "texture": "#63"},
				"south": {"uv": [0, 0, 16, 16], "texture": "#63"},
				"west": {"uv": [0, 0, 16, 16], "texture": "#63"},
				"up": {"uv": [0, 0, 16, 16], "texture": "#63"},
				"down": {"uv": [0, 0, 16, 16], "texture": "#63"}
			}
		},
		{
			"from": [7.9, 6.7, 7.2],
			"to": [8.7, 6.9, 8.1],
			"rotation": {"angle": 0, "axis": "y", "origin": [8, 7.4, 8]},
			"faces": {
				"north": {"uv": [0, 0, 16, 16], "texture": "#63"},
				"east": {"uv": [0, 0, 16, 16], "texture": "#63"},
				"south": {"uv": [0, 0, 16, 16], "texture": "#63"},
				"west": {"uv": [0, 0, 16, 16], "texture": "#63"},
				"up": {"uv": [0, 0, 16, 16], "texture": "#63"},
				"down": {"uv": [0, 0, 16, 16], "texture": "#63"}
			}
		},
		{
			"from": [7.95, 5.8, 7.25],
			"to": [8.65, 6.9, 8.05],
			"rotation": {"angle": 0, "axis": "y", "origin": [8, 7.4, 8]},
			"faces": {
				"north": {"uv": [4, 4, 13, 13], "texture": "#282"},
				"east": {"uv": [4, 4, 13, 13], "texture": "#282"},
				"south": {"uv": [4, 4, 13, 13], "texture": "#282"},
				"west": {"uv": [4, 4, 13, 13], "texture": "#282"},
				"up": {"uv": [4, 4, 13, 13], "texture": "#282"},
				"down": {"uv": [4, 4, 13, 13], "texture": "#282"}
			}
		},
		{
			"from": [7.975, 5.525, 7.6],
			"to": [8.625, 6.075, 8.15],
			"rotation": {"angle": 45, "axis": "x", "origin": [8.3, 6.075, 7.775]},
			"faces": {
				"north": {"uv": [4, 4, 13, 13], "texture": "#282"},
				"east": {"uv": [4, 4, 13, 13], "texture": "#282"},
				"south": {"uv": [4, 4, 13, 13], "texture": "#282"},
				"west": {"uv": [4, 4, 13, 13], "texture": "#282"},
				"up": {"uv": [4, 4, 13, 13], "texture": "#282"},
				"down": {"uv": [4, 4, 13, 13], "texture": "#282"}
			}
		},
		{
			"from": [8.1, 8.85, 7.5],
			"to": [8.5, 9.1, 7.8],
			"rotation": {"angle": 0, "axis": "y", "origin": [8, 8.5, 8]},
			"faces": {
				"north": {"uv": [0, 0, 16, 16], "texture": "#63"},
				"east": {"uv": [0, 0, 16, 16], "texture": "#63"},
				"south": {"uv": [0, 0, 16, 16], "texture": "#63"},
				"west": {"uv": [0, 0, 16, 16], "texture": "#63"},
				"up": {"uv": [0, 0, 16, 16], "texture": "#63"},
				"down": {"uv": [0, 0, 16, 16], "texture": "#63"}
			}
		},
		{
			"from": [8, 9.1, 7.3],
			"to": [8.6, 9.3, 8],
			"rotation": {"angle": 0, "axis": "y", "origin": [8, 8.7, 8]},
			"faces": {
				"north": {"uv": [0, 0, 16, 16], "texture": "#63"},
				"east": {"uv": [0, 0, 16, 16], "texture": "#63"},
				"south": {"uv": [0, 0, 16, 16], "texture": "#63"},
				"west": {"uv": [0, 0, 16, 16], "texture": "#63"},
				"up": {"uv": [0, 0, 16, 16], "texture": "#63"},
				"down": {"uv": [0, 0, 16, 16], "texture": "#63"}
			}
		},
		{
			"from": [7.9, 9.3, 7.2],
			"to": [8.7, 9.5, 8.1],
			"rotation": {"angle": 0, "axis": "y", "origin": [8, 8.9, 8]},
			"faces": {
				"north": {"uv": [0, 0, 16, 16], "texture": "#63"},
				"east": {"uv": [0, 0, 16, 16], "texture": "#63"},
				"south": {"uv": [0, 0, 16, 16], "texture": "#63"},
				"west": {"uv": [0, 0, 16, 16], "texture": "#63"},
				"up": {"uv": [0, 0, 16, 16], "texture": "#63"},
				"down": {"uv": [0, 0, 16, 16], "texture": "#63"}
			}
		},
		{
			"from": [7.8, 9.5, 7.1],
			"to": [8.8, 9.7, 8.2],
			"rotation": {"angle": 0, "axis": "y", "origin": [8, 9.1, 8]},
			"faces": {
				"north": {"uv": [0, 0, 16, 16], "texture": "#63"},
				"east": {"uv": [0, 0, 16, 16], "texture": "#63"},
				"south": {"uv": [0, 0, 16, 16], "texture": "#63"},
				"west": {"uv": [0, 0, 16, 16], "texture": "#63"},
				"up": {"uv": [0, 0, 16, 16], "texture": "#63"},
				"down": {"uv": [0, 0, 16, 16], "texture": "#63"}
			}
		},
		{
			"from": [7.6, 9.7, 6.9],
			"to": [9, 9.9, 8.4],
			"rotation": {"angle": 0, "axis": "y", "origin": [8, 9.3, 8]},
			"faces": {
				"north": {"uv": [0, 0, 16, 16], "texture": "#63"},
				"east": {"uv": [0, 0, 16, 16], "texture": "#63"},
				"south": {"uv": [0, 0, 16, 16], "texture": "#63"},
				"west": {"uv": [0, 0, 16, 16], "texture": "#63"},
				"up": {"uv": [0, 0, 16, 16], "texture": "#63"},
				"down": {"uv": [0, 0, 16, 16], "texture": "#63"}
			}
		},
		{
			"from": [8.1, 9.9, 7.2],
			"to": [8.5, 15.7, 8.1],
			"rotation": {"angle": 0, "axis": "y", "origin": [8, 9.5, 8]},
			"faces": {
				"north": {"uv": [0, 0, 16, 16], "texture": "#280"},
				"east": {"uv": [0, 0, 16, 16], "texture": "#280"},
				"south": {"uv": [0, 0, 16, 16], "texture": "#280"},
				"west": {"uv": [0, 0, 16, 16], "texture": "#280"},
				"up": {"uv": [0, 0, 16, 16], "texture": "#280"},
				"down": {"uv": [0, 0, 16, 16], "texture": "#280"}
			}
		},
		{
			"from": [7.8, 9.975, 7.4],
			"to": [8.8, 11.275, 8],
			"rotation": {"angle": 45, "axis": "x", "origin": [8.3, 10.975, 7.65]},
			"faces": {
				"north": {"uv": [0, 0, 16, 16], "texture": "#545"},
				"east": {"uv": [0, 0, 16, 16], "texture": "#545"},
				"south": {"uv": [0, 0, 16, 16], "texture": "#545"},
				"west": {"uv": [0, 0, 16, 16], "texture": "#545"},
				"up": {"uv": [0, 0, 16, 16], "texture": "#545"},
				"down": {"uv": [0, 0, 16, 16], "texture": "#545"}
			}
		},
		{
			"from": [7.8, 10.975, 7.4],
			"to": [8.8, 12.275, 8],
			"rotation": {"angle": 45, "axis": "x", "origin": [8.3, 11.975, 7.65]},
			"faces": {
				"north": {"uv": [0, 0, 16, 16], "texture": "#545"},
				"east": {"uv": [0, 0, 16, 16], "texture": "#545"},
				"south": {"uv": [0, 0, 16, 16], "texture": "#545"},
				"west": {"uv": [0, 0, 16, 16], "texture": "#545"},
				"up": {"uv": [0, 0, 16, 16], "texture": "#545"},
				"down": {"uv": [0, 0, 16, 16], "texture": "#545"}
			}
		},
		{
			"from": [7.8, 11.975, 7.4],
			"to": [8.8, 13.275, 8],
			"rotation": {"angle": 45, "axis": "x", "origin": [8.3, 12.975, 7.65]},
			"faces": {
				"north": {"uv": [0, 0, 16, 16], "texture": "#545"},
				"east": {"uv": [0, 0, 16, 16], "texture": "#545"},
				"south": {"uv": [0, 0, 16, 16], "texture": "#545"},
				"west": {"uv": [0, 0, 16, 16], "texture": "#545"},
				"up": {"uv": [0, 0, 16, 16], "texture": "#545"},
				"down": {"uv": [0, 0, 16, 16], "texture": "#545"}
			}
		},
		{
			"from": [7.8, 12.975, 7.4],
			"to": [8.8, 14.275, 8],
			"rotation": {"angle": 45, "axis": "x", "origin": [8.3, 13.975, 7.65]},
			"faces": {
				"north": {"uv": [0, 0, 16, 16], "texture": "#545"},
				"east": {"uv": [0, 0, 16, 16], "texture": "#545"},
				"south": {"uv": [0, 0, 16, 16], "texture": "#545"},
				"west": {"uv": [0, 0, 16, 16], "texture": "#545"},
				"up": {"uv": [0, 0, 16, 16], "texture": "#545"},
				"down": {"uv": [0, 0, 16, 16], "texture": "#545"}
			}
		},
		{
			"from": [7.8, 13.975, 7.4],
			"to": [8.8, 15.275, 8],
			"rotation": {"angle": 45, "axis": "x", "origin": [8.3, 14.975, 7.65]},
			"faces": {
				"north": {"uv": [0, 0, 16, 16], "texture": "#545"},
				"east": {"uv": [0, 0, 16, 16], "texture": "#545"},
				"south": {"uv": [0, 0, 16, 16], "texture": "#545"},
				"west": {"uv": [0, 0, 16, 16], "texture": "#545"},
				"up": {"uv": [0, 0, 16, 16], "texture": "#545"},
				"down": {"uv": [0, 0, 16, 16], "texture": "#545"}
			}
		},
		{
			"from": [7.8, 14.975, 7.4],
			"to": [8.8, 16.3, 8],
			"rotation": {"angle": 45, "axis": "x", "origin": [8.3, 15.975, 7.65]},
			"faces": {
				"north": {"uv": [0, 0, 16, 16], "texture": "#545"},
				"east": {"uv": [0, 0, 16, 16], "texture": "#545"},
				"south": {"uv": [0, 0, 16, 16], "texture": "#545"},
				"west": {"uv": [0, 0, 16, 16], "texture": "#545"},
				"up": {"uv": [0, 0, 16, 16], "texture": "#545"},
				"down": {"uv": [0, 0, 16, 16], "texture": "#545"}
			}
		},
		{
			"from": [7.9, 15.45, 6.775],
			"to": [8.7, 16.375, 8.625],
			"rotation": {"angle": 0, "axis": "x", "origin": [8.3, 15.975, 7.65]},
			"faces": {
				"north": {"uv": [0, 0, 16, 16], "rotation": 90, "texture": "#545"},
				"east": {"uv": [0, 0, 16, 16], "rotation": 90, "texture": "#545"},
				"south": {"uv": [0, 0, 16, 16], "rotation": 90, "texture": "#545"},
				"west": {"uv": [0, 0, 16, 16], "rotation": 90, "texture": "#545"},
				"up": {"uv": [0, 0, 16, 16], "rotation": 90, "texture": "#545"},
				"down": {"uv": [0, 0, 16, 16], "rotation": 90, "texture": "#545"}
			}
		},
		{
			"from": [7.65, 16.35, 6.525],
			"to": [8.95, 16.675, 8.875],
			"rotation": {"angle": 0, "axis": "x", "origin": [8.3, 15.975, 7.65]},
			"faces": {
				"north": {"uv": [0, 0, 16, 16], "rotation": 270, "texture": "#63"},
				"east": {"uv": [0, 0, 16, 16], "rotation": 270, "texture": "#63"},
				"south": {"uv": [0, 0, 16, 16], "rotation": 270, "texture": "#63"},
				"west": {"uv": [0, 0, 16, 16], "rotation": 270, "texture": "#63"},
				"up": {"uv": [0, 0, 16, 16], "rotation": 270, "texture": "#63"},
				"down": {"uv": [0, 0, 16, 16], "rotation": 270, "texture": "#63"}
			}
		},
		{
			"from": [7.625, 16.65, 5.525],
			"to": [8.95, 17.725, 9.875],
			"rotation": {"angle": 0, "axis": "x", "origin": [8.3, 16.275, 7.65]},
			"faces": {
				"north": {"uv": [0, 0, 16, 16], "rotation": 270, "texture": "#63"},
				"east": {"uv": [0, 0, 16, 16], "rotation": 270, "texture": "#63"},
				"south": {"uv": [0, 0, 16, 16], "rotation": 270, "texture": "#63"},
				"west": {"uv": [0, 0, 16, 16], "rotation": 270, "texture": "#63"},
				"up": {"uv": [0, 0, 16, 16], "rotation": 270, "texture": "#63"},
				"down": {"uv": [0, 0, 16, 16], "rotation": 270, "texture": "#63"}
			}
		},
		{
			"from": [8.125, 17.725, 6.5],
			"to": [8.45, 20.725, 8.75],
			"rotation": {"angle": 0, "axis": "x", "origin": [8.3, 17.275, 7.65]},
			"faces": {
				"north": {"uv": [6, 6, 15, 14.25], "rotation": 270, "texture": "#280"},
				"east": {"uv": [6, 6, 15, 14.25], "rotation": 270, "texture": "#280"},
				"south": {"uv": [6, 6, 15, 14.25], "rotation": 270, "texture": "#280"},
				"west": {"uv": [6, 6, 15, 14.25], "rotation": 270, "texture": "#280"},
				"up": {"uv": [6, 6, 15, 14.25], "rotation": 270, "texture": "#280"},
				"down": {"uv": [6, 6, 15, 14.25], "rotation": 270, "texture": "#280"}
			}
		},
		{
			"from": [8.025, 17.725, 7.5],
			"to": [8.55, 20.725, 8.85],
			"rotation": {"angle": 0, "axis": "x", "origin": [8.3, 17.275, 7.65]},
			"faces": {
				"north": {"uv": [11, 0, 16, 5], "texture": "#272"},
				"east": {"uv": [11, 0, 16, 5], "texture": "#272"},
				"south": {"uv": [11, 0, 16, 5], "texture": "#272"},
				"west": {"uv": [11, 0, 16, 5], "texture": "#272"},
				"up": {"uv": [11, 0, 16, 5], "texture": "#272"},
				"down": {"uv": [11, 0, 16, 5], "texture": "#272"}
			}
		},
		{
			"from": [8.175, 22.475, 5.875],
			"to": [8.4, 25.475, 7.3],
			"rotation": {"angle": 0, "axis": "x", "origin": [8.2875, 23.975, 6.75]},
			"faces": {
				"north": {"uv": [6, 6, 15, 14.25], "rotation": 270, "texture": "#280"},
				"east": {"uv": [6, 6, 15, 14.25], "rotation": 270, "texture": "#280"},
				"south": {"uv": [6, 6, 15, 14.25], "rotation": 270, "texture": "#280"},
				"west": {"uv": [6, 6, 15, 14.25], "rotation": 270, "texture": "#280"},
				"up": {"uv": [6, 6, 15, 14.25], "rotation": 270, "texture": "#280"},
				"down": {"uv": [6, 6, 15, 14.25], "rotation": 270, "texture": "#280"}
			}
		},
		{
			"from": [8.075, 22.475, 6.875],
			"to": [8.5, 25.475, 7.4],
			"rotation": {"angle": 0, "axis": "x", "origin": [8.2875, 23.975, 6.75]},
			"faces": {
				"north": {"uv": [11, 0, 16, 5], "texture": "#272"},
				"east": {"uv": [11, 0, 16, 5], "texture": "#272"},
				"south": {"uv": [11, 0, 16, 5], "texture": "#272"},
				"west": {"uv": [11, 0, 16, 5], "texture": "#272"},
				"up": {"uv": [11, 0, 16, 5], "texture": "#272"},
				"down": {"uv": [11, 0, 16, 5], "texture": "#272"}
			}
		},
		{
			"from": [8.225, 25.075, 6.825],
			"to": [8.35, 26.175, 7.875],
			"rotation": {"angle": -45, "axis": "x", "origin": [8.2875, 24.675, 7.225]},
			"faces": {
				"north": {"uv": [6, 6, 15, 14.25], "rotation": 270, "texture": "#280"},
				"east": {"uv": [6, 6, 15, 14.25], "rotation": 270, "texture": "#280"},
				"south": {"uv": [6, 6, 15, 14.25], "rotation": 270, "texture": "#280"},
				"west": {"uv": [6, 6, 15, 14.25], "rotation": 270, "texture": "#280"},
				"up": {"uv": [6, 6, 15, 14.25], "rotation": 270, "texture": "#280"},
				"down": {"uv": [6, 6, 15, 14.25], "rotation": 270, "texture": "#280"}
			}
		},
		{
			"from": [8.2, 24.875, 6.45],
			"to": [8.375, 27.875, 7.725],
			"rotation": {"angle": 22.5, "axis": "x", "origin": [8.2875, 26.375, 7.2]},
			"faces": {
				"north": {"uv": [6, 6, 15, 14.25], "rotation": 270, "texture": "#280"},
				"east": {"uv": [6, 6, 15, 14.25], "rotation": 270, "texture": "#280"},
				"south": {"uv": [6, 6, 15, 14.25], "rotation": 270, "texture": "#280"},
				"west": {"uv": [6, 6, 15, 14.25], "rotation": 270, "texture": "#280"},
				"up": {"uv": [6, 6, 15, 14.25], "rotation": 270, "texture": "#280"},
				"down": {"uv": [6, 6, 15, 14.25], "rotation": 270, "texture": "#280"}
			}
		},
		{
			"from": [8.1, 24.875, 7.45],
			"to": [8.475, 27.875, 7.825],
			"rotation": {"angle": 22.5, "axis": "x", "origin": [8.2875, 26.375, 7.2]},
			"faces": {
				"north": {"uv": [11, 0, 16, 5], "texture": "#272"},
				"east": {"uv": [11, 0, 16, 5], "texture": "#272"},
				"south": {"uv": [11, 0, 16, 5], "texture": "#272"},
				"west": {"uv": [11, 0, 16, 5], "texture": "#272"},
				"up": {"uv": [11, 0, 16, 5], "texture": "#272"},
				"down": {"uv": [11, 0, 16, 5], "texture": "#272"}
			}
		},
		{
			"from": [8.25, 27.1853, 7.39994],
			"to": [8.325, 28.1603, 8.19994],
			"rotation": {"angle": -22.5, "axis": "x", "origin": [8.2875, 27.3228, 7.52494]},
			"faces": {
				"north": {"uv": [6, 6, 15, 14.25], "rotation": 180, "texture": "#280"},
				"east": {"uv": [6, 6, 15, 14.25], "rotation": 180, "texture": "#280"},
				"south": {"uv": [6, 6, 15, 14.25], "rotation": 180, "texture": "#280"},
				"west": {"uv": [6, 6, 15, 14.25], "rotation": 180, "texture": "#280"},
				"up": {"uv": [6, 6, 15, 14.25], "rotation": 180, "texture": "#280"},
				"down": {"uv": [6, 6, 15, 14.25], "rotation": 180, "texture": "#280"}
			}
		},
		{
			"from": [8.225, 26.925, 7.975],
			"to": [8.35, 29.525, 8.75],
			"rotation": {"angle": 45, "axis": "x", "origin": [8.2875, 28.425, 8.575]},
			"faces": {
				"north": {"uv": [6, 6, 15, 14.25], "rotation": 270, "texture": "#280"},
				"east": {"uv": [6, 6, 15, 14.25], "rotation": 270, "texture": "#280"},
				"south": {"uv": [6, 6, 15, 14.25], "rotation": 270, "texture": "#280"},
				"west": {"uv": [6, 6, 15, 14.25], "rotation": 270, "texture": "#280"},
				"up": {"uv": [6, 6, 15, 14.25], "rotation": 270, "texture": "#280"},
				"down": {"uv": [6, 6, 15, 14.25], "rotation": 270, "texture": "#280"}
			}
		},
		{
			"from": [8.125, 27.475, 8.65],
			"to": [8.45, 29.525, 8.85],
			"rotation": {"angle": 45, "axis": "x", "origin": [8.2875, 28.425, 8.575]},
			"faces": {
				"north": {"uv": [11, 0, 16, 5], "texture": "#272"},
				"east": {"uv": [11, 0, 16, 5], "texture": "#272"},
				"south": {"uv": [11, 0, 16, 5], "texture": "#272"},
				"west": {"uv": [11, 0, 16, 5], "texture": "#272"},
				"up": {"uv": [11, 0, 16, 5], "texture": "#272"},
				"down": {"uv": [11, 0, 16, 5], "texture": "#272"}
			}
		},
		{
			"from": [8.275, 28.99952, 8.90721],
			"to": [8.3, 29.59952, 9.53221],
			"rotation": {"angle": 0, "axis": "x", "origin": [8.2875, 29.14952, 9.09471]},
			"faces": {
				"north": {"uv": [6, 6, 15, 14.25], "rotation": 270, "texture": "#280"},
				"east": {"uv": [6, 6, 15, 14.25], "rotation": 270, "texture": "#280"},
				"south": {"uv": [6, 6, 15, 14.25], "rotation": 270, "texture": "#280"},
				"west": {"uv": [6, 6, 15, 14.25], "rotation": 270, "texture": "#280"},
				"up": {"uv": [6, 6, 15, 14.25], "rotation": 270, "texture": "#280"},
				"down": {"uv": [6, 6, 15, 14.25], "rotation": 270, "texture": "#280"}
			}
		},
		{
			"from": [8.25, 28.85, 9.4],
			"to": [8.325, 30.725, 9.85],
			"rotation": {"angle": 22.5, "axis": "x", "origin": [8.2875, 30.35, 9.75]},
			"faces": {
				"north": {"uv": [6, 6, 15, 14.25], "rotation": 270, "texture": "#280"},
				"east": {"uv": [6, 6, 15, 14.25], "rotation": 270, "texture": "#280"},
				"south": {"uv": [6, 6, 15, 14.25], "rotation": 270, "texture": "#280"},
				"west": {"uv": [6, 6, 15, 14.25], "rotation": 270, "texture": "#280"},
				"up": {"uv": [6, 6, 15, 14.25], "rotation": 270, "texture": "#280"},
				"down": {"uv": [6, 6, 15, 14.25], "rotation": 270, "texture": "#280"}
			}
		},
		{
			"from": [8.275, 30.6, 9.7],
			"to": [8.3, 30.925, 10],
			"rotation": {"angle": -22.5, "axis": "x", "origin": [8.2875, 30.55, 9.9]},
			"faces": {
				"north": {"uv": [6, 6, 15, 14.25], "rotation": 270, "texture": "#280"},
				"east": {"uv": [6, 6, 15, 14.25], "rotation": 270, "texture": "#280"},
				"south": {"uv": [6, 6, 15, 14.25], "rotation": 270, "texture": "#280"},
				"west": {"uv": [6, 6, 15, 14.25], "rotation": 270, "texture": "#280"},
				"up": {"uv": [6, 6, 15, 14.25], "rotation": 270, "texture": "#280"},
				"down": {"uv": [6, 6, 15, 14.25], "rotation": 270, "texture": "#280"}
			}
		},
		{
			"from": [8.15, 20.1, 6.25],
			"to": [8.425, 23.1, 8.125],
			"rotation": {"angle": -22.5, "axis": "x", "origin": [8.2875, 21.6, 7.225]},
			"faces": {
				"north": {"uv": [6, 6, 15, 14.25], "rotation": 270, "texture": "#280"},
				"east": {"uv": [6, 6, 15, 14.25], "rotation": 270, "texture": "#280"},
				"south": {"uv": [6, 6, 15, 14.25], "rotation": 270, "texture": "#280"},
				"west": {"uv": [6, 6, 15, 14.25], "rotation": 270, "texture": "#280"},
				"up": {"uv": [6, 6, 15, 14.25], "rotation": 270, "texture": "#280"},
				"down": {"uv": [6, 6, 15, 14.25], "rotation": 270, "texture": "#280"}
			}
		},
		{
			"from": [8.05, 20.1, 7.225],
			"to": [8.525, 23.1, 8.225],
			"rotation": {"angle": -22.5, "axis": "x", "origin": [8.2875, 21.6, 7.225]},
			"faces": {
				"north": {"uv": [11, 0, 16, 5], "texture": "#272"},
				"east": {"uv": [11, 0, 16, 5], "texture": "#272"},
				"south": {"uv": [11, 0, 16, 5], "texture": "#272"},
				"west": {"uv": [11, 0, 16, 5], "texture": "#272"},
				"up": {"uv": [11, 0, 16, 5], "texture": "#272"},
				"down": {"uv": [11, 0, 16, 5], "texture": "#272"}
			}
		},
		{
			"from": [8.225, 22, 5.8],
			"to": [8.375, 23.2, 7.175],
			"rotation": {"angle": 22.5, "axis": "x", "origin": [8.2875, 22.375, 7.3]},
			"faces": {
				"north": {"uv": [6, 6, 15, 14.25], "texture": "#280"},
				"east": {"uv": [6, 6, 15, 14.25], "texture": "#280"},
				"south": {"uv": [6, 6, 15, 14.25], "texture": "#280"},
				"west": {"uv": [6, 6, 15, 14.25], "texture": "#280"},
				"up": {"uv": [6, 6, 15, 14.25], "texture": "#280"},
				"down": {"uv": [6, 6, 15, 14.25], "texture": "#280"}
			}
		},
		{
			"from": [7.65, 16.85, 9.025],
			"to": [8.95, 17.925, 10.125],
			"rotation": {"angle": 22.5, "axis": "x", "origin": [8.3, 17.3875, 9.575]},
			"faces": {
				"north": {"uv": [0, 0, 16, 16], "rotation": 270, "texture": "#63"},
				"east": {"uv": [0, 0, 16, 16], "rotation": 270, "texture": "#63"},
				"south": {"uv": [0, 0, 16, 16], "rotation": 270, "texture": "#63"},
				"west": {"uv": [0, 0, 16, 16], "rotation": 270, "texture": "#63"},
				"up": {"uv": [0, 0, 16, 16], "rotation": 270, "texture": "#63"},
				"down": {"uv": [0, 0, 16, 16], "rotation": 270, "texture": "#63"}
			}
		},
		{
			"from": [7.65, 16.85, 5.275],
			"to": [8.95, 17.925, 6.375],
			"rotation": {"angle": -22.5, "axis": "x", "origin": [8.3, 17.3875, 5.825]},
			"faces": {
				"north": {"uv": [0, 0, 16, 16], "rotation": 270, "texture": "#63"},
				"east": {"uv": [0, 0, 16, 16], "rotation": 270, "texture": "#63"},
				"south": {"uv": [0, 0, 16, 16], "rotation": 270, "texture": "#63"},
				"west": {"uv": [0, 0, 16, 16], "rotation": 270, "texture": "#63"},
				"up": {"uv": [0, 0, 16, 16], "rotation": 270, "texture": "#63"},
				"down": {"uv": [0, 0, 16, 16], "rotation": 270, "texture": "#63"}
			}
		},
		{
			"from": [7.675, 17.55, 9.5],
			"to": [8.925, 18.625, 10.6],
			"rotation": {"angle": 45, "axis": "x", "origin": [8.3, 18.0875, 10.05]},
			"faces": {
				"north": {"uv": [0, 0, 16, 16], "rotation": 270, "texture": "#63"},
				"east": {"uv": [0, 0, 16, 16], "rotation": 270, "texture": "#63"},
				"south": {"uv": [0, 0, 16, 16], "rotation": 270, "texture": "#63"},
				"west": {"uv": [0, 0, 16, 16], "rotation": 270, "texture": "#63"},
				"up": {"uv": [0, 0, 16, 16], "rotation": 270, "texture": "#63"},
				"down": {"uv": [0, 0, 16, 16], "rotation": 270, "texture": "#63"}
			}
		},
		{
			"from": [7.675, 17.55, 4.8],
			"to": [8.925, 18.625, 5.9],
			"rotation": {"angle": -45, "axis": "x", "origin": [8.3, 18.0875, 5.35]},
			"faces": {
				"north": {"uv": [0, 0, 16, 16], "rotation": 270, "texture": "#63"},
				"east": {"uv": [0, 0, 16, 16], "rotation": 270, "texture": "#63"},
				"south": {"uv": [0, 0, 16, 16], "rotation": 270, "texture": "#63"},
				"west": {"uv": [0, 0, 16, 16], "rotation": 270, "texture": "#63"},
				"up": {"uv": [0, 0, 16, 16], "rotation": 270, "texture": "#63"},
				"down": {"uv": [0, 0, 16, 16], "rotation": 270, "texture": "#63"}
			}
		},
		{
			"from": [7.825, 18.0125, 10.2125],
			"to": [8.775, 19.1125, 11.2875],
			"rotation": {"angle": -22.5, "axis": "x", "origin": [8.3, 18.5625, 10.75]},
			"faces": {
				"north": {"uv": [0, 0, 16, 16], "rotation": 180, "texture": "#63"},
				"east": {"uv": [0, 0, 16, 16], "rotation": 180, "texture": "#63"},
				"south": {"uv": [0, 0, 16, 16], "rotation": 180, "texture": "#63"},
				"west": {"uv": [0, 0, 16, 16], "rotation": 180, "texture": "#63"},
				"up": {"uv": [0, 0, 16, 16], "rotation": 180, "texture": "#63"},
				"down": {"uv": [0, 0, 16, 16], "rotation": 180, "texture": "#63"}
			}
		},
		{
			"from": [7.825, 18.0125, 4.1125],
			"to": [8.775, 19.1125, 5.1875],
			"rotation": {"angle": 22.5, "axis": "x", "origin": [8.3, 18.5625, 4.65]},
			"faces": {
				"north": {"uv": [0, 0, 16, 16], "rotation": 180, "texture": "#63"},
				"east": {"uv": [0, 0, 16, 16], "rotation": 180, "texture": "#63"},
				"south": {"uv": [0, 0, 16, 16], "rotation": 180, "texture": "#63"},
				"west": {"uv": [0, 0, 16, 16], "rotation": 180, "texture": "#63"},
				"up": {"uv": [0, 0, 16, 16], "rotation": 180, "texture": "#63"},
				"down": {"uv": [0, 0, 16, 16], "rotation": 180, "texture": "#63"}
			}
		},
		{
			"from": [7.925, 18.2625, 11.0375],
			"to": [8.675, 19.2625, 12.1125],
			"rotation": {"angle": 0, "axis": "x", "origin": [8.3, 18.7125, 11.575]},
			"faces": {
				"north": {"uv": [0, 0, 16, 16], "rotation": 180, "texture": "#63"},
				"east": {"uv": [0, 0, 16, 16], "rotation": 180, "texture": "#63"},
				"south": {"uv": [0, 0, 16, 16], "rotation": 180, "texture": "#63"},
				"west": {"uv": [0, 0, 16, 16], "rotation": 180, "texture": "#63"},
				"up": {"uv": [0, 0, 16, 16], "rotation": 180, "texture": "#63"},
				"down": {"uv": [0, 0, 16, 16], "rotation": 180, "texture": "#63"}
			}
		},
		{
			"from": [7.925, 18.2625, 3.2875],
			"to": [8.675, 19.2625, 4.3625],
			"rotation": {"angle": 0, "axis": "x", "origin": [8.3, 18.7125, 3.825]},
			"faces": {
				"north": {"uv": [0, 0, 16, 16], "rotation": 180, "texture": "#63"},
				"east": {"uv": [0, 0, 16, 16], "rotation": 180, "texture": "#63"},
				"south": {"uv": [0, 0, 16, 16], "rotation": 180, "texture": "#63"},
				"west": {"uv": [0, 0, 16, 16], "rotation": 180, "texture": "#63"},
				"up": {"uv": [0, 0, 16, 16], "rotation": 180, "texture": "#63"},
				"down": {"uv": [0, 0, 16, 16], "rotation": 180, "texture": "#63"}
			}
		},
		{
			"from": [7.975, 18.1875, 11.8375],
			"to": [8.625, 18.9875, 12.9125],
			"rotation": {"angle": 22.5, "axis": "x", "origin": [8.3, 18.5375, 12.375]},
			"faces": {
				"north": {"uv": [0, 0, 16, 16], "rotation": 180, "texture": "#63"},
				"east": {"uv": [0, 0, 16, 16], "rotation": 180, "texture": "#63"},
				"south": {"uv": [0, 0, 16, 16], "rotation": 180, "texture": "#63"},
				"west": {"uv": [0, 0, 16, 16], "rotation": 180, "texture": "#63"},
				"up": {"uv": [0, 0, 16, 16], "rotation": 180, "texture": "#63"},
				"down": {"uv": [0, 0, 16, 16], "rotation": 180, "texture": "#63"}
			}
		},
		{
			"from": [7.975, 18.1875, 2.4875],
			"to": [8.625, 18.9875, 3.5625],
			"rotation": {"angle": -22.5, "axis": "x", "origin": [8.3, 18.5375, 3.025]},
			"faces": {
				"north": {"uv": [0, 0, 16, 16], "rotation": 180, "texture": "#63"},
				"east": {"uv": [0, 0, 16, 16], "rotation": 180, "texture": "#63"},
				"south": {"uv": [0, 0, 16, 16], "rotation": 180, "texture": "#63"},
				"west": {"uv": [0, 0, 16, 16], "rotation": 180, "texture": "#63"},
				"up": {"uv": [0, 0, 16, 16], "rotation": 180, "texture": "#63"},
				"down": {"uv": [0, 0, 16, 16], "rotation": 180, "texture": "#63"}
			}
		},
		{
			"from": [8.075, 17.65, 12.575],
			"to": [8.525, 18.625, 13.275],
			"rotation": {"angle": -22.5, "axis": "x", "origin": [8.3, 18.0875, 12.825]},
			"faces": {
				"north": {"uv": [0, 0, 16, 16], "rotation": 90, "texture": "#63"},
				"east": {"uv": [0, 0, 16, 16], "rotation": 90, "texture": "#63"},
				"south": {"uv": [0, 0, 16, 16], "rotation": 90, "texture": "#63"},
				"west": {"uv": [0, 0, 16, 16], "rotation": 90, "texture": "#63"},
				"up": {"uv": [0, 0, 16, 16], "rotation": 90, "texture": "#63"},
				"down": {"uv": [0, 0, 16, 16], "rotation": 90, "texture": "#63"}
			}
		},
		{
			"from": [8.075, 17.65, 2.125],
			"to": [8.525, 18.625, 2.825],
			"rotation": {"angle": 22.5, "axis": "x", "origin": [8.3, 18.0875, 2.575]},
			"faces": {
				"north": {"uv": [0, 0, 16, 16], "rotation": 90, "texture": "#63"},
				"east": {"uv": [0, 0, 16, 16], "rotation": 90, "texture": "#63"},
				"south": {"uv": [0, 0, 16, 16], "rotation": 90, "texture": "#63"},
				"west": {"uv": [0, 0, 16, 16], "rotation": 90, "texture": "#63"},
				"up": {"uv": [0, 0, 16, 16], "rotation": 90, "texture": "#63"},
				"down": {"uv": [0, 0, 16, 16], "rotation": 90, "texture": "#63"}
			}
		},
		{
			"from": [8.175, 17.1, 12.625],
			"to": [8.425, 18.075, 13.125],
			"rotation": {"angle": 22.5, "axis": "x", "origin": [8.3, 17.5375, 12.775]},
			"faces": {
				"north": {"uv": [0, 0, 16, 16], "rotation": 90, "texture": "#63"},
				"east": {"uv": [0, 0, 16, 16], "rotation": 90, "texture": "#63"},
				"south": {"uv": [0, 0, 16, 16], "rotation": 90, "texture": "#63"},
				"west": {"uv": [0, 0, 16, 16], "rotation": 90, "texture": "#63"},
				"up": {"uv": [0, 0, 16, 16], "rotation": 90, "texture": "#63"},
				"down": {"uv": [0, 0, 16, 16], "rotation": 90, "texture": "#63"}
			}
		},
		{
			"from": [8.175, 17.1, 2.275],
			"to": [8.425, 18.075, 2.775],
			"rotation": {"angle": -22.5, "axis": "x", "origin": [8.3, 17.5375, 2.625]},
			"faces": {
				"north": {"uv": [0, 0, 16, 16], "rotation": 90, "texture": "#63"},
				"east": {"uv": [0, 0, 16, 16], "rotation": 90, "texture": "#63"},
				"south": {"uv": [0, 0, 16, 16], "rotation": 90, "texture": "#63"},
				"west": {"uv": [0, 0, 16, 16], "rotation": 90, "texture": "#63"},
				"up": {"uv": [0, 0, 16, 16], "rotation": 90, "texture": "#63"},
				"down": {"uv": [0, 0, 16, 16], "rotation": 90, "texture": "#63"}
			}
		},
		{
			"from": [7.8, 9.975, 7.375],
			"to": [8.8, 10.7, 7.975],
			"rotation": {"angle": -45, "axis": "x", "origin": [8.3, 10.975, 7.75]},
			"faces": {
				"north": {"uv": [0, 0, 16, 16], "texture": "#545"},
				"east": {"uv": [0, 0, 16, 16], "texture": "#545"},
				"south": {"uv": [0, 0, 16, 16], "texture": "#545"},
				"west": {"uv": [0, 0, 16, 16], "texture": "#545"},
				"up": {"uv": [0, 0, 16, 16], "texture": "#545"},
				"down": {"uv": [0, 0, 16, 16], "texture": "#545"}
			}
		},
		{
			"from": [7.8, 10.975, 7.375],
			"to": [8.8, 11.7, 7.975],
			"rotation": {"angle": -45, "axis": "x", "origin": [8.3, 11.975, 7.75]},
			"faces": {
				"north": {"uv": [0, 0, 16, 16], "texture": "#545"},
				"east": {"uv": [0, 0, 16, 16], "texture": "#545"},
				"south": {"uv": [0, 0, 16, 16], "texture": "#545"},
				"west": {"uv": [0, 0, 16, 16], "texture": "#545"},
				"up": {"uv": [0, 0, 16, 16], "texture": "#545"},
				"down": {"uv": [0, 0, 16, 16], "texture": "#545"}
			}
		},
		{
			"from": [7.8, 11.975, 7.375],
			"to": [8.8, 12.7, 7.975],
			"rotation": {"angle": -45, "axis": "x", "origin": [8.3, 12.975, 7.75]},
			"faces": {
				"north": {"uv": [0, 0, 16, 16], "texture": "#545"},
				"east": {"uv": [0, 0, 16, 16], "texture": "#545"},
				"south": {"uv": [0, 0, 16, 16], "texture": "#545"},
				"west": {"uv": [0, 0, 16, 16], "texture": "#545"},
				"up": {"uv": [0, 0, 16, 16], "texture": "#545"},
				"down": {"uv": [0, 0, 16, 16], "texture": "#545"}
			}
		},
		{
			"from": [7.8, 12.975, 7.375],
			"to": [8.8, 13.7, 7.975],
			"rotation": {"angle": -45, "axis": "x", "origin": [8.3, 13.975, 7.75]},
			"faces": {
				"north": {"uv": [0, 0, 16, 16], "texture": "#545"},
				"east": {"uv": [0, 0, 16, 16], "texture": "#545"},
				"south": {"uv": [0, 0, 16, 16], "texture": "#545"},
				"west": {"uv": [0, 0, 16, 16], "texture": "#545"},
				"up": {"uv": [0, 0, 16, 16], "texture": "#545"},
				"down": {"uv": [0, 0, 16, 16], "texture": "#545"}
			}
		},
		{
			"from": [7.8, 13.975, 7.375],
			"to": [8.8, 14.7, 7.975],
			"rotation": {"angle": -45, "axis": "x", "origin": [8.3, 14.975, 7.75]},
			"faces": {
				"north": {"uv": [0, 0, 16, 16], "texture": "#545"},
				"east": {"uv": [0, 0, 16, 16], "texture": "#545"},
				"south": {"uv": [0, 0, 16, 16], "texture": "#545"},
				"west": {"uv": [0, 0, 16, 16], "texture": "#545"},
				"up": {"uv": [0, 0, 16, 16], "texture": "#545"},
				"down": {"uv": [0, 0, 16, 16], "texture": "#545"}
			}
		},
		{
			"from": [7.8, 14.975, 7.375],
			"to": [8.8, 15.7, 8],
			"rotation": {"angle": -45, "axis": "x", "origin": [8.3, 15.975, 7.75]},
			"faces": {
				"north": {"uv": [0, 0, 16, 16], "texture": "#545"},
				"east": {"uv": [0, 0, 16, 16], "texture": "#545"},
				"south": {"uv": [0, 0, 16, 16], "texture": "#545"},
				"west": {"uv": [0, 0, 16, 16], "texture": "#545"},
				"up": {"uv": [0, 0, 16, 16], "texture": "#545"},
				"down": {"uv": [0, 0, 16, 16], "texture": "#545"}
			}
		},
		{
			"from": [8.1, 7.55, 7.75],
			"to": [8.5, 7.7, 8.05],
			"rotation": {"angle": -22.5, "axis": "x", "origin": [8.3, 7.625, 7.9]},
			"faces": {
				"north": {"uv": [0, 0, 16, 16], "texture": "#63"},
				"east": {"uv": [0, 0, 16, 16], "texture": "#63"},
				"south": {"uv": [0, 0, 16, 16], "texture": "#63"},
				"west": {"uv": [0, 0, 16, 16], "texture": "#63"},
				"up": {"uv": [0, 0, 16, 16], "texture": "#63"},
				"down": {"uv": [0, 0, 16, 16], "texture": "#63"}
			}
		},
		{
			"from": [8.1, 7.55, 7.25],
			"to": [8.5, 7.7, 7.55],
			"rotation": {"angle": 22.5, "axis": "x", "origin": [8.3, 7.625, 7.4]},
			"faces": {
				"north": {"uv": [0, 0, 16, 16], "texture": "#63"},
				"east": {"uv": [0, 0, 16, 16], "texture": "#63"},
				"south": {"uv": [0, 0, 16, 16], "texture": "#63"},
				"west": {"uv": [0, 0, 16, 16], "texture": "#63"},
				"up": {"uv": [0, 0, 16, 16], "texture": "#63"},
				"down": {"uv": [0, 0, 16, 16], "texture": "#63"}
			}
		},
		{
			"from": [8.1, 8.8, 7.75],
			"to": [8.5, 8.95, 8.05],
			"rotation": {"angle": 22.5, "axis": "x", "origin": [8.3, 8.875, 7.9]},
			"faces": {
				"north": {"uv": [0, 0, 16, 16], "texture": "#63"},
				"east": {"uv": [0, 0, 16, 16], "texture": "#63"},
				"south": {"uv": [0, 0, 16, 16], "texture": "#63"},
				"west": {"uv": [0, 0, 16, 16], "texture": "#63"},
				"up": {"uv": [0, 0, 16, 16], "texture": "#63"},
				"down": {"uv": [0, 0, 16, 16], "texture": "#63"}
			}
		},
		{
			"from": [8.1, 8.8, 7.25],
			"to": [8.5, 8.95, 7.55],
			"rotation": {"angle": -22.5, "axis": "x", "origin": [8.3, 8.875, 7.4]},
			"faces": {
				"north": {"uv": [0, 0, 16, 16], "texture": "#63"},
				"east": {"uv": [0, 0, 16, 16], "texture": "#63"},
				"south": {"uv": [0, 0, 16, 16], "texture": "#63"},
				"west": {"uv": [0, 0, 16, 16], "texture": "#63"},
				"up": {"uv": [0, 0, 16, 16], "texture": "#63"},
				"down": {"uv": [0, 0, 16, 16], "texture": "#63"}
			}
		},
		{
			"from": [8.1, 7.7, 7.975],
			"to": [8.5, 7.85, 8.275],
			"rotation": {"angle": -45, "axis": "x", "origin": [8.3, 7.775, 8.125]},
			"faces": {
				"north": {"uv": [0, 0, 16, 16], "texture": "#63"},
				"east": {"uv": [0, 0, 16, 16], "texture": "#63"},
				"south": {"uv": [0, 0, 16, 16], "texture": "#63"},
				"west": {"uv": [0, 0, 16, 16], "texture": "#63"},
				"up": {"uv": [0, 0, 16, 16], "texture": "#63"},
				"down": {"uv": [0, 0, 16, 16], "texture": "#63"}
			}
		},
		{
			"from": [8.1, 7.7, 7.025],
			"to": [8.5, 7.85, 7.325],
			"rotation": {"angle": 45, "axis": "x", "origin": [8.3, 7.775, 7.175]},
			"faces": {
				"north": {"uv": [0, 0, 16, 16], "texture": "#63"},
				"east": {"uv": [0, 0, 16, 16], "texture": "#63"},
				"south": {"uv": [0, 0, 16, 16], "texture": "#63"},
				"west": {"uv": [0, 0, 16, 16], "texture": "#63"},
				"up": {"uv": [0, 0, 16, 16], "texture": "#63"},
				"down": {"uv": [0, 0, 16, 16], "texture": "#63"}
			}
		},
		{
			"from": [8.1, 8.65, 7.975],
			"to": [8.5, 8.8, 8.275],
			"rotation": {"angle": 45, "axis": "x", "origin": [8.3, 8.725, 8.125]},
			"faces": {
				"north": {"uv": [0, 0, 16, 16], "texture": "#63"},
				"east": {"uv": [0, 0, 16, 16], "texture": "#63"},
				"south": {"uv": [0, 0, 16, 16], "texture": "#63"},
				"west": {"uv": [0, 0, 16, 16], "texture": "#63"},
				"up": {"uv": [0, 0, 16, 16], "texture": "#63"},
				"down": {"uv": [0, 0, 16, 16], "texture": "#63"}
			}
		},
		{
			"from": [8.1, 8.65, 7.025],
			"to": [8.5, 8.8, 7.325],
			"rotation": {"angle": -45, "axis": "x", "origin": [8.3, 8.725, 7.175]},
			"faces": {
				"north": {"uv": [0, 0, 16, 16], "texture": "#63"},
				"east": {"uv": [0, 0, 16, 16], "texture": "#63"},
				"south": {"uv": [0, 0, 16, 16], "texture": "#63"},
				"west": {"uv": [0, 0, 16, 16], "texture": "#63"},
				"up": {"uv": [0, 0, 16, 16], "texture": "#63"},
				"down": {"uv": [0, 0, 16, 16], "texture": "#63"}
			}
		},
		{
			"from": [8.1, 7.85, 8.2],
			"to": [8.5, 8.15, 8.35],
			"rotation": {"angle": 22.5, "axis": "x", "origin": [8.3, 8, 8.275]},
			"faces": {
				"north": {"uv": [0, 0, 16, 16], "rotation": 90, "texture": "#63"},
				"east": {"uv": [0, 0, 16, 16], "rotation": 90, "texture": "#63"},
				"south": {"uv": [0, 0, 16, 16], "rotation": 90, "texture": "#63"},
				"west": {"uv": [0, 0, 16, 16], "rotation": 90, "texture": "#63"},
				"up": {"uv": [0, 0, 16, 16], "rotation": 90, "texture": "#63"},
				"down": {"uv": [0, 0, 16, 16], "rotation": 90, "texture": "#63"}
			}
		},
		{
			"from": [8.1, 7.85, 6.95],
			"to": [8.5, 8.15, 7.1],
			"rotation": {"angle": -22.5, "axis": "x", "origin": [8.3, 8, 7.025]},
			"faces": {
				"north": {"uv": [0, 0, 16, 16], "rotation": 90, "texture": "#63"},
				"east": {"uv": [0, 0, 16, 16], "rotation": 90, "texture": "#63"},
				"south": {"uv": [0, 0, 16, 16], "rotation": 90, "texture": "#63"},
				"west": {"uv": [0, 0, 16, 16], "rotation": 90, "texture": "#63"},
				"up": {"uv": [0, 0, 16, 16], "rotation": 90, "texture": "#63"},
				"down": {"uv": [0, 0, 16, 16], "rotation": 90, "texture": "#63"}
			}
		},
		{
			"from": [8.1, 8.35, 8.2],
			"to": [8.5, 8.65, 8.35],
			"rotation": {"angle": -22.5, "axis": "x", "origin": [8.3, 8.5, 8.275]},
			"faces": {
				"north": {"uv": [0, 0, 16, 16], "rotation": 90, "texture": "#63"},
				"east": {"uv": [0, 0, 16, 16], "rotation": 90, "texture": "#63"},
				"south": {"uv": [0, 0, 16, 16], "rotation": 90, "texture": "#63"},
				"west": {"uv": [0, 0, 16, 16], "rotation": 90, "texture": "#63"},
				"up": {"uv": [0, 0, 16, 16], "rotation": 90, "texture": "#63"},
				"down": {"uv": [0, 0, 16, 16], "rotation": 90, "texture": "#63"}
			}
		},
		{
			"from": [8.1, 8.35, 6.95],
			"to": [8.5, 8.65, 7.1],
			"rotation": {"angle": 22.5, "axis": "x", "origin": [8.3, 8.5, 7.025]},
			"faces": {
				"north": {"uv": [0, 0, 16, 16], "rotation": 90, "texture": "#63"},
				"east": {"uv": [0, 0, 16, 16], "rotation": 90, "texture": "#63"},
				"south": {"uv": [0, 0, 16, 16], "rotation": 90, "texture": "#63"},
				"west": {"uv": [0, 0, 16, 16], "rotation": 90, "texture": "#63"},
				"up": {"uv": [0, 0, 16, 16], "rotation": 90, "texture": "#63"},
				"down": {"uv": [0, 0, 16, 16], "rotation": 90, "texture": "#63"}
			}
		},
		{
			"from": [8.1, 8.1, 8.25],
			"to": [8.5, 8.4, 8.4],
			"rotation": {"angle": 0, "axis": "x", "origin": [8.3, 8.25, 8.325]},
			"faces": {
				"north": {"uv": [0, 0, 16, 16], "rotation": 90, "texture": "#63"},
				"east": {"uv": [0, 0, 16, 16], "rotation": 90, "texture": "#63"},
				"south": {"uv": [0, 0, 16, 16], "rotation": 90, "texture": "#63"},
				"west": {"uv": [0, 0, 16, 16], "rotation": 90, "texture": "#63"},
				"up": {"uv": [0, 0, 16, 16], "rotation": 90, "texture": "#63"},
				"down": {"uv": [0, 0, 16, 16], "rotation": 90, "texture": "#63"}
			}
		},
		{
			"from": [8.1, 8.1, 6.9],
			"to": [8.5, 8.4, 7.05],
			"rotation": {"angle": 0, "axis": "x", "origin": [8.3, 8.25, 6.975]},
			"faces": {
				"north": {"uv": [0, 0, 16, 16], "rotation": 90, "texture": "#63"},
				"east": {"uv": [0, 0, 16, 16], "rotation": 90, "texture": "#63"},
				"south": {"uv": [0, 0, 16, 16], "rotation": 90, "texture": "#63"},
				"west": {"uv": [0, 0, 16, 16], "rotation": 90, "texture": "#63"},
				"up": {"uv": [0, 0, 16, 16], "rotation": 90, "texture": "#63"},
				"down": {"uv": [0, 0, 16, 16], "rotation": 90, "texture": "#63"}
			}
		}
	],
	"gui_light": "front",
	"display": {
		"thirdperson_righthand": {
			"rotation": [0, 20.75, 0],
			"translation": [0, -6.75, 0.5]
		},
		"thirdperson_lefthand": {
			"translation": [0, -5.75, 0.75]
		},
		"firstperson_righthand": {
			"translation": [0, -6.25, 0]
		},
		"firstperson_lefthand": {
			"translation": [0, -6.25, 0]
		},
		"ground": {
			"translation": [0, 2.5, 0]
		},
		"gui": {
			"rotation": [70.25, 139.25, -87.5],
			"translation": [6.5, -5.5, 0],
			"scale": [1.64, 0.83, 1.71]
		},
		"fixed": {
			"rotation": [0, 92, 0],
			"translation": [0, -10, -1.75]
		}
	}
}