{
	"credit": "Made with Blockbench",
	"texture_size": [64, 64],
	"textures": {
		"0": "block/acel_bard",
		"particle": "block/acel_bard"
	},
	"elements": [
		{
			"from": [7, 6, -9],
			"to": [8, 7, 29],
			"rotation": {"angle": 0, "axis": "y", "origin": [8.625, 6.5, 10.10227]},
			"faces": {
				"north": {"uv": [5, 1.25, 5.25, 1.5], "texture": "#0"},
				"east": {"uv": [0.75, 0, 10.25, 0.25], "texture": "#0"},
				"south": {"uv": [6.25, 6.25, 6.5, 6.5], "texture": "#0"},
				"west": {"uv": [0.75, 0.25, 10.25, 0.5], "texture": "#0"},
				"up": {"uv": [1.75, 11, 1.5, 1.5], "texture": "#0"},
				"down": {"uv": [2, 1.75, 1.75, 11.25], "texture": "#0"}
			}
		},
		{
			"from": [6.75, 5.75, 16],
			"to": [8.25, 7.25, 27],
			"rotation": {"angle": 0, "axis": "y", "origin": [8.625, 6.5, 10.10227]},
			"faces": {
				"north": {"uv": [5, 2, 5.5, 2.5], "texture": "#0"},
				"east": {"uv": [1.5, 0.5, 4.25, 1], "texture": "#0"},
				"south": {"uv": [2.5, 5.25, 3, 5.75], "texture": "#0"},
				"west": {"uv": [1.5, 1, 4.25, 1.5], "texture": "#0"},
				"up": {"uv": [2.5, 4.75, 2, 2], "texture": "#0"},
				"down": {"uv": [3, 2.5, 2.5, 5.25], "texture": "#0"}
			}
		},
		{
			"from": [6.75, 5.75, -8.75],
			"to": [8.25, 7.25, 0.75],
			"rotation": {"angle": 0, "axis": "y", "origin": [8.625, 6.5, 10.10227]},
			"faces": {
				"north": {"uv": [5.25, 5.25, 5.75, 5.75], "texture": "#0"},
				"east": {"uv": [2, 1.5, 4.5, 2], "texture": "#0"},
				"south": {"uv": [5.25, 1.25, 5.75, 1.75], "texture": "#0"},
				"west": {"uv": [2.5, 2, 5, 2.5], "texture": "#0"},
				"up": {"uv": [3.5, 5.5, 3, 3], "texture": "#0"},
				"down": {"uv": [4, 3.5, 3.5, 6], "texture": "#0"}
			}
		},
		{
			"from": [6.75, 5.75, 1.25],
			"to": [8.25, 7.25, 1.75],
			"rotation": {"angle": 0, "axis": "y", "origin": [8.625, 6.5, 10.10227]},
			"faces": {
				"north": {"uv": [5.25, 4, 5.75, 4.5], "texture": "#0"},
				"east": {"uv": [5.75, 4.5, 6, 5], "texture": "#0"},
				"south": {"uv": [5.25, 4.5, 5.75, 5], "texture": "#0"},
				"west": {"uv": [5.75, 5.25, 6, 5.75], "texture": "#0"},
				"up": {"uv": [6.25, 1.75, 5.75, 1.5], "texture": "#0"},
				"down": {"uv": [0.75, 6, 0.25, 6.25], "texture": "#0"}
			}
		},
		{
			"from": [6.75, 5.75, 29],
			"to": [8.25, 7.25, 29.5],
			"rotation": {"angle": 0, "axis": "y", "origin": [8.625, 6.5, 10.10227]},
			"faces": {
				"north": {"uv": [0.25, 5.5, 0.75, 6], "texture": "#0"},
				"east": {"uv": [0.75, 6, 1, 6.5], "texture": "#0"},
				"south": {"uv": [0.75, 5.5, 1.25, 6], "texture": "#0"},
				"west": {"uv": [1, 6, 1.25, 6.5], "texture": "#0"},
				"up": {"uv": [2.5, 6.25, 2, 6], "texture": "#0"},
				"down": {"uv": [3.5, 6, 3, 6.25], "texture": "#0"}
			}
		},
		{
			"from": [6.5, 5.5, 23],
			"to": [8.5, 7.5, 26],
			"rotation": {"angle": 0, "axis": "y", "origin": [8.625, 6.5, 10.10227]},
			"faces": {
				"north": {"uv": [2, 5.5, 2.5, 6], "texture": "#0"},
				"east": {"uv": [4.25, 0.5, 5, 1], "texture": "#0"},
				"south": {"uv": [3, 5.5, 3.5, 6], "texture": "#0"},
				"west": {"uv": [4.25, 1, 5, 1.5], "texture": "#0"},
				"up": {"uv": [0.75, 5.5, 0.25, 4.75], "texture": "#0"},
				"down": {"uv": [2.5, 4.75, 2, 5.5], "texture": "#0"}
			}
		},
		{
			"from": [5.5, 6.25, 24],
			"to": [9.5, 6.75, 25],
			"rotation": {"angle": 0, "axis": "y", "origin": [8.625, 6.5, 10.10227]},
			"faces": {
				"north": {"uv": [5.25, 1.75, 6.25, 2], "texture": "#0"},
				"east": {"uv": [6.25, 1.5, 6.5, 1.75], "texture": "#0"},
				"south": {"uv": [5.25, 5, 6.25, 5.25], "texture": "#0"},
				"west": {"uv": [6.25, 1.75, 6.5, 2], "texture": "#0"},
				"up": {"uv": [6.5, 0.75, 5.5, 0.5], "texture": "#0"},
				"down": {"uv": [6.5, 0.75, 5.5, 1], "texture": "#0"}
			}
		},
		{
			"from": [5.5, 6.25, 18],
			"to": [9.5, 6.75, 19],
			"rotation": {"angle": 0, "axis": "y", "origin": [8.625, 6.5, 10.10227]},
			"faces": {
				"north": {"uv": [5.5, 1, 6.5, 1.25], "texture": "#0"},
				"east": {"uv": [6.25, 4.5, 6.5, 4.75], "texture": "#0"},
				"south": {"uv": [5.5, 2, 6.5, 2.25], "texture": "#0"},
				"west": {"uv": [6.25, 4.75, 6.5, 5], "texture": "#0"},
				"up": {"uv": [6.5, 2.5, 5.5, 2.25], "texture": "#0"},
				"down": {"uv": [5.75, 5.75, 4.75, 6], "texture": "#0"}
			}
		},
		{
			"from": [9.5, 6, 17.75],
			"to": [9.75, 7, 19.25],
			"rotation": {"angle": 0, "axis": "y", "origin": [8.625, 6.5, 10.10227]},
			"faces": {
				"north": {"uv": [6.25, 5, 6.5, 5.25], "texture": "#0"},
				"east": {"uv": [3.5, 6, 4, 6.25], "texture": "#0"},
				"south": {"uv": [6.25, 5.75, 6.5, 6], "texture": "#0"},
				"west": {"uv": [4.75, 6, 5.25, 6.25], "texture": "#0"},
				"up": {"uv": [1.5, 6.5, 1.25, 6], "texture": "#0"},
				"down": {"uv": [5.5, 6, 5.25, 6.5], "texture": "#0"}
			}
		},
		{
			"from": [9.5, 6, 23.75],
			"to": [9.75, 7, 25.25],
			"rotation": {"angle": 0, "axis": "y", "origin": [8.625, 6.5, 10.10227]},
			"faces": {
				"north": {"uv": [1.75, 1.5, 2, 1.75], "texture": "#0"},
				"east": {"uv": [4.75, 4.5, 5.25, 4.75], "texture": "#0"},
				"south": {"uv": [4.25, 4, 4.5, 4.25], "texture": "#0"},
				"west": {"uv": [4.75, 5.5, 5.25, 5.75], "texture": "#0"},
				"up": {"uv": [1.5, 6, 1.25, 5.5], "texture": "#0"},
				"down": {"uv": [6, 4, 5.75, 4.5], "texture": "#0"}
			}
		},
		{
			"from": [4.5, 6.25, 23.75],
			"to": [5.5, 6.75, 25.25],
			"rotation": {"angle": 0, "axis": "y", "origin": [8.625, 6.5, 10.10227]},
			"faces": {
				"north": {"uv": [6.25, 6, 6.5, 6.25], "texture": "#0"},
				"east": {"uv": [6, 4, 6.5, 4.25], "texture": "#0"},
				"south": {"uv": [0.75, 6.5, 1, 6.75], "texture": "#0"},
				"west": {"uv": [6, 4.25, 6.5, 4.5], "texture": "#0"},
				"up": {"uv": [5.75, 6.5, 5.5, 6], "texture": "#0"},
				"down": {"uv": [6.25, 4.5, 6, 5], "texture": "#0"}
			}
		},
		{
			"from": [4.5, 6.25, 17.75],
			"to": [5.5, 6.75, 19.25],
			"rotation": {"angle": 0, "axis": "y", "origin": [8.625, 6.5, 10.10227]},
			"faces": {
				"north": {"uv": [1, 6.5, 1.25, 6.75], "texture": "#0"},
				"east": {"uv": [6, 5.25, 6.5, 5.5], "texture": "#0"},
				"south": {"uv": [1.25, 6.5, 1.5, 6.75], "texture": "#0"},
				"west": {"uv": [6, 5.5, 6.5, 5.75], "texture": "#0"},
				"up": {"uv": [0.5, 6.75, 0.25, 6.25], "texture": "#0"},
				"down": {"uv": [0.75, 6.25, 0.5, 6.75], "texture": "#0"}
			}
		},
		{
			"from": [3.5, 6.25, 23.5],
			"to": [4.5, 6.75, 25.5],
			"rotation": {"angle": 0, "axis": "y", "origin": [8.625, 6.5, 10.10227]},
			"faces": {
				"north": {"uv": [2, 6.5, 2.25, 6.75], "texture": "#0"},
				"east": {"uv": [2, 6.25, 2.5, 6.5], "texture": "#0"},
				"south": {"uv": [2.25, 6.5, 2.5, 6.75], "texture": "#0"},
				"west": {"uv": [2.5, 6.25, 3, 6.5], "texture": "#0"},
				"up": {"uv": [3.25, 6.75, 3, 6.25], "texture": "#0"},
				"down": {"uv": [3.5, 6.25, 3.25, 6.75], "texture": "#0"}
			}
		},
		{
			"from": [3.5, 6.25, 17.5],
			"to": [4.5, 6.75, 19.5],
			"rotation": {"angle": 0, "axis": "y", "origin": [8.625, 6.5, 10.10227]},
			"faces": {
				"north": {"uv": [2.5, 6.5, 2.75, 6.75], "texture": "#0"},
				"east": {"uv": [3.5, 6.25, 4, 6.5], "texture": "#0"},
				"south": {"uv": [2.75, 6.5, 3, 6.75], "texture": "#0"},
				"west": {"uv": [4.75, 6.25, 5.25, 6.5], "texture": "#0"},
				"up": {"uv": [6, 6.75, 5.75, 6.25], "texture": "#0"},
				"down": {"uv": [6.25, 6.25, 6, 6.75], "texture": "#0"}
			}
		},
		{
			"from": [3.5, 6.25, 11.75],
			"to": [4.5, 6.75, 12.75],
			"rotation": {"angle": 0, "axis": "y", "origin": [8.625, 6.5, 10.10227]},
			"faces": {
				"north": {"uv": [3.5, 6.5, 3.75, 6.75], "texture": "#0"},
				"east": {"uv": [3.75, 6.5, 4, 6.75], "texture": "#0"},
				"south": {"uv": [4.75, 6.5, 5, 6.75], "texture": "#0"},
				"west": {"uv": [5, 6.5, 5.25, 6.75], "texture": "#0"},
				"up": {"uv": [5.5, 6.75, 5.25, 6.5], "texture": "#0"},
				"down": {"uv": [5.75, 6.5, 5.5, 6.75], "texture": "#0"}
			}
		},
		{
			"from": [3.5, 6.25, 29.25],
			"to": [4.5, 6.75, 30.25],
			"rotation": {"angle": 0, "axis": "y", "origin": [8.625, 6.5, 10.10227]},
			"faces": {
				"north": {"uv": [6.25, 6.5, 6.5, 6.75], "texture": "#0"},
				"east": {"uv": [6.5, 6.5, 6.75, 6.75], "texture": "#0"},
				"south": {"uv": [6.5, 0.5, 6.75, 0.75], "texture": "#0"},
				"west": {"uv": [6.5, 0.75, 6.75, 1], "texture": "#0"},
				"up": {"uv": [6.75, 1.25, 6.5, 1], "texture": "#0"},
				"down": {"uv": [6.75, 1.25, 6.5, 1.5], "texture": "#0"}
			}
		},
		{
			"from": [4.5, 6.25, 12],
			"to": [5.5, 6.75, 12.5],
			"rotation": {"angle": 0, "axis": "y", "origin": [8.625, 6.5, 10.10227]},
			"faces": {
				"north": {"uv": [6.5, 1.5, 6.75, 1.75], "texture": "#0"},
				"east": {"uv": [6.5, 1.75, 6.75, 2], "texture": "#0"},
				"south": {"uv": [6.5, 2, 6.75, 2.25], "texture": "#0"},
				"west": {"uv": [6.5, 2.25, 6.75, 2.5], "texture": "#0"},
				"up": {"uv": [6.75, 4.25, 6.5, 4], "texture": "#0"},
				"down": {"uv": [6.75, 4.25, 6.5, 4.5], "texture": "#0"}
			}
		},
		{
			"from": [4.5, 6.25, 29.5],
			"to": [5.5, 6.75, 30],
			"rotation": {"angle": 0, "axis": "y", "origin": [8.625, 6.5, 10.10227]},
			"faces": {
				"north": {"uv": [6.5, 4.5, 6.75, 4.75], "texture": "#0"},
				"east": {"uv": [6.5, 4.75, 6.75, 5], "texture": "#0"},
				"south": {"uv": [6.5, 5, 6.75, 5.25], "texture": "#0"},
				"west": {"uv": [6.5, 5.25, 6.75, 5.5], "texture": "#0"},
				"up": {"uv": [6.75, 5.75, 6.5, 5.5], "texture": "#0"},
				"down": {"uv": [6.75, 5.75, 6.5, 6], "texture": "#0"}
			}
		},
		{
			"from": [0.5, 6.25, 11.5],
			"to": [3.5, 6.75, 30.5],
			"rotation": {"angle": 0, "axis": "y", "origin": [8.625, 6.5, 10.10227]},
			"faces": {
				"north": {"uv": [0.75, 0.5, 1.5, 0.75], "texture": "#0"},
				"east": {"uv": [3, 2.5, 7.75, 2.75], "texture": "#0"},
				"south": {"uv": [5.75, 1.25, 6.5, 1.5], "texture": "#0"},
				"west": {"uv": [3, 2.75, 7.75, 3], "texture": "#0"},
				"up": {"uv": [0.75, 4.75, 0, 0], "texture": "#0"},
				"down": {"uv": [1.5, 0.75, 0.75, 5.5], "texture": "#0"}
			}
		},
		{
			"from": [-0.5, 6.35, 11.75],
			"to": [0.5, 6.65, 30.25],
			"rotation": {"angle": 0, "axis": "y", "origin": [8.625, 6.5, 10.10227]},
			"faces": {
				"north": {"uv": [6.5, 6, 6.75, 6.25], "texture": "#0"},
				"east": {"uv": [3.5, 3, 8.25, 3.25], "texture": "#0"},
				"south": {"uv": [6.5, 6.25, 6.75, 6.5], "texture": "#0"},
				"west": {"uv": [3.5, 3.25, 8.25, 3.5], "texture": "#0"},
				"up": {"uv": [4.25, 8.75, 4, 4], "texture": "#0"},
				"down": {"uv": [4.5, 4.25, 4.25, 9], "texture": "#0"}
			}
		},
		{
			"from": [-1.5, 6.45, 12],
			"to": [-0.5, 6.55, 30],
			"rotation": {"angle": 0, "axis": "y", "origin": [8.625, 6.5, 10.10227]},
			"faces": {
				"north": {"uv": [0.25, 6.75, 0.5, 7], "texture": "#0"},
				"east": {"uv": [4, 3.5, 8.5, 3.75], "texture": "#0"},
				"south": {"uv": [0.5, 6.75, 0.75, 7], "texture": "#0"},
				"west": {"uv": [4, 3.75, 8.5, 4], "texture": "#0"},
				"up": {"uv": [4.75, 9, 4.5, 4.5], "texture": "#0"},
				"down": {"uv": [0.25, 4.75, 0, 9.25], "texture": "#0"}
			}
		},
		{
			"from": [6.5, 5.5, 17],
			"to": [8.5, 7.5, 20],
			"rotation": {"angle": 0, "axis": "y", "origin": [8.625, 6.5, 10.10227]},
			"faces": {
				"north": {"uv": [2.5, 5.75, 3, 6.25], "texture": "#0"},
				"east": {"uv": [4.5, 1.5, 5.25, 2], "texture": "#0"},
				"south": {"uv": [5.75, 5.75, 6.25, 6.25], "texture": "#0"},
				"west": {"uv": [4.5, 4, 5.25, 4.5], "texture": "#0"},
				"up": {"uv": [5.25, 5.5, 4.75, 4.75], "texture": "#0"},
				"down": {"uv": [5.5, 0.5, 5, 1.25], "texture": "#0"}
			}
		}
	],
	"gui_light": "front",
	"display": {
		"thirdperson_righthand": {
			"rotation": [-90, 1.25, -75.5],
			"translation": [1.75, 8.25, 1.25],
			"scale": [0.85, 0.85, 0.85]
		},
		"thirdperson_lefthand": {
			"rotation": [-90, 1.25, -75.5],
			"translation": [1.75, 8.25, 1.25],
			"scale": [-0.85, 0.85, 0.85]
		},
		"firstperson_righthand": {
			"rotation": [-102, 6, -86],
			"translation": [8.75, -0.75, -1.5]
		},
		"firstperson_lefthand": {
			"rotation": [-102, 6, -86],
			"translation": [8.75, -0.75, -1.5],
			"scale": [-1, 1, 1]
		},
		"ground": {
			"rotation": [-9, 0, 0]
		},
		"gui": {
			"rotation": [-46, -31, -129],
			"translation": [4, -1.25, -2.75],
			"scale": [-0.83, 1.21, 0.6]
		},
		"head": {
			"rotation": [13, 92, 77],
			"translation": [-14, 12, 0]
		},
		"fixed": {
			"rotation": [-90, -45, 0],
			"translation": [2.75, -0.5, -2.75],
			"scale": [0.7, 0.7, 0.7]
		}
	},
	"groups": [
		{
			"name": "acel_bard",
			"origin": [8, 8, 8],
			"children": [0, 1, 2, 3, 4, 5, 6, 7, 8, 9, 10, 11, 12, 13, 14, 15, 16, 17, 18, 19, 20, 21]
		}
	]
}