{
	"credit": "Made with Blockbench",
	"textures": {
		"3": "block/acacia_log",
		"56": "block/black_stained_glass",
		"63": "block/blast_furnace_top",
		"259": "block/gold_block",
		"272": "block/gray_glazed_terracotta",
		"300": "block/horn_coral_block"
	},
	"elements": [
		{
			"from": [7.5, -1.925, 7.5],
			"to": [8.5, -0.675, 8.5],
			"rotation": {"angle": 0, "axis": "y", "origin": [8, -2.175, 8]},
			"faces": {
				"north": {"uv": [0, 0, 16, 16], "texture": "#272"},
				"east": {"uv": [0, 0, 16, 16], "texture": "#272"},
				"south": {"uv": [0, 0, 16, 16], "texture": "#272"},
				"west": {"uv": [0, 0, 16, 16], "texture": "#272"},
				"up": {"uv": [0, 0, 16, 16], "texture": "#272"},
				"down": {"uv": [0, 0, 16, 16], "texture": "#272"}
			}
		},
		{
			"from": [7.5, 9.675, 7.5],
			"to": [8.5, 10.925, 8.5],
			"rotation": {"angle": 0, "axis": "y", "origin": [8, 9.425, 8]},
			"faces": {
				"north": {"uv": [0, 0, 16, 16], "texture": "#272"},
				"east": {"uv": [0, 0, 16, 16], "texture": "#272"},
				"south": {"uv": [0, 0, 16, 16], "texture": "#272"},
				"west": {"uv": [0, 0, 16, 16], "texture": "#272"},
				"up": {"uv": [0, 0, 16, 16], "texture": "#272"},
				"down": {"uv": [0, 0, 16, 16], "texture": "#272"}
			}
		},
		{
			"from": [7.5, 2.475, 7.5],
			"to": [8.5, 3.725, 8.5],
			"rotation": {"angle": 0, "axis": "y", "origin": [8, 2.225, 8]},
			"faces": {
				"north": {"uv": [0, 0, 16, 16], "texture": "#272"},
				"east": {"uv": [0, 0, 16, 16], "texture": "#272"},
				"south": {"uv": [0, 0, 16, 16], "texture": "#272"},
				"west": {"uv": [0, 0, 16, 16], "texture": "#272"},
				"up": {"uv": [0, 0, 16, 16], "texture": "#272"},
				"down": {"uv": [0, 0, 16, 16], "texture": "#272"}
			}
		},
		{
			"from": [7.5, 14.075, 7.5],
			"to": [8.5, 15.325, 8.5],
			"rotation": {"angle": 0, "axis": "y", "origin": [8, 13.825, 8]},
			"faces": {
				"north": {"uv": [0, 0, 16, 16], "texture": "#272"},
				"east": {"uv": [0, 0, 16, 16], "texture": "#272"},
				"south": {"uv": [0, 0, 16, 16], "texture": "#272"},
				"west": {"uv": [0, 0, 16, 16], "texture": "#272"},
				"up": {"uv": [0, 0, 16, 16], "texture": "#272"},
				"down": {"uv": [0, 0, 16, 16], "texture": "#272"}
			}
		},
		{
			"from": [7.8, -2.2, 7.525],
			"to": [8.5, -1.5, 8.475],
			"rotation": {"angle": -45, "axis": "z", "origin": [8, -1.7, 8]},
			"faces": {
				"north": {"uv": [0, 0, 16, 16], "texture": "#272"},
				"east": {"uv": [0, 0, 16, 16], "texture": "#272"},
				"south": {"uv": [0, 0, 16, 16], "texture": "#272"},
				"west": {"uv": [0, 0, 16, 16], "texture": "#272"},
				"up": {"uv": [0, 0, 16, 16], "texture": "#272"},
				"down": {"uv": [0, 0, 16, 16], "texture": "#272"}
			}
		},
		{
			"from": [7.8, 9.4, 7.525],
			"to": [8.5, 10.1, 8.475],
			"rotation": {"angle": -45, "axis": "z", "origin": [8, 9.9, 8]},
			"faces": {
				"north": {"uv": [0, 0, 16, 16], "texture": "#272"},
				"east": {"uv": [0, 0, 16, 16], "texture": "#272"},
				"south": {"uv": [0, 0, 16, 16], "texture": "#272"},
				"west": {"uv": [0, 0, 16, 16], "texture": "#272"},
				"up": {"uv": [0, 0, 16, 16], "texture": "#272"},
				"down": {"uv": [0, 0, 16, 16], "texture": "#272"}
			}
		},
		{
			"from": [7.8, 3.45, 7.525],
			"to": [8.5, 4.15, 8.475],
			"rotation": {"angle": -45, "axis": "z", "origin": [8, 3.95, 8]},
			"faces": {
				"north": {"uv": [0, 0, 16, 16], "texture": "#272"},
				"east": {"uv": [0, 0, 16, 16], "texture": "#272"},
				"south": {"uv": [0, 0, 16, 16], "texture": "#272"},
				"west": {"uv": [0, 0, 16, 16], "texture": "#272"},
				"up": {"uv": [0, 0, 16, 16], "texture": "#272"},
				"down": {"uv": [0, 0, 16, 16], "texture": "#272"}
			}
		},
		{
			"from": [7.8, 15.05, 7.525],
			"to": [8.5, 15.75, 8.475],
			"rotation": {"angle": -45, "axis": "z", "origin": [8, 15.55, 8]},
			"faces": {
				"north": {"uv": [0, 0, 16, 16], "texture": "#272"},
				"east": {"uv": [0, 0, 16, 16], "texture": "#272"},
				"south": {"uv": [0, 0, 16, 16], "texture": "#272"},
				"west": {"uv": [0, 0, 16, 16], "texture": "#272"},
				"up": {"uv": [0, 0, 16, 16], "texture": "#272"},
				"down": {"uv": [0, 0, 16, 16], "texture": "#272"}
			}
		},
		{
			"from": [7.6, -3.925, 7.6],
			"to": [8.4, -1.925, 8.4],
			"rotation": {"angle": 0, "axis": "y", "origin": [8, -3.425, 8]},
			"faces": {
				"north": {"uv": [0, 0, 16, 16], "texture": "#3"},
				"east": {"uv": [0, 0, 16, 16], "texture": "#3"},
				"south": {"uv": [0, 0, 16, 16], "texture": "#3"},
				"west": {"uv": [0, 0, 16, 16], "texture": "#3"},
				"up": {"uv": [0, 0, 16, 16], "texture": "#3"},
				"down": {"uv": [0, 0, 16, 16], "texture": "#3"}
			}
		},
		{
			"from": [7.6, 3.725, 7.6],
			"to": [8.4, 5.725, 8.4],
			"rotation": {"angle": 0, "axis": "y", "origin": [8, 4.225, 8]},
			"faces": {
				"north": {"uv": [0, 0, 16, 16], "texture": "#3"},
				"east": {"uv": [0, 0, 16, 16], "texture": "#3"},
				"south": {"uv": [0, 0, 16, 16], "texture": "#3"},
				"west": {"uv": [0, 0, 16, 16], "texture": "#3"},
				"up": {"uv": [0, 0, 16, 16], "texture": "#3"},
				"down": {"uv": [0, 0, 16, 16], "texture": "#3"}
			}
		},
		{
			"from": [7.6, 7.625, 7.6],
			"to": [8.4, 9.625, 8.4],
			"rotation": {"angle": 0, "axis": "y", "origin": [8, 8.125, 8]},
			"faces": {
				"north": {"uv": [0, 0, 16, 16], "texture": "#3"},
				"east": {"uv": [0, 0, 16, 16], "texture": "#3"},
				"south": {"uv": [0, 0, 16, 16], "texture": "#3"},
				"west": {"uv": [0, 0, 16, 16], "texture": "#3"},
				"up": {"uv": [0, 0, 16, 16], "texture": "#3"},
				"down": {"uv": [0, 0, 16, 16], "texture": "#3"}
			}
		},
		{
			"from": [7.6, 15.325, 7.6],
			"to": [8.4, 17.325, 8.4],
			"rotation": {"angle": 0, "axis": "y", "origin": [8, 15.825, 8]},
			"faces": {
				"north": {"uv": [0, 0, 16, 16], "texture": "#300"},
				"east": {"uv": [0, 0, 16, 16], "texture": "#300"},
				"south": {"uv": [0, 0, 16, 16], "texture": "#300"},
				"west": {"uv": [0, 0, 16, 16], "texture": "#300"},
				"up": {"uv": [0, 0, 16, 16], "texture": "#300"},
				"down": {"uv": [0, 0, 16, 16], "texture": "#300"}
			}
		},
		{
			"from": [7.7, 17.35, 7.7],
			"to": [8.3, 19.35, 8.3],
			"rotation": {"angle": 0, "axis": "y", "origin": [8, 17.85, 8]},
			"faces": {
				"north": {"uv": [0, 0, 16, 16], "texture": "#300"},
				"east": {"uv": [0, 0, 16, 16], "texture": "#300"},
				"south": {"uv": [0, 0, 16, 16], "texture": "#300"},
				"west": {"uv": [0, 0, 16, 16], "texture": "#300"},
				"up": {"uv": [0, 0, 16, 16], "texture": "#300"},
				"down": {"uv": [0, 0, 16, 16], "texture": "#300"}
			}
		},
		{
			"from": [7.8, 19.275, 7.8],
			"to": [8.2, 21.275, 8.2],
			"rotation": {"angle": 0, "axis": "y", "origin": [8, 19.875, 8]},
			"faces": {
				"north": {"uv": [0, 0, 16, 16], "texture": "#300"},
				"east": {"uv": [0, 0, 16, 16], "texture": "#300"},
				"south": {"uv": [0, 0, 16, 16], "texture": "#300"},
				"west": {"uv": [0, 0, 16, 16], "texture": "#300"},
				"up": {"uv": [0, 0, 16, 16], "texture": "#300"},
				"down": {"uv": [0, 0, 16, 16], "texture": "#300"}
			}
		},
		{
			"from": [7.9, 21.275, 7.9],
			"to": [8.1, 23.275, 8.1],
			"rotation": {"angle": 0, "axis": "y", "origin": [8, 21.875, 8]},
			"faces": {
				"north": {"uv": [0, 0, 16, 16], "texture": "#300"},
				"east": {"uv": [0, 0, 16, 16], "texture": "#300"},
				"south": {"uv": [0, 0, 16, 16], "texture": "#300"},
				"west": {"uv": [0, 0, 16, 16], "texture": "#300"},
				"up": {"uv": [0, 0, 16, 16], "texture": "#300"},
				"down": {"uv": [0, 0, 16, 16], "texture": "#300"}
			}
		},
		{
			"from": [7.9, 23.2, 7.925],
			"to": [8.025, 23.325, 8.075],
			"rotation": {"angle": -45, "axis": "z", "origin": [8, 23.225, 8]},
			"faces": {
				"north": {"uv": [0, 0, 16, 16], "texture": "#300"},
				"east": {"uv": [0, 0, 16, 16], "texture": "#300"},
				"south": {"uv": [0, 0, 16, 16], "texture": "#300"},
				"west": {"uv": [0, 0, 16, 16], "texture": "#300"},
				"up": {"uv": [0, 0, 16, 16], "texture": "#300"},
				"down": {"uv": [0, 0, 16, 16], "texture": "#300"}
			}
		},
		{
			"from": [8.8, 25.025, 7.925],
			"to": [8.95, 25.175, 8.075],
			"rotation": {"angle": 22.5, "axis": "z", "origin": [8.825, 25.075, 8]},
			"faces": {
				"north": {"uv": [0, 0, 16, 16], "rotation": 270, "texture": "#300"},
				"east": {"uv": [0, 0, 16, 16], "rotation": 270, "texture": "#300"},
				"south": {"uv": [0, 0, 16, 16], "rotation": 270, "texture": "#300"},
				"west": {"uv": [0, 0, 16, 16], "rotation": 270, "texture": "#300"},
				"up": {"uv": [0, 0, 16, 16], "rotation": 270, "texture": "#300"},
				"down": {"uv": [0, 0, 16, 16], "rotation": 270, "texture": "#300"}
			}
		},
		{
			"from": [9.68663, 23.46723, 7.925],
			"to": [9.83663, 23.61723, 8.075],
			"rotation": {"angle": 0, "axis": "z", "origin": [9.76163, 23.54223, 8]},
			"faces": {
				"north": {"uv": [0, 0, 16, 16], "rotation": 270, "texture": "#300"},
				"east": {"uv": [0, 0, 16, 16], "rotation": 270, "texture": "#300"},
				"south": {"uv": [0, 0, 16, 16], "rotation": 270, "texture": "#300"},
				"west": {"uv": [0, 0, 16, 16], "rotation": 270, "texture": "#300"},
				"up": {"uv": [0, 0, 16, 16], "rotation": 270, "texture": "#300"},
				"down": {"uv": [0, 0, 16, 16], "rotation": 270, "texture": "#300"}
			}
		},
		{
			"from": [9.81163, 21.79223, 7.9],
			"to": [9.96163, 21.94223, 8.1],
			"rotation": {"angle": 0, "axis": "z", "origin": [9.88663, 21.86723, 8]},
			"faces": {
				"north": {"uv": [0, 0, 16, 16], "rotation": 270, "texture": "#300"},
				"east": {"uv": [0, 0, 16, 16], "rotation": 270, "texture": "#300"},
				"south": {"uv": [0, 0, 16, 16], "rotation": 270, "texture": "#300"},
				"west": {"uv": [0, 0, 16, 16], "rotation": 270, "texture": "#300"},
				"up": {"uv": [0, 0, 16, 16], "rotation": 270, "texture": "#300"},
				"down": {"uv": [0, 0, 16, 16], "rotation": 270, "texture": "#300"}
			}
		},
		{
			"from": [8.425, 19.9, 7.9],
			"to": [8.625, 22.425, 8.1],
			"rotation": {"angle": -45, "axis": "z", "origin": [8.525, 20.5, 8]},
			"faces": {
				"north": {"uv": [0, 0, 16, 16], "texture": "#300"},
				"east": {"uv": [0, 0, 16, 16], "texture": "#300"},
				"south": {"uv": [0, 0, 16, 16], "texture": "#300"},
				"west": {"uv": [0, 0, 16, 16], "texture": "#300"},
				"up": {"uv": [0, 0, 16, 16], "texture": "#300"},
				"down": {"uv": [0, 0, 16, 16], "texture": "#300"}
			}
		},
		{
			"from": [8.425, 21.6, 7.925],
			"to": [8.625, 24.05, 8.075],
			"rotation": {"angle": -45, "axis": "z", "origin": [8.525, 22.3, 8]},
			"faces": {
				"north": {"uv": [0, 0, 16, 16], "texture": "#300"},
				"east": {"uv": [0, 0, 16, 16], "texture": "#300"},
				"south": {"uv": [0, 0, 16, 16], "texture": "#300"},
				"west": {"uv": [0, 0, 16, 16], "texture": "#300"},
				"up": {"uv": [0, 0, 16, 16], "texture": "#300"},
				"down": {"uv": [0, 0, 16, 16], "texture": "#300"}
			}
		},
		{
			"from": [8.1, 23.075, 7.925],
			"to": [8.3, 25.25, 8.075],
			"rotation": {"angle": -22.5, "axis": "z", "origin": [8.2, 23.55, 8]},
			"faces": {
				"north": {"uv": [0, 0, 16, 16], "texture": "#300"},
				"east": {"uv": [0, 0, 16, 16], "texture": "#300"},
				"south": {"uv": [0, 0, 16, 16], "texture": "#300"},
				"west": {"uv": [0, 0, 16, 16], "texture": "#300"},
				"up": {"uv": [0, 0, 16, 16], "texture": "#300"},
				"down": {"uv": [0, 0, 16, 16], "texture": "#300"}
			}
		},
		{
			"from": [9.375, 19.5, 7.9],
			"to": [10.175, 21.5, 8.1],
			"rotation": {"angle": -22.5, "axis": "z", "origin": [9.775, 20.5, 8]},
			"faces": {
				"north": {"uv": [0, 2, 15, 14], "texture": "#63"},
				"east": {"uv": [0, 2, 1, 14], "texture": "#63"},
				"south": {"uv": [1, 2, 16, 14], "texture": "#63"},
				"west": {"uv": [0, 2, 15, 14], "texture": "#63"},
				"up": {"uv": [0, 2, 1, 14], "texture": "#63"},
				"down": {"uv": [0, 2, 15, 14], "texture": "#63"}
			}
		},
		{
			"from": [9.975, 19.4, 7.925],
			"to": [10.425, 21.5, 8.075],
			"rotation": {"angle": -22.5, "axis": "z", "origin": [9.775, 20.5, 8]},
			"faces": {
				"north": {"uv": [0, 0, 16, 16], "texture": "#56"},
				"east": {"uv": [0, 0, 16, 16], "texture": "#56"},
				"south": {"uv": [0, 0, 16, 16], "texture": "#56"},
				"west": {"uv": [0, 0, 16, 16], "texture": "#56"},
				"up": {"uv": [0, 0, 16, 16], "texture": "#56"},
				"down": {"uv": [0, 0, 16, 16], "texture": "#56"}
			}
		},
		{
			"from": [9.375, 23.05, 7.95],
			"to": [10.175, 25.05, 8.05],
			"rotation": {"angle": 22.5, "axis": "z", "origin": [9.775, 24.05, 8]},
			"faces": {
				"north": {"uv": [0, 2, 15, 14], "texture": "#63"},
				"east": {"uv": [0, 2, 1, 14], "texture": "#63"},
				"south": {"uv": [1, 2, 16, 14], "texture": "#63"},
				"west": {"uv": [0, 2, 15, 14], "texture": "#63"},
				"up": {"uv": [0, 2, 1, 14], "texture": "#63"},
				"down": {"uv": [0, 2, 15, 14], "texture": "#63"}
			}
		},
		{
			"from": [9.875, 23.05, 7.975],
			"to": [10.425, 25.05, 8.025],
			"rotation": {"angle": 22.5, "axis": "z", "origin": [9.775, 24.05, 8]},
			"faces": {
				"north": {"uv": [0, 0, 16, 16], "texture": "#56"},
				"east": {"uv": [0, 0, 16, 16], "texture": "#56"},
				"south": {"uv": [0, 0, 16, 16], "texture": "#56"},
				"west": {"uv": [0, 0, 16, 16], "texture": "#56"},
				"up": {"uv": [0, 0, 16, 16], "texture": "#56"},
				"down": {"uv": [0, 0, 16, 16], "texture": "#56"}
			}
		},
		{
			"from": [9.725, 21.275, 7.925],
			"to": [10.525, 23.275, 8.075],
			"rotation": {"angle": 0, "axis": "z", "origin": [10.125, 22.275, 8]},
			"faces": {
				"north": {"uv": [0, 2, 15, 14], "texture": "#63"},
				"east": {"uv": [0, 2, 1, 14], "texture": "#63"},
				"south": {"uv": [1, 2, 16, 14], "texture": "#63"},
				"west": {"uv": [0, 2, 15, 14], "texture": "#63"},
				"up": {"uv": [0, 2, 1, 14], "texture": "#63"},
				"down": {"uv": [0, 2, 15, 14], "texture": "#63"}
			}
		},
		{
			"from": [10.225, 21.175, 7.95],
			"to": [10.75, 23.375, 8.05],
			"rotation": {"angle": 0, "axis": "z", "origin": [10.125, 22.275, 8]},
			"faces": {
				"north": {"uv": [0, 0, 16, 16], "texture": "#56"},
				"east": {"uv": [0, 0, 16, 16], "texture": "#56"},
				"south": {"uv": [0, 0, 16, 16], "texture": "#56"},
				"west": {"uv": [0, 0, 16, 16], "texture": "#56"},
				"up": {"uv": [0, 0, 16, 16], "texture": "#56"},
				"down": {"uv": [0, 0, 16, 16], "texture": "#56"}
			}
		},
		{
			"from": [7.675, 18.6, 7.875],
			"to": [9.775, 19.4, 8.125],
			"rotation": {"angle": 45, "axis": "z", "origin": [8.775, 19, 8]},
			"faces": {
				"north": {"uv": [0, 2, 15, 14], "rotation": 90, "texture": "#63"},
				"east": {"uv": [0, 2, 15, 14], "rotation": 90, "texture": "#63"},
				"south": {"uv": [1, 2, 16, 14], "rotation": 90, "texture": "#63"},
				"west": {"uv": [0, 2, 15, 14], "rotation": 90, "texture": "#63"},
				"up": {"uv": [0, 2, 1, 14], "rotation": 90, "texture": "#63"},
				"down": {"uv": [0, 2, 1, 14], "rotation": 90, "texture": "#63"}
			}
		},
		{
			"from": [7.45, 18.35, 7.9],
			"to": [9.775, 18.65, 8.1],
			"rotation": {"angle": 45, "axis": "z", "origin": [8.775, 19, 8]},
			"faces": {
				"north": {"uv": [0, 0, 16, 16], "rotation": 90, "texture": "#56"},
				"east": {"uv": [0, 0, 16, 16], "rotation": 90, "texture": "#56"},
				"south": {"uv": [0, 0, 16, 16], "rotation": 90, "texture": "#56"},
				"west": {"uv": [0, 0, 16, 16], "rotation": 90, "texture": "#56"},
				"up": {"uv": [0, 0, 16, 16], "rotation": 90, "texture": "#56"},
				"down": {"uv": [0, 0, 16, 16], "rotation": 90, "texture": "#56"}
			}
		},
		{
			"from": [8.375, 24.55, 7.975],
			"to": [9.175, 26.55, 8.025],
			"rotation": {"angle": 45, "axis": "z", "origin": [8.775, 25.55, 8]},
			"faces": {
				"north": {"uv": [0, 2, 15, 14], "texture": "#63"},
				"east": {"uv": [0, 2, 1, 14], "texture": "#63"},
				"south": {"uv": [1, 2, 16, 14], "texture": "#63"},
				"west": {"uv": [0, 2, 15, 14], "texture": "#63"},
				"up": {"uv": [0, 2, 1, 14], "texture": "#63"},
				"down": {"uv": [0, 2, 15, 14], "texture": "#63"}
			}
		},
		{
			"from": [8.975, 24.45, 8],
			"to": [9.425, 26.55, 8],
			"rotation": {"angle": 45, "axis": "z", "origin": [8.775, 25.55, 8]},
			"faces": {
				"north": {"uv": [0, 0, 16, 16], "texture": "#56"},
				"east": {"uv": [0, 0, 16, 16], "texture": "#56"},
				"south": {"uv": [0, 0, 16, 16], "texture": "#56"},
				"west": {"uv": [0, 0, 16, 16], "texture": "#56"},
				"up": {"uv": [0, 0, 16, 16], "texture": "#56"},
				"down": {"uv": [0, 0, 16, 16], "texture": "#56"}
			}
		},
		{
			"from": [7.77574, 25.97426, 7.975],
			"to": [8.35074, 26.54926, 8.025],
			"rotation": {"angle": 0, "axis": "z", "origin": [8.20074, 26.14926, 8]},
			"faces": {
				"north": {"uv": [0, 2, 15, 14], "texture": "#63"},
				"east": {"uv": [0, 2, 15, 14], "texture": "#63"},
				"south": {"uv": [1, 2, 16, 14], "texture": "#63"},
				"west": {"uv": [0, 2, 15, 14], "texture": "#63"},
				"up": {"uv": [0, 2, 1, 14], "texture": "#63"},
				"down": {"uv": [0, 2, 15, 14], "texture": "#63"}
			}
		},
		{
			"from": [7.82574, 26.47426, 8],
			"to": [8.52574, 26.72426, 8],
			"rotation": {"angle": 0, "axis": "z", "origin": [8.20074, 26.14926, 8]},
			"faces": {
				"north": {"uv": [0, 0, 16, 16], "texture": "#56"},
				"east": {"uv": [0, 0, 16, 16], "texture": "#56"},
				"south": {"uv": [0, 0, 16, 16], "texture": "#56"},
				"west": {"uv": [0, 0, 16, 16], "texture": "#56"},
				"up": {"uv": [0, 0, 16, 16], "texture": "#56"},
				"down": {"uv": [0, 0, 16, 16], "texture": "#56"}
			}
		},
		{
			"from": [7.6, 6.525, 7.6],
			"to": [8.4, 6.825, 8.4],
			"rotation": {"angle": 0, "axis": "y", "origin": [8, 6.175, 8]},
			"faces": {
				"north": {"uv": [0, 0, 16, 16], "texture": "#259"},
				"east": {"uv": [0, 0, 16, 16], "texture": "#259"},
				"south": {"uv": [0, 0, 16, 16], "texture": "#259"},
				"west": {"uv": [0, 0, 16, 16], "texture": "#259"},
				"up": {"uv": [0, 0, 16, 16], "texture": "#259"},
				"down": {"uv": [0, 0, 16, 16], "texture": "#259"}
			}
		},
		{
			"from": [7.7, 5.725, 7.7],
			"to": [8.3, 7.725, 8.3],
			"rotation": {"angle": 0, "axis": "y", "origin": [8, 6.225, 8]},
			"faces": {
				"north": {"uv": [0, 0, 16, 16], "texture": "#3"},
				"east": {"uv": [0, 0, 16, 16], "texture": "#3"},
				"south": {"uv": [0, 0, 16, 16], "texture": "#3"},
				"west": {"uv": [0, 0, 16, 16], "texture": "#3"},
				"up": {"uv": [0, 0, 16, 16], "texture": "#3"},
				"down": {"uv": [0, 0, 16, 16], "texture": "#3"}
			}
		},
		{
			"from": [7.7, -5.925, 7.7],
			"to": [8.3, -3.925, 8.3],
			"rotation": {"angle": 0, "axis": "y", "origin": [8, -5.425, 8]},
			"faces": {
				"north": {"uv": [0, 0, 16, 16], "texture": "#3"},
				"east": {"uv": [0, 0, 16, 16], "texture": "#3"},
				"south": {"uv": [0, 0, 16, 16], "texture": "#3"},
				"west": {"uv": [0, 0, 16, 16], "texture": "#3"},
				"up": {"uv": [0, 0, 16, 16], "texture": "#3"},
				"down": {"uv": [0, 0, 16, 16], "texture": "#3"}
			}
		},
		{
			"from": [7.8, -7.925, 7.8],
			"to": [8.2, -5.925, 8.2],
			"rotation": {"angle": 0, "axis": "y", "origin": [8, -7.425, 8]},
			"faces": {
				"north": {"uv": [0, 0, 16, 16], "texture": "#3"},
				"east": {"uv": [0, 0, 16, 16], "texture": "#3"},
				"south": {"uv": [0, 0, 16, 16], "texture": "#3"},
				"west": {"uv": [0, 0, 16, 16], "texture": "#3"},
				"up": {"uv": [0, 0, 16, 16], "texture": "#3"},
				"down": {"uv": [0, 0, 16, 16], "texture": "#3"}
			}
		},
		{
			"from": [8.3, -0.7, 7.5],
			"to": [8.5, 2.5, 7.7],
			"faces": {
				"north": {"uv": [0, 0, 16, 16], "texture": "#272"},
				"east": {"uv": [0, 0, 16, 16], "texture": "#272"},
				"south": {"uv": [0, 0, 16, 16], "texture": "#272"},
				"west": {"uv": [0, 0, 16, 16], "texture": "#272"},
				"up": {"uv": [0, 0, 16, 16], "texture": "#272"},
				"down": {"uv": [0, 0, 16, 16], "texture": "#272"}
			}
		},
		{
			"from": [8.3, 10.9, 7.5],
			"to": [8.5, 14.1, 7.7],
			"rotation": {"angle": 0, "axis": "y", "origin": [8, 19.6, 8]},
			"faces": {
				"north": {"uv": [0, 0, 16, 16], "texture": "#272"},
				"east": {"uv": [0, 0, 16, 16], "texture": "#272"},
				"south": {"uv": [0, 0, 16, 16], "texture": "#272"},
				"west": {"uv": [0, 0, 16, 16], "texture": "#272"},
				"up": {"uv": [0, 0, 16, 16], "texture": "#272"},
				"down": {"uv": [0, 0, 16, 16], "texture": "#272"}
			}
		},
		{
			"from": [7.5, -0.7, 8.3],
			"to": [7.7, 2.5, 8.5],
			"rotation": {"angle": 0, "axis": "y", "origin": [7.2, 8, 8.8]},
			"faces": {
				"north": {"uv": [0, 0, 16, 16], "texture": "#272"},
				"east": {"uv": [0, 0, 16, 16], "texture": "#272"},
				"south": {"uv": [0, 0, 16, 16], "texture": "#272"},
				"west": {"uv": [0, 0, 16, 16], "texture": "#272"},
				"up": {"uv": [0, 0, 16, 16], "texture": "#272"},
				"down": {"uv": [0, 0, 16, 16], "texture": "#272"}
			}
		},
		{
			"from": [7.5, 10.9, 8.3],
			"to": [7.7, 14.1, 8.5],
			"rotation": {"angle": 0, "axis": "y", "origin": [7.2, 19.6, 8.8]},
			"faces": {
				"north": {"uv": [0, 0, 16, 16], "texture": "#272"},
				"east": {"uv": [0, 0, 16, 16], "texture": "#272"},
				"south": {"uv": [0, 0, 16, 16], "texture": "#272"},
				"west": {"uv": [0, 0, 16, 16], "texture": "#272"},
				"up": {"uv": [0, 0, 16, 16], "texture": "#272"},
				"down": {"uv": [0, 0, 16, 16], "texture": "#272"}
			}
		},
		{
			"from": [8.3, -0.7, 8.3],
			"to": [8.5, 2.5, 8.5],
			"rotation": {"angle": 0, "axis": "y", "origin": [8, 8, 8.8]},
			"faces": {
				"north": {"uv": [0, 0, 16, 16], "texture": "#272"},
				"east": {"uv": [0, 0, 16, 16], "texture": "#272"},
				"south": {"uv": [0, 0, 16, 16], "texture": "#272"},
				"west": {"uv": [0, 0, 16, 16], "texture": "#272"},
				"up": {"uv": [0, 0, 16, 16], "texture": "#272"},
				"down": {"uv": [0, 0, 16, 16], "texture": "#272"}
			}
		},
		{
			"from": [8.3, 10.9, 8.3],
			"to": [8.5, 14.1, 8.5],
			"rotation": {"angle": 0, "axis": "y", "origin": [8, 19.6, 8.8]},
			"faces": {
				"north": {"uv": [0, 0, 16, 16], "texture": "#272"},
				"east": {"uv": [0, 0, 16, 16], "texture": "#272"},
				"south": {"uv": [0, 0, 16, 16], "texture": "#272"},
				"west": {"uv": [0, 0, 16, 16], "texture": "#272"},
				"up": {"uv": [0, 0, 16, 16], "texture": "#272"},
				"down": {"uv": [0, 0, 16, 16], "texture": "#272"}
			}
		},
		{
			"from": [7.5, -0.7, 7.5],
			"to": [7.7, 2.5, 7.7],
			"rotation": {"angle": 0, "axis": "y", "origin": [7.2, 8, 8]},
			"faces": {
				"north": {"uv": [0, 0, 16, 16], "texture": "#272"},
				"east": {"uv": [0, 0, 16, 16], "texture": "#272"},
				"south": {"uv": [0, 0, 16, 16], "texture": "#272"},
				"west": {"uv": [0, 0, 16, 16], "texture": "#272"},
				"up": {"uv": [0, 0, 16, 16], "texture": "#272"},
				"down": {"uv": [0, 0, 16, 16], "texture": "#272"}
			}
		},
		{
			"from": [7.5, 10.9, 7.5],
			"to": [7.7, 14.1, 7.7],
			"rotation": {"angle": 0, "axis": "y", "origin": [7.2, 19.6, 8]},
			"faces": {
				"north": {"uv": [0, 0, 16, 16], "texture": "#272"},
				"east": {"uv": [0, 0, 16, 16], "texture": "#272"},
				"south": {"uv": [0, 0, 16, 16], "texture": "#272"},
				"west": {"uv": [0, 0, 16, 16], "texture": "#272"},
				"up": {"uv": [0, 0, 16, 16], "texture": "#272"},
				"down": {"uv": [0, 0, 16, 16], "texture": "#272"}
			}
		}
	],
	"gui_light": "front",
	"display": {
		"thirdperson_righthand": {
			"rotation": [17.25, 135, -3],
			"translation": [0, -0.75, 0.25]
		},
		"thirdperson_lefthand": {
			"rotation": [0, 298, 0]
		},
		"firstperson_righthand": {
			"rotation": [0, 86.75, 0]
		},
		"firstperson_lefthand": {
			"rotation": [0, -87.5, 0]
		},
		"ground": {
			"translation": [0, 14.25, 0]
		},
		"gui": {
			"rotation": [-180, -17, 137],
			"translation": [1.25, -0.5, 0],
			"scale": [1.99, 0.58, 4]
		}
	}
}