{
	"credit": "Made with Blockbench",
	"textures": {
		"29": "block/barrel_side",
		"166": "block/composter_side",
		"246": "block/dispenser_front",
		"barrel_top": "block/oak_log",
		"anvil": "block/anvil",
		"particle": "block/acacia_door_bottom"
	},
	"elements": [
		{
			"from": [8.075, 0.25, 5.625],
			"to": [8.875, 6.25, 6.375],
			"rotation": {"angle": 0, "axis": "y", "origin": [8.1, 20, 6]},
			"faces": {
				"north": {"uv": [0, 0, 16, 16], "texture": "#barrel_top"},
				"east": {"uv": [0, 0, 16, 16], "texture": "#barrel_top"},
				"south": {"uv": [0, 0, 16, 16], "texture": "#barrel_top"},
				"west": {"uv": [0, 0, 16, 16], "texture": "#barrel_top"},
				"up": {"uv": [0, 0, 16, 16], "texture": "#barrel_top"},
				"down": {"uv": [0, 0, 16, 16], "texture": "#barrel_top"}
			}
		},
		{
			"from": [7.95, 5, 5.6],
			"to": [9, 5.75, 6.425],
			"rotation": {"angle": 0, "axis": "y", "origin": [8.1, 20, 6]},
			"faces": {
				"north": {"uv": [0, 0, 16, 16], "texture": "#166"},
				"east": {"uv": [0, 0, 16, 16], "texture": "#166"},
				"south": {"uv": [0, 0, 16, 16], "texture": "#166"},
				"west": {"uv": [0, 0, 16, 16], "texture": "#166"},
				"up": {"uv": [0, 0, 16, 16], "texture": "#166"},
				"down": {"uv": [0, 0, 16, 16], "texture": "#166"}
			}
		},
		{
			"from": [7.95, 4, 5.6],
			"to": [9, 4.75, 6.425],
			"rotation": {"angle": 0, "axis": "y", "origin": [8.1, 19, 6]},
			"faces": {
				"north": {"uv": [0, 0, 16, 16], "texture": "#166"},
				"east": {"uv": [0, 0, 16, 16], "texture": "#166"},
				"south": {"uv": [0, 0, 16, 16], "texture": "#166"},
				"west": {"uv": [0, 0, 16, 16], "texture": "#166"},
				"up": {"uv": [0, 0, 16, 16], "texture": "#166"},
				"down": {"uv": [0, 0, 16, 16], "texture": "#166"}
			}
		},
		{
			"from": [7.95, 3, 5.6],
			"to": [9, 3.75, 6.425],
			"rotation": {"angle": 0, "axis": "y", "origin": [8.1, 18, 6]},
			"faces": {
				"north": {"uv": [0, 0, 16, 16], "texture": "#166"},
				"east": {"uv": [0, 0, 16, 16], "texture": "#166"},
				"south": {"uv": [0, 0, 16, 16], "texture": "#166"},
				"west": {"uv": [0, 0, 16, 16], "texture": "#166"},
				"up": {"uv": [0, 0, 16, 16], "texture": "#166"},
				"down": {"uv": [0, 0, 16, 16], "texture": "#166"}
			}
		},
		{
			"from": [7.95, 2, 5.6],
			"to": [9, 2.75, 6.425],
			"rotation": {"angle": 0, "axis": "y", "origin": [8.1, 17, 6]},
			"faces": {
				"north": {"uv": [0, 0, 16, 16], "texture": "#166"},
				"east": {"uv": [0, 0, 16, 16], "texture": "#166"},
				"south": {"uv": [0, 0, 16, 16], "texture": "#166"},
				"west": {"uv": [0, 0, 16, 16], "texture": "#166"},
				"up": {"uv": [0, 0, 16, 16], "texture": "#166"},
				"down": {"uv": [0, 0, 16, 16], "texture": "#166"}
			}
		},
		{
			"from": [7.95, 1, 5.6],
			"to": [9, 1.75, 6.425],
			"rotation": {"angle": 0, "axis": "y", "origin": [8.1, 16, 6]},
			"faces": {
				"north": {"uv": [0, 0, 16, 16], "texture": "#166"},
				"east": {"uv": [0, 0, 16, 16], "texture": "#166"},
				"south": {"uv": [0, 0, 16, 16], "texture": "#166"},
				"west": {"uv": [0, 0, 16, 16], "texture": "#166"},
				"up": {"uv": [0, 0, 16, 16], "texture": "#166"},
				"down": {"uv": [0, 0, 16, 16], "texture": "#166"}
			}
		},
		{
			"from": [7.95, 0, 5.6],
			"to": [9, 0.75, 6.425],
			"rotation": {"angle": 0, "axis": "y", "origin": [8.1, 15, 6]},
			"faces": {
				"north": {"uv": [0, 0, 16, 16], "texture": "#166"},
				"east": {"uv": [0, 0, 16, 16], "texture": "#166"},
				"south": {"uv": [0, 0, 16, 16], "texture": "#166"},
				"west": {"uv": [0, 0, 16, 16], "texture": "#166"},
				"up": {"uv": [0, 0, 16, 16], "texture": "#166"},
				"down": {"uv": [0, 0, 16, 16], "texture": "#166"}
			}
		},
		{
			"from": [6.375, 6.25, 5.375],
			"to": [10.375, 7.25, 6.625],
			"rotation": {"angle": 0, "axis": "y", "origin": [8, 20, 6]},
			"faces": {
				"north": {"uv": [0, 1, 11, 7], "texture": "#barrel_top"},
				"east": {"uv": [0, 0, 9, 8], "texture": "#barrel_top"},
				"south": {"uv": [0, 0, 16, 16], "texture": "#barrel_top"},
				"west": {"uv": [0, 0, 9, 8], "texture": "#barrel_top"},
				"up": {"uv": [0, 0, 9, 8], "texture": "#barrel_top"},
				"down": {"uv": [0, 0, 9, 8], "texture": "#barrel_top"}
			}
		},
		{
			"from": [9.125, 6.5, 5.625],
			"to": [11.375, 7, 6.375],
			"rotation": {"angle": 0, "axis": "y", "origin": [11.25, 20, 6]},
			"faces": {
				"north": {"uv": [0, 0, 9, 8], "texture": "#barrel_top"},
				"east": {"uv": [0, 0, 9, 8], "texture": "#barrel_top"},
				"south": {"uv": [0, 0, 9, 8], "texture": "#barrel_top"},
				"west": {"uv": [0, 0, 9, 8], "texture": "#barrel_top"},
				"up": {"uv": [0, 0, 9, 8], "texture": "#barrel_top"},
				"down": {"uv": [0, 0, 9, 8], "texture": "#barrel_top"}
			}
		},
		{
			"from": [5.425, 6.5, 5.625],
			"to": [7.675, 7, 6.375],
			"rotation": {"angle": 0, "axis": "y", "origin": [5.55, 20, 6]},
			"faces": {
				"north": {"uv": [0, 0, 9, 8], "texture": "#barrel_top"},
				"east": {"uv": [0, 0, 9, 8], "texture": "#barrel_top"},
				"south": {"uv": [0, 0, 9, 8], "texture": "#barrel_top"},
				"west": {"uv": [0, 0, 9, 8], "texture": "#barrel_top"},
				"up": {"uv": [0, 0, 9, 8], "texture": "#barrel_top"},
				"down": {"uv": [0, 0, 9, 8], "texture": "#barrel_top"}
			}
		},
		{
			"from": [11.375, 6, 5.525],
			"to": [11.875, 7.5, 6.475],
			"rotation": {"angle": 0, "axis": "y", "origin": [13.5, 20, 6]},
			"faces": {
				"north": {"uv": [0, 0, 6, 15.25], "texture": "#29"},
				"east": {"uv": [0, 0, 6, 15.25], "texture": "#29"},
				"south": {"uv": [0, 0, 6, 15.25], "texture": "#29"},
				"west": {"uv": [0, 0, 6, 15.25], "texture": "#29"},
				"up": {"uv": [0, 0, 6, 15.25], "texture": "#29"},
				"down": {"uv": [0, 0, 6, 15.25], "texture": "#29"}
			}
		},
		{
			"from": [4.925, 6, 5.525],
			"to": [5.425, 7.5, 6.475],
			"rotation": {"angle": 0, "axis": "y", "origin": [3.3, 20, 6]},
			"faces": {
				"north": {"uv": [6, 0, 0, 15.25], "texture": "#29"},
				"east": {"uv": [6, 0, 0, 15.25], "texture": "#29"},
				"south": {"uv": [6, 0, 0, 15.25], "texture": "#29"},
				"west": {"uv": [6, 0, 0, 15.25], "texture": "#29"},
				"up": {"uv": [6, 0, 0, 15.25], "texture": "#29"},
				"down": {"uv": [6, 0, 0, 15.25], "texture": "#29"}
			}
		},
		{
			"from": [11.025, 7.1, 5.625],
			"to": [11.425, 8.3, 6.375],
			"rotation": {"angle": 45, "axis": "z", "origin": [11.175, 7.85, 6]},
			"faces": {
				"north": {"uv": [0, 0, 6, 15.25], "texture": "#29"},
				"east": {"uv": [0, 0, 6, 15.25], "texture": "#29"},
				"south": {"uv": [0, 0, 6, 15.25], "texture": "#29"},
				"west": {"uv": [0, 0, 6, 15.25], "texture": "#29"},
				"up": {"uv": [0, 0, 6, 15.25], "texture": "#29"},
				"down": {"uv": [0, 0, 6, 15.25], "texture": "#29"}
			}
		},
		{
			"from": [5.375, 7.1, 5.625],
			"to": [5.775, 8.3, 6.375],
			"rotation": {"angle": -45, "axis": "z", "origin": [5.625, 7.85, 6]},
			"faces": {
				"north": {"uv": [6, 0, 0, 15.25], "texture": "#29"},
				"east": {"uv": [6, 0, 0, 15.25], "texture": "#29"},
				"south": {"uv": [6, 0, 0, 15.25], "texture": "#29"},
				"west": {"uv": [6, 0, 0, 15.25], "texture": "#29"},
				"up": {"uv": [6, 0, 0, 15.25], "texture": "#29"},
				"down": {"uv": [6, 0, 0, 15.25], "texture": "#29"}
			}
		},
		{
			"from": [11.175, 5.025, 5.625],
			"to": [11.575, 6.225, 6.375],
			"rotation": {"angle": -45, "axis": "z", "origin": [11.425, 5.775, 6]},
			"faces": {
				"north": {"uv": [6, 0, 0, 15.25], "texture": "#29"},
				"east": {"uv": [6, 0, 0, 15.25], "texture": "#29"},
				"south": {"uv": [6, 0, 0, 15.25], "texture": "#29"},
				"west": {"uv": [6, 0, 0, 15.25], "texture": "#29"},
				"up": {"uv": [6, 0, 0, 15.25], "texture": "#29"},
				"down": {"uv": [6, 0, 0, 15.25], "texture": "#29"}
			}
		},
		{
			"from": [5.225, 5.025, 5.625],
			"to": [5.625, 6.225, 6.375],
			"rotation": {"angle": 45, "axis": "z", "origin": [5.375, 5.775, 6]},
			"faces": {
				"north": {"uv": [0, 0, 6, 15.25], "texture": "#29"},
				"east": {"uv": [0, 0, 6, 15.25], "texture": "#29"},
				"south": {"uv": [0, 0, 6, 15.25], "texture": "#29"},
				"west": {"uv": [0, 0, 6, 15.25], "texture": "#29"},
				"up": {"uv": [0, 0, 6, 15.25], "texture": "#29"},
				"down": {"uv": [0, 0, 6, 15.25], "texture": "#29"}
			}
		},
		{
			"from": [11.075, 4.825, 5.525],
			"to": [11.675, 5.025, 6.475],
			"rotation": {"angle": -45, "axis": "z", "origin": [11.425, 5.775, 6]},
			"faces": {
				"north": {"uv": [0, 0, 16, 16], "texture": "#anvil"},
				"east": {"uv": [0, 0, 16, 16], "texture": "#anvil"},
				"south": {"uv": [0, 0, 16, 16], "texture": "#anvil"},
				"west": {"uv": [0, 0, 16, 16], "texture": "#anvil"},
				"up": {"uv": [0, 0, 16, 16], "texture": "#anvil"},
				"down": {"uv": [0, 0, 16, 16], "texture": "#anvil"}
			}
		},
		{
			"from": [5.125, 4.825, 5.525],
			"to": [5.725, 5.025, 6.475],
			"rotation": {"angle": 45, "axis": "z", "origin": [5.375, 5.775, 6]},
			"faces": {
				"north": {"uv": [16, 0, 0, 16], "texture": "#anvil"},
				"east": {"uv": [16, 0, 0, 16], "texture": "#anvil"},
				"south": {"uv": [16, 0, 0, 16], "texture": "#anvil"},
				"west": {"uv": [16, 0, 0, 16], "texture": "#anvil"},
				"up": {"uv": [16, 0, 0, 16], "texture": "#anvil"},
				"down": {"uv": [16, 0, 0, 16], "texture": "#anvil"}
			}
		},
		{
			"from": [11.1, 8.475, 5.525],
			"to": [11.7, 8.675, 6.475],
			"rotation": {"angle": 45, "axis": "z", "origin": [11.45, 7.725, 6]},
			"faces": {
				"north": {"uv": [0, 0, 16, 16], "texture": "#anvil"},
				"east": {"uv": [0, 0, 16, 16], "texture": "#anvil"},
				"south": {"uv": [0, 0, 16, 16], "texture": "#anvil"},
				"west": {"uv": [0, 0, 16, 16], "texture": "#anvil"},
				"up": {"uv": [0, 0, 16, 16], "texture": "#anvil"},
				"down": {"uv": [0, 0, 16, 16], "texture": "#anvil"}
			}
		},
		{
			"from": [5.1, 8.475, 5.525],
			"to": [5.7, 8.675, 6.475],
			"rotation": {"angle": -45, "axis": "z", "origin": [5.35, 7.725, 6]},
			"faces": {
				"north": {"uv": [16, 0, 0, 16], "texture": "#anvil"},
				"east": {"uv": [16, 0, 0, 16], "texture": "#anvil"},
				"south": {"uv": [16, 0, 0, 16], "texture": "#anvil"},
				"west": {"uv": [16, 0, 0, 16], "texture": "#anvil"},
				"up": {"uv": [16, 0, 0, 16], "texture": "#anvil"},
				"down": {"uv": [16, 0, 0, 16], "texture": "#anvil"}
			}
		},
		{
			"from": [7.675, -0.5625, 5.35],
			"to": [9.275, 0.1875, 6.7],
			"rotation": {"angle": 0, "axis": "y", "origin": [8.1, 20, 6]},
			"faces": {
				"north": {"uv": [0, 0, 16, 16], "texture": "#anvil"},
				"east": {"uv": [0, 0, 16, 16], "texture": "#anvil"},
				"south": {"uv": [0, 0, 16, 16], "texture": "#anvil"},
				"west": {"uv": [0, 0, 16, 16], "texture": "#anvil"},
				"up": {"uv": [0, 0, 16, 16], "texture": "#anvil"},
				"down": {"uv": [0, 0, 16, 16], "texture": "#anvil"}
			}
		},
		{
			"from": [7.0125, 5.9375, 5.5],
			"to": [9.8125, 7.6875, 6.5],
			"rotation": {"angle": 0, "axis": "y", "origin": [8.1, 20, 6]},
			"faces": {
				"north": {"uv": [0, 0, 16, 16], "texture": "#anvil"},
				"east": {"uv": [0, 0, 16, 16], "texture": "#anvil"},
				"south": {"uv": [0, 0, 16, 16], "texture": "#anvil"},
				"west": {"uv": [0, 0, 16, 16], "texture": "#anvil"},
				"up": {"uv": [0, 0, 16, 16], "texture": "#anvil"},
				"down": {"uv": [0, 0, 16, 16], "texture": "#anvil"}
			}
		},
		{
			"from": [7.0875, 6.4375, 5.7],
			"to": [8.7625, 8.1375, 6.3],
			"rotation": {"angle": -45, "axis": "z", "origin": [8.4125, 6.8125, 6]},
			"faces": {
				"north": {"uv": [0, 0, 16, 16], "rotation": 90, "texture": "#anvil"},
				"east": {"uv": [0, 0, 16, 16], "rotation": 270, "texture": "#anvil"},
				"south": {"uv": [0, 0, 16, 16], "rotation": 270, "texture": "#anvil"},
				"west": {"uv": [0, 0, 16, 16], "rotation": 270, "texture": "#anvil"},
				"up": {"uv": [0, 0, 16, 16], "rotation": 270, "texture": "#anvil"},
				"down": {"uv": [0, 0, 16, 16], "rotation": 270, "texture": "#anvil"}
			}
		},
		{
			"from": [15.675, 25.2125, 5.975],
			"to": [16.9, 26.4625, 6.05],
			"rotation": {"angle": 45, "axis": "z", "origin": [14.95, 15.175, 6]},
			"faces": {
				"north": {"uv": [9, 5, 10, 6], "texture": "#246"},
				"east": {"uv": [9, 5, 10, 6], "texture": "#246"},
				"south": {"uv": [9, 5, 10, 6], "texture": "#246"},
				"west": {"uv": [9, 5, 10, 6], "texture": "#246"},
				"up": {"uv": [9, 5, 10, 6], "texture": "#246"},
				"down": {"uv": [9, 5, 10, 6], "texture": "#246"}
			}
		},
		{
			"from": [15.85, 25.3875, 5.925],
			"to": [16.75, 26.2875, 6.075],
			"rotation": {"angle": 45, "axis": "z", "origin": [14.95, 15.175, 6]},
			"faces": {
				"north": {"uv": [9, 5, 10, 6], "texture": "#246"},
				"east": {"uv": [9, 5, 10, 6], "texture": "#246"},
				"south": {"uv": [9, 5, 10, 6], "texture": "#246"},
				"west": {"uv": [9, 5, 10, 6], "texture": "#246"},
				"up": {"uv": [9, 5, 10, 6], "texture": "#246"},
				"down": {"uv": [9, 5, 10, 6], "texture": "#246"}
			}
		},
		{
			"from": [7.725, 7.6875, 5.9125],
			"to": [8.975, 23.6875, 6.0875],
			"rotation": {"angle": 0, "axis": "y", "origin": [8.1, 20, 6]},
			"faces": {
				"north": {"uv": [6, 4, 10, 6], "texture": "#246"},
				"east": {"uv": [6, 4, 7, 6], "texture": "#246"},
				"south": {"uv": [6, 4, 10, 6], "texture": "#246"},
				"west": {"uv": [6, 4, 7, 6], "texture": "#246"},
				"up": {"uv": [6, 4, 10, 6], "texture": "#246"},
				"down": {"uv": [6, 4, 10, 6], "texture": "#246"}
			}
		},
		{
			"from": [7.475, 7.6875, 5.9625],
			"to": [9.225, 23.6875, 6.0375],
			"rotation": {"angle": 0, "axis": "y", "origin": [8.1, 20, 6]},
			"faces": {
				"north": {"uv": [6, 4, 10, 6], "texture": "#246"},
				"east": {"uv": [6, 4, 7, 6], "texture": "#246"},
				"south": {"uv": [6, 4, 10, 6], "texture": "#246"},
				"west": {"uv": [6, 4, 7, 6], "texture": "#246"},
				"up": {"uv": [6, 4, 10, 6], "texture": "#246"},
				"down": {"uv": [6, 4, 10, 6], "texture": "#246"}
			}
		}
	],
	"gui_light": "front",
	"display": {
		"thirdperson_righthand": {
			"rotation": [4, 92, 0],
			"translation": [2.5, 3.06, 1.57]
		},
		"thirdperson_lefthand": {
			"rotation": [0, 90, 0],
			"translation": [2, 2.81, 1.39],
			"scale": [0.85, 1, 1]
		},
		"firstperson_righthand": {
			"rotation": [-21, -96, -1],
			"translation": [0.5, 1.25, -1.46]
		},
		"firstperson_lefthand": {
			"rotation": [-41, -106, -30],
			"translation": [0, 2.25, -1.96]
		},
		"ground": {
			"translation": [0, 5, 1.25]
		},
		"gui": {
			"rotation": [0, 0, 45],
			"translation": [2.23, -2.36, 0],
			"scale": [1, 0.75, 0.4]
		},
		"fixed": {
			"translation": [0, -5.25, -0.25]
		}
	}
}