{
	"credit": "Made with Blockbench",
	"textures": {
		"27": "block/bedrock",
		"391": "block/nether_portal",
		"468": "block/quartz_block_bottom",
		"551": "block/smooth_stone",
		"583": "block/structure_block",
		"particle": "block/acacia_door_bottom"
	},
	"elements": [
		{
			"from": [7.6, 16.6, 7.6],
			"to": [8.4, 18.6, 8.4],
			"faces": {
				"north": {"uv": [0, 0, 16, 16], "texture": "#27"},
				"east": {"uv": [0, 0, 16, 16], "texture": "#27"},
				"south": {"uv": [0, 0, 16, 15], "texture": "#27"},
				"west": {"uv": [0, 0, 16, 16], "texture": "#27"},
				"up": {"uv": [0, 0, 16, 16], "texture": "#27"},
				"down": {"uv": [0, 0, 16, 16], "texture": "#27"}
			}
		},
		{
			"from": [7.4, 16.4, 7.4],
			"to": [8.6, 16.6, 8.6],
			"rotation": {"angle": 0, "axis": "y", "origin": [8, 7.3, 8]},
			"faces": {
				"north": {"uv": [0, 0, 15.1, 15.3], "texture": "#468"},
				"east": {"uv": [0, 0, 15.1, 15.3], "texture": "#468"},
				"south": {"uv": [0, 0, 15.1, 15.3], "texture": "#468"},
				"west": {"uv": [0, 0, 15.1, 15.3], "texture": "#468"},
				"up": {"uv": [0, 0, 15.1, 15.1], "texture": "#468"},
				"down": {"uv": [0, 0, 15.1, 15.1], "texture": "#468"}
			}
		},
		{
			"from": [7.7, 15.6, 7.3],
			"to": [8.3, 16.2, 8.7],
			"rotation": {"angle": 45, "axis": "z", "origin": [8, 15.9, 8]},
			"faces": {
				"north": {"uv": [0, 0, 15.6, 15.6], "texture": "#583"},
				"east": {"uv": [0, 0, 15.4, 15.6], "texture": "#583"},
				"south": {"uv": [0, 0, 15.6, 15.6], "texture": "#583"},
				"west": {"uv": [0, 0, 15.4, 15.6], "texture": "#583"},
				"up": {"uv": [0, 0, 15.6, 15.4], "texture": "#583"},
				"down": {"uv": [0, 0, 15.6, 15.4], "texture": "#583"}
			}
		},
		{
			"from": [7.7, 15.4, 7.4],
			"to": [8.3, 16.4, 8.6],
			"rotation": {"angle": 0, "axis": "y", "origin": [8, 6.3, 8]},
			"faces": {
				"north": {"uv": [0, 0, 15.1, 15.3], "texture": "#468"},
				"east": {"uv": [0, 0, 15.1, 15.3], "texture": "#468"},
				"south": {"uv": [0, 0, 15.1, 15.3], "texture": "#468"},
				"west": {"uv": [0, 0, 15.1, 15.3], "texture": "#468"},
				"up": {"uv": [0, 0, 15.1, 15.1], "texture": "#468"},
				"down": {"uv": [0, 0, 15.1, 15.1], "texture": "#468"}
			}
		},
		{
			"from": [7.7, 17, 7.55],
			"to": [8.3, 18, 8.45],
			"rotation": {"angle": 0, "axis": "y", "origin": [8, 7.9, 8]},
			"faces": {
				"north": {"uv": [0, 0, 16, 16], "texture": "#27"},
				"east": {"uv": [0, 0, 16, 16], "texture": "#27"},
				"south": {"uv": [0, 0, 16, 15], "texture": "#27"},
				"west": {"uv": [0, 0, 16, 16], "texture": "#27"},
				"up": {"uv": [0, 0, 16, 16], "texture": "#27"},
				"down": {"uv": [0, 0, 16, 16], "texture": "#27"}
			}
		},
		{
			"from": [7.8, 14.4, 7.4],
			"to": [8.2, 15.4, 8.6],
			"rotation": {"angle": 0, "axis": "y", "origin": [8, 5.3, 8]},
			"faces": {
				"north": {"uv": [0, 0, 15.1, 15.3], "texture": "#468"},
				"east": {"uv": [0, 0, 15.1, 15.3], "texture": "#468"},
				"south": {"uv": [0, 0, 15.1, 15.3], "texture": "#468"},
				"west": {"uv": [0, 0, 15.1, 15.3], "texture": "#468"},
				"up": {"uv": [0, 0, 15.1, 15.1], "texture": "#468"},
				"down": {"uv": [0, 0, 15.1, 15.1], "texture": "#468"}
			}
		},
		{
			"from": [7.9, 13.4, 7.4],
			"to": [8.1, 14.4, 8.6],
			"rotation": {"angle": 0, "axis": "y", "origin": [8, 4.3, 8]},
			"faces": {
				"north": {"uv": [0, 0, 15.1, 15.3], "texture": "#468"},
				"east": {"uv": [0, 0, 15.1, 15.3], "texture": "#468"},
				"south": {"uv": [0, 0, 15.1, 15.3], "texture": "#468"},
				"west": {"uv": [0, 0, 15.1, 15.3], "texture": "#468"},
				"up": {"uv": [0, 0, 15.1, 15.1], "texture": "#468"},
				"down": {"uv": [0, 0, 15.1, 15.1], "texture": "#468"}
			}
		},
		{
			"from": [7.75, -6.5, 7.75],
			"to": [8.25, 17, 8.25],
			"faces": {
				"north": {"uv": [0, 0, 16, 16], "texture": "#27"},
				"east": {"uv": [0, 0, 16, 16], "texture": "#27"},
				"south": {"uv": [2, 0, 5, 15], "texture": "#27"},
				"west": {"uv": [0, 0, 16, 16], "texture": "#27"},
				"up": {"uv": [0, 0, 16, 16], "texture": "#27"},
				"down": {"uv": [0, 0, 16, 16], "texture": "#27"}
			}
		},
		{
			"from": [7.55, -6.5, 7.55],
			"to": [8.45, -4.4, 8.45],
			"faces": {
				"north": {"uv": [0, 0, 16, 16], "texture": "#27"},
				"east": {"uv": [0, 0, 16, 16], "texture": "#27"},
				"south": {"uv": [0, 0, 16, 15], "texture": "#27"},
				"west": {"uv": [0, 0, 16, 16], "texture": "#27"},
				"up": {"uv": [0, 0, 16, 16], "texture": "#27"},
				"down": {"uv": [0, 0, 16, 16], "texture": "#27"}
			}
		},
		{
			"from": [7.45, -6, 7.45],
			"to": [8.55, -5.7, 8.55],
			"faces": {
				"north": {"uv": [0, 0, 15.1, 15.3], "texture": "#468"},
				"east": {"uv": [0, 0, 15.1, 15.3], "texture": "#468"},
				"south": {"uv": [0, 0, 15.1, 15.3], "texture": "#468"},
				"west": {"uv": [0, 0, 15.1, 15.3], "texture": "#468"},
				"up": {"uv": [0, 0, 15.1, 15.1], "texture": "#468"},
				"down": {"uv": [0, 0, 15.1, 15.1], "texture": "#468"}
			}
		},
		{
			"from": [7.65, -4.4, 7.65],
			"to": [8.35, -2.3, 8.35],
			"rotation": {"angle": 0, "axis": "y", "origin": [8, 10.1, 8]},
			"faces": {
				"north": {"uv": [0, 0, 16, 16], "texture": "#27"},
				"east": {"uv": [0, 0, 16, 16], "texture": "#27"},
				"south": {"uv": [0, 0, 16, 15], "texture": "#27"},
				"west": {"uv": [0, 0, 16, 16], "texture": "#27"},
				"up": {"uv": [0, 0, 16, 16], "texture": "#27"},
				"down": {"uv": [0, 0, 16, 16], "texture": "#27"}
			}
		},
		{
			"from": [7.65, -7.3, 7.65],
			"to": [8.35, -5.8, 8.35],
			"rotation": {"angle": 0, "axis": "y", "origin": [8, 6.6, 8]},
			"faces": {
				"north": {"uv": [0, 0, 15.7, 15.5], "texture": "#391"},
				"east": {"uv": [0, 0, 15.7, 15.5], "texture": "#391"},
				"south": {"uv": [0, 0, 15.7, 15.5], "texture": "#391"},
				"west": {"uv": [0, 0, 15.7, 15.5], "texture": "#391"},
				"up": {"uv": [0, 0, 15.7, 15.7], "texture": "#391"},
				"down": {"uv": [0, 0, 15.7, 15.7], "texture": "#391"}
			}
		},
		{
			"from": [7.75, -7.8, 7.75],
			"to": [8.25, -7.3, 8.25],
			"rotation": {"angle": 0, "axis": "y", "origin": [8, 6.6, 8]},
			"faces": {
				"north": {"uv": [0, 0, 15.7, 15.5], "texture": "#391"},
				"east": {"uv": [0, 0, 15.7, 15.5], "texture": "#391"},
				"south": {"uv": [0, 0, 15.7, 15.5], "texture": "#391"},
				"west": {"uv": [0, 0, 15.7, 15.5], "texture": "#391"},
				"up": {"uv": [0, 0, 15.7, 15.7], "texture": "#391"},
				"down": {"uv": [0, 0, 15.7, 15.7], "texture": "#391"}
			}
		},
		{
			"from": [7.85, -8.3, 7.85],
			"to": [8.15, -7.8, 8.15],
			"rotation": {"angle": 0, "axis": "y", "origin": [8, 6.1, 8]},
			"faces": {
				"north": {"uv": [0, 0, 15.7, 15.5], "texture": "#391"},
				"east": {"uv": [0, 0, 15.7, 15.5], "texture": "#391"},
				"south": {"uv": [0, 0, 15.7, 15.5], "texture": "#391"},
				"west": {"uv": [0, 0, 15.7, 15.5], "texture": "#391"},
				"up": {"uv": [0, 0, 15.7, 15.7], "texture": "#391"},
				"down": {"uv": [0, 0, 15.7, 15.7], "texture": "#391"}
			}
		},
		{
			"from": [7.95, -8.8, 7.95],
			"to": [8.05, -8.3, 8.05],
			"rotation": {"angle": 0, "axis": "y", "origin": [8, 5.6, 8]},
			"faces": {
				"north": {"uv": [0, 0, 15.7, 15.5], "texture": "#391"},
				"east": {"uv": [0, 0, 15.7, 15.5], "texture": "#391"},
				"south": {"uv": [0, 0, 15.7, 15.5], "texture": "#391"},
				"west": {"uv": [0, 0, 15.7, 15.5], "texture": "#391"},
				"up": {"uv": [0, 0, 15.7, 15.7], "texture": "#391"},
				"down": {"uv": [0, 0, 15.7, 15.7], "texture": "#391"}
			}
		},
		{
			"from": [7.65, -2.3, 7.85],
			"to": [8.35, -1.3, 8.15],
			"rotation": {"angle": 0, "axis": "y", "origin": [8, 12.2, 8]},
			"faces": {
				"north": {"uv": [0, 0, 16, 16], "texture": "#27"},
				"east": {"uv": [0, 0, 16, 16], "texture": "#27"},
				"south": {"uv": [0, 0, 16, 15], "texture": "#27"},
				"west": {"uv": [0, 0, 16, 16], "texture": "#27"},
				"up": {"uv": [0, 0, 16, 16], "texture": "#27"},
				"down": {"uv": [0, 0, 16, 16], "texture": "#27"}
			}
		},
		{
			"from": [7.85, -2.325, 7.65],
			"to": [8.15, -1.3, 8.35],
			"rotation": {"angle": 0, "axis": "y", "origin": [8, 11.1, 8]},
			"faces": {
				"north": {"uv": [0, 0, 16, 16], "texture": "#27"},
				"east": {"uv": [0, 0, 16, 16], "texture": "#27"},
				"south": {"uv": [0, 0, 16, 15], "texture": "#27"},
				"west": {"uv": [0, 0, 16, 16], "texture": "#27"},
				"up": {"uv": [0, 0, 16, 16], "texture": "#27"},
				"down": {"uv": [0, 0, 16, 16], "texture": "#27"}
			}
		},
		{
			"from": [7.55, -4.4, 7.9],
			"to": [8.45, -3.4, 8.1],
			"rotation": {"angle": 0, "axis": "y", "origin": [8, 10.1, 8]},
			"faces": {
				"north": {"uv": [0, 0, 16, 16], "texture": "#27"},
				"east": {"uv": [0, 0, 16, 16], "texture": "#27"},
				"south": {"uv": [0, 0, 16, 15], "texture": "#27"},
				"west": {"uv": [0, 0, 16, 16], "texture": "#27"},
				"up": {"uv": [0, 0, 16, 16], "texture": "#27"},
				"down": {"uv": [0, 0, 16, 16], "texture": "#27"}
			}
		},
		{
			"from": [7.9, -4.4, 7.55],
			"to": [8.1, -3.4, 8.45],
			"rotation": {"angle": 0, "axis": "y", "origin": [8, 10.1, 8]},
			"faces": {
				"north": {"uv": [0, 0, 16, 16], "texture": "#27"},
				"east": {"uv": [0, 0, 16, 16], "texture": "#27"},
				"south": {"uv": [0, 0, 16, 15], "texture": "#27"},
				"west": {"uv": [0, 0, 16, 16], "texture": "#27"},
				"up": {"uv": [0, 0, 16, 16], "texture": "#27"},
				"down": {"uv": [0, 0, 16, 16], "texture": "#27"}
			}
		},
		{
			"from": [7.5, 13, 7.5],
			"to": [8.5, 17, 8.5],
			"faces": {
				"north": {"uv": [0, 0, 16, 16], "texture": "#27"},
				"east": {"uv": [0, 0, 16, 16], "texture": "#27"},
				"south": {"uv": [0, 0, 16, 15], "texture": "#27"},
				"west": {"uv": [0, 0, 16, 16], "texture": "#27"},
				"up": {"uv": [0, 0, 16, 16], "texture": "#27"},
				"down": {"uv": [0, 0, 16, 16], "texture": "#27"}
			}
		},
		{
			"from": [7.5, 11.85, 7.75],
			"to": [8.5, 13.05, 8.25],
			"rotation": {"angle": 0, "axis": "y", "origin": [8, 6.75, 8]},
			"faces": {
				"north": {"uv": [0, 0, 16, 16], "texture": "#27"},
				"east": {"uv": [0, 0, 16, 16], "texture": "#27"},
				"south": {"uv": [0, 0, 16, 15], "texture": "#27"},
				"west": {"uv": [0, 0, 16, 16], "texture": "#27"},
				"up": {"uv": [0, 0, 16, 16], "texture": "#27"},
				"down": {"uv": [0, 0, 16, 16], "texture": "#27"}
			}
		},
		{
			"from": [7.75, 11.9, 7.5],
			"to": [8.25, 13, 8.5],
			"rotation": {"angle": 0, "axis": "y", "origin": [8, 6.9, 8]},
			"faces": {
				"north": {"uv": [0, 0, 16, 16], "texture": "#27"},
				"east": {"uv": [0, 0, 16, 16], "texture": "#27"},
				"south": {"uv": [0, 0, 16, 15], "texture": "#27"},
				"west": {"uv": [0, 0, 16, 16], "texture": "#27"},
				"up": {"uv": [0, 0, 16, 16], "texture": "#27"},
				"down": {"uv": [0, 0, 16, 16], "texture": "#27"}
			}
		},
		{
			"from": [7.6, 11.2, 7.6],
			"to": [8.4, 13, 8.4],
			"rotation": {"angle": 0, "axis": "y", "origin": [8, 6.2, 8]},
			"faces": {
				"north": {"uv": [0, 0, 16, 16], "texture": "#27"},
				"east": {"uv": [0, 0, 16, 16], "texture": "#27"},
				"south": {"uv": [0, 0, 16, 15], "texture": "#27"},
				"west": {"uv": [0, 0, 16, 16], "texture": "#27"},
				"up": {"uv": [0, 0, 16, 16], "texture": "#27"},
				"down": {"uv": [0, 0, 16, 16], "texture": "#27"}
			}
		},
		{
			"from": [7.6, 9.5, 7.9],
			"to": [8.4, 11.3, 8.1],
			"rotation": {"angle": 0, "axis": "y", "origin": [8, 4.5, 8]},
			"faces": {
				"north": {"uv": [0, 0, 16, 16], "texture": "#27"},
				"east": {"uv": [0, 0, 16, 16], "texture": "#27"},
				"south": {"uv": [0, 0, 16, 15], "texture": "#27"},
				"west": {"uv": [0, 0, 16, 16], "texture": "#27"},
				"up": {"uv": [0, 0, 16, 16], "texture": "#27"},
				"down": {"uv": [0, 0, 16, 16], "texture": "#27"}
			}
		},
		{
			"from": [7.9, 9.4, 7.6],
			"to": [8.1, 11.2, 8.4],
			"rotation": {"angle": 0, "axis": "y", "origin": [8, 4.4, 8]},
			"faces": {
				"north": {"uv": [0, 0, 16, 16], "texture": "#27"},
				"east": {"uv": [0, 0, 16, 16], "texture": "#27"},
				"south": {"uv": [0, 0, 16, 15], "texture": "#27"},
				"west": {"uv": [0, 0, 16, 16], "texture": "#27"},
				"up": {"uv": [0, 0, 16, 16], "texture": "#27"},
				"down": {"uv": [0, 0, 16, 16], "texture": "#27"}
			}
		},
		{
			"from": [7.7, 19.2, 7.75],
			"to": [8.7, 22.5, 8.25],
			"rotation": {"angle": 0, "axis": "y", "origin": [8.3, 8, 8]},
			"faces": {
				"north": {"uv": [1, 1, 15, 15], "texture": "#551"},
				"east": {"uv": [1, 1, 15, 15], "texture": "#551"},
				"south": {"uv": [1, 1, 15, 15], "texture": "#551"},
				"west": {"uv": [1, 1, 15, 15], "texture": "#551"},
				"up": {"uv": [1, 1, 15, 15], "texture": "#551"},
				"down": {"uv": [1, 1, 15, 15], "texture": "#551"}
			}
		},
		{
			"from": [7.7, 18.5, 7.75],
			"to": [8.5, 19.2, 8.25],
			"rotation": {"angle": 0, "axis": "y", "origin": [8.3, 8, 8]},
			"faces": {
				"north": {"uv": [1, 1, 15, 15], "texture": "#551"},
				"east": {"uv": [1, 1, 15, 15], "texture": "#551"},
				"south": {"uv": [1, 1, 15, 15], "texture": "#551"},
				"west": {"uv": [1, 1, 15, 15], "texture": "#551"},
				"up": {"uv": [1, 1, 15, 15], "texture": "#551"},
				"down": {"uv": [1, 1, 15, 15], "texture": "#551"}
			}
		},
		{
			"from": [7.8, 18.5, 7.7],
			"to": [8.2, 20.2, 8.325],
			"rotation": {"angle": 0, "axis": "y", "origin": [8.3, 8, 8]},
			"faces": {
				"north": {"uv": [0, 0, 16, 16], "texture": "#27"},
				"east": {"uv": [0, 0, 16, 16], "texture": "#27"},
				"south": {"uv": [0, 0, 16, 15], "texture": "#27"},
				"west": {"uv": [0, 0, 16, 16], "texture": "#27"},
				"up": {"uv": [0, 0, 16, 16], "texture": "#27"},
				"down": {"uv": [0, 0, 16, 16], "texture": "#27"}
			}
		},
		{
			"from": [8, 27.675, 7.75],
			"to": [8.6, 28.7, 8.25],
			"rotation": {"angle": 0, "axis": "y", "origin": [8.3, 15.1, 8]},
			"faces": {
				"north": {"uv": [1, 1, 15, 15], "texture": "#551"},
				"east": {"uv": [1, 1, 15, 15], "texture": "#551"},
				"south": {"uv": [1, 1, 15, 15], "texture": "#551"},
				"west": {"uv": [1, 1, 15, 15], "texture": "#551"},
				"up": {"uv": [1, 1, 15, 15], "texture": "#551"},
				"down": {"uv": [1, 1, 15, 15], "texture": "#551"}
			}
		},
		{
			"from": [7.8, 28.675, 7.75],
			"to": [8.4, 29.8, 8.25],
			"rotation": {"angle": 0, "axis": "x", "origin": [8.1, 29.2375, 8]},
			"faces": {
				"north": {"uv": [1, 1, 15, 15], "texture": "#551"},
				"east": {"uv": [1, 1, 15, 15], "texture": "#551"},
				"south": {"uv": [1, 1, 15, 15], "texture": "#551"},
				"west": {"uv": [1, 1, 15, 15], "texture": "#551"},
				"up": {"uv": [1, 1, 15, 15], "texture": "#551"},
				"down": {"uv": [1, 1, 15, 15], "texture": "#551"}
			}
		},
		{
			"from": [7.7875, 29.5375, 7.775],
			"to": [8.2125, 29.9625, 8.225],
			"rotation": {"angle": -45, "axis": "z", "origin": [8.1, 29.6625, 8]},
			"faces": {
				"north": {"uv": [1, 1, 15, 15], "rotation": 90, "texture": "#551"},
				"east": {"uv": [1, 1, 15, 15], "rotation": 270, "texture": "#551"},
				"south": {"uv": [1, 1, 15, 15], "rotation": 270, "texture": "#551"},
				"west": {"uv": [1, 1, 15, 15], "rotation": 270, "texture": "#551"},
				"up": {"uv": [1, 1, 15, 15], "rotation": 270, "texture": "#551"},
				"down": {"uv": [1, 1, 15, 15], "rotation": 270, "texture": "#551"}
			}
		},
		{
			"from": [8.2, 27.675, 7.85],
			"to": [8.2, 29.6, 8.15],
			"rotation": {"angle": 0, "axis": "y", "origin": [8.3, 15.1, 8]},
			"color": 2,
			"faces": {
				"north": {"uv": [0, 0, 0, 7], "texture": "#missing"},
				"east": {"uv": [0, 0, 1, 6], "texture": "#missing"},
				"south": {"uv": [0, 0, 1, 6], "texture": "#missing"},
				"west": {"uv": [0, 0, 1, 6], "texture": "#missing"},
				"up": {"uv": [0, 0, 1, 1], "texture": "#missing"},
				"down": {"uv": [0, 0, 1, 1], "texture": "#missing"}
			}
		},
		{
			"from": [7.9, 22.5, 7.75],
			"to": [8.8, 24, 8.25],
			"rotation": {"angle": 0, "axis": "y", "origin": [8.6, 10, 8]},
			"faces": {
				"north": {"uv": [1, 1, 15, 15], "texture": "#551"},
				"east": {"uv": [1, 1, 15, 15], "texture": "#551"},
				"south": {"uv": [1, 1, 15, 15], "texture": "#551"},
				"west": {"uv": [1, 1, 15, 15], "texture": "#551"},
				"up": {"uv": [1, 1, 15, 15], "texture": "#551"},
				"down": {"uv": [1, 1, 15, 15], "texture": "#551"}
			}
		},
		{
			"from": [7.725, 22.5, 7.775],
			"to": [7.9, 23, 8.225],
			"rotation": {"angle": 0, "axis": "z", "origin": [8.1, 22.95, 8]},
			"faces": {
				"north": {"uv": [1, 1, 1.8, 1.9], "texture": "#551"},
				"east": {"uv": [1, 1, 15, 15], "texture": "#551"},
				"south": {"uv": [1, 1, 15, 15], "texture": "#551"},
				"west": {"uv": [1, 1, 15, 15], "texture": "#551"},
				"up": {"uv": [1, 1, 15, 15], "texture": "#551"},
				"down": {"uv": [1, 1, 15, 15], "texture": "#551"}
			}
		},
		{
			"from": [7.75, 23, 7.775],
			"to": [7.9, 23.35, 8.225],
			"rotation": {"angle": 0, "axis": "z", "origin": [8.1, 23.45, 8]},
			"faces": {
				"north": {"uv": [1, 1, 1.8, 1.9], "texture": "#551"},
				"east": {"uv": [1, 1, 15, 15], "texture": "#551"},
				"south": {"uv": [1, 1, 15, 15], "texture": "#551"},
				"west": {"uv": [1, 1, 15, 15], "texture": "#551"},
				"up": {"uv": [1, 1, 15, 15], "texture": "#551"},
				"down": {"uv": [1, 1, 15, 15], "texture": "#551"}
			}
		},
		{
			"from": [7.8, 23.35, 7.775],
			"to": [7.95, 23.575, 8.225],
			"rotation": {"angle": 0, "axis": "z", "origin": [8.15, 23.8, 8]},
			"faces": {
				"north": {"uv": [1, 1, 1.8, 1.9], "texture": "#551"},
				"east": {"uv": [1, 1, 15, 15], "texture": "#551"},
				"south": {"uv": [1, 1, 15, 15], "texture": "#551"},
				"west": {"uv": [1, 1, 15, 15], "texture": "#551"},
				"up": {"uv": [1, 1, 15, 15], "texture": "#551"},
				"down": {"uv": [1, 1, 15, 15], "texture": "#551"}
			}
		},
		{
			"from": [7.85, 23.575, 7.775],
			"to": [7.95, 23.8, 8.225],
			"rotation": {"angle": 0, "axis": "z", "origin": [8.15, 24.025, 8]},
			"faces": {
				"north": {"uv": [1, 1, 1.8, 1.9], "texture": "#551"},
				"east": {"uv": [1, 1, 15, 15], "texture": "#551"},
				"south": {"uv": [1, 1, 15, 15], "texture": "#551"},
				"west": {"uv": [1, 1, 15, 15], "texture": "#551"},
				"up": {"uv": [1, 1, 15, 15], "texture": "#551"},
				"down": {"uv": [1, 1, 15, 15], "texture": "#551"}
			}
		},
		{
			"from": [8.7, 22.2, 7.775],
			"to": [8.75, 22.5, 8.225],
			"rotation": {"angle": 0, "axis": "z", "origin": [8.4, 22.025, 8]},
			"faces": {
				"north": {"uv": [1, 1, 15, 15], "texture": "#551"},
				"east": {"uv": [1, 1, 15, 15], "texture": "#551"},
				"south": {"uv": [1, 1, 15, 15], "texture": "#551"},
				"west": {"uv": [1, 1, 15, 15], "texture": "#551"},
				"up": {"uv": [1, 1, 15, 15], "texture": "#551"},
				"down": {"uv": [1, 1, 15, 15], "texture": "#551"}
			}
		},
		{
			"from": [7.95, 24, 7.775],
			"to": [8.1, 24.5, 8.225],
			"rotation": {"angle": 0, "axis": "z", "origin": [8.325, 24.45, 8]},
			"faces": {
				"north": {"uv": [1, 1, 15, 15], "texture": "#551"},
				"east": {"uv": [1, 1, 15, 15], "texture": "#551"},
				"south": {"uv": [1, 1, 15, 15], "texture": "#551"},
				"west": {"uv": [1, 1, 15, 15], "texture": "#551"},
				"up": {"uv": [1, 1, 15, 15], "texture": "#551"},
				"down": {"uv": [1, 1, 15, 15], "texture": "#551"}
			}
		},
		{
			"from": [8, 24.5, 7.775],
			"to": [8.1, 24.8, 8.225],
			"rotation": {"angle": 0, "axis": "z", "origin": [8.325, 24.95, 8]},
			"faces": {
				"north": {"uv": [1, 1, 15, 15], "texture": "#551"},
				"east": {"uv": [1, 1, 15, 15], "texture": "#551"},
				"south": {"uv": [1, 1, 15, 15], "texture": "#551"},
				"west": {"uv": [1, 1, 15, 15], "texture": "#551"},
				"up": {"uv": [1, 1, 15, 15], "texture": "#551"},
				"down": {"uv": [1, 1, 15, 15], "texture": "#551"}
			}
		},
		{
			"from": [8.05, 24.8, 7.775],
			"to": [8.1, 25.1, 8.225],
			"rotation": {"angle": 0, "axis": "z", "origin": [8.325, 25.25, 8]},
			"faces": {
				"north": {"uv": [1, 1, 15, 15], "texture": "#551"},
				"east": {"uv": [1, 1, 15, 15], "texture": "#551"},
				"south": {"uv": [1, 1, 15, 15], "texture": "#551"},
				"west": {"uv": [1, 1, 15, 15], "texture": "#551"},
				"up": {"uv": [1, 1, 15, 15], "texture": "#551"},
				"down": {"uv": [1, 1, 15, 15], "texture": "#551"}
			}
		},
		{
			"from": [8.8, 23.7, 7.775],
			"to": [8.85, 24, 8.225],
			"rotation": {"angle": 0, "axis": "z", "origin": [8.925, 23.55, 8]},
			"faces": {
				"north": {"uv": [1, 1, 15, 15], "texture": "#551"},
				"east": {"uv": [1, 1, 15, 15], "texture": "#551"},
				"south": {"uv": [1, 1, 15, 15], "texture": "#551"},
				"west": {"uv": [1, 1, 15, 15], "texture": "#551"},
				"up": {"uv": [1, 1, 15, 15], "texture": "#551"},
				"down": {"uv": [1, 1, 15, 15], "texture": "#551"}
			}
		},
		{
			"from": [8.15, 26.2, 7.775],
			"to": [8.2, 26.5, 8.225],
			"rotation": {"angle": 0, "axis": "z", "origin": [8.425, 26.65, 8]},
			"faces": {
				"north": {"uv": [1, 1, 15, 15], "texture": "#551"},
				"east": {"uv": [1, 1, 15, 15], "texture": "#551"},
				"south": {"uv": [1, 1, 15, 15], "texture": "#551"},
				"west": {"uv": [1, 1, 15, 15], "texture": "#551"},
				"up": {"uv": [1, 1, 15, 15], "texture": "#551"},
				"down": {"uv": [1, 1, 15, 15], "texture": "#551"}
			}
		},
		{
			"from": [8.05, 27.4, 7.775],
			"to": [8.2, 27.675, 8.225],
			"rotation": {"angle": 0, "axis": "z", "origin": [8.475, 27.225, 8]},
			"faces": {
				"north": {"uv": [1, 1, 15, 15], "texture": "#551"},
				"east": {"uv": [1, 1, 15, 15], "texture": "#551"},
				"south": {"uv": [1, 1, 15, 15], "texture": "#551"},
				"west": {"uv": [1, 1, 15, 15], "texture": "#551"},
				"up": {"uv": [1, 1, 15, 15], "texture": "#551"},
				"down": {"uv": [1, 1, 15, 15], "texture": "#551"}
			}
		},
		{
			"from": [8.1, 27.125, 7.775],
			"to": [8.2, 27.4, 8.225],
			"rotation": {"angle": 0, "axis": "z", "origin": [8.475, 26.95, 8]},
			"faces": {
				"north": {"uv": [1, 1, 15, 15], "texture": "#551"},
				"east": {"uv": [1, 1, 15, 15], "texture": "#551"},
				"south": {"uv": [1, 1, 15, 15], "texture": "#551"},
				"west": {"uv": [1, 1, 15, 15], "texture": "#551"},
				"up": {"uv": [1, 1, 15, 15], "texture": "#551"},
				"down": {"uv": [1, 1, 15, 15], "texture": "#551"}
			}
		},
		{
			"from": [8.15, 26.925, 7.775],
			"to": [8.2, 27.125, 8.225],
			"rotation": {"angle": 0, "axis": "z", "origin": [8.475, 26.675, 8]},
			"faces": {
				"north": {"uv": [1, 1, 15, 15], "texture": "#551"},
				"east": {"uv": [1, 1, 15, 15], "texture": "#551"},
				"south": {"uv": [1, 1, 15, 15], "texture": "#551"},
				"west": {"uv": [1, 1, 15, 15], "texture": "#551"},
				"up": {"uv": [1, 1, 15, 15], "texture": "#551"},
				"down": {"uv": [1, 1, 15, 15], "texture": "#551"}
			}
		},
		{
			"from": [8.175, 26.725, 7.775],
			"to": [8.2, 26.925, 8.225],
			"rotation": {"angle": 0, "axis": "z", "origin": [8.475, 26.475, 8]},
			"faces": {
				"north": {"uv": [1, 1, 15, 15], "texture": "#551"},
				"east": {"uv": [1, 1, 15, 15], "texture": "#551"},
				"south": {"uv": [1, 1, 15, 15], "texture": "#551"},
				"west": {"uv": [1, 1, 15, 15], "texture": "#551"},
				"up": {"uv": [1, 1, 15, 15], "texture": "#551"},
				"down": {"uv": [1, 1, 15, 15], "texture": "#551"}
			}
		},
		{
			"from": [8.6, 27.7, 7.775],
			"to": [8.725, 28.1, 8.225],
			"rotation": {"angle": 0, "axis": "z", "origin": [8.975, 28.15, 8]},
			"faces": {
				"north": {"uv": [1, 1, 15, 15], "texture": "#551"},
				"east": {"uv": [1, 1, 15, 15], "texture": "#551"},
				"south": {"uv": [1, 1, 15, 15], "texture": "#551"},
				"west": {"uv": [1, 1, 15, 15], "texture": "#551"},
				"up": {"uv": [1, 1, 15, 15], "texture": "#551"},
				"down": {"uv": [1, 1, 15, 15], "texture": "#551"}
			}
		},
		{
			"from": [8.6, 28.1, 7.775],
			"to": [8.675, 28.5, 8.225],
			"rotation": {"angle": 0, "axis": "z", "origin": [8.975, 28.55, 8]},
			"faces": {
				"north": {"uv": [1, 1, 15, 15], "texture": "#551"},
				"east": {"uv": [1, 1, 15, 15], "texture": "#551"},
				"south": {"uv": [1, 1, 15, 15], "texture": "#551"},
				"west": {"uv": [1, 1, 15, 15], "texture": "#551"},
				"up": {"uv": [1, 1, 15, 15], "texture": "#551"},
				"down": {"uv": [1, 1, 15, 15], "texture": "#551"}
			}
		},
		{
			"from": [8.8, 26.2, 7.775],
			"to": [8.85, 26.5, 8.225],
			"rotation": {"angle": 0, "axis": "z", "origin": [9.075, 26.65, 8]},
			"faces": {
				"north": {"uv": [1, 1, 15, 15], "texture": "#551"},
				"east": {"uv": [1, 1, 15, 15], "texture": "#551"},
				"south": {"uv": [1, 1, 15, 15], "texture": "#551"},
				"west": {"uv": [1, 1, 15, 15], "texture": "#551"},
				"up": {"uv": [1, 1, 15, 15], "texture": "#551"},
				"down": {"uv": [1, 1, 15, 15], "texture": "#551"}
			}
		},
		{
			"from": [7.85, 28.325, 7.775],
			"to": [8, 28.675, 8.225],
			"rotation": {"angle": 0, "axis": "z", "origin": [8.25, 28.225, 8]},
			"faces": {
				"north": {"uv": [1, 1, 15, 15], "texture": "#551"},
				"east": {"uv": [1, 1, 15, 15], "texture": "#551"},
				"south": {"uv": [1, 1, 15, 15], "texture": "#551"},
				"west": {"uv": [1, 1, 15, 15], "texture": "#551"},
				"up": {"uv": [1, 1, 15, 15], "texture": "#551"},
				"down": {"uv": [1, 1, 15, 15], "texture": "#551"}
			}
		},
		{
			"from": [7.9, 27.975, 7.775],
			"to": [8, 28.325, 8.225],
			"rotation": {"angle": 0, "axis": "z", "origin": [8.25, 27.875, 8]},
			"faces": {
				"north": {"uv": [1, 1, 15, 15], "texture": "#551"},
				"east": {"uv": [1, 1, 15, 15], "texture": "#551"},
				"south": {"uv": [1, 1, 15, 15], "texture": "#551"},
				"west": {"uv": [1, 1, 15, 15], "texture": "#551"},
				"up": {"uv": [1, 1, 15, 15], "texture": "#551"},
				"down": {"uv": [1, 1, 15, 15], "texture": "#551"}
			}
		},
		{
			"from": [7.95, 27.725, 7.775],
			"to": [8, 27.975, 8.225],
			"rotation": {"angle": 0, "axis": "z", "origin": [8.25, 27.525, 8]},
			"faces": {
				"north": {"uv": [1, 1, 15, 15], "texture": "#551"},
				"east": {"uv": [1, 1, 15, 15], "texture": "#551"},
				"south": {"uv": [1, 1, 15, 15], "texture": "#551"},
				"west": {"uv": [1, 1, 15, 15], "texture": "#551"},
				"up": {"uv": [1, 1, 15, 15], "texture": "#551"},
				"down": {"uv": [1, 1, 15, 15], "texture": "#551"}
			}
		},
		{
			"from": [8.4, 28.7, 7.775],
			"to": [8.525, 29.025, 8.225],
			"rotation": {"angle": 0, "axis": "z", "origin": [8.875, 29.15, 8]},
			"faces": {
				"north": {"uv": [1, 1, 15, 15], "texture": "#551"},
				"east": {"uv": [1, 1, 15, 15], "texture": "#551"},
				"south": {"uv": [1, 1, 15, 15], "texture": "#551"},
				"west": {"uv": [1, 1, 15, 15], "texture": "#551"},
				"up": {"uv": [1, 1, 15, 15], "texture": "#551"},
				"down": {"uv": [1, 1, 15, 15], "texture": "#551"}
			}
		},
		{
			"from": [8.4, 29.025, 7.775],
			"to": [8.475, 29.525, 8.225],
			"rotation": {"angle": 0, "axis": "z", "origin": [8.875, 29.475, 8]},
			"faces": {
				"north": {"uv": [1, 1, 15, 15], "texture": "#551"},
				"east": {"uv": [1, 1, 15, 15], "texture": "#551"},
				"south": {"uv": [1, 1, 15, 15], "texture": "#551"},
				"west": {"uv": [1, 1, 15, 15], "texture": "#551"},
				"up": {"uv": [1, 1, 15, 15], "texture": "#551"},
				"down": {"uv": [1, 1, 15, 15], "texture": "#551"}
			}
		},
		{
			"from": [8.62, 19.41148, 7.975],
			"to": [9.445, 22.21148, 8.025],
			"rotation": {"angle": -45, "axis": "z", "origin": [9.1575, 20.36148, 8]},
			"faces": {
				"north": {"uv": [0, 0, 16, 16], "texture": "#391"},
				"east": {"uv": [0, 0, 16, 16], "texture": "#391"},
				"south": {"uv": [0, 0, 16, 16], "texture": "#391"},
				"west": {"uv": [0, 0, 16, 16], "texture": "#391"},
				"up": {"uv": [0, 0, 16, 15], "texture": "#391"},
				"down": {"uv": [0, 0, 16, 16], "texture": "#391"}
			}
		},
		{
			"from": [8.62, 26.66352, 7.975],
			"to": [9.445, 29.76352, 8.025],
			"rotation": {"angle": 45, "axis": "z", "origin": [9.1575, 28.51352, 8]},
			"faces": {
				"north": {"uv": [0, 16, 16, 0], "texture": "#391"},
				"east": {"uv": [0, 16, 16, 0], "texture": "#391"},
				"south": {"uv": [0, 16, 16, 0], "texture": "#391"},
				"west": {"uv": [0, 16, 16, 0], "texture": "#391"},
				"up": {"uv": [0, 16, 16, 0], "texture": "#391"},
				"down": {"uv": [0, 15, 16, 0], "texture": "#391"}
			}
		},
		{
			"from": [10.57, 21.46148, 7.975],
			"to": [11.395, 23.16148, 8.025],
			"rotation": {"angle": -22.5, "axis": "z", "origin": [11.1075, 23.31148, 8]},
			"faces": {
				"north": {"uv": [0, 0, 16, 16], "texture": "#391"},
				"east": {"uv": [0, 0, 16, 16], "texture": "#391"},
				"south": {"uv": [0, 0, 16, 16], "texture": "#391"},
				"west": {"uv": [0, 0, 16, 16], "texture": "#391"},
				"up": {"uv": [0, 0, 16, 15], "texture": "#391"},
				"down": {"uv": [0, 0, 16, 16], "texture": "#391"}
			}
		},
		{
			"from": [10.57, 25.71352, 7.975],
			"to": [11.395, 27.41352, 8.025],
			"rotation": {"angle": 22.5, "axis": "z", "origin": [11.1075, 25.56352, 8]},
			"faces": {
				"north": {"uv": [0, 16, 16, 0], "texture": "#391"},
				"east": {"uv": [0, 16, 16, 0], "texture": "#391"},
				"south": {"uv": [0, 16, 16, 0], "texture": "#391"},
				"west": {"uv": [0, 16, 16, 0], "texture": "#391"},
				"up": {"uv": [0, 16, 16, 0], "texture": "#391"},
				"down": {"uv": [0, 15, 16, 0], "texture": "#391"}
			}
		},
		{
			"from": [10.495, 23.08648, 7.975],
			"to": [11.32, 25.78648, 8.025],
			"rotation": {"angle": 0, "axis": "z", "origin": [11.0325, 24.93648, 8]},
			"faces": {
				"north": {"uv": [0, 0, 16, 16], "texture": "#391"},
				"east": {"uv": [0, 0, 16, 16], "texture": "#391"},
				"south": {"uv": [0, 0, 16, 16], "texture": "#391"},
				"west": {"uv": [0, 0, 16, 16], "texture": "#391"},
				"up": {"uv": [0, 0, 16, 15], "texture": "#391"},
				"down": {"uv": [0, 0, 16, 16], "texture": "#391"}
			}
		},
		{
			"from": [8.2, 26.2, 7.75],
			"to": [8.8, 27.7, 8.25],
			"rotation": {"angle": 0, "axis": "y", "origin": [8.6, 13.7, 8]},
			"faces": {
				"north": {"uv": [1, 1, 15, 15], "texture": "#551"},
				"east": {"uv": [1, 1, 15, 15], "texture": "#551"},
				"south": {"uv": [1, 1, 15, 15], "texture": "#551"},
				"west": {"uv": [1, 1, 15, 15], "texture": "#551"},
				"up": {"uv": [1, 1, 15, 15], "texture": "#551"},
				"down": {"uv": [1, 1, 15, 15], "texture": "#551"}
			}
		},
		{
			"from": [8.1, 24, 7.75],
			"to": [8.9, 26.2, 8.25],
			"rotation": {"angle": 0, "axis": "y", "origin": [8.6, 11.5, 8]},
			"faces": {
				"north": {"uv": [1, 1, 15, 15], "texture": "#551"},
				"east": {"uv": [1, 1, 15, 15], "texture": "#551"},
				"south": {"uv": [1, 1, 15, 15], "texture": "#551"},
				"west": {"uv": [1, 1, 15, 15], "texture": "#551"},
				"up": {"uv": [1, 1, 15, 15], "texture": "#551"},
				"down": {"uv": [1, 1, 15, 15], "texture": "#551"}
			}
		}
	],
	"gui_light": "front",
	"display": {
		"thirdperson_righthand": {
			"rotation": [0, 124.25, 0]
		},
		"firstperson_righthand": {
			"rotation": [0, 117.5, 0]
		},
		"ground": {
			"rotation": [0, 0, 27],
			"translation": [0, 7.5, 0]
		},
		"gui": {
			"rotation": [25, 16, 42],
			"translation": [1.5, -1.25, 0],
			"scale": [1.54, 0.58, 4]
		}
	}
}