{
	"credit": "Made with Blockbench",
	"texture_size": [32, 32],
	"textures": {
		"0": "block/ko_bunko",
		"particle": "block/ko_bunko"
	},
	"elements": [
		{
			"from": [7.3125, 0, 8.3125],
			"to": [8.1875, 4.5, 9.25],
			"faces": {
				"north": {"uv": [3, 0, 3.5, 2.5], "texture": "#0"},
				"east": {"uv": [2, 3.5, 2.5, 6], "texture": "#0"},
				"south": {"uv": [2.5, 3.5, 3, 6], "texture": "#0"},
				"west": {"uv": [3.5, 0, 4, 2.5], "texture": "#0"},
				"up": {"uv": [5, 4.5, 4.5, 4], "texture": "#0"},
				"down": {"uv": [6, 5, 5.5, 5.5], "texture": "#0"}
			}
		},
		{
			"from": [7.5, 4.5, 8],
			"to": [8, 9, 8.5],
			"faces": {
				"north": {"uv": [1, 4, 1.5, 6.5], "texture": "#0"},
				"east": {"uv": [1.5, 4, 2, 6.5], "texture": "#0"},
				"south": {"uv": [4, 4, 4.5, 6.5], "texture": "#0"},
				"west": {"uv": [4, 0, 4.5, 2.5], "texture": "#0"},
				"up": {"uv": [7, 6.5, 6.5, 6], "texture": "#0"},
				"down": {"uv": [8.5, 2, 8, 2.5], "texture": "#0"}
			}
		},
		{
			"from": [7.5, 4.5, 9],
			"to": [8, 9, 9.5],
			"faces": {
				"north": {"uv": [0, 4.5, 0.5, 7], "texture": "#0"},
				"east": {"uv": [0.5, 4.5, 1, 7], "texture": "#0"},
				"south": {"uv": [3, 4.5, 3.5, 7], "texture": "#0"},
				"west": {"uv": [3.5, 4.5, 4, 7], "texture": "#0"},
				"up": {"uv": [8.5, 3, 8, 2.5], "texture": "#0"},
				"down": {"uv": [8.5, 3, 8, 3.5], "texture": "#0"}
			}
		},
		{
			"from": [7, 9, 8],
			"to": [7.5, 12, 8.5],
			"faces": {
				"north": {"uv": [4, 2.5, 4.5, 4], "texture": "#0"},
				"east": {"uv": [4.5, 2.5, 5, 4], "texture": "#0"},
				"south": {"uv": [2, 6, 2.5, 7.5], "texture": "#0"},
				"west": {"uv": [2.5, 6, 3, 7.5], "texture": "#0"},
				"up": {"uv": [8.5, 4, 8, 3.5], "texture": "#0"},
				"down": {"uv": [8.5, 4, 8, 4.5], "texture": "#0"}
			}
		},
		{
			"from": [8, 9, 8],
			"to": [8.5, 12, 8.5],
			"faces": {
				"north": {"uv": [6, 6, 6.5, 7.5], "texture": "#0"},
				"east": {"uv": [6, 0, 6.5, 1.5], "texture": "#0"},
				"south": {"uv": [6, 1.5, 6.5, 3], "texture": "#0"},
				"west": {"uv": [6, 3, 6.5, 4.5], "texture": "#0"},
				"up": {"uv": [8.5, 5, 8, 4.5], "texture": "#0"},
				"down": {"uv": [8.5, 5, 8, 5.5], "texture": "#0"}
			}
		},
		{
			"from": [6.5, 12, 8],
			"to": [7, 14.5, 9.5],
			"faces": {
				"north": {"uv": [6, 4.5, 6.5, 6], "texture": "#0"},
				"east": {"uv": [0, 0, 1, 1.5], "texture": "#0"},
				"south": {"uv": [1, 6.5, 1.5, 8], "texture": "#0"},
				"west": {"uv": [1, 1, 2, 2.5], "texture": "#0"},
				"up": {"uv": [1.5, 1, 1, 0], "texture": "#0"},
				"down": {"uv": [2, 0, 1.5, 1], "texture": "#0"}
			}
		},
		{
			"from": [8.5, 12, 8],
			"to": [9, 14.5, 9.5],
			"faces": {
				"north": {"uv": [1.5, 6.5, 2, 8], "texture": "#0"},
				"east": {"uv": [0, 1.5, 1, 3], "texture": "#0"},
				"south": {"uv": [4, 6.5, 4.5, 8], "texture": "#0"},
				"west": {"uv": [2, 2, 3, 3.5], "texture": "#0"},
				"up": {"uv": [7.5, 7, 7, 6], "texture": "#0"},
				"down": {"uv": [6, 8, 5.5, 9], "texture": "#0"}
			}
		},
		{
			"from": [7, 14.5, 8],
			"to": [7.5, 15.5, 8.5],
			"faces": {
				"north": {"uv": [8, 5.5, 8.5, 6], "texture": "#0"},
				"east": {"uv": [8, 6, 8.5, 6.5], "texture": "#0"},
				"south": {"uv": [8, 6.5, 8.5, 7], "texture": "#0"},
				"west": {"uv": [8, 7, 8.5, 7.5], "texture": "#0"},
				"up": {"uv": [8.5, 8, 8, 7.5], "texture": "#0"},
				"down": {"uv": [0.5, 8.5, 0, 9], "texture": "#0"}
			}
		},
		{
			"from": [8, 14.5, 8],
			"to": [8.5, 15.5, 8.5],
			"faces": {
				"north": {"uv": [0.5, 8.5, 1, 9], "texture": "#0"},
				"east": {"uv": [3, 8.5, 3.5, 9], "texture": "#0"},
				"south": {"uv": [3.5, 8.5, 4, 9], "texture": "#0"},
				"west": {"uv": [4.5, 8.5, 5, 9], "texture": "#0"},
				"up": {"uv": [7.5, 9, 7, 8.5], "texture": "#0"},
				"down": {"uv": [9, 8.5, 8.5, 9], "texture": "#0"}
			}
		},
		{
			"from": [7.5, 15.5, 8],
			"to": [8, 16, 9.5],
			"faces": {
				"north": {"uv": [8.5, 2, 9, 2.5], "texture": "#0"},
				"east": {"uv": [2, 1.5, 3, 2], "texture": "#0"},
				"south": {"uv": [8.5, 2.5, 9, 3], "texture": "#0"},
				"west": {"uv": [3, 2.5, 4, 3], "texture": "#0"},
				"up": {"uv": [7, 9, 6.5, 8], "texture": "#0"},
				"down": {"uv": [8.5, 8, 8, 9], "texture": "#0"}
			}
		},
		{
			"from": [7, 4.5, 8.5],
			"to": [7.5, 9, 9],
			"faces": {
				"north": {"uv": [4.5, 4.5, 5, 7], "texture": "#0"},
				"east": {"uv": [4.5, 0, 5, 2.5], "texture": "#0"},
				"south": {"uv": [5, 5, 5.5, 7.5], "texture": "#0"},
				"west": {"uv": [5, 0, 5.5, 2.5], "texture": "#0"},
				"up": {"uv": [9, 3.5, 8.5, 3], "texture": "#0"},
				"down": {"uv": [9, 3.5, 8.5, 4], "texture": "#0"}
			}
		},
		{
			"from": [8, 4.5, 8.5],
			"to": [8.5, 9, 9],
			"faces": {
				"north": {"uv": [5, 2.5, 5.5, 5], "texture": "#0"},
				"east": {"uv": [5.5, 5.5, 6, 8], "texture": "#0"},
				"south": {"uv": [5.5, 0, 6, 2.5], "texture": "#0"},
				"west": {"uv": [5.5, 2.5, 6, 5], "texture": "#0"},
				"up": {"uv": [9, 4.5, 8.5, 4], "texture": "#0"},
				"down": {"uv": [9, 4.5, 8.5, 5], "texture": "#0"}
			}
		},
		{
			"from": [7, 9, 9],
			"to": [7.5, 12, 9.5],
			"faces": {
				"north": {"uv": [6.5, 6.5, 7, 8], "texture": "#0"},
				"east": {"uv": [6.5, 0, 7, 1.5], "texture": "#0"},
				"south": {"uv": [6.5, 1.5, 7, 3], "texture": "#0"},
				"west": {"uv": [6.5, 3, 7, 4.5], "texture": "#0"},
				"up": {"uv": [9, 5.5, 8.5, 5], "texture": "#0"},
				"down": {"uv": [9, 5.5, 8.5, 6], "texture": "#0"}
			}
		},
		{
			"from": [8, 9, 9],
			"to": [8.5, 12, 9.5],
			"faces": {
				"north": {"uv": [6.5, 4.5, 7, 6], "texture": "#0"},
				"east": {"uv": [0, 7, 0.5, 8.5], "texture": "#0"},
				"south": {"uv": [0.5, 7, 1, 8.5], "texture": "#0"},
				"west": {"uv": [3, 7, 3.5, 8.5], "texture": "#0"},
				"up": {"uv": [9, 6.5, 8.5, 6], "texture": "#0"},
				"down": {"uv": [9, 6.5, 8.5, 7], "texture": "#0"}
			}
		},
		{
			"from": [6.5, 9, 8.5],
			"to": [7, 12, 9],
			"faces": {
				"north": {"uv": [3.5, 7, 4, 8.5], "texture": "#0"},
				"east": {"uv": [4.5, 7, 5, 8.5], "texture": "#0"},
				"south": {"uv": [7, 7, 7.5, 8.5], "texture": "#0"},
				"west": {"uv": [7, 0, 7.5, 1.5], "texture": "#0"},
				"up": {"uv": [9, 7.5, 8.5, 7], "texture": "#0"},
				"down": {"uv": [9, 7.5, 8.5, 8], "texture": "#0"}
			}
		},
		{
			"from": [7.5, 9, 7.5],
			"to": [8, 12, 8],
			"faces": {
				"north": {"uv": [7, 1.5, 7.5, 3], "texture": "#0"},
				"east": {"uv": [7, 3, 7.5, 4.5], "texture": "#0"},
				"south": {"uv": [7, 4.5, 7.5, 6], "texture": "#0"},
				"west": {"uv": [2, 7.5, 2.5, 9], "texture": "#0"},
				"up": {"uv": [9, 8.5, 8.5, 8], "texture": "#0"},
				"down": {"uv": [0.5, 9, 0, 9.5], "texture": "#0"}
			}
		},
		{
			"from": [8.5, 9, 8.5],
			"to": [9, 12, 9],
			"faces": {
				"north": {"uv": [2.5, 7.5, 3, 9], "texture": "#0"},
				"east": {"uv": [5, 7.5, 5.5, 9], "texture": "#0"},
				"south": {"uv": [6, 7.5, 6.5, 9], "texture": "#0"},
				"west": {"uv": [7.5, 7.5, 8, 9], "texture": "#0"},
				"up": {"uv": [1, 9.5, 0.5, 9], "texture": "#0"},
				"down": {"uv": [2.5, 9, 2, 9.5], "texture": "#0"}
			}
		},
		{
			"from": [7.5, 9, 9.5],
			"to": [8, 12, 10],
			"faces": {
				"north": {"uv": [7.5, 0, 8, 1.5], "texture": "#0"},
				"east": {"uv": [7.5, 1.5, 8, 3], "texture": "#0"},
				"south": {"uv": [7.5, 3, 8, 4.5], "texture": "#0"},
				"west": {"uv": [7.5, 4.5, 8, 6], "texture": "#0"},
				"up": {"uv": [3, 9.5, 2.5, 9], "texture": "#0"},
				"down": {"uv": [3.5, 9, 3, 9.5], "texture": "#0"}
			}
		},
		{
			"from": [7, 12, 7.5],
			"to": [8.5, 14.5, 8],
			"faces": {
				"north": {"uv": [2, 0, 3, 1.5], "texture": "#0"},
				"east": {"uv": [7.5, 6, 8, 7.5], "texture": "#0"},
				"south": {"uv": [1, 2.5, 2, 4], "texture": "#0"},
				"west": {"uv": [1, 8, 1.5, 9.5], "texture": "#0"},
				"up": {"uv": [9, 0.5, 8, 0], "texture": "#0"},
				"down": {"uv": [9, 0.5, 8, 1], "texture": "#0"}
			}
		},
		{
			"from": [7, 12, 9.5],
			"to": [8.5, 14.5, 10],
			"faces": {
				"north": {"uv": [0, 3, 1, 4.5], "texture": "#0"},
				"east": {"uv": [1.5, 8, 2, 9.5], "texture": "#0"},
				"south": {"uv": [3, 3, 4, 4.5], "texture": "#0"},
				"west": {"uv": [4, 8, 4.5, 9.5], "texture": "#0"},
				"up": {"uv": [9, 1.5, 8, 1], "texture": "#0"},
				"down": {"uv": [9, 1.5, 8, 2], "texture": "#0"}
			}
		},
		{
			"from": [7.5, 14.5, 7.5],
			"to": [8, 15.5, 8],
			"faces": {
				"north": {"uv": [3.5, 9, 4, 9.5], "texture": "#0"},
				"east": {"uv": [4.5, 9, 5, 9.5], "texture": "#0"},
				"south": {"uv": [5, 9, 5.5, 9.5], "texture": "#0"},
				"west": {"uv": [5.5, 9, 6, 9.5], "texture": "#0"},
				"up": {"uv": [6.5, 9.5, 6, 9], "texture": "#0"},
				"down": {"uv": [7, 9, 6.5, 9.5], "texture": "#0"}
			}
		},
		{
			"from": [6.5, 14.5, 8.5],
			"to": [7, 15.5, 9],
			"faces": {
				"north": {"uv": [7, 9, 7.5, 9.5], "texture": "#0"},
				"east": {"uv": [7.5, 9, 8, 9.5], "texture": "#0"},
				"south": {"uv": [8, 9, 8.5, 9.5], "texture": "#0"},
				"west": {"uv": [8.5, 9, 9, 9.5], "texture": "#0"},
				"up": {"uv": [9.5, 9.5, 9, 9], "texture": "#0"},
				"down": {"uv": [9.5, 0, 9, 0.5], "texture": "#0"}
			}
		},
		{
			"from": [7, 14.5, 9],
			"to": [7.5, 15.5, 9.5],
			"faces": {
				"north": {"uv": [9, 0.5, 9.5, 1], "texture": "#0"},
				"east": {"uv": [9, 1, 9.5, 1.5], "texture": "#0"},
				"south": {"uv": [9, 1.5, 9.5, 2], "texture": "#0"},
				"west": {"uv": [9, 2, 9.5, 2.5], "texture": "#0"},
				"up": {"uv": [9.5, 3, 9, 2.5], "texture": "#0"},
				"down": {"uv": [9.5, 3, 9, 3.5], "texture": "#0"}
			}
		},
		{
			"from": [7.5, 14.5, 9.5],
			"to": [8, 15.5, 10],
			"faces": {
				"north": {"uv": [9, 3.5, 9.5, 4], "texture": "#0"},
				"east": {"uv": [9, 4, 9.5, 4.5], "texture": "#0"},
				"south": {"uv": [9, 4.5, 9.5, 5], "texture": "#0"},
				"west": {"uv": [9, 5, 9.5, 5.5], "texture": "#0"},
				"up": {"uv": [9.5, 6, 9, 5.5], "texture": "#0"},
				"down": {"uv": [9.5, 6, 9, 6.5], "texture": "#0"}
			}
		},
		{
			"from": [8, 14.5, 9],
			"to": [8.5, 15.5, 9.5],
			"faces": {
				"north": {"uv": [9, 6.5, 9.5, 7], "texture": "#0"},
				"east": {"uv": [9, 7, 9.5, 7.5], "texture": "#0"},
				"south": {"uv": [9, 7.5, 9.5, 8], "texture": "#0"},
				"west": {"uv": [9, 8, 9.5, 8.5], "texture": "#0"},
				"up": {"uv": [9.5, 9, 9, 8.5], "texture": "#0"},
				"down": {"uv": [0.5, 9.5, 0, 10], "texture": "#0"}
			}
		},
		{
			"from": [8.5, 14.5, 8.5],
			"to": [9, 15.5, 9],
			"faces": {
				"north": {"uv": [0.5, 9.5, 1, 10], "texture": "#0"},
				"east": {"uv": [1, 9.5, 1.5, 10], "texture": "#0"},
				"south": {"uv": [1.5, 9.5, 2, 10], "texture": "#0"},
				"west": {"uv": [2, 9.5, 2.5, 10], "texture": "#0"},
				"up": {"uv": [3, 10, 2.5, 9.5], "texture": "#0"},
				"down": {"uv": [3.5, 9.5, 3, 10], "texture": "#0"}
			}
		},
		{
			"from": [7, 15, 8.5],
			"to": [7.5, 16, 9],
			"faces": {
				"north": {"uv": [3.5, 9.5, 4, 10], "texture": "#0"},
				"east": {"uv": [4, 9.5, 4.5, 10], "texture": "#0"},
				"south": {"uv": [4.5, 9.5, 5, 10], "texture": "#0"},
				"west": {"uv": [5, 9.5, 5.5, 10], "texture": "#0"},
				"up": {"uv": [6, 10, 5.5, 9.5], "texture": "#0"},
				"down": {"uv": [6.5, 9.5, 6, 10], "texture": "#0"}
			}
		},
		{
			"from": [8, 15.5, 8.5],
			"to": [8.5, 16, 9],
			"faces": {
				"north": {"uv": [6.5, 9.5, 7, 10], "texture": "#0"},
				"east": {"uv": [7, 9.5, 7.5, 10], "texture": "#0"},
				"south": {"uv": [7.5, 9.5, 8, 10], "texture": "#0"},
				"west": {"uv": [8, 9.5, 8.5, 10], "texture": "#0"},
				"up": {"uv": [9, 10, 8.5, 9.5], "texture": "#0"},
				"down": {"uv": [9.5, 9.5, 9, 10], "texture": "#0"}
			}
		}
	],
	"gui_light": "front",
	"display": {
		"thirdperson_righthand": {
			"translation": [0, 4.72, 0.76],
			"scale": [1.01, 1, 1]
		},
		"thirdperson_lefthand": {
			"translation": [0, 5.1, 1.13],
			"scale": [1.42, 1, 1]
		},
		"firstperson_righthand": {
			"rotation": [-10, 15, 0],
			"translation": [0, 4.72, -0.38]
		},
		"firstperson_lefthand": {
			"rotation": [-10, 15, 0],
			"translation": [0, 4.72, -1.13]
		},
		"ground": {
			"rotation": [0, 0, 64]
		},
		"gui": {
			"rotation": [0, 0, 47],
			"translation": [0, 0, -1],
			"scale": [1.4, 1.4, 1.4]
		},
		"fixed": {
			"rotation": [0, 0, 44.25],
			"translation": [0, 0, -1],
			"scale": [1.53, 1.53, 1.53]
		}
	}
}