{
	"credit": "Made with Blockbench",
	"texture_size": [32, 32],
	"textures": {
		"0": "block/acel_balta",
		"particle": "block/acel_balta"
	},
	"elements": [
		{
			"from": [7, 6, -3],
			"to": [8, 7, 18.4],
			"rotation": {"angle": 0, "axis": "y", "origin": [7.5, 6.5, 8]},
			"faces": {
				"north": {"uv": [2.5, 2, 3, 2.5], "texture": "#0"},
				"east": {"uv": [0, 0, 10.5, 0.5], "texture": "#0"},
				"south": {"uv": [3, 2, 3.5, 2.5], "texture": "#0"},
				"west": {"uv": [0, 0.5, 10.5, 1], "texture": "#0"},
				"up": {"uv": [0.5, 11.5, 0, 1], "texture": "#0"},
				"down": {"uv": [1, 1, 0.5, 11.5], "texture": "#0"}
			}
		},
		{
			"from": [6.5, 5.5, 10],
			"to": [8.5, 7.5, 13],
			"rotation": {"angle": 0, "axis": "y", "origin": [7.5, 6.5, 10]},
			"faces": {
				"north": {"uv": [9.5, 2, 10.5, 3], "texture": "#0"},
				"east": {"uv": [1, 4, 2.5, 5], "texture": "#0"},
				"south": {"uv": [9.5, 4.5, 10.5, 5.5], "texture": "#0"},
				"west": {"uv": [8, 4.5, 9.5, 5.5], "texture": "#0"},
				"up": {"uv": [6, 10, 5, 8.5], "texture": "#0"},
				"down": {"uv": [7, 8.5, 6, 10], "texture": "#0"}
			}
		},
		{
			"from": [6.5, 5.5, -5],
			"to": [8.5, 7.5, -3],
			"rotation": {"angle": 0, "axis": "y", "origin": [7.5, 6.5, -6]},
			"faces": {
				"north": {"uv": [9.5, 7, 10.5, 8], "texture": "#0"},
				"east": {"uv": [9.5, 8.5, 10.5, 9.5], "texture": "#0"},
				"south": {"uv": [6, 10, 7, 11], "texture": "#0"},
				"west": {"uv": [10, 10, 11, 11], "texture": "#0"},
				"up": {"uv": [11, 2, 10, 1], "texture": "#0"},
				"down": {"uv": [11.5, 0, 10.5, 1], "texture": "#0"}
			}
		},
		{
			"from": [6.75, 5.75, 5],
			"to": [8.25, 7.25, 10],
			"rotation": {"angle": 0, "axis": "y", "origin": [7.5, 6.5, 7]},
			"faces": {
				"north": {"uv": [10.5, 2, 11.5, 3], "texture": "#0"},
				"east": {"uv": [7, 7, 9.5, 8], "texture": "#0"},
				"south": {"uv": [10.5, 4.5, 11.5, 5.5], "texture": "#0"},
				"west": {"uv": [7, 2, 9.5, 3], "texture": "#0"},
				"up": {"uv": [8, 5.5, 7, 3], "texture": "#0"},
				"down": {"uv": [2, 7.5, 1, 10], "texture": "#0"}
			}
		},
		{
			"from": [6.75, 5.75, -3],
			"to": [8.25, 7.25, -1],
			"rotation": {"angle": 0, "axis": "y", "origin": [7.5, 6.5, -4]},
			"faces": {
				"north": {"uv": [10.5, 7, 11.5, 8], "texture": "#0"},
				"east": {"uv": [10.5, 8.5, 11.5, 9.5], "texture": "#0"},
				"south": {"uv": [6, 11, 7, 12], "texture": "#0"},
				"west": {"uv": [10, 11, 11, 12], "texture": "#0"},
				"up": {"uv": [12, 12, 11, 11], "texture": "#0"},
				"down": {"uv": [12, 1, 11, 2], "texture": "#0"}
			}
		},
		{
			"from": [5.6, 5.3, 12.4],
			"to": [8.4, 7.7, 18],
			"rotation": {"angle": 0, "axis": "y", "origin": [12.8, 12.5, 24.4]},
			"faces": {
				"north": {"uv": [8, 8.5, 9.5, 9.5], "texture": "#0"},
				"east": {"uv": [2.5, 1, 5.5, 2], "texture": "#0"},
				"south": {"uv": [8.5, 1, 10, 2], "texture": "#0"},
				"west": {"uv": [4, 4, 7, 5], "texture": "#0"},
				"up": {"uv": [2.5, 4, 1, 1], "texture": "#0"},
				"down": {"uv": [4, 2.5, 2.5, 5.5], "texture": "#0"}
			}
		},
		{
			"from": [8.4, 5.3, 12],
			"to": [8.8, 7.7, 18.4],
			"rotation": {"angle": 0, "axis": "y", "origin": [16, 12.5, 24.4]},
			"faces": {
				"north": {"uv": [11, 5.5, 11.5, 6.5], "texture": "#0"},
				"east": {"uv": [4, 2, 7, 3], "texture": "#0"},
				"south": {"uv": [11, 9.5, 11.5, 10.5], "texture": "#0"},
				"west": {"uv": [4, 3, 7, 4], "texture": "#0"},
				"up": {"uv": [8.5, 12.5, 8, 9.5], "texture": "#0"},
				"down": {"uv": [9, 9.5, 8.5, 12.5], "texture": "#0"}
			}
		},
		{
			"from": [8.8, 5.7, 12.4],
			"to": [9.2, 7.3, 18],
			"rotation": {"angle": 0, "axis": "y", "origin": [16.4, 12.5, 24.4]},
			"faces": {
				"north": {"uv": [0, 11.5, 0.5, 12.5], "texture": "#0"},
				"east": {"uv": [4, 5, 7, 6], "texture": "#0"},
				"south": {"uv": [0.5, 11.5, 1, 12.5], "texture": "#0"},
				"west": {"uv": [1, 5.5, 4, 6.5], "texture": "#0"},
				"up": {"uv": [9.5, 12.5, 9, 9.5], "texture": "#0"},
				"down": {"uv": [10, 9.5, 9.5, 12.5], "texture": "#0"}
			}
		},
		{
			"from": [4, 5.7, 12],
			"to": [4.8, 7.3, 18.4],
			"rotation": {"angle": 0, "axis": "y", "origin": [8, 12.5, 24.4]},
			"faces": {
				"north": {"uv": [2, 11.5, 2.5, 12.5], "texture": "#0"},
				"east": {"uv": [5.5, 1, 8.5, 2], "texture": "#0"},
				"south": {"uv": [2.5, 11.5, 3, 12.5], "texture": "#0"},
				"west": {"uv": [4, 6, 7, 7], "texture": "#0"},
				"up": {"uv": [1.5, 13, 1, 10], "texture": "#0"},
				"down": {"uv": [2, 10, 1.5, 13], "texture": "#0"}
			}
		},
		{
			"from": [3.2, 5.9, 11.8],
			"to": [4, 7.1, 18.6],
			"rotation": {"angle": 0, "axis": "y", "origin": [7.2, 12.5, 24.4]},
			"faces": {
				"north": {"uv": [3.5, 2, 4, 2.5], "texture": "#0"},
				"east": {"uv": [8, 8, 11.5, 8.5], "texture": "#0"},
				"south": {"uv": [1, 5, 1.5, 5.5], "texture": "#0"},
				"west": {"uv": [8, 3, 11.5, 3.5], "texture": "#0"},
				"up": {"uv": [3.5, 12, 3, 8.5], "texture": "#0"},
				"down": {"uv": [4, 8.5, 3.5, 12], "texture": "#0"}
			}
		},
		{
			"from": [4.8, 5.5, 12.2],
			"to": [5.6, 7.5, 18.2],
			"rotation": {"angle": 0, "axis": "y", "origin": [8.8, 12.5, 24.4]},
			"faces": {
				"north": {"uv": [11.5, 0, 12, 1], "texture": "#0"},
				"east": {"uv": [1, 6.5, 4, 7.5], "texture": "#0"},
				"south": {"uv": [11.5, 2, 12, 3], "texture": "#0"},
				"west": {"uv": [4, 7, 7, 8], "texture": "#0"},
				"up": {"uv": [5.5, 13, 5, 10], "texture": "#0"},
				"down": {"uv": [6, 10, 5.5, 13], "texture": "#0"}
			}
		},
		{
			"from": [2.4, 6.1, 11.6],
			"to": [3.2, 6.9, 18.8],
			"rotation": {"angle": 0, "axis": "y", "origin": [6.4, 12.5, 24.4]},
			"faces": {
				"north": {"uv": [1.5, 5, 2, 5.5], "texture": "#0"},
				"east": {"uv": [8, 3.5, 11.5, 4], "texture": "#0"},
				"south": {"uv": [2, 5, 2.5, 5.5], "texture": "#0"},
				"west": {"uv": [8, 4, 11.5, 4.5], "texture": "#0"},
				"up": {"uv": [4.5, 12, 4, 8.5], "texture": "#0"},
				"down": {"uv": [5, 8.5, 4.5, 12], "texture": "#0"}
			}
		},
		{
			"from": [1.6, 6.3, 11.4],
			"to": [2.4, 6.7, 19],
			"rotation": {"angle": 0, "axis": "y", "origin": [5.6, 12.5, 24.4]},
			"faces": {
				"north": {"uv": [3, 7.5, 3.5, 8], "texture": "#0"},
				"east": {"uv": [7, 5.5, 11, 6], "texture": "#0"},
				"south": {"uv": [3.5, 7.5, 4, 8], "texture": "#0"},
				"west": {"uv": [7, 6, 11, 6.5], "texture": "#0"},
				"up": {"uv": [2.5, 11.5, 2, 7.5], "texture": "#0"},
				"down": {"uv": [3, 7.5, 2.5, 11.5], "texture": "#0"}
			}
		},
		{
			"from": [0.8, 6.46, 11.2],
			"to": [1.6, 6.62, 19.2],
			"rotation": {"angle": 0, "axis": "y", "origin": [4.8, 12.5, 24.4]},
			"faces": {
				"north": {"uv": [10, 9.5, 10.5, 10], "texture": "#0"},
				"east": {"uv": [7, 6.5, 11, 7], "texture": "#0"},
				"south": {"uv": [10.5, 9.5, 11, 10], "texture": "#0"},
				"west": {"uv": [3, 8, 7, 8.5], "texture": "#0"},
				"up": {"uv": [7.5, 12, 7, 8], "texture": "#0"},
				"down": {"uv": [8, 8, 7.5, 12], "texture": "#0"}
			}
		}
	],
	"gui_light": "front",
	"display": {
		"thirdperson_righthand": {
			"rotation": [-90.5, 0, -66],
			"translation": [1.5, 5, 1]
		},
		"thirdperson_lefthand": {
			"rotation": [-90.5, 0, 111],
			"translation": [-1.5, 4.5, 2]
		},
		"firstperson_righthand": {
			"rotation": [-90.5, 0, -75],
			"translation": [3, 4.25, 1]
		},
		"firstperson_lefthand": {
			"rotation": [-90.5, 0, 82],
			"translation": [1.5, 5, 1]
		},
		"gui": {
			"rotation": [96, -141, -180],
			"translation": [1.25, 1.25, -2.75],
			"scale": [0.82, 0.82, 0.82]
		},
		"head": {
			"rotation": [28, 33, 77],
			"translation": [-4.75, 10.75, -4.25]
		},
		"fixed": {
			"rotation": [-90, -45, -1],
			"translation": [1.25, 1.75, -2.75]
		}
	},
	"groups": [
		{
			"name": "acel_balta",
			"origin": [8, 8, 8],
			"children": [0, 1, 2, 3, 4, 5, 6, 7, 8, 9, 10, 11, 12, 13]
		}
	]
}