{
	"credit": "Made with Blockbench",
	"textures": {
		"13": "block/andesite",
		"14": "block/anvil",
		"65": "block/blast_furnace_top",
		"154": "block/composter_side",
		"177": "block/dark_oak_log",
		"259": "block/furnace_side",
		"306": "block/horn_coral_block",
		"particle": "block/acacia_door_bottom"
	},
	"elements": [
		{
			"from": [7.65, 10.5, 7.65],
			"to": [8.35, 13.5, 8.35],
			"rotation": {"angle": 0, "axis": "y", "origin": [8, -13.5, 8]},
			"faces": {
				"north": {"uv": [0, 0, 16, 16], "texture": "#177"},
				"east": {"uv": [0, 0, 16, 16], "texture": "#177"},
				"south": {"uv": [0, 0, 16, 16], "texture": "#177"},
				"west": {"uv": [0, 0, 16, 16], "texture": "#177"},
				"up": {"uv": [0, 0, 16, 16], "texture": "#177"},
				"down": {"uv": [0, 0, 16, 16], "texture": "#177"}
			}
		},
		{
			"from": [7.75, 7.5, 7.75],
			"to": [8.25, 10.5, 8.25],
			"rotation": {"angle": 0, "axis": "y", "origin": [8, -16.5, 8]},
			"faces": {
				"north": {"uv": [0, 0, 16, 16], "texture": "#154"},
				"east": {"uv": [0, 0, 16, 16], "texture": "#154"},
				"south": {"uv": [0, 0, 16, 16], "texture": "#154"},
				"west": {"uv": [0, 0, 16, 16], "texture": "#154"},
				"up": {"uv": [0, 0, 16, 16], "texture": "#154"},
				"down": {"uv": [0, 0, 16, 16], "texture": "#154"}
			}
		},
		{
			"from": [7.75, 2.5, 7.75],
			"to": [8.25, 5.5, 8.25],
			"rotation": {"angle": 0, "axis": "y", "origin": [8, -21.5, 8]},
			"faces": {
				"north": {"uv": [0, 0, 16, 16], "texture": "#154"},
				"east": {"uv": [0, 0, 16, 16], "texture": "#154"},
				"south": {"uv": [0, 0, 16, 16], "texture": "#154"},
				"west": {"uv": [0, 0, 16, 16], "texture": "#154"},
				"up": {"uv": [0, 0, 16, 16], "texture": "#154"},
				"down": {"uv": [0, 0, 16, 16], "texture": "#154"}
			}
		},
		{
			"from": [7.8, 5.5, 7.825],
			"to": [8.2, 7.5, 8.2],
			"rotation": {"angle": 0, "axis": "y", "origin": [8, -19.5, 8]},
			"faces": {
				"north": {"uv": [0, 0, 16, 16], "texture": "#154"},
				"east": {"uv": [0, 0, 16, 16], "texture": "#154"},
				"south": {"uv": [0, 0, 16, 16], "texture": "#154"},
				"west": {"uv": [0, 0, 16, 16], "texture": "#154"},
				"up": {"uv": [0, 0, 16, 16], "texture": "#154"},
				"down": {"uv": [0, 0, 16, 16], "texture": "#154"}
			}
		},
		{
			"from": [7.65, -3.5, 7.65],
			"to": [8.35, 2.5, 8.35],
			"rotation": {"angle": 0, "axis": "y", "origin": [8, -13.5, 8]},
			"faces": {
				"north": {"uv": [0, 0, 16, 16], "texture": "#177"},
				"east": {"uv": [0, 0, 16, 16], "texture": "#177"},
				"south": {"uv": [0, 0, 16, 16], "texture": "#177"},
				"west": {"uv": [0, 0, 16, 16], "texture": "#177"},
				"up": {"uv": [0, 0, 16, 16], "texture": "#177"},
				"down": {"uv": [0, 0, 16, 16], "texture": "#177"}
			}
		},
		{
			"from": [7.55, 1.3, 7.55],
			"to": [8.45, 1.5, 8.45],
			"rotation": {"angle": 0, "axis": "y", "origin": [8, -13.5, 8]},
			"faces": {
				"north": {"uv": [0, 0, 16, 16], "texture": "#306"},
				"east": {"uv": [0, 0, 16, 16], "texture": "#306"},
				"south": {"uv": [0, 0, 16, 16], "texture": "#306"},
				"west": {"uv": [0, 0, 16, 16], "texture": "#306"},
				"up": {"uv": [0, 0, 16, 16], "texture": "#306"},
				"down": {"uv": [0, 0, 16, 16], "texture": "#306"}
			}
		},
		{
			"from": [7.55, 12.3, 7.55],
			"to": [8.45, 12.5, 8.45],
			"rotation": {"angle": 0, "axis": "y", "origin": [8, -2.5, 8]},
			"faces": {
				"north": {"uv": [0, 0, 16, 16], "texture": "#306"},
				"east": {"uv": [0, 0, 16, 16], "texture": "#306"},
				"south": {"uv": [0, 0, 16, 16], "texture": "#306"},
				"west": {"uv": [0, 0, 16, 16], "texture": "#306"},
				"up": {"uv": [0, 0, 16, 16], "texture": "#306"},
				"down": {"uv": [0, 0, 16, 16], "texture": "#306"}
			}
		},
		{
			"from": [7.55, -2.7, 7.55],
			"to": [8.45, -2.5, 8.45],
			"rotation": {"angle": 0, "axis": "y", "origin": [8, -17.5, 8]},
			"faces": {
				"north": {"uv": [0, 0, 16, 16], "texture": "#306"},
				"east": {"uv": [0, 0, 16, 16], "texture": "#306"},
				"south": {"uv": [0, 0, 16, 16], "texture": "#306"},
				"west": {"uv": [0, 0, 16, 16], "texture": "#306"},
				"up": {"uv": [0, 0, 16, 16], "texture": "#306"},
				"down": {"uv": [0, 0, 16, 16], "texture": "#306"}
			}
		},
		{
			"from": [7.55, -0.7, 7.55],
			"to": [8.45, -0.5, 8.45],
			"rotation": {"angle": 0, "axis": "y", "origin": [8, -15.5, 8]},
			"faces": {
				"north": {"uv": [0, 0, 16, 16], "texture": "#306"},
				"east": {"uv": [0, 0, 16, 16], "texture": "#306"},
				"south": {"uv": [0, 0, 16, 16], "texture": "#306"},
				"west": {"uv": [0, 0, 16, 16], "texture": "#306"},
				"up": {"uv": [0, 0, 16, 16], "texture": "#306"},
				"down": {"uv": [0, 0, 16, 16], "texture": "#306"}
			}
		},
		{
			"from": [7.75, 13.5, 7.75],
			"to": [8.25, 16.5, 8.25],
			"rotation": {"angle": 0, "axis": "y", "origin": [8, -13.5, 8]},
			"faces": {
				"north": {"uv": [0, 0, 16, 16], "texture": "#177"},
				"east": {"uv": [0, 0, 16, 16], "texture": "#177"},
				"south": {"uv": [0, 0, 16, 16], "texture": "#177"},
				"west": {"uv": [0, 0, 16, 16], "texture": "#177"},
				"up": {"uv": [0, 0, 16, 16], "texture": "#177"},
				"down": {"uv": [0, 0, 16, 16], "texture": "#177"}
			}
		},
		{
			"from": [7.75, 13.225, 9.925],
			"to": [8.25, 17.725, 10.425],
			"rotation": {"angle": 0, "axis": "y", "origin": [8, -13.5, 10.175]},
			"faces": {
				"north": {"uv": [0, 0, 16, 16], "texture": "#65"},
				"east": {"uv": [0, 0, 16, 16], "texture": "#65"},
				"south": {"uv": [0, 0, 16, 16], "texture": "#65"},
				"west": {"uv": [0, 0, 16, 16], "texture": "#65"},
				"up": {"uv": [0, 0, 16, 16], "texture": "#65"},
				"down": {"uv": [0, 0, 16, 16], "texture": "#65"}
			}
		},
		{
			"from": [7.75, 13.225, 5.55],
			"to": [8.25, 17.725, 6.05],
			"rotation": {"angle": 0, "axis": "y", "origin": [8, -13.5, 5.8]},
			"faces": {
				"north": {"uv": [0, 0, 16, 16], "texture": "#65"},
				"east": {"uv": [0, 0, 16, 16], "texture": "#65"},
				"south": {"uv": [0, 0, 16, 16], "texture": "#65"},
				"west": {"uv": [0, 0, 16, 16], "texture": "#65"},
				"up": {"uv": [0, 0, 16, 16], "texture": "#65"},
				"down": {"uv": [0, 0, 16, 16], "texture": "#65"}
			}
		},
		{
			"from": [7.975, 13.225, 11.925],
			"to": [8.025, 17.725, 12.425],
			"rotation": {"angle": 0, "axis": "y", "origin": [8, -13.5, 12.175]},
			"faces": {
				"north": {"uv": [0, 0, 0.5, 4.5], "texture": "#259"},
				"east": {"uv": [3, 9, 14, 14], "texture": "#259"},
				"south": {"uv": [0, 0, 0.5, 4.5], "texture": "#259"},
				"west": {"uv": [2, 9, 12, 14], "texture": "#259"},
				"up": {"uv": [0, 0, 0.5, 4.5], "texture": "#259"},
				"down": {"uv": [0, 0, 0.5, 4.5], "texture": "#259"}
			}
		},
		{
			"from": [7.975, 13.225, 3.55],
			"to": [8.025, 17.725, 4.05],
			"rotation": {"angle": 0, "axis": "y", "origin": [8, -13.5, 3.8]},
			"faces": {
				"north": {"uv": [0.5, 0, 1, 4.5], "texture": "#259"},
				"east": {"uv": [3, 9, 14, 14], "texture": "#259"},
				"south": {"uv": [0.5, 0, 1, 4.5], "texture": "#259"},
				"west": {"uv": [4, 9, 12, 14], "texture": "#259"},
				"up": {"uv": [0.5, 0, 1, 4.5], "texture": "#259"},
				"down": {"uv": [0.5, 0, 1, 4.5], "texture": "#259"}
			}
		},
		{
			"from": [7.9, 13.55, 11.575],
			"to": [8.1, 17.375, 12.075],
			"rotation": {"angle": 0, "axis": "y", "origin": [8, -13.5, 11.825]},
			"faces": {
				"north": {"uv": [0, 0, 0.5, 3.825], "texture": "#259"},
				"east": {"uv": [14, 9, 15, 14], "texture": "#259"},
				"south": {"uv": [0, 0, 0.5, 3.825], "texture": "#259"},
				"west": {"uv": [14, 9, 15, 14], "texture": "#259"},
				"up": {"uv": [0, 0, 0.5, 3.825], "texture": "#259"},
				"down": {"uv": [0, 0, 0.5, 3.825], "texture": "#259"}
			}
		},
		{
			"from": [7.9, 13.55, 3.9],
			"to": [8.1, 17.375, 4.4],
			"rotation": {"angle": 0, "axis": "y", "origin": [8, -13.5, 4.15]},
			"faces": {
				"north": {"uv": [0.5, 0, 1, 3.825], "texture": "#259"},
				"east": {"uv": [14, 9, 15, 14], "texture": "#259"},
				"south": {"uv": [0.5, 0, 1, 3.825], "texture": "#259"},
				"west": {"uv": [14, 9, 15, 14], "texture": "#259"},
				"up": {"uv": [0.5, 0, 1, 3.825], "texture": "#259"},
				"down": {"uv": [0.5, 0, 1, 3.825], "texture": "#259"}
			}
		},
		{
			"from": [7.9, 13.15, 10.4],
			"to": [8.1, 17.875, 11.575],
			"rotation": {"angle": 0, "axis": "y", "origin": [8, -13.5, 11.825]},
			"faces": {
				"north": {"uv": [0, 0, 1.175, 4.725], "texture": "#259"},
				"east": {"uv": [14, 9, 16, 14], "texture": "#259"},
				"south": {"uv": [0, 0, 1.175, 4.725], "texture": "#259"},
				"west": {"uv": [0, 9, 2, 14], "texture": "#259"},
				"up": {"uv": [0, 0, 1.175, 4.725], "texture": "#259"},
				"down": {"uv": [0, 0, 1.175, 4.725], "texture": "#259"}
			}
		},
		{
			"from": [7.9, 13.15, 4.4],
			"to": [8.1, 17.875, 5.575],
			"rotation": {"angle": 0, "axis": "y", "origin": [8, -13.5, 4.15]},
			"faces": {
				"north": {"uv": [1.175, 0, 2.35, 4.725], "texture": "#259"},
				"east": {"uv": [0, 9, 2, 14], "texture": "#259"},
				"south": {"uv": [1.175, 0, 2.35, 4.725], "texture": "#259"},
				"west": {"uv": [14, 9, 16, 14], "texture": "#259"},
				"up": {"uv": [1.175, 0, 2.35, 4.725], "texture": "#259"},
				"down": {"uv": [1.175, 0, 2.35, 4.725], "texture": "#259"}
			}
		},
		{
			"from": [7.95, 16.875, 10.425],
			"to": [8.05, 19.775, 10.925],
			"rotation": {"angle": -45, "axis": "x", "origin": [8, 19.125, 10.675]},
			"faces": {
				"north": {"uv": [0, 0, 0.5, 2.9], "texture": "#259"},
				"east": {"uv": [3, 9, 14, 14], "texture": "#259"},
				"south": {"uv": [0, 0, 0.5, 2.9], "texture": "#259"},
				"west": {"uv": [2, 9, 12, 14], "texture": "#259"},
				"up": {"uv": [0, 0, 0.5, 2.9], "texture": "#259"},
				"down": {"uv": [0, 0, 0.5, 2.9], "texture": "#259"}
			}
		},
		{
			"from": [7.95, 16.875, 5.05],
			"to": [8.05, 19.775, 5.55],
			"rotation": {"angle": 45, "axis": "x", "origin": [8, 19.125, 5.3]},
			"faces": {
				"north": {"uv": [0.5, 0, 1, 2.9], "texture": "#259"},
				"east": {"uv": [3, 9, 14, 14], "texture": "#259"},
				"south": {"uv": [0.5, 0, 1, 2.9], "texture": "#259"},
				"west": {"uv": [4, 9, 12, 14], "texture": "#259"},
				"up": {"uv": [0.5, 0, 1, 2.9], "texture": "#259"},
				"down": {"uv": [0.5, 0, 1, 2.9], "texture": "#259"}
			}
		},
		{
			"from": [7.875, 16.675, 10.425],
			"to": [8.125, 19.075, 10.925],
			"rotation": {"angle": -45, "axis": "x", "origin": [8, 18.425, 10.675]},
			"faces": {
				"north": {"uv": [0, 0, 0.5, 2.4], "texture": "#259"},
				"east": {"uv": [14, 9, 15, 14], "texture": "#259"},
				"south": {"uv": [0, 0, 0.5, 2.4], "texture": "#259"},
				"west": {"uv": [14, 9, 15, 14], "texture": "#259"},
				"up": {"uv": [0, 0, 0.5, 2.4], "texture": "#259"},
				"down": {"uv": [0, 0, 0.5, 2.4], "texture": "#259"}
			}
		},
		{
			"from": [7.875, 16.675, 5.05],
			"to": [8.125, 19.075, 5.55],
			"rotation": {"angle": 45, "axis": "x", "origin": [8, 18.425, 5.3]},
			"faces": {
				"north": {"uv": [0.5, 0, 1, 2.4], "texture": "#259"},
				"east": {"uv": [14, 9, 15, 14], "texture": "#259"},
				"south": {"uv": [0.5, 0, 1, 2.4], "texture": "#259"},
				"west": {"uv": [14, 9, 15, 14], "texture": "#259"},
				"up": {"uv": [0.5, 0, 1, 2.4], "texture": "#259"},
				"down": {"uv": [0.5, 0, 1, 2.4], "texture": "#259"}
			}
		},
		{
			"from": [7.875, 16.975, 10.425],
			"to": [8.125, 18.375, 10.925],
			"rotation": {"angle": -45, "axis": "x", "origin": [8, 17.725, 10.675]},
			"faces": {
				"north": {"uv": [0, 0, 0.5, 1.4], "texture": "#259"},
				"east": {"uv": [14, 9, 16, 14], "texture": "#259"},
				"south": {"uv": [0, 0, 0.5, 1.4], "texture": "#259"},
				"west": {"uv": [0, 9, 2, 14], "texture": "#259"},
				"up": {"uv": [0, 0, 0.5, 1.4], "texture": "#259"},
				"down": {"uv": [0, 0, 0.5, 1.4], "texture": "#259"}
			}
		},
		{
			"from": [7.875, 16.975, 5.05],
			"to": [8.125, 18.375, 5.55],
			"rotation": {"angle": 45, "axis": "x", "origin": [8, 17.725, 5.3]},
			"faces": {
				"north": {"uv": [0.5, 0, 1, 1.4], "texture": "#259"},
				"east": {"uv": [0, 9, 2, 14], "texture": "#259"},
				"south": {"uv": [0.5, 0, 1, 1.4], "texture": "#259"},
				"west": {"uv": [14, 9, 16, 14], "texture": "#259"},
				"up": {"uv": [0.5, 0, 1, 1.4], "texture": "#259"},
				"down": {"uv": [0.5, 0, 1, 1.4], "texture": "#259"}
			}
		},
		{
			"from": [7.875, 12.65, 10.425],
			"to": [8.125, 13.875, 10.925],
			"rotation": {"angle": 45, "axis": "x", "origin": [8, 13.225, 10.675]},
			"faces": {
				"north": {"uv": [0, 0, 0.5, 1.225], "texture": "#259"},
				"east": {"uv": [14, 9, 16, 14], "texture": "#259"},
				"south": {"uv": [0, 0, 0.5, 1.225], "texture": "#259"},
				"west": {"uv": [0, 9, 2, 14], "texture": "#259"},
				"up": {"uv": [0, 0, 0.5, 1.225], "texture": "#259"},
				"down": {"uv": [0, 0, 0.5, 1.225], "texture": "#259"}
			}
		},
		{
			"from": [7.875, 12.65, 5.05],
			"to": [8.125, 13.875, 5.55],
			"rotation": {"angle": -45, "axis": "x", "origin": [8, 13.225, 5.3]},
			"faces": {
				"north": {"uv": [0.5, 0, 1, 1.225], "texture": "#259"},
				"east": {"uv": [0, 9, 2, 14], "texture": "#259"},
				"south": {"uv": [0.5, 0, 1, 1.225], "texture": "#259"},
				"west": {"uv": [14, 9, 16, 14], "texture": "#259"},
				"up": {"uv": [0.5, 0, 1, 1.225], "texture": "#259"},
				"down": {"uv": [0.5, 0, 1, 1.225], "texture": "#259"}
			}
		},
		{
			"from": [7.95, 10.93431, 10.99069],
			"to": [8.05, 13.83431, 11.49069],
			"rotation": {"angle": 45, "axis": "x", "origin": [8, 12.38431, 11.24069]},
			"faces": {
				"north": {"uv": [0, 0, 0.5, 2.9], "texture": "#259"},
				"east": {"uv": [3, 9, 14, 14], "texture": "#259"},
				"south": {"uv": [0, 0, 0.5, 2.9], "texture": "#259"},
				"west": {"uv": [2, 9, 12, 14], "texture": "#259"},
				"up": {"uv": [0, 0, 0.5, 2.9], "texture": "#259"},
				"down": {"uv": [0, 0, 0.5, 2.9], "texture": "#259"}
			}
		},
		{
			"from": [7.95, 10.93431, 4.48431],
			"to": [8.05, 13.83431, 4.98431],
			"rotation": {"angle": -45, "axis": "x", "origin": [8, 12.38431, 4.73431]},
			"faces": {
				"north": {"uv": [0.5, 0, 1, 2.9], "texture": "#259"},
				"east": {"uv": [3, 9, 14, 14], "texture": "#259"},
				"south": {"uv": [0.5, 0, 1, 2.9], "texture": "#259"},
				"west": {"uv": [4, 9, 12, 14], "texture": "#259"},
				"up": {"uv": [0.5, 0, 1, 2.9], "texture": "#259"},
				"down": {"uv": [0.5, 0, 1, 2.9], "texture": "#259"}
			}
		},
		{
			"from": [7.875, 11.63431, 10.99069],
			"to": [8.125, 14.03431, 11.49069],
			"rotation": {"angle": 45, "axis": "x", "origin": [8, 13.08431, 11.24069]},
			"faces": {
				"north": {"uv": [0, 0, 0.5, 2.4], "texture": "#259"},
				"east": {"uv": [14, 9, 15, 14], "texture": "#259"},
				"south": {"uv": [0, 0, 0.5, 2.4], "texture": "#259"},
				"west": {"uv": [14, 9, 15, 14], "texture": "#259"},
				"up": {"uv": [0, 0, 0.5, 2.4], "texture": "#259"},
				"down": {"uv": [0, 0, 0.5, 2.4], "texture": "#259"}
			}
		},
		{
			"from": [7.875, 11.63431, 4.48431],
			"to": [8.125, 14.03431, 4.98431],
			"rotation": {"angle": -45, "axis": "x", "origin": [8, 13.08431, 4.73431]},
			"faces": {
				"north": {"uv": [0.5, 0, 1, 2.4], "texture": "#259"},
				"east": {"uv": [14, 9, 15, 14], "texture": "#259"},
				"south": {"uv": [0.5, 0, 1, 2.4], "texture": "#259"},
				"west": {"uv": [14, 9, 15, 14], "texture": "#259"},
				"up": {"uv": [0.5, 0, 1, 2.4], "texture": "#259"},
				"down": {"uv": [0.5, 0, 1, 2.4], "texture": "#259"}
			}
		},
		{
			"from": [7.85, 11.325, 10.025],
			"to": [8.15, 13.225, 10.425],
			"rotation": {"angle": 0, "axis": "y", "origin": [8, -17, 10.175]},
			"faces": {
				"north": {"uv": [0, 0, 16, 16], "texture": "#65"},
				"east": {"uv": [0, 0, 16, 16], "texture": "#65"},
				"south": {"uv": [0, 0, 16, 16], "texture": "#65"},
				"west": {"uv": [0, 0, 16, 16], "texture": "#65"},
				"up": {"uv": [0, 0, 16, 16], "texture": "#65"},
				"down": {"uv": [0, 0, 16, 16], "texture": "#65"}
			}
		},
		{
			"from": [7.85, 11.325, 5.55],
			"to": [8.15, 13.225, 5.95],
			"rotation": {"angle": 0, "axis": "y", "origin": [8, -17, 5.8]},
			"faces": {
				"north": {"uv": [0, 0, 16, 16], "texture": "#65"},
				"east": {"uv": [0, 0, 16, 16], "texture": "#65"},
				"south": {"uv": [0, 0, 16, 16], "texture": "#65"},
				"west": {"uv": [0, 0, 16, 16], "texture": "#65"},
				"up": {"uv": [0, 0, 16, 16], "texture": "#65"},
				"down": {"uv": [0, 0, 16, 16], "texture": "#65"}
			}
		},
		{
			"from": [7.85, 17.725, 10.025],
			"to": [8.15, 19.625, 10.425],
			"rotation": {"angle": 0, "axis": "y", "origin": [8, -11.6, 10.175]},
			"faces": {
				"north": {"uv": [0, 0, 16, 16], "texture": "#65"},
				"east": {"uv": [0, 0, 16, 16], "texture": "#65"},
				"south": {"uv": [0, 0, 16, 16], "texture": "#65"},
				"west": {"uv": [0, 0, 16, 16], "texture": "#65"},
				"up": {"uv": [0, 0, 16, 16], "texture": "#65"},
				"down": {"uv": [0, 0, 16, 16], "texture": "#65"}
			}
		},
		{
			"from": [7.85, 17.725, 5.55],
			"to": [8.15, 19.625, 5.95],
			"rotation": {"angle": 0, "axis": "y", "origin": [8, -11.6, 5.8]},
			"faces": {
				"north": {"uv": [0, 0, 16, 16], "texture": "#65"},
				"east": {"uv": [0, 0, 16, 16], "texture": "#65"},
				"south": {"uv": [0, 0, 16, 16], "texture": "#65"},
				"west": {"uv": [0, 0, 16, 16], "texture": "#65"},
				"up": {"uv": [0, 0, 16, 16], "texture": "#65"},
				"down": {"uv": [0, 0, 16, 16], "texture": "#65"}
			}
		},
		{
			"from": [7.9, 19.625, 10.125],
			"to": [8.1, 20.525, 10.425],
			"rotation": {"angle": 0, "axis": "y", "origin": [8, -9.7, 10.175]},
			"faces": {
				"north": {"uv": [0, 0, 16, 16], "texture": "#65"},
				"east": {"uv": [0, 0, 16, 16], "texture": "#65"},
				"south": {"uv": [0, 0, 16, 16], "texture": "#65"},
				"west": {"uv": [0, 0, 16, 16], "texture": "#65"},
				"up": {"uv": [0, 0, 16, 16], "texture": "#65"},
				"down": {"uv": [0, 0, 16, 16], "texture": "#65"}
			}
		},
		{
			"from": [7.9, 19.625, 5.55],
			"to": [8.1, 20.525, 5.85],
			"rotation": {"angle": 0, "axis": "y", "origin": [8, -9.7, 5.8]},
			"faces": {
				"north": {"uv": [0, 0, 16, 16], "texture": "#65"},
				"east": {"uv": [0, 0, 16, 16], "texture": "#65"},
				"south": {"uv": [0, 0, 16, 16], "texture": "#65"},
				"west": {"uv": [0, 0, 16, 16], "texture": "#65"},
				"up": {"uv": [0, 0, 16, 16], "texture": "#65"},
				"down": {"uv": [0, 0, 16, 16], "texture": "#65"}
			}
		},
		{
			"from": [7.9, 10.425, 10.125],
			"to": [8.1, 11.325, 10.425],
			"rotation": {"angle": 0, "axis": "y", "origin": [8, -18.9, 10.175]},
			"faces": {
				"north": {"uv": [0, 0, 16, 16], "texture": "#65"},
				"east": {"uv": [0, 0, 16, 16], "texture": "#65"},
				"south": {"uv": [0, 0, 16, 16], "texture": "#65"},
				"west": {"uv": [0, 0, 16, 16], "texture": "#65"},
				"up": {"uv": [0, 0, 16, 16], "texture": "#65"},
				"down": {"uv": [0, 0, 16, 16], "texture": "#65"}
			}
		},
		{
			"from": [7.9, 10.425, 5.55],
			"to": [8.1, 11.325, 5.85],
			"rotation": {"angle": 0, "axis": "y", "origin": [8, -18.9, 5.8]},
			"faces": {
				"north": {"uv": [0, 0, 16, 16], "texture": "#65"},
				"east": {"uv": [0, 0, 16, 16], "texture": "#65"},
				"south": {"uv": [0, 0, 16, 16], "texture": "#65"},
				"west": {"uv": [0, 0, 16, 16], "texture": "#65"},
				"up": {"uv": [0, 0, 16, 16], "texture": "#65"},
				"down": {"uv": [0, 0, 16, 16], "texture": "#65"}
			}
		},
		{
			"from": [7.875, 15.85, 6.5],
			"to": [8.125, 16.1, 9.5],
			"rotation": {"angle": 0, "axis": "x", "origin": [7.875, 16.1, 8]},
			"faces": {
				"north": {"uv": [0, 0, 16, 16], "rotation": 270, "texture": "#14"},
				"east": {"uv": [0, 0, 16, 16], "rotation": 270, "texture": "#14"},
				"south": {"uv": [0, 0, 16, 16], "rotation": 270, "texture": "#14"},
				"west": {"uv": [0, 0, 16, 16], "rotation": 270, "texture": "#14"},
				"up": {"uv": [0, 0, 16, 16], "rotation": 270, "texture": "#14"},
				"down": {"uv": [0, 0, 16, 16], "rotation": 270, "texture": "#14"}
			}
		},
		{
			"from": [7.875, 16.175, 9],
			"to": [8.125, 17.675, 9.25],
			"rotation": {"angle": 45, "axis": "x", "origin": [7.875, 17.675, 9]},
			"faces": {
				"north": {"uv": [0, 0, 16, 16], "texture": "#14"},
				"east": {"uv": [0, 0, 16, 16], "texture": "#14"},
				"south": {"uv": [0, 0, 16, 16], "texture": "#14"},
				"west": {"uv": [0, 0, 16, 16], "texture": "#14"},
				"up": {"uv": [0, 0, 16, 16], "texture": "#14"},
				"down": {"uv": [0, 0, 16, 16], "texture": "#14"}
			}
		},
		{
			"from": [7.875, 13.325, 9],
			"to": [8.125, 14.825, 9.25],
			"rotation": {"angle": -45, "axis": "x", "origin": [7.875, 13.325, 9]},
			"faces": {
				"north": {"uv": [0, 0, 16, 16], "texture": "#14"},
				"east": {"uv": [0, 0, 16, 16], "texture": "#14"},
				"south": {"uv": [0, 0, 16, 16], "texture": "#14"},
				"west": {"uv": [0, 0, 16, 16], "texture": "#14"},
				"up": {"uv": [0, 0, 16, 16], "texture": "#14"},
				"down": {"uv": [0, 0, 16, 16], "texture": "#14"}
			}
		},
		{
			"from": [7.875, 16.175, 6.75],
			"to": [8.125, 17.675, 7],
			"rotation": {"angle": -45, "axis": "x", "origin": [7.875, 17.675, 7]},
			"faces": {
				"north": {"uv": [0, 0, 16, 16], "texture": "#14"},
				"east": {"uv": [0, 0, 16, 16], "texture": "#14"},
				"south": {"uv": [0, 0, 16, 16], "texture": "#14"},
				"west": {"uv": [0, 0, 16, 16], "texture": "#14"},
				"up": {"uv": [0, 0, 16, 16], "texture": "#14"},
				"down": {"uv": [0, 0, 16, 16], "texture": "#14"}
			}
		},
		{
			"from": [7.875, 13.325, 6.75],
			"to": [8.125, 14.825, 7],
			"rotation": {"angle": 45, "axis": "x", "origin": [7.875, 13.325, 7]},
			"faces": {
				"north": {"uv": [0, 0, 16, 16], "texture": "#14"},
				"east": {"uv": [0, 0, 16, 16], "texture": "#14"},
				"south": {"uv": [0, 0, 16, 16], "texture": "#14"},
				"west": {"uv": [0, 0, 16, 16], "texture": "#14"},
				"up": {"uv": [0, 0, 16, 16], "texture": "#14"},
				"down": {"uv": [0, 0, 16, 16], "texture": "#14"}
			}
		},
		{
			"from": [7.925, 17.675, 9.05],
			"to": [8.075, 19.275, 9.2],
			"rotation": {"angle": 45, "axis": "x", "origin": [7.875, 17.675, 9]},
			"faces": {
				"north": {"uv": [0, 0, 16, 16], "texture": "#13"},
				"east": {"uv": [0, 0, 16, 16], "texture": "#13"},
				"south": {"uv": [0, 0, 16, 16], "texture": "#13"},
				"west": {"uv": [0, 0, 16, 16], "texture": "#13"},
				"up": {"uv": [0, 0, 16, 16], "texture": "#13"},
				"down": {"uv": [0, 0, 16, 16], "texture": "#13"}
			}
		},
		{
			"from": [7.925, 11.725, 9.05],
			"to": [8.075, 13.325, 9.2],
			"rotation": {"angle": -45, "axis": "x", "origin": [7.875, 13.325, 9]},
			"faces": {
				"north": {"uv": [0, 0, 16, 16], "texture": "#13"},
				"east": {"uv": [0, 0, 16, 16], "texture": "#13"},
				"south": {"uv": [0, 0, 16, 16], "texture": "#13"},
				"west": {"uv": [0, 0, 16, 16], "texture": "#13"},
				"up": {"uv": [0, 0, 16, 16], "texture": "#13"},
				"down": {"uv": [0, 0, 16, 16], "texture": "#13"}
			}
		},
		{
			"from": [7.925, 17.675, 6.8],
			"to": [8.075, 19.275, 6.95],
			"rotation": {"angle": -45, "axis": "x", "origin": [7.875, 17.675, 7]},
			"faces": {
				"north": {"uv": [0, 0, 16, 16], "texture": "#13"},
				"east": {"uv": [0, 0, 16, 16], "texture": "#13"},
				"south": {"uv": [0, 0, 16, 16], "texture": "#13"},
				"west": {"uv": [0, 0, 16, 16], "texture": "#13"},
				"up": {"uv": [0, 0, 16, 16], "texture": "#13"},
				"down": {"uv": [0, 0, 16, 16], "texture": "#13"}
			}
		},
		{
			"from": [7.925, 11.725, 6.8],
			"to": [8.075, 13.325, 6.95],
			"rotation": {"angle": 45, "axis": "x", "origin": [7.875, 13.325, 7]},
			"faces": {
				"north": {"uv": [0, 0, 16, 16], "texture": "#13"},
				"east": {"uv": [0, 0, 16, 16], "texture": "#13"},
				"south": {"uv": [0, 0, 16, 16], "texture": "#13"},
				"west": {"uv": [0, 0, 16, 16], "texture": "#13"},
				"up": {"uv": [0, 0, 16, 16], "texture": "#13"},
				"down": {"uv": [0, 0, 16, 16], "texture": "#13"}
			}
		},
		{
			"from": [7.875, 14.85, 6.5],
			"to": [8.125, 15.1, 9.5],
			"rotation": {"angle": 0, "axis": "x", "origin": [7.875, 15.1, 8]},
			"faces": {
				"north": {"uv": [0, 0, 16, 16], "rotation": 270, "texture": "#14"},
				"east": {"uv": [0, 0, 16, 16], "rotation": 270, "texture": "#14"},
				"south": {"uv": [0, 0, 16, 16], "rotation": 270, "texture": "#14"},
				"west": {"uv": [0, 0, 16, 16], "rotation": 270, "texture": "#14"},
				"up": {"uv": [0, 0, 16, 16], "rotation": 270, "texture": "#14"},
				"down": {"uv": [0, 0, 16, 16], "rotation": 270, "texture": "#14"}
			}
		},
		{
			"from": [7.925, 14.875, 6],
			"to": [8.075, 15.075, 10],
			"rotation": {"angle": 0, "axis": "x", "origin": [7.875, 15.1, 8]},
			"faces": {
				"north": {"uv": [0, 0, 16, 16], "texture": "#13"},
				"east": {"uv": [0, 0, 16, 16], "texture": "#13"},
				"south": {"uv": [0, 0, 16, 16], "texture": "#13"},
				"west": {"uv": [0, 0, 16, 16], "texture": "#13"},
				"up": {"uv": [0, 0, 16, 16], "texture": "#13"},
				"down": {"uv": [0, 0, 16, 16], "texture": "#13"}
			}
		},
		{
			"from": [7.925, 15.875, 6],
			"to": [8.075, 16.075, 10],
			"rotation": {"angle": 0, "axis": "x", "origin": [7.875, 16.1, 8]},
			"faces": {
				"north": {"uv": [0, 0, 16, 16], "texture": "#13"},
				"east": {"uv": [0, 0, 16, 16], "texture": "#13"},
				"south": {"uv": [0, 0, 16, 16], "texture": "#13"},
				"west": {"uv": [0, 0, 16, 16], "texture": "#13"},
				"up": {"uv": [0, 0, 16, 16], "texture": "#13"},
				"down": {"uv": [0, 0, 16, 16], "texture": "#13"}
			}
		},
		{
			"from": [7.775, 16.3, 7.75],
			"to": [8.225, 16.65, 8.1],
			"rotation": {"angle": 45, "axis": "x", "origin": [8, 16.4, 8]},
			"faces": {
				"north": {"uv": [0, 0, 16, 16], "texture": "#177"},
				"east": {"uv": [0, 0, 16, 16], "texture": "#177"},
				"south": {"uv": [0, 0, 16, 16], "texture": "#177"},
				"west": {"uv": [0, 0, 16, 16], "texture": "#177"},
				"up": {"uv": [0, 0, 16, 16], "texture": "#177"},
				"down": {"uv": [0, 0, 16, 16], "texture": "#177"}
			}
		},
		{
			"from": [7.75, -7, 7.75],
			"to": [8.25, -3.4, 8.25],
			"rotation": {"angle": 0, "axis": "y", "origin": [8, -19, 8]},
			"faces": {
				"north": {"uv": [0, 0, 16, 16], "texture": "#177"},
				"east": {"uv": [0, 0, 16, 16], "texture": "#177"},
				"south": {"uv": [0, 0, 16, 16], "texture": "#177"},
				"west": {"uv": [0, 0, 16, 16], "texture": "#177"},
				"up": {"uv": [0, 0, 16, 16], "texture": "#177"},
				"down": {"uv": [0, 0, 16, 16], "texture": "#177"}
			}
		},
		{
			"from": [7.85, -10.6, 7.85],
			"to": [8.15, -7, 8.15],
			"rotation": {"angle": 0, "axis": "y", "origin": [8, -22.6, 8]},
			"faces": {
				"north": {"uv": [0, 0, 16, 16], "texture": "#14"},
				"east": {"uv": [0, 0, 16, 16], "texture": "#14"},
				"south": {"uv": [0, 0, 16, 16], "texture": "#14"},
				"west": {"uv": [0, 0, 16, 16], "texture": "#14"},
				"up": {"uv": [0, 0, 16, 16], "texture": "#14"},
				"down": {"uv": [0, 0, 16, 16], "texture": "#14"}
			}
		},
		{
			"from": [7.95, -11.3, 7.85],
			"to": [8.05, -10.6, 8.15],
			"rotation": {"angle": 0, "axis": "y", "origin": [8, -22.6, 8]},
			"faces": {
				"north": {"uv": [0, 0, 16, 16], "texture": "#14"},
				"east": {"uv": [0, 0, 16, 16], "texture": "#14"},
				"south": {"uv": [0, 0, 16, 16], "texture": "#14"},
				"west": {"uv": [0, 0, 16, 16], "texture": "#14"},
				"up": {"uv": [0, 0, 16, 16], "texture": "#14"},
				"down": {"uv": [0, 0, 16, 16], "texture": "#14"}
			}
		},
		{
			"from": [7.95, -11.7, 7.9],
			"to": [8.05, -11.3, 8.1],
			"rotation": {"angle": 0, "axis": "y", "origin": [8, -23.3, 8]},
			"faces": {
				"north": {"uv": [0, 0, 16, 16], "texture": "#14"},
				"east": {"uv": [0, 0, 16, 16], "texture": "#14"},
				"south": {"uv": [0, 0, 16, 16], "texture": "#14"},
				"west": {"uv": [0, 0, 16, 16], "texture": "#14"},
				"up": {"uv": [0, 0, 16, 16], "texture": "#14"},
				"down": {"uv": [0, 0, 16, 16], "texture": "#14"}
			}
		},
		{
			"from": [7.95, -12.1, 7.95],
			"to": [8.05, -11.7, 8.05],
			"rotation": {"angle": 0, "axis": "y", "origin": [8, -23.7, 8]},
			"faces": {
				"north": {"uv": [0, 0, 16, 16], "texture": "#14"},
				"east": {"uv": [0, 0, 16, 16], "texture": "#14"},
				"south": {"uv": [0, 0, 16, 16], "texture": "#14"},
				"west": {"uv": [0, 0, 16, 16], "texture": "#14"},
				"up": {"uv": [0, 0, 16, 16], "texture": "#14"},
				"down": {"uv": [0, 0, 16, 16], "texture": "#14"}
			}
		},
		{
			"from": [7.95, -9.9, 7.75],
			"to": [8.05, -8.3, 8.05],
			"rotation": {"angle": -22.5, "axis": "x", "origin": [8, -8.1, 7.9]},
			"faces": {
				"north": {"uv": [0, 0, 0.3, 1.6], "texture": "#259"},
				"east": {"uv": [13, 9, 16, 14], "texture": "#259"},
				"south": {"uv": [0, 0, 0.3, 1.6], "texture": "#259"},
				"west": {"uv": [0, 9, 3, 14], "texture": "#259"},
				"up": {"uv": [0, 0, 0.3, 1.6], "texture": "#259"},
				"down": {"uv": [0, 0, 0.3, 1.6], "texture": "#259"}
			}
		},
		{
			"from": [7.95, -9.85121, 7.56959],
			"to": [8.05, -8.25121, 7.86959],
			"rotation": {"angle": 22.5, "axis": "x", "origin": [8, -9.05121, 7.71959]},
			"faces": {
				"north": {"uv": [0.3, 0, 0.6, 1.6], "texture": "#259"},
				"east": {"uv": [0, 9, 3, 14], "texture": "#259"},
				"south": {"uv": [0.3, 0, 0.6, 1.6], "texture": "#259"},
				"west": {"uv": [13, 9, 16, 14], "texture": "#259"},
				"up": {"uv": [0.3, 0, 0.6, 1.6], "texture": "#259"},
				"down": {"uv": [0.3, 0, 0.6, 1.6], "texture": "#259"}
			}
		},
		{
			"from": [7.95, -9.9, 7.75],
			"to": [8.05, -8.3, 8.05],
			"rotation": {"angle": -22.5, "axis": "x", "origin": [8, -8.1, 7.9]},
			"color": 5,
			"faces": {
				"north": {"uv": [0, 0, 0.1, 1.6], "texture": "#missing"},
				"east": {"uv": [0, 0, 0.3, 1.6], "texture": "#missing"},
				"south": {"uv": [0, 0, 0.1, 1.6], "texture": "#missing"},
				"west": {"uv": [0, 0, 0.3, 1.6], "texture": "#missing"},
				"up": {"uv": [0, 0, 0.1, 0.3], "texture": "#missing"},
				"down": {"uv": [0, 0, 0.1, 0.3], "texture": "#missing"}
			}
		},
		{
			"from": [7.975, -11.19888, 8.13268],
			"to": [8.025, -9.59888, 8.43268],
			"rotation": {"angle": 22.5, "axis": "x", "origin": [8, -10.39888, 8.28268]},
			"faces": {
				"north": {"uv": [0, 0, 0.3, 1.6], "texture": "#259"},
				"east": {"uv": [13, 9, 16, 14], "texture": "#259"},
				"south": {"uv": [0, 0, 0.3, 1.6], "texture": "#259"},
				"west": {"uv": [0, 9, 3, 14], "texture": "#259"},
				"up": {"uv": [0, 0, 0.3, 1.6], "texture": "#259"},
				"down": {"uv": [0, 0, 0.3, 1.6], "texture": "#259"}
			}
		},
		{
			"from": [7.975, -11.14655, 7.31959],
			"to": [8.025, -9.54655, 7.61959],
			"rotation": {"angle": -22.5, "axis": "x", "origin": [8, -9.71138, 7.73268]},
			"faces": {
				"north": {"uv": [0.3, 0, 0.6, 1.6], "texture": "#259"},
				"east": {"uv": [0, 9, 3, 14], "texture": "#259"},
				"south": {"uv": [0.3, 0, 0.6, 1.6], "texture": "#259"},
				"west": {"uv": [13, 9, 16, 14], "texture": "#259"},
				"up": {"uv": [0.3, 0, 0.6, 1.6], "texture": "#259"},
				"down": {"uv": [0.3, 0, 0.6, 1.6], "texture": "#259"}
			}
		},
		{
			"from": [7.975, -11.19888, 8.13268],
			"to": [8.025, -9.59888, 8.43268],
			"rotation": {"angle": 22.5, "axis": "x", "origin": [8, -10.39888, 8.28268]},
			"color": 5,
			"faces": {
				"north": {"uv": [0, 0, 0.05, 1.6], "texture": "#missing"},
				"east": {"uv": [0, 0, 0.3, 1.6], "texture": "#missing"},
				"south": {"uv": [0, 0, 0.05, 1.6], "texture": "#missing"},
				"west": {"uv": [0, 0, 0.3, 1.6], "texture": "#missing"},
				"up": {"uv": [0, 0, 0.05, 0.3], "texture": "#missing"},
				"down": {"uv": [0, 0, 0.05, 0.3], "texture": "#missing"}
			}
		}
	],
	"gui_light": "front",
	"display": {
		"thirdperson_righthand": {
			"translation": [0, 1, 0]
		},
		"ground": {
			"translation": [0, 17.25, 0]
		},
		"gui": {
			"rotation": [-69, 43, 73],
			"translation": [-1, 0.75, 0],
			"scale": [4, 0.64, 1.12]
		},
		"head": {
			"translation": [0, 4, 0]
		},
		"fixed": {
			"rotation": [-0.25, 95, 1.5],
			"translation": [0, 0, -2]
		}
	}
}