{
	"credit": "Made with Blockbench",
	"textures": {
		"texture": "block/spruce_planks"
	},
	"elements": [
		{
			"from": [7.3125, 0, 8.3125],
			"to": [8.1875, 4.5, 9.25],
			"faces": {
				"north": {"uv": [7.8125, 11.5, 8.6875, 16], "texture": "#texture"},
				"east": {"uv": [6.75, 11.5, 7.6875, 16], "texture": "#texture"},
				"south": {"uv": [7.3125, 11.5, 8.1875, 16], "texture": "#texture"},
				"west": {"uv": [8.3125, 11.5, 9.25, 16], "texture": "#texture"},
				"up": {"uv": [7.3125, 8.3125, 8.1875, 9.25], "texture": "#texture"},
				"down": {"uv": [8.6875, 9.25, 7.8125, 8.3125], "texture": "#texture"}
			}
		},
		{
			"from": [7.5, 4.5, 8],
			"to": [8, 9, 8.5],
			"faces": {
				"north": {"uv": [8, 7, 8.5, 11.5], "texture": "#texture"},
				"east": {"uv": [7.5, 7, 8, 11.5], "texture": "#texture"},
				"south": {"uv": [7.5, 7, 8, 11.5], "texture": "#texture"},
				"west": {"uv": [8, 7, 8.5, 11.5], "texture": "#texture"},
				"up": {"uv": [7.5, 8, 8, 8.5], "texture": "#texture"},
				"down": {"uv": [8.5, 8.5, 8, 8], "texture": "#texture"}
			}
		},
		{
			"from": [7.5, 4.5, 9],
			"to": [8, 9, 9.5],
			"faces": {
				"north": {"uv": [8, 7, 8.5, 11.5], "texture": "#texture"},
				"east": {"uv": [6.5, 7, 7, 11.5], "texture": "#texture"},
				"south": {"uv": [7.5, 7, 8, 11.5], "texture": "#texture"},
				"west": {"uv": [9, 7, 9.5, 11.5], "texture": "#texture"},
				"up": {"uv": [7.5, 9, 8, 9.5], "texture": "#texture"},
				"down": {"uv": [8.5, 9.5, 8, 9], "texture": "#texture"}
			}
		},
		{
			"from": [7, 9, 8],
			"to": [7.5, 12, 8.5],
			"faces": {
				"north": {"uv": [8.5, 4, 9, 7], "texture": "#texture"},
				"east": {"uv": [7.5, 4, 8, 7], "texture": "#texture"},
				"south": {"uv": [7, 4, 7.5, 7], "texture": "#texture"},
				"west": {"uv": [8, 4, 8.5, 7], "texture": "#texture"},
				"up": {"uv": [7, 8, 7.5, 8.5], "texture": "#texture"},
				"down": {"uv": [9, 8.5, 8.5, 8], "texture": "#texture"}
			}
		},
		{
			"from": [8, 9, 8],
			"to": [8.5, 12, 8.5],
			"faces": {
				"north": {"uv": [7.5, 4, 8, 7], "texture": "#texture"},
				"east": {"uv": [7.5, 4, 8, 7], "texture": "#texture"},
				"south": {"uv": [8, 4, 8.5, 7], "texture": "#texture"},
				"west": {"uv": [8, 4, 8.5, 7], "texture": "#texture"},
				"up": {"uv": [8, 8, 8.5, 8.5], "texture": "#texture"},
				"down": {"uv": [8, 8.5, 7.5, 8], "texture": "#texture"}
			}
		},
		{
			"from": [6.5, 12, 8],
			"to": [7, 14.5, 9.5],
			"faces": {
				"north": {"uv": [9, 1.5, 9.5, 4], "texture": "#texture"},
				"east": {"uv": [6.5, 1.5, 8, 4], "texture": "#texture"},
				"south": {"uv": [6.5, 1.5, 7, 4], "texture": "#texture"},
				"west": {"uv": [8, 1.5, 9.5, 4], "texture": "#texture"},
				"up": {"uv": [6.5, 8, 7, 9.5], "texture": "#texture"},
				"down": {"uv": [9.5, 9.5, 9, 8], "texture": "#texture"}
			}
		},
		{
			"from": [8.5, 12, 8],
			"to": [9, 14.5, 9.5],
			"faces": {
				"north": {"uv": [7, 1.5, 7.5, 4], "texture": "#texture"},
				"east": {"uv": [6.5, 1.5, 8, 4], "texture": "#texture"},
				"south": {"uv": [8.5, 1.5, 9, 4], "texture": "#texture"},
				"west": {"uv": [8, 1.5, 9.5, 4], "texture": "#texture"},
				"up": {"uv": [8.5, 8, 9, 9.5], "texture": "#texture"},
				"down": {"uv": [7.5, 9.5, 7, 8], "texture": "#texture"}
			}
		},
		{
			"from": [7, 14.5, 8],
			"to": [7.5, 15.5, 8.5],
			"faces": {
				"north": {"uv": [8.5, 0.5, 9, 1.5], "texture": "#texture"},
				"east": {"uv": [7.5, 0.5, 8, 1.5], "texture": "#texture"},
				"south": {"uv": [7, 0.5, 7.5, 1.5], "texture": "#texture"},
				"west": {"uv": [8, 0.5, 8.5, 1.5], "texture": "#texture"},
				"up": {"uv": [7, 8, 7.5, 8.5], "texture": "#texture"},
				"down": {"uv": [9, 8.5, 8.5, 8], "texture": "#texture"}
			}
		},
		{
			"from": [8, 14.5, 8],
			"to": [8.5, 15.5, 8.5],
			"faces": {
				"north": {"uv": [7.5, 0.5, 8, 1.5], "texture": "#texture"},
				"east": {"uv": [7.5, 0.5, 8, 1.5], "texture": "#texture"},
				"south": {"uv": [8, 0.5, 8.5, 1.5], "texture": "#texture"},
				"west": {"uv": [8, 0.5, 8.5, 1.5], "texture": "#texture"},
				"up": {"uv": [8, 8, 8.5, 8.5], "texture": "#texture"},
				"down": {"uv": [8, 8.5, 7.5, 8], "texture": "#texture"}
			}
		},
		{
			"from": [7.5, 15.5, 8],
			"to": [8, 16, 9.5],
			"faces": {
				"north": {"uv": [8, 0, 8.5, 0.5], "texture": "#texture"},
				"east": {"uv": [6.5, 0, 8, 0.5], "texture": "#texture"},
				"south": {"uv": [7.5, 0, 8, 0.5], "texture": "#texture"},
				"west": {"uv": [8, 0, 9.5, 0.5], "texture": "#texture"},
				"up": {"uv": [7.5, 8, 8, 9.5], "texture": "#texture"},
				"down": {"uv": [8.5, 9.5, 8, 8], "texture": "#texture"}
			}
		},
		{
			"from": [7, 4.5, 8.5],
			"to": [7.5, 9, 9],
			"faces": {
				"north": {"uv": [8.5, 7, 9, 11.5], "texture": "#texture"},
				"east": {"uv": [7, 7, 7.5, 11.5], "texture": "#texture"},
				"south": {"uv": [7, 7, 7.5, 11.5], "texture": "#texture"},
				"west": {"uv": [8.5, 7, 9, 11.5], "texture": "#texture"},
				"up": {"uv": [7, 8.5, 7.5, 9], "texture": "#texture"},
				"down": {"uv": [9, 9, 8.5, 8.5], "texture": "#texture"}
			}
		},
		{
			"from": [8, 4.5, 8.5],
			"to": [8.5, 9, 9],
			"faces": {
				"north": {"uv": [7.5, 7, 8, 11.5], "texture": "#texture"},
				"east": {"uv": [7, 7, 7.5, 11.5], "texture": "#texture"},
				"south": {"uv": [8, 7, 8.5, 11.5], "texture": "#texture"},
				"west": {"uv": [8.5, 7, 9, 11.5], "texture": "#texture"},
				"up": {"uv": [8, 8.5, 8.5, 9], "texture": "#texture"},
				"down": {"uv": [8, 9, 7.5, 8.5], "texture": "#texture"}
			}
		},
		{
			"from": [7, 9, 9],
			"to": [7.5, 12, 9.5],
			"faces": {
				"north": {"uv": [8.5, 4, 9, 7], "texture": "#texture"},
				"east": {"uv": [6.5, 4, 7, 7], "texture": "#texture"},
				"south": {"uv": [7, 4, 7.5, 7], "texture": "#texture"},
				"west": {"uv": [9, 4, 9.5, 7], "texture": "#texture"},
				"up": {"uv": [7, 9, 7.5, 9.5], "texture": "#texture"},
				"down": {"uv": [9, 9.5, 8.5, 9], "texture": "#texture"}
			}
		},
		{
			"from": [8, 9, 9],
			"to": [8.5, 12, 9.5],
			"faces": {
				"north": {"uv": [7.5, 4, 8, 7], "texture": "#texture"},
				"east": {"uv": [6.5, 4, 7, 7], "texture": "#texture"},
				"south": {"uv": [8, 4, 8.5, 7], "texture": "#texture"},
				"west": {"uv": [9, 4, 9.5, 7], "texture": "#texture"},
				"up": {"uv": [8, 9, 8.5, 9.5], "texture": "#texture"},
				"down": {"uv": [8, 9.5, 7.5, 9], "texture": "#texture"}
			}
		},
		{
			"from": [6.5, 9, 8.5],
			"to": [7, 12, 9],
			"faces": {
				"north": {"uv": [9, 4, 9.5, 7], "texture": "#texture"},
				"east": {"uv": [7, 4, 7.5, 7], "texture": "#texture"},
				"south": {"uv": [6.5, 4, 7, 7], "texture": "#texture"},
				"west": {"uv": [8.5, 4, 9, 7], "texture": "#texture"},
				"up": {"uv": [6.5, 8.5, 7, 9], "texture": "#texture"},
				"down": {"uv": [9.5, 9, 9, 8.5], "texture": "#texture"}
			}
		},
		{
			"from": [7.5, 9, 7.5],
			"to": [8, 12, 8],
			"faces": {
				"north": {"uv": [8, 4, 8.5, 7], "texture": "#texture"},
				"east": {"uv": [8, 4, 8.5, 7], "texture": "#texture"},
				"south": {"uv": [7.5, 4, 8, 7], "texture": "#texture"},
				"west": {"uv": [7.5, 4, 8, 7], "texture": "#texture"},
				"up": {"uv": [7.5, 7.5, 8, 8], "texture": "#texture"},
				"down": {"uv": [8.5, 8, 8, 7.5], "texture": "#texture"}
			}
		},
		{
			"from": [8.5, 9, 8.5],
			"to": [9, 12, 9],
			"faces": {
				"north": {"uv": [7, 4, 7.5, 7], "texture": "#texture"},
				"east": {"uv": [7, 4, 7.5, 7], "texture": "#texture"},
				"south": {"uv": [8.5, 4, 9, 7], "texture": "#texture"},
				"west": {"uv": [8.5, 4, 9, 7], "texture": "#texture"},
				"up": {"uv": [8.5, 8.5, 9, 9], "texture": "#texture"},
				"down": {"uv": [7.5, 9, 7, 8.5], "texture": "#texture"}
			}
		},
		{
			"from": [7.5, 9, 9.5],
			"to": [8, 12, 10],
			"faces": {
				"north": {"uv": [8, 4, 8.5, 7], "texture": "#texture"},
				"east": {"uv": [6, 4, 6.5, 7], "texture": "#texture"},
				"south": {"uv": [7.5, 4, 8, 7], "texture": "#texture"},
				"west": {"uv": [9.5, 4, 10, 7], "texture": "#texture"},
				"up": {"uv": [7.5, 9.5, 8, 10], "texture": "#texture"},
				"down": {"uv": [8.5, 10, 8, 9.5], "texture": "#texture"}
			}
		},
		{
			"from": [7, 12, 7.5],
			"to": [8.5, 14.5, 8],
			"faces": {
				"north": {"uv": [7.5, 1.5, 9, 4], "texture": "#texture"},
				"east": {"uv": [8, 1.5, 8.5, 4], "texture": "#texture"},
				"south": {"uv": [7, 1.5, 8.5, 4], "texture": "#texture"},
				"west": {"uv": [7.5, 1.5, 8, 4], "texture": "#texture"},
				"up": {"uv": [7, 7.5, 8.5, 8], "texture": "#texture"},
				"down": {"uv": [9, 8, 7.5, 7.5], "texture": "#texture"}
			}
		},
		{
			"from": [7, 12, 9.5],
			"to": [8.5, 14.5, 10],
			"faces": {
				"north": {"uv": [7.5, 1.5, 9, 4], "texture": "#texture"},
				"east": {"uv": [6, 1.5, 6.5, 4], "texture": "#texture"},
				"south": {"uv": [7, 1.5, 8.5, 4], "texture": "#texture"},
				"west": {"uv": [9.5, 1.5, 10, 4], "texture": "#texture"},
				"up": {"uv": [7, 9.5, 8.5, 10], "texture": "#texture"},
				"down": {"uv": [9, 10, 7.5, 9.5], "texture": "#texture"}
			}
		},
		{
			"from": [7.5, 14.5, 7.5],
			"to": [8, 15.5, 8],
			"faces": {
				"north": {"uv": [8, 0.5, 8.5, 1.5], "texture": "#texture"},
				"east": {"uv": [8, 0.5, 8.5, 1.5], "texture": "#texture"},
				"south": {"uv": [7.5, 0.5, 8, 1.5], "texture": "#texture"},
				"west": {"uv": [7.5, 0.5, 8, 1.5], "texture": "#texture"},
				"up": {"uv": [7.5, 7.5, 8, 8], "texture": "#texture"},
				"down": {"uv": [8.5, 8, 8, 7.5], "texture": "#texture"}
			}
		},
		{
			"from": [6.5, 14.5, 8.5],
			"to": [7, 15.5, 9],
			"faces": {
				"north": {"uv": [9, 0.5, 9.5, 1.5], "texture": "#texture"},
				"east": {"uv": [7, 0.5, 7.5, 1.5], "texture": "#texture"},
				"south": {"uv": [6.5, 0.5, 7, 1.5], "texture": "#texture"},
				"west": {"uv": [8.5, 0.5, 9, 1.5], "texture": "#texture"},
				"up": {"uv": [6.5, 8.5, 7, 9], "texture": "#texture"},
				"down": {"uv": [9.5, 9, 9, 8.5], "texture": "#texture"}
			}
		},
		{
			"from": [7, 14.5, 9],
			"to": [7.5, 15.5, 9.5],
			"faces": {
				"north": {"uv": [8.5, 0.5, 9, 1.5], "texture": "#texture"},
				"east": {"uv": [6.5, 0.5, 7, 1.5], "texture": "#texture"},
				"south": {"uv": [7, 0.5, 7.5, 1.5], "texture": "#texture"},
				"west": {"uv": [9, 0.5, 9.5, 1.5], "texture": "#texture"},
				"up": {"uv": [7, 9, 7.5, 9.5], "texture": "#texture"},
				"down": {"uv": [9, 9.5, 8.5, 9], "texture": "#texture"}
			}
		},
		{
			"from": [7.5, 14.5, 9.5],
			"to": [8, 15.5, 10],
			"faces": {
				"north": {"uv": [8, 0.5, 8.5, 1.5], "texture": "#texture"},
				"east": {"uv": [6, 0.5, 6.5, 1.5], "texture": "#texture"},
				"south": {"uv": [7.5, 0.5, 8, 1.5], "texture": "#texture"},
				"west": {"uv": [9.5, 0.5, 10, 1.5], "texture": "#texture"},
				"up": {"uv": [7.5, 9.5, 8, 10], "texture": "#texture"},
				"down": {"uv": [8.5, 10, 8, 9.5], "texture": "#texture"}
			}
		},
		{
			"from": [8, 14.5, 9],
			"to": [8.5, 15.5, 9.5],
			"faces": {
				"north": {"uv": [7.5, 0.5, 8, 1.5], "texture": "#texture"},
				"east": {"uv": [6.5, 0.5, 7, 1.5], "texture": "#texture"},
				"south": {"uv": [8, 0.5, 8.5, 1.5], "texture": "#texture"},
				"west": {"uv": [9, 0.5, 9.5, 1.5], "texture": "#texture"},
				"up": {"uv": [8, 9, 8.5, 9.5], "texture": "#texture"},
				"down": {"uv": [8, 9.5, 7.5, 9], "texture": "#texture"}
			}
		},
		{
			"from": [8.5, 14.5, 8.5],
			"to": [9, 15.5, 9],
			"faces": {
				"north": {"uv": [7, 0.5, 7.5, 1.5], "texture": "#texture"},
				"east": {"uv": [7, 0.5, 7.5, 1.5], "texture": "#texture"},
				"south": {"uv": [8.5, 0.5, 9, 1.5], "texture": "#texture"},
				"west": {"uv": [8.5, 0.5, 9, 1.5], "texture": "#texture"},
				"up": {"uv": [8.5, 8.5, 9, 9], "texture": "#texture"},
				"down": {"uv": [7.5, 9, 7, 8.5], "texture": "#texture"}
			}
		},
		{
			"from": [7, 15, 8.5],
			"to": [7.5, 16, 9],
			"faces": {
				"north": {"uv": [8.5, 0, 9, 1], "texture": "#texture"},
				"east": {"uv": [7, 0, 7.5, 1], "texture": "#texture"},
				"south": {"uv": [7, 0, 7.5, 1], "texture": "#texture"},
				"west": {"uv": [8.5, 0, 9, 1], "texture": "#texture"},
				"up": {"uv": [7, 8.5, 7.5, 9], "texture": "#texture"},
				"down": {"uv": [9, 9, 8.5, 8.5], "texture": "#texture"}
			}
		},
		{
			"from": [8, 15.5, 8.5],
			"to": [8.5, 16, 9],
			"faces": {
				"north": {"uv": [7.5, 0, 8, 0.5], "texture": "#texture"},
				"east": {"uv": [7, 0, 7.5, 0.5], "texture": "#texture"},
				"south": {"uv": [8, 0, 8.5, 0.5], "texture": "#texture"},
				"west": {"uv": [8.5, 0, 9, 0.5], "texture": "#texture"},
				"up": {"uv": [8, 8.5, 8.5, 9], "texture": "#texture"},
				"down": {"uv": [8, 9, 7.5, 8.5], "texture": "#texture"}
			}
		}
	],
	"gui_light": "front",
	"display": {
		"thirdperson_righthand": {
			"translation": [0, 4.72, 0.76],
			"scale": [1.01, 1, 1]
		},
		"thirdperson_lefthand": {
			"translation": [0, 5.1, 1.13],
			"scale": [1.42, 1, 1]
		},
		"firstperson_righthand": {
			"rotation": [-10, 15, 0],
			"translation": [0, 4.72, -0.38]
		},
		"firstperson_lefthand": {
			"rotation": [-10, 15, 0],
			"translation": [0, 4.72, -1.13]
		},
		"gui": {
			"rotation": [0, 36, 51],
			"scale": [1.85, 1.45, 1]
		}
	}
}