{
  "variants": {
    "age=0": {
      "model": "minecraft:block/carrots_stage0"
    },
    "age=1": {
      "model": "minecraft:block/carrots_stage0"
    },
    "age=2": {
      "model": "minecraft:mhblocks/reeds"
    },
    "age=3": {
      "model": "minecraft:block/carrots_stage1"
    },
    "age=4": {
      "model": "minecraft:mhblocks/lavender"
    },
    "age=5": {
      "model": "minecraft:block/carrots_stage2"
    },
    "age=6": {
      "model": "minecraft:mhblocks/orange_pampas"
    },
    "age=7": {
      "model": "minecraft:block/carrots_stage3"
    }
  }
}