{
	"credit": "Made with Blockbench",
	"textures": {
		"70": "block/blast_furnace_side",
		"71": "block/blast_furnace_top",
		"106": "block/cactus_bottom",
		"108": "block/cactus_top",
		"248": "block/dried_kelp_side",
		"252": "block/emerald_block",
		"particle": "block/acacia_door_bottom"
	},
	"gui_light": "front",
	"elements": [
		{
			"from": [6.5, 7.5, 7.5],
			"to": [9.5, 7.625, 8],
			"rotation": {"angle": 0, "axis": "y", "origin": [8, 8, 8]},
			"faces": {
				"north": {"uv": [1, 11, 15, 15], "texture": "#70"},
				"east": {"uv": [1, 11, 15, 15], "texture": "#70"},
				"south": {"uv": [1, 11, 15, 15], "texture": "#70"},
				"west": {"uv": [1, 11, 15, 15], "texture": "#70"},
				"up": {"uv": [1, 11, 15, 15], "texture": "#70"},
				"down": {"uv": [1, 11, 15, 15], "texture": "#70"}
			}
		},
		{
			"from": [6.44, 7.45, 7.63],
			"to": [9.56, 7.58, 7.85],
			"rotation": {"angle": 0, "axis": "y", "origin": [8, 7.97, 8]},
			"faces": {
				"north": {"uv": [0, 0, 7, 3], "texture": "#248"},
				"east": {"uv": [0, 0, 7, 3], "texture": "#248"},
				"south": {"uv": [0, 0, 7, 3], "texture": "#248"},
				"west": {"uv": [0, 0, 7, 3], "texture": "#248"},
				"up": {"uv": [0, 0, 7, 3], "texture": "#248"},
				"down": {"uv": [0, 0, 7, 3], "texture": "#248"}
			}
		},
		{
			"from": [9.2, 6.975, 7.5],
			"to": [9.375, 11.125, 8],
			"rotation": {"angle": 22.5, "axis": "z", "origin": [8, 8, 8]},
			"faces": {
				"north": {"uv": [1, 11, 15, 15], "rotation": 90, "texture": "#70"},
				"east": {"uv": [1, 11, 15, 15], "rotation": 90, "texture": "#70"},
				"south": {"uv": [1, 11, 15, 15], "rotation": 90, "texture": "#70"},
				"west": {"uv": [1, 11, 15, 15], "rotation": 90, "texture": "#70"},
				"up": {"uv": [1, 11, 15, 15], "rotation": 90, "texture": "#70"},
				"down": {"uv": [1, 11, 15, 15], "rotation": 90, "texture": "#70"}
			}
		},
		{
			"from": [9.248, 6.904, 7.63],
			"to": [9.43, 11.22, 7.85],
			"rotation": {"angle": 22.5, "axis": "z", "origin": [8, 7.97, 8]},
			"faces": {
				"north": {"uv": [0, 0, 7, 3], "rotation": 270, "texture": "#248"},
				"east": {"uv": [0, 0, 7, 3], "rotation": 270, "texture": "#248"},
				"south": {"uv": [0, 0, 7, 3], "rotation": 270, "texture": "#248"},
				"west": {"uv": [0, 0, 7, 3], "rotation": 270, "texture": "#248"},
				"up": {"uv": [0, 0, 7, 3], "rotation": 270, "texture": "#248"},
				"down": {"uv": [0, 0, 7, 3], "rotation": 270, "texture": "#248"}
			}
		},
		{
			"from": [6.625, 6.975, 7.5],
			"to": [6.825, 11.1, 8],
			"rotation": {"angle": -22.5, "axis": "z", "origin": [8, 8, 8]},
			"faces": {
				"north": {"uv": [1, 11, 15, 15], "rotation": 270, "texture": "#70"},
				"east": {"uv": [1, 11, 15, 15], "rotation": 270, "texture": "#70"},
				"south": {"uv": [1, 11, 15, 15], "rotation": 270, "texture": "#70"},
				"west": {"uv": [1, 11, 15, 15], "rotation": 270, "texture": "#70"},
				"up": {"uv": [1, 11, 15, 15], "rotation": 270, "texture": "#70"},
				"down": {"uv": [1, 11, 15, 15], "rotation": 270, "texture": "#70"}
			}
		},
		{
			"from": [6.57, 6.904, 7.63],
			"to": [6.778, 11.194, 7.85],
			"rotation": {"angle": -22.5, "axis": "z", "origin": [8, 7.97, 8]},
			"faces": {
				"north": {"uv": [0, 0, 7, 3], "rotation": 90, "texture": "#248"},
				"east": {"uv": [0, 0, 7, 3], "rotation": 90, "texture": "#248"},
				"south": {"uv": [0, 0, 7, 3], "rotation": 90, "texture": "#248"},
				"west": {"uv": [0, 0, 7, 3], "rotation": 90, "texture": "#248"},
				"up": {"uv": [0, 0, 7, 3], "rotation": 90, "texture": "#248"},
				"down": {"uv": [0, 0, 7, 3], "rotation": 90, "texture": "#248"}
			}
		},
		{
			"from": [6.50659, 7.62145, 7.525],
			"to": [9.50659, 7.82145, 7.975],
			"rotation": {"angle": 0, "axis": "z", "origin": [7.21909, 9.44645, 7.75]},
			"faces": {
				"north": {"uv": [1, 9, 15, 10], "texture": "#71"},
				"east": {"uv": [1, 9, 15, 10], "texture": "#71"},
				"south": {"uv": [1, 9, 15, 10], "texture": "#71"},
				"west": {"uv": [1, 9, 15, 10], "texture": "#71"},
				"up": {"uv": [1, 9, 15, 10], "texture": "#71"},
				"down": {"uv": [1, 9, 15, 10], "texture": "#71"}
			}
		},
		{
			"from": [6.53159, 7.82145, 7.525],
			"to": [9.48159, 8.02145, 7.975],
			"rotation": {"angle": 0, "axis": "z", "origin": [7.21909, 9.44645, 7.75]},
			"faces": {
				"north": {"uv": [1, 9, 15, 10], "texture": "#71"},
				"east": {"uv": [1, 9, 15, 10], "texture": "#71"},
				"south": {"uv": [1, 9, 15, 10], "texture": "#71"},
				"west": {"uv": [1, 9, 15, 10], "texture": "#71"},
				"up": {"uv": [1, 9, 15, 10], "texture": "#71"},
				"down": {"uv": [1, 9, 15, 10], "texture": "#71"}
			}
		},
		{
			"from": [6.60659, 8.02145, 7.525],
			"to": [9.38159, 8.22145, 7.975],
			"rotation": {"angle": 0, "axis": "z", "origin": [7.21909, 9.44645, 7.75]},
			"faces": {
				"north": {"uv": [1, 9, 15, 10], "texture": "#71"},
				"east": {"uv": [1, 9, 15, 10], "texture": "#71"},
				"south": {"uv": [1, 9, 15, 10], "texture": "#71"},
				"west": {"uv": [1, 9, 15, 10], "texture": "#71"},
				"up": {"uv": [1, 9, 15, 10], "texture": "#71"},
				"down": {"uv": [1, 9, 15, 10], "texture": "#71"}
			}
		},
		{
			"from": [6.70659, 8.22145, 7.525],
			"to": [9.30659, 8.42145, 7.975],
			"rotation": {"angle": 0, "axis": "z", "origin": [7.21909, 9.44645, 7.75]},
			"faces": {
				"north": {"uv": [1, 9, 15, 10], "texture": "#71"},
				"east": {"uv": [1, 9, 15, 10], "texture": "#71"},
				"south": {"uv": [1, 9, 15, 10], "texture": "#71"},
				"west": {"uv": [1, 9, 15, 10], "texture": "#71"},
				"up": {"uv": [1, 9, 15, 10], "texture": "#71"},
				"down": {"uv": [1, 9, 15, 10], "texture": "#71"}
			}
		},
		{
			"from": [6.78159, 8.42145, 7.525],
			"to": [9.23159, 8.62145, 7.975],
			"rotation": {"angle": 0, "axis": "z", "origin": [7.21909, 9.44645, 7.75]},
			"faces": {
				"north": {"uv": [1, 9, 15, 10], "texture": "#71"},
				"east": {"uv": [1, 9, 15, 10], "texture": "#71"},
				"south": {"uv": [1, 9, 15, 10], "texture": "#71"},
				"west": {"uv": [1, 9, 15, 10], "texture": "#71"},
				"up": {"uv": [1, 9, 15, 10], "texture": "#71"},
				"down": {"uv": [1, 9, 15, 10], "texture": "#71"}
			}
		},
		{
			"from": [6.88159, 8.62145, 7.525],
			"to": [9.13159, 8.82145, 7.975],
			"rotation": {"angle": 0, "axis": "z", "origin": [7.21909, 9.44645, 7.75]},
			"faces": {
				"north": {"uv": [1, 9, 15, 10], "texture": "#71"},
				"east": {"uv": [1, 9, 15, 10], "texture": "#71"},
				"south": {"uv": [1, 9, 15, 10], "texture": "#71"},
				"west": {"uv": [1, 9, 15, 10], "texture": "#71"},
				"up": {"uv": [1, 9, 15, 10], "texture": "#71"},
				"down": {"uv": [1, 9, 15, 10], "texture": "#71"}
			}
		},
		{
			"from": [6.95659, 8.82145, 7.525],
			"to": [9.05659, 9.02145, 7.975],
			"rotation": {"angle": 0, "axis": "z", "origin": [7.21909, 9.44645, 7.75]},
			"faces": {
				"north": {"uv": [1, 9, 15, 10], "texture": "#71"},
				"east": {"uv": [1, 9, 15, 10], "texture": "#71"},
				"south": {"uv": [1, 9, 15, 10], "texture": "#71"},
				"west": {"uv": [1, 9, 15, 10], "texture": "#71"},
				"up": {"uv": [1, 9, 15, 10], "texture": "#71"},
				"down": {"uv": [1, 9, 15, 10], "texture": "#71"}
			}
		},
		{
			"from": [7.05659, 9.02145, 7.525],
			"to": [8.95659, 9.22145, 7.975],
			"rotation": {"angle": 0, "axis": "z", "origin": [7.21909, 9.44645, 7.75]},
			"faces": {
				"north": {"uv": [1, 9, 15, 10], "texture": "#71"},
				"east": {"uv": [1, 9, 15, 10], "texture": "#71"},
				"south": {"uv": [1, 9, 15, 10], "texture": "#71"},
				"west": {"uv": [1, 9, 15, 10], "texture": "#71"},
				"up": {"uv": [1, 9, 15, 10], "texture": "#71"},
				"down": {"uv": [1, 9, 15, 10], "texture": "#71"}
			}
		},
		{
			"from": [7.18159, 9.22145, 7.525],
			"to": [8.85659, 9.42145, 7.975],
			"rotation": {"angle": 0, "axis": "z", "origin": [7.21909, 9.44645, 7.75]},
			"faces": {
				"north": {"uv": [1, 9, 15, 10], "texture": "#71"},
				"east": {"uv": [1, 9, 15, 10], "texture": "#71"},
				"south": {"uv": [1, 9, 15, 10], "texture": "#71"},
				"west": {"uv": [1, 9, 15, 10], "texture": "#71"},
				"up": {"uv": [1, 9, 15, 10], "texture": "#71"},
				"down": {"uv": [1, 9, 15, 10], "texture": "#71"}
			}
		},
		{
			"from": [7.20659, 9.42145, 7.525],
			"to": [8.75659, 9.62145, 7.975],
			"rotation": {"angle": 0, "axis": "z", "origin": [7.21909, 9.44645, 7.75]},
			"faces": {
				"north": {"uv": [1, 9, 15, 10], "texture": "#71"},
				"east": {"uv": [1, 9, 15, 10], "texture": "#71"},
				"south": {"uv": [1, 9, 15, 10], "texture": "#71"},
				"west": {"uv": [1, 9, 15, 10], "texture": "#71"},
				"up": {"uv": [1, 9, 15, 10], "texture": "#71"},
				"down": {"uv": [1, 9, 15, 10], "texture": "#71"}
			}
		},
		{
			"from": [7.20659, 8.77145, 7.475],
			"to": [8.75659, 8.87145, 7.675],
			"rotation": {"angle": -22.5, "axis": "z", "origin": [7.98159, 8.82145, 7.575]},
			"faces": {
				"north": {"uv": [5, 5, 11, 11], "rotation": 180, "texture": "#252"},
				"east": {"uv": [5, 5, 11, 11], "rotation": 180, "texture": "#252"},
				"south": {"uv": [5, 5, 11, 11], "rotation": 180, "texture": "#252"},
				"west": {"uv": [5, 5, 11, 11], "rotation": 180, "texture": "#252"},
				"up": {"uv": [5, 5, 11, 11], "rotation": 180, "texture": "#252"},
				"down": {"uv": [5, 5, 11, 11], "rotation": 180, "texture": "#252"}
			}
		},
		{
			"from": [7.24103, 8.76459, 7.85],
			"to": [8.79103, 8.86459, 8.05],
			"rotation": {"angle": 22.5, "axis": "z", "origin": [8.00019, 8.82498, 7.95]},
			"faces": {
				"north": {"uv": [5, 5, 11, 11], "rotation": 180, "texture": "#252"},
				"east": {"uv": [5, 5, 11, 11], "rotation": 180, "texture": "#252"},
				"south": {"uv": [5, 5, 11, 11], "rotation": 180, "texture": "#252"},
				"west": {"uv": [5, 5, 11, 11], "rotation": 180, "texture": "#252"},
				"up": {"uv": [5, 5, 11, 11], "rotation": 180, "texture": "#252"},
				"down": {"uv": [5, 5, 11, 11], "rotation": 180, "texture": "#252"}
			}
		},
		{
			"from": [7.86391, 8.92626, 7.475],
			"to": [8.01391, 9.07626, 7.675],
			"rotation": {"angle": -22.5, "axis": "z", "origin": [7.96391, 9.05126, 7.575]},
			"faces": {
				"north": {"uv": [5, 5, 11, 11], "rotation": 180, "texture": "#252"},
				"east": {"uv": [5, 5, 11, 11], "rotation": 180, "texture": "#252"},
				"south": {"uv": [5, 5, 11, 11], "rotation": 180, "texture": "#252"},
				"west": {"uv": [5, 5, 11, 11], "rotation": 180, "texture": "#252"},
				"up": {"uv": [5, 5, 11, 11], "rotation": 180, "texture": "#252"},
				"down": {"uv": [5, 5, 11, 11], "rotation": 180, "texture": "#252"}
			}
		},
		{
			"from": [8.07031, 8.89515, 7.85],
			"to": [8.22031, 9.04515, 8.05],
			"rotation": {"angle": 22.5, "axis": "z", "origin": [8.00019, 8.82498, 7.95]},
			"faces": {
				"north": {"uv": [5, 5, 11, 11], "rotation": 180, "texture": "#252"},
				"east": {"uv": [5, 5, 11, 11], "rotation": 180, "texture": "#252"},
				"south": {"uv": [5, 5, 11, 11], "rotation": 180, "texture": "#252"},
				"west": {"uv": [5, 5, 11, 11], "rotation": 180, "texture": "#252"},
				"up": {"uv": [5, 5, 11, 11], "rotation": 180, "texture": "#252"},
				"down": {"uv": [5, 5, 11, 11], "rotation": 180, "texture": "#252"}
			}
		},
		{
			"from": [6.46391, 10.45126, 7.475],
			"to": [6.61391, 10.60126, 7.675],
			"rotation": {"angle": -45, "axis": "z", "origin": [7.96391, 9.05126, 7.575]},
			"faces": {
				"north": {"uv": [0, 0, 16, 16], "rotation": 180, "texture": "#106"},
				"east": {"uv": [0, 0, 16, 16], "rotation": 180, "texture": "#106"},
				"south": {"uv": [0, 0, 16, 16], "rotation": 180, "texture": "#106"},
				"west": {"uv": [0, 0, 16, 16], "rotation": 180, "texture": "#106"},
				"up": {"uv": [0, 0, 16, 16], "rotation": 180, "texture": "#106"},
				"down": {"uv": [0, 0, 16, 16], "rotation": 180, "texture": "#106"}
			}
		},
		{
			"from": [9.53585, 10.35932, 7.85],
			"to": [9.68585, 10.50932, 8.05],
			"rotation": {"angle": 45, "axis": "z", "origin": [8.00019, 8.82498, 7.95]},
			"faces": {
				"north": {"uv": [0, 0, 16, 16], "rotation": 180, "texture": "#106"},
				"east": {"uv": [0, 0, 16, 16], "rotation": 180, "texture": "#106"},
				"south": {"uv": [0, 0, 16, 16], "rotation": 180, "texture": "#106"},
				"west": {"uv": [0, 0, 16, 16], "rotation": 180, "texture": "#106"},
				"up": {"uv": [0, 0, 16, 16], "rotation": 180, "texture": "#106"},
				"down": {"uv": [0, 0, 16, 16], "rotation": 180, "texture": "#106"}
			}
		},
		{
			"from": [6.56391, 7.62626, 7.475],
			"to": [6.71391, 7.77626, 7.675],
			"rotation": {"angle": 0, "axis": "z", "origin": [7.96391, 9.05126, 7.575]},
			"faces": {
				"north": {"uv": [0, 0, 16, 16], "rotation": 180, "texture": "#106"},
				"east": {"uv": [0, 0, 16, 16], "rotation": 180, "texture": "#106"},
				"south": {"uv": [0, 0, 16, 16], "rotation": 180, "texture": "#106"},
				"west": {"uv": [0, 0, 16, 16], "rotation": 180, "texture": "#106"},
				"up": {"uv": [0, 0, 16, 16], "rotation": 180, "texture": "#106"},
				"down": {"uv": [0, 0, 16, 16], "rotation": 180, "texture": "#106"}
			}
		},
		{
			"from": [9.28648, 7.62626, 7.85],
			"to": [9.43648, 7.77626, 8.05],
			"rotation": {"angle": 0, "axis": "z", "origin": [8.00019, 8.82498, 7.95]},
			"faces": {
				"north": {"uv": [0, 0, 16, 16], "rotation": 180, "texture": "#106"},
				"east": {"uv": [0, 0, 16, 16], "rotation": 180, "texture": "#106"},
				"south": {"uv": [0, 0, 16, 16], "rotation": 180, "texture": "#106"},
				"west": {"uv": [0, 0, 16, 16], "rotation": 180, "texture": "#106"},
				"up": {"uv": [0, 0, 16, 16], "rotation": 180, "texture": "#106"},
				"down": {"uv": [0, 0, 16, 16], "rotation": 180, "texture": "#106"}
			}
		},
		{
			"from": [9.36391, 7.62626, 7.475],
			"to": [9.51391, 7.77626, 7.675],
			"rotation": {"angle": 0, "axis": "z", "origin": [7.96391, 9.05126, 7.575]},
			"faces": {
				"north": {"uv": [0, 0, 16, 16], "rotation": 180, "texture": "#106"},
				"east": {"uv": [0, 0, 16, 16], "rotation": 180, "texture": "#106"},
				"south": {"uv": [0, 0, 16, 16], "rotation": 180, "texture": "#106"},
				"west": {"uv": [0, 0, 16, 16], "rotation": 180, "texture": "#106"},
				"up": {"uv": [0, 0, 16, 16], "rotation": 180, "texture": "#106"},
				"down": {"uv": [0, 0, 16, 16], "rotation": 180, "texture": "#106"}
			}
		},
		{
			"from": [6.48648, 7.62626, 7.85],
			"to": [6.63648, 7.77626, 8.05],
			"rotation": {"angle": 0, "axis": "z", "origin": [8.00019, 8.82498, 7.95]},
			"faces": {
				"north": {"uv": [0, 0, 16, 16], "rotation": 180, "texture": "#106"},
				"east": {"uv": [0, 0, 16, 16], "rotation": 180, "texture": "#106"},
				"south": {"uv": [0, 0, 16, 16], "rotation": 180, "texture": "#106"},
				"west": {"uv": [0, 0, 16, 16], "rotation": 180, "texture": "#106"},
				"up": {"uv": [0, 0, 16, 16], "rotation": 180, "texture": "#106"},
				"down": {"uv": [0, 0, 16, 16], "rotation": 180, "texture": "#106"}
			}
		},
		{
			"from": [9.28891, 7.82626, 7.475],
			"to": [9.33891, 8.57626, 7.675],
			"rotation": {"angle": 22.5, "axis": "z", "origin": [9.43891, 8.20126, 7.575]},
			"faces": {
				"north": {"uv": [0, 0, 16, 16], "rotation": 180, "texture": "#108"},
				"east": {"uv": [0, 0, 16, 16], "rotation": 180, "texture": "#108"},
				"south": {"uv": [0, 0, 16, 16], "rotation": 180, "texture": "#108"},
				"west": {"uv": [0, 0, 16, 16], "rotation": 180, "texture": "#108"},
				"up": {"uv": [0, 0, 16, 16], "rotation": 180, "texture": "#108"},
				"down": {"uv": [0, 0, 16, 16], "rotation": 180, "texture": "#108"}
			}
		},
		{
			"from": [7.00968, 7.32316, 7.85],
			"to": [7.05968, 8.07316, 8.05],
			"rotation": {"angle": -22.5, "axis": "z", "origin": [8.00019, 8.82498, 7.95]},
			"faces": {
				"north": {"uv": [0, 0, 16, 16], "rotation": 180, "texture": "#108"},
				"east": {"uv": [0, 0, 16, 16], "rotation": 180, "texture": "#108"},
				"south": {"uv": [0, 0, 16, 16], "rotation": 180, "texture": "#108"},
				"west": {"uv": [0, 0, 16, 16], "rotation": 180, "texture": "#108"},
				"up": {"uv": [0, 0, 16, 16], "rotation": 180, "texture": "#108"},
				"down": {"uv": [0, 0, 16, 16], "rotation": 180, "texture": "#108"}
			}
		},
		{
			"from": [6.73609, 7.82626, 7.475],
			"to": [6.78609, 8.57626, 7.675],
			"rotation": {"angle": -22.5, "axis": "z", "origin": [6.63609, 8.20126, 7.575]},
			"faces": {
				"north": {"uv": [0, 0, 16, 16], "rotation": 180, "texture": "#108"},
				"east": {"uv": [0, 0, 16, 16], "rotation": 180, "texture": "#108"},
				"south": {"uv": [0, 0, 16, 16], "rotation": 180, "texture": "#108"},
				"west": {"uv": [0, 0, 16, 16], "rotation": 180, "texture": "#108"},
				"up": {"uv": [0, 0, 16, 16], "rotation": 180, "texture": "#108"},
				"down": {"uv": [0, 0, 16, 16], "rotation": 180, "texture": "#108"}
			}
		},
		{
			"from": [8.87177, 7.35171, 7.85],
			"to": [8.92177, 8.10171, 8.05],
			"rotation": {"angle": 22.5, "axis": "z", "origin": [8.00019, 8.82498, 7.95]},
			"faces": {
				"north": {"uv": [0, 0, 16, 16], "rotation": 180, "texture": "#108"},
				"east": {"uv": [0, 0, 16, 16], "rotation": 180, "texture": "#108"},
				"south": {"uv": [0, 0, 16, 16], "rotation": 180, "texture": "#108"},
				"west": {"uv": [0, 0, 16, 16], "rotation": 180, "texture": "#108"},
				"up": {"uv": [0, 0, 16, 16], "rotation": 180, "texture": "#108"},
				"down": {"uv": [0, 0, 16, 16], "rotation": 180, "texture": "#108"}
			}
		},
		{
			"from": [8.23297, 10.11704, 7.475],
			"to": [8.28297, 10.86704, 7.675],
			"rotation": {"angle": 22.5, "axis": "z", "origin": [7.94383, 10.62734, 7.575]},
			"faces": {
				"north": {"uv": [0, 0, 16, 16], "texture": "#108"},
				"east": {"uv": [0, 0, 16, 16], "texture": "#108"},
				"south": {"uv": [0, 0, 16, 16], "texture": "#108"},
				"west": {"uv": [0, 0, 16, 16], "texture": "#108"},
				"up": {"uv": [0, 0, 16, 16], "texture": "#108"},
				"down": {"uv": [0, 0, 16, 16], "texture": "#108"}
			}
		},
		{
			"from": [7.02339, 10.00141, 7.85],
			"to": [7.07339, 10.75141, 8.05],
			"rotation": {"angle": -22.5, "axis": "z", "origin": [8.00019, 8.82498, 7.95]},
			"faces": {
				"north": {"uv": [0, 0, 16, 16], "texture": "#108"},
				"east": {"uv": [0, 0, 16, 16], "texture": "#108"},
				"south": {"uv": [0, 0, 16, 16], "texture": "#108"},
				"west": {"uv": [0, 0, 16, 16], "texture": "#108"},
				"up": {"uv": [0, 0, 16, 16], "texture": "#108"},
				"down": {"uv": [0, 0, 16, 16], "texture": "#108"}
			}
		},
		{
			"from": [8.56391, 7.67626, 7.475],
			"to": [9.31391, 7.72626, 7.675],
			"rotation": {"angle": 0, "axis": "z", "origin": [9.43891, 8.20126, 7.575]},
			"faces": {
				"north": {"uv": [0, 0, 16, 16], "rotation": 270, "texture": "#108"},
				"east": {"uv": [0, 0, 16, 16], "rotation": 270, "texture": "#108"},
				"south": {"uv": [0, 0, 16, 16], "rotation": 270, "texture": "#108"},
				"west": {"uv": [0, 0, 16, 16], "rotation": 270, "texture": "#108"},
				"up": {"uv": [0, 0, 16, 16], "rotation": 270, "texture": "#108"},
				"down": {"uv": [0, 0, 16, 16], "rotation": 270, "texture": "#108"}
			}
		},
		{
			"from": [6.68648, 7.67626, 7.85],
			"to": [7.43648, 7.72626, 8.05],
			"rotation": {"angle": 0, "axis": "z", "origin": [8.00019, 8.82498, 7.95]},
			"faces": {
				"north": {"uv": [0, 0, 16, 16], "rotation": 90, "texture": "#108"},
				"east": {"uv": [0, 0, 16, 16], "rotation": 90, "texture": "#108"},
				"south": {"uv": [0, 0, 16, 16], "rotation": 90, "texture": "#108"},
				"west": {"uv": [0, 0, 16, 16], "rotation": 90, "texture": "#108"},
				"up": {"uv": [0, 0, 16, 16], "rotation": 90, "texture": "#108"},
				"down": {"uv": [0, 0, 16, 16], "rotation": 90, "texture": "#108"}
			}
		},
		{
			"from": [6.76109, 7.67626, 7.475],
			"to": [7.51109, 7.72626, 7.675],
			"rotation": {"angle": 0, "axis": "z", "origin": [6.63609, 8.20126, 7.575]},
			"faces": {
				"north": {"uv": [0, 0, 16, 16], "rotation": 270, "texture": "#108"},
				"east": {"uv": [0, 0, 16, 16], "rotation": 270, "texture": "#108"},
				"south": {"uv": [0, 0, 16, 16], "rotation": 270, "texture": "#108"},
				"west": {"uv": [0, 0, 16, 16], "rotation": 270, "texture": "#108"},
				"up": {"uv": [0, 0, 16, 16], "rotation": 270, "texture": "#108"},
				"down": {"uv": [0, 0, 16, 16], "rotation": 270, "texture": "#108"}
			}
		},
		{
			"from": [8.4893, 7.67626, 7.85],
			"to": [9.2393, 7.72626, 8.05],
			"rotation": {"angle": 0, "axis": "z", "origin": [8.00019, 8.82498, 7.95]},
			"faces": {
				"north": {"uv": [0, 0, 16, 16], "rotation": 90, "texture": "#108"},
				"east": {"uv": [0, 0, 16, 16], "rotation": 90, "texture": "#108"},
				"south": {"uv": [0, 0, 16, 16], "rotation": 90, "texture": "#108"},
				"west": {"uv": [0, 0, 16, 16], "rotation": 90, "texture": "#108"},
				"up": {"uv": [0, 0, 16, 16], "rotation": 90, "texture": "#108"},
				"down": {"uv": [0, 0, 16, 16], "rotation": 90, "texture": "#108"}
			}
		},
		{
			"from": [7.69275, 10.16008, 7.475],
			"to": [7.74275, 10.91008, 7.675],
			"rotation": {"angle": -22.5, "axis": "z", "origin": [7.94383, 10.62734, 7.575]},
			"faces": {
				"north": {"uv": [0, 0, 16, 16], "rotation": 180, "texture": "#108"},
				"east": {"uv": [0, 0, 16, 16], "rotation": 180, "texture": "#108"},
				"south": {"uv": [0, 0, 16, 16], "rotation": 180, "texture": "#108"},
				"west": {"uv": [0, 0, 16, 16], "rotation": 180, "texture": "#108"},
				"up": {"uv": [0, 0, 16, 16], "rotation": 180, "texture": "#108"},
				"down": {"uv": [0, 0, 16, 16], "rotation": 180, "texture": "#108"}
			}
		},
		{
			"from": [8.94308, 10.00132, 7.85],
			"to": [8.99308, 10.75132, 8.05],
			"rotation": {"angle": 22.5, "axis": "z", "origin": [8.00019, 8.82498, 7.95]},
			"faces": {
				"north": {"uv": [0, 0, 16, 16], "rotation": 180, "texture": "#108"},
				"east": {"uv": [0, 0, 16, 16], "rotation": 180, "texture": "#108"},
				"south": {"uv": [0, 0, 16, 16], "rotation": 180, "texture": "#108"},
				"west": {"uv": [0, 0, 16, 16], "rotation": 180, "texture": "#108"},
				"up": {"uv": [0, 0, 16, 16], "rotation": 180, "texture": "#108"},
				"down": {"uv": [0, 0, 16, 16], "rotation": 180, "texture": "#108"}
			}
		},
		{
			"from": [8.11391, 8.62626, 7.475],
			"to": [8.26391, 8.77626, 7.675],
			"rotation": {"angle": -22.5, "axis": "z", "origin": [7.96391, 9.05126, 7.575]},
			"faces": {
				"north": {"uv": [5, 5, 11, 11], "rotation": 180, "texture": "#252"},
				"east": {"uv": [5, 5, 11, 11], "rotation": 180, "texture": "#252"},
				"south": {"uv": [5, 5, 11, 11], "rotation": 180, "texture": "#252"},
				"west": {"uv": [5, 5, 11, 11], "rotation": 180, "texture": "#252"},
				"up": {"uv": [5, 5, 11, 11], "rotation": 180, "texture": "#252"},
				"down": {"uv": [5, 5, 11, 11], "rotation": 180, "texture": "#252"}
			}
		},
		{
			"from": [7.82031, 8.59515, 7.85],
			"to": [7.97031, 8.74515, 8.05],
			"rotation": {"angle": 22.5, "axis": "z", "origin": [8.00019, 8.82498, 7.95]},
			"faces": {
				"north": {"uv": [5, 5, 11, 11], "rotation": 180, "texture": "#252"},
				"east": {"uv": [5, 5, 11, 11], "rotation": 180, "texture": "#252"},
				"south": {"uv": [5, 5, 11, 11], "rotation": 180, "texture": "#252"},
				"west": {"uv": [5, 5, 11, 11], "rotation": 180, "texture": "#252"},
				"up": {"uv": [5, 5, 11, 11], "rotation": 180, "texture": "#252"},
				"down": {"uv": [5, 5, 11, 11], "rotation": 180, "texture": "#252"}
			}
		},
		{
			"from": [7.20659, 8.77145, 7.475],
			"to": [8.75659, 8.87145, 7.675],
			"rotation": {"angle": 45, "axis": "z", "origin": [7.98159, 8.82145, 7.575]},
			"faces": {
				"north": {"uv": [5, 5, 11, 11], "rotation": 180, "texture": "#252"},
				"east": {"uv": [5, 5, 11, 11], "rotation": 180, "texture": "#252"},
				"south": {"uv": [5, 5, 11, 11], "rotation": 180, "texture": "#252"},
				"west": {"uv": [5, 5, 11, 11], "rotation": 180, "texture": "#252"},
				"up": {"uv": [5, 5, 11, 11], "rotation": 180, "texture": "#252"},
				"down": {"uv": [5, 5, 11, 11], "rotation": 180, "texture": "#252"}
			}
		},
		{
			"from": [7.24085, 8.78564, 7.85],
			"to": [8.79085, 8.88564, 8.05],
			"rotation": {"angle": -45, "axis": "z", "origin": [8.00019, 8.82498, 7.95]},
			"faces": {
				"north": {"uv": [5, 5, 11, 11], "rotation": 180, "texture": "#252"},
				"east": {"uv": [5, 5, 11, 11], "rotation": 180, "texture": "#252"},
				"south": {"uv": [5, 5, 11, 11], "rotation": 180, "texture": "#252"},
				"west": {"uv": [5, 5, 11, 11], "rotation": 180, "texture": "#252"},
				"up": {"uv": [5, 5, 11, 11], "rotation": 180, "texture": "#252"},
				"down": {"uv": [5, 5, 11, 11], "rotation": 180, "texture": "#252"}
			}
		},
		{
			"from": [7.95659, 8.07145, 7.475],
			"to": [8.60659, 8.12145, 7.675],
			"rotation": {"angle": 45, "axis": "z", "origin": [7.98159, 8.82145, 7.575]},
			"faces": {
				"north": {"uv": [5, 5, 11, 11], "rotation": 180, "texture": "#252"},
				"east": {"uv": [5, 5, 11, 11], "rotation": 180, "texture": "#252"},
				"south": {"uv": [5, 5, 11, 11], "rotation": 180, "texture": "#252"},
				"west": {"uv": [5, 5, 11, 11], "rotation": 180, "texture": "#252"},
				"up": {"uv": [5, 5, 11, 11], "rotation": 180, "texture": "#252"},
				"down": {"uv": [5, 5, 11, 11], "rotation": 180, "texture": "#252"}
			}
		},
		{
			"from": [7.39085, 8.08564, 7.85],
			"to": [8.04085, 8.13564, 8.05],
			"rotation": {"angle": -45, "axis": "z", "origin": [8.00019, 8.82498, 7.95]},
			"faces": {
				"north": {"uv": [5, 5, 11, 11], "rotation": 180, "texture": "#252"},
				"east": {"uv": [5, 5, 11, 11], "rotation": 180, "texture": "#252"},
				"south": {"uv": [5, 5, 11, 11], "rotation": 180, "texture": "#252"},
				"west": {"uv": [5, 5, 11, 11], "rotation": 180, "texture": "#252"},
				"up": {"uv": [5, 5, 11, 11], "rotation": 180, "texture": "#252"},
				"down": {"uv": [5, 5, 11, 11], "rotation": 180, "texture": "#252"}
			}
		},
		{
			"from": [7.24948, 8.81464, 7.475],
			"to": [7.29948, 9.46464, 7.675],
			"rotation": {"angle": -22.5, "axis": "z", "origin": [7.27448, 9.13964, 7.575]},
			"faces": {
				"north": {"uv": [5, 5, 11, 11], "rotation": 90, "texture": "#252"},
				"east": {"uv": [5, 5, 11, 11], "rotation": 90, "texture": "#252"},
				"south": {"uv": [5, 5, 11, 11], "rotation": 90, "texture": "#252"},
				"west": {"uv": [5, 5, 11, 11], "rotation": 90, "texture": "#252"},
				"up": {"uv": [5, 5, 11, 11], "rotation": 90, "texture": "#252"},
				"down": {"uv": [5, 5, 11, 11], "rotation": 90, "texture": "#252"}
			}
		},
		{
			"from": [8.76608, 8.51297, 7.85],
			"to": [8.81608, 9.16297, 8.05],
			"rotation": {"angle": 22.5, "axis": "z", "origin": [8.00019, 8.82498, 7.95]},
			"faces": {
				"north": {"uv": [5, 5, 11, 11], "rotation": 270, "texture": "#252"},
				"east": {"uv": [5, 5, 11, 11], "rotation": 270, "texture": "#252"},
				"south": {"uv": [5, 5, 11, 11], "rotation": 270, "texture": "#252"},
				"west": {"uv": [5, 5, 11, 11], "rotation": 270, "texture": "#252"},
				"up": {"uv": [5, 5, 11, 11], "rotation": 270, "texture": "#252"},
				"down": {"uv": [5, 5, 11, 11], "rotation": 270, "texture": "#252"}
			}
		},
		{
			"from": [7.13159, 8.52145, 7.475],
			"to": [7.20659, 9.12145, 7.675],
			"rotation": {"angle": 45, "axis": "z", "origin": [7.98159, 8.82145, 7.575]},
			"faces": {
				"north": {"uv": [5, 5, 11, 11], "rotation": 180, "texture": "#252"},
				"east": {"uv": [5, 5, 11, 11], "rotation": 180, "texture": "#252"},
				"south": {"uv": [5, 5, 11, 11], "rotation": 180, "texture": "#252"},
				"west": {"uv": [5, 5, 11, 11], "rotation": 180, "texture": "#252"},
				"up": {"uv": [5, 5, 11, 11], "rotation": 180, "texture": "#252"},
				"down": {"uv": [5, 5, 11, 11], "rotation": 180, "texture": "#252"}
			}
		},
		{
			"from": [8.79085, 8.53564, 7.85],
			"to": [8.86585, 9.13564, 8.05],
			"rotation": {"angle": -45, "axis": "z", "origin": [8.00019, 8.82498, 7.95]},
			"faces": {
				"north": {"uv": [5, 5, 11, 11], "rotation": 180, "texture": "#252"},
				"east": {"uv": [5, 5, 11, 11], "rotation": 180, "texture": "#252"},
				"south": {"uv": [5, 5, 11, 11], "rotation": 180, "texture": "#252"},
				"west": {"uv": [5, 5, 11, 11], "rotation": 180, "texture": "#252"},
				"up": {"uv": [5, 5, 11, 11], "rotation": 180, "texture": "#252"},
				"down": {"uv": [5, 5, 11, 11], "rotation": 180, "texture": "#252"}
			}
		},
		{
			"from": [7.80659, 7.97145, 7.475],
			"to": [8.28159, 8.04645, 7.675],
			"rotation": {"angle": -22.5, "axis": "z", "origin": [7.98159, 8.82145, 7.575]},
			"faces": {
				"north": {"uv": [5, 5, 11, 11], "rotation": 90, "texture": "#252"},
				"east": {"uv": [5, 5, 11, 11], "rotation": 90, "texture": "#252"},
				"south": {"uv": [5, 5, 11, 11], "rotation": 90, "texture": "#252"},
				"west": {"uv": [5, 5, 11, 11], "rotation": 90, "texture": "#252"},
				"up": {"uv": [5, 5, 11, 11], "rotation": 90, "texture": "#252"},
				"down": {"uv": [5, 5, 11, 11], "rotation": 90, "texture": "#252"}
			}
		},
		{
			"from": [7.71603, 7.96459, 7.85],
			"to": [8.19103, 8.03959, 8.05],
			"rotation": {"angle": 22.5, "axis": "z", "origin": [8.00019, 8.82498, 7.95]},
			"faces": {
				"north": {"uv": [5, 5, 11, 11], "rotation": 270, "texture": "#252"},
				"east": {"uv": [5, 5, 11, 11], "rotation": 270, "texture": "#252"},
				"south": {"uv": [5, 5, 11, 11], "rotation": 270, "texture": "#252"},
				"west": {"uv": [5, 5, 11, 11], "rotation": 270, "texture": "#252"},
				"up": {"uv": [5, 5, 11, 11], "rotation": 270, "texture": "#252"},
				"down": {"uv": [5, 5, 11, 11], "rotation": 270, "texture": "#252"}
			}
		},
		{
			"from": [8.73159, 8.52145, 7.475],
			"to": [8.80659, 9.12145, 7.675],
			"rotation": {"angle": 45, "axis": "z", "origin": [7.98159, 8.82145, 7.575]},
			"faces": {
				"north": {"uv": [5, 5, 11, 11], "rotation": 180, "texture": "#252"},
				"east": {"uv": [5, 5, 11, 11], "rotation": 180, "texture": "#252"},
				"south": {"uv": [5, 5, 11, 11], "rotation": 180, "texture": "#252"},
				"west": {"uv": [5, 5, 11, 11], "rotation": 180, "texture": "#252"},
				"up": {"uv": [5, 5, 11, 11], "rotation": 180, "texture": "#252"},
				"down": {"uv": [5, 5, 11, 11], "rotation": 180, "texture": "#252"}
			}
		},
		{
			"from": [7.19085, 8.53564, 7.85],
			"to": [7.26585, 9.13564, 8.05],
			"rotation": {"angle": -45, "axis": "z", "origin": [8.00019, 8.82498, 7.95]},
			"faces": {
				"north": {"uv": [5, 5, 11, 11], "rotation": 180, "texture": "#252"},
				"east": {"uv": [5, 5, 11, 11], "rotation": 180, "texture": "#252"},
				"south": {"uv": [5, 5, 11, 11], "rotation": 180, "texture": "#252"},
				"west": {"uv": [5, 5, 11, 11], "rotation": 180, "texture": "#252"},
				"up": {"uv": [5, 5, 11, 11], "rotation": 180, "texture": "#252"},
				"down": {"uv": [5, 5, 11, 11], "rotation": 180, "texture": "#252"}
			}
		},
		{
			"from": [7.68159, 9.57145, 7.475],
			"to": [8.13159, 9.64645, 7.675],
			"rotation": {"angle": -22.5, "axis": "z", "origin": [7.98159, 8.82145, 7.575]},
			"faces": {
				"north": {"uv": [5, 5, 11, 11], "rotation": 90, "texture": "#252"},
				"east": {"uv": [5, 5, 11, 11], "rotation": 90, "texture": "#252"},
				"south": {"uv": [5, 5, 11, 11], "rotation": 90, "texture": "#252"},
				"west": {"uv": [5, 5, 11, 11], "rotation": 90, "texture": "#252"},
				"up": {"uv": [5, 5, 11, 11], "rotation": 90, "texture": "#252"},
				"down": {"uv": [5, 5, 11, 11], "rotation": 90, "texture": "#252"}
			}
		},
		{
			"from": [7.86603, 9.56459, 7.85],
			"to": [8.31603, 9.63959, 8.05],
			"rotation": {"angle": 22.5, "axis": "z", "origin": [8.00019, 8.82498, 7.95]},
			"faces": {
				"north": {"uv": [5, 5, 11, 11], "rotation": 270, "texture": "#252"},
				"east": {"uv": [5, 5, 11, 11], "rotation": 270, "texture": "#252"},
				"south": {"uv": [5, 5, 11, 11], "rotation": 270, "texture": "#252"},
				"west": {"uv": [5, 5, 11, 11], "rotation": 270, "texture": "#252"},
				"up": {"uv": [5, 5, 11, 11], "rotation": 270, "texture": "#252"},
				"down": {"uv": [5, 5, 11, 11], "rotation": 270, "texture": "#252"}
			}
		},
		{
			"from": [7.28159, 9.62145, 7.525],
			"to": [8.65659, 9.82145, 7.975],
			"rotation": {"angle": 0, "axis": "z", "origin": [7.21909, 9.44645, 7.75]},
			"faces": {
				"north": {"uv": [1, 9, 15, 10], "texture": "#71"},
				"east": {"uv": [1, 9, 15, 10], "texture": "#71"},
				"south": {"uv": [1, 9, 15, 10], "texture": "#71"},
				"west": {"uv": [1, 9, 15, 10], "texture": "#71"},
				"up": {"uv": [1, 9, 15, 10], "texture": "#71"},
				"down": {"uv": [1, 9, 15, 10], "texture": "#71"}
			}
		},
		{
			"from": [7.38159, 9.82145, 7.525],
			"to": [8.65659, 10.02145, 7.975],
			"rotation": {"angle": 0, "axis": "z", "origin": [7.21909, 9.44645, 7.75]},
			"faces": {
				"north": {"uv": [1, 9, 15, 10], "texture": "#71"},
				"east": {"uv": [1, 9, 15, 10], "texture": "#71"},
				"south": {"uv": [1, 9, 15, 10], "texture": "#71"},
				"west": {"uv": [1, 9, 15, 10], "texture": "#71"},
				"up": {"uv": [1, 9, 15, 10], "texture": "#71"},
				"down": {"uv": [1, 9, 15, 10], "texture": "#71"}
			}
		},
		{
			"from": [7.48159, 10.02145, 7.525],
			"to": [8.55659, 10.22145, 7.975],
			"rotation": {"angle": 0, "axis": "z", "origin": [7.21909, 9.44645, 7.75]},
			"faces": {
				"north": {"uv": [1, 9, 15, 10], "texture": "#71"},
				"east": {"uv": [1, 9, 15, 10], "texture": "#71"},
				"south": {"uv": [1, 9, 15, 10], "texture": "#71"},
				"west": {"uv": [1, 9, 15, 10], "texture": "#71"},
				"up": {"uv": [1, 9, 15, 10], "texture": "#71"},
				"down": {"uv": [1, 9, 15, 10], "texture": "#71"}
			}
		},
		{
			"from": [7.58159, 10.22145, 7.525],
			"to": [8.45659, 10.42145, 7.975],
			"rotation": {"angle": 0, "axis": "z", "origin": [7.21909, 9.44645, 7.75]},
			"faces": {
				"north": {"uv": [1, 9, 15, 10], "texture": "#71"},
				"east": {"uv": [1, 9, 15, 10], "texture": "#71"},
				"south": {"uv": [1, 9, 15, 10], "texture": "#71"},
				"west": {"uv": [1, 9, 15, 10], "texture": "#71"},
				"up": {"uv": [1, 9, 15, 10], "texture": "#71"},
				"down": {"uv": [1, 9, 15, 10], "texture": "#71"}
			}
		},
		{
			"from": [7.68159, 10.42145, 7.525],
			"to": [8.35659, 10.62145, 7.975],
			"rotation": {"angle": 0, "axis": "z", "origin": [7.21909, 9.44645, 7.75]},
			"faces": {
				"north": {"uv": [1, 9, 15, 10], "texture": "#71"},
				"east": {"uv": [1, 9, 15, 10], "texture": "#71"},
				"south": {"uv": [1, 9, 15, 10], "texture": "#71"},
				"west": {"uv": [1, 9, 15, 10], "texture": "#71"},
				"up": {"uv": [1, 9, 15, 10], "texture": "#71"},
				"down": {"uv": [1, 9, 15, 10], "texture": "#71"}
			}
		},
		{
			"from": [7.68159, 10.62145, 7.525],
			"to": [8.25659, 10.82145, 7.975],
			"rotation": {"angle": 0, "axis": "z", "origin": [7.21909, 9.44645, 7.75]},
			"faces": {
				"north": {"uv": [1, 9, 15, 10], "texture": "#71"},
				"east": {"uv": [1, 9, 15, 10], "texture": "#71"},
				"south": {"uv": [1, 9, 15, 10], "texture": "#71"},
				"west": {"uv": [1, 9, 15, 10], "texture": "#71"},
				"up": {"uv": [1, 9, 15, 10], "texture": "#71"},
				"down": {"uv": [1, 9, 15, 10], "texture": "#71"}
			}
		},
		{
			"from": [7.88159, 10.82145, 7.525],
			"to": [8.20659, 11.02145, 7.975],
			"rotation": {"angle": 0, "axis": "z", "origin": [7.21909, 9.44645, 7.75]},
			"faces": {
				"north": {"uv": [1, 9, 15, 10], "texture": "#71"},
				"east": {"uv": [1, 9, 15, 10], "texture": "#71"},
				"south": {"uv": [1, 9, 15, 10], "texture": "#71"},
				"west": {"uv": [1, 9, 15, 10], "texture": "#71"},
				"up": {"uv": [1, 9, 15, 10], "texture": "#71"},
				"down": {"uv": [1, 9, 15, 10], "texture": "#71"}
			}
		},
		{
			"from": [7.93159, 11.02145, 7.525],
			"to": [8.10659, 11.22145, 7.975],
			"rotation": {"angle": 0, "axis": "z", "origin": [7.21909, 9.44645, 7.75]},
			"faces": {
				"north": {"uv": [1, 9, 15, 10], "texture": "#71"},
				"east": {"uv": [1, 9, 15, 10], "texture": "#71"},
				"south": {"uv": [1, 9, 15, 10], "texture": "#71"},
				"west": {"uv": [1, 9, 15, 10], "texture": "#71"},
				"up": {"uv": [1, 9, 15, 10], "texture": "#71"},
				"down": {"uv": [1, 9, 15, 10], "texture": "#71"}
			}
		}
	],
	"display": {
		"thirdperson_righthand": {
			"rotation": [0, 91.5, 0],
			"translation": [0, -2.5, 0]
		},
		"gui": {
			"translation": [0, -3.75, 0],
			"scale": [3, 3, 1]
		},
		"head": {
			"translation": [0, 8.25, 0]
		},
		"fixed": {
			"translation": [0, -3.75, 0],
			"scale": [3, 3, 1]
		}
	}
}