{
	"credit": "Made with Blockbench",
	"textures": {
		"289": "block/gold_block",
		"330": "block/horn_coral_block",
		"342": "block/jack_o_lantern",
		"436": "block/netherite_block",
		"particle": "block/acacia_door_bottom"
	},
	"gui_light": "front",
	"elements": [
		{
			"from": [6.5, 7.5, 7.5],
			"to": [9.5, 10.5, 8.25],
			"rotation": {"angle": 0, "axis": "y", "origin": [8, 8, 8]},
			"faces": {
				"north": {"uv": [0, 0, 16, 16], "texture": "#436"},
				"east": {"uv": [0, 0, 16, 16], "texture": "#436"},
				"south": {"uv": [0, 0, 16, 16], "texture": "#436"},
				"west": {"uv": [0, 0, 16, 16], "texture": "#436"},
				"up": {"uv": [0, 0, 16, 16], "texture": "#436"},
				"down": {"uv": [0, 0, 16, 16], "texture": "#436"}
			}
		},
		{
			"from": [7.9, 8.25, 8.25],
			"to": [8.075, 9.75, 8.325],
			"rotation": {"angle": 45, "axis": "z", "origin": [8, 9, 8.3]},
			"faces": {
				"north": {"uv": [0, 0, 16, 16], "texture": "#330"},
				"east": {"uv": [0, 0, 16, 16], "texture": "#330"},
				"south": {"uv": [0, 0, 5, 16], "texture": "#330"},
				"west": {"uv": [0, 0, 16, 16], "texture": "#330"},
				"up": {"uv": [0, 0, 16, 16], "texture": "#330"},
				"down": {"uv": [0, 0, 16, 16], "texture": "#330"}
			}
		},
		{
			"from": [7.95249, 8.26139, 7.422],
			"to": [8.12749, 9.76139, 7.497],
			"rotation": {"angle": -45, "axis": "z", "origin": [8.02316, 8.98296, 7.4485]},
			"faces": {
				"north": {"uv": [0, 0, 9, 16], "texture": "#330"},
				"east": {"uv": [0, 0, 9, 16], "texture": "#330"},
				"south": {"uv": [0, 0, 9, 16], "texture": "#330"},
				"west": {"uv": [0, 0, 9, 16], "texture": "#330"},
				"up": {"uv": [0, 0, 9, 16], "texture": "#330"},
				"down": {"uv": [0, 0, 9, 16], "texture": "#330"}
			}
		},
		{
			"from": [9, 8.5, 8.25],
			"to": [9.075, 9.5, 8.325],
			"rotation": {"angle": 45, "axis": "z", "origin": [8, 9, 8.3]},
			"faces": {
				"north": {"uv": [0, 0, 5, 16], "texture": "#330"},
				"east": {"uv": [0, 0, 5, 16], "texture": "#330"},
				"south": {"uv": [0, 0, 5, 16], "texture": "#330"},
				"west": {"uv": [0, 0, 5, 16], "texture": "#330"},
				"up": {"uv": [0, 0, 5, 16], "texture": "#330"},
				"down": {"uv": [0, 0, 5, 16], "texture": "#330"}
			}
		},
		{
			"from": [6.95249, 8.51139, 7.422],
			"to": [7.02749, 9.51139, 7.497],
			"rotation": {"angle": -45, "axis": "z", "origin": [8.02316, 8.98296, 7.4485]},
			"faces": {
				"north": {"uv": [0, 0, 9, 16], "texture": "#330"},
				"east": {"uv": [0, 0, 9, 16], "texture": "#330"},
				"south": {"uv": [0, 0, 9, 16], "texture": "#330"},
				"west": {"uv": [0, 0, 9, 16], "texture": "#330"},
				"up": {"uv": [0, 0, 9, 16], "texture": "#330"},
				"down": {"uv": [0, 0, 9, 16], "texture": "#330"}
			}
		},
		{
			"from": [7, 8.25, 8.25],
			"to": [7.075, 9.25, 8.325],
			"rotation": {"angle": 45, "axis": "z", "origin": [8, 9, 8.3]},
			"faces": {
				"north": {"uv": [0, 0, 5, 16], "texture": "#330"},
				"east": {"uv": [0, 0, 5, 16], "texture": "#330"},
				"south": {"uv": [0, 0, 5, 16], "texture": "#330"},
				"west": {"uv": [0, 0, 5, 16], "texture": "#330"},
				"up": {"uv": [0, 0, 5, 16], "texture": "#330"},
				"down": {"uv": [0, 0, 5, 16], "texture": "#330"}
			}
		},
		{
			"from": [8.95249, 8.26139, 7.422],
			"to": [9.02749, 9.26139, 7.497],
			"rotation": {"angle": -45, "axis": "z", "origin": [8.02316, 8.98296, 7.4485]},
			"faces": {
				"north": {"uv": [0, 0, 9, 16], "texture": "#330"},
				"east": {"uv": [0, 0, 9, 16], "texture": "#330"},
				"south": {"uv": [0, 0, 9, 16], "texture": "#330"},
				"west": {"uv": [0, 0, 9, 16], "texture": "#330"},
				"up": {"uv": [0, 0, 9, 16], "texture": "#330"},
				"down": {"uv": [0, 0, 9, 16], "texture": "#330"}
			}
		},
		{
			"from": [7.7, 8.85, 8.25],
			"to": [7.875, 9.025, 8.35],
			"rotation": {"angle": 45, "axis": "z", "origin": [8, 9, 8.3]},
			"faces": {
				"north": {"uv": [0, 0, 16, 16], "texture": "#330"},
				"east": {"uv": [0, 0, 16, 16], "texture": "#330"},
				"south": {"uv": [0, 0, 16, 16], "texture": "#330"},
				"west": {"uv": [0, 0, 16, 16], "texture": "#330"},
				"up": {"uv": [0, 0, 16, 16], "texture": "#330"},
				"down": {"uv": [0, 0, 16, 16], "texture": "#330"}
			}
		},
		{
			"from": [8.15249, 8.86139, 7.397],
			"to": [8.32749, 9.03639, 7.497],
			"rotation": {"angle": -45, "axis": "z", "origin": [8.02316, 8.98296, 7.4485]},
			"faces": {
				"north": {"uv": [0, 0, 16, 16], "texture": "#330"},
				"east": {"uv": [0, 0, 16, 16], "texture": "#330"},
				"south": {"uv": [0, 0, 16, 16], "texture": "#330"},
				"west": {"uv": [0, 0, 16, 16], "texture": "#330"},
				"up": {"uv": [0, 0, 16, 16], "texture": "#330"},
				"down": {"uv": [0, 0, 16, 16], "texture": "#330"}
			}
		},
		{
			"from": [8.1, 8.75, 8.25],
			"to": [8.275, 8.925, 8.35],
			"rotation": {"angle": 45, "axis": "z", "origin": [8, 9, 8.3]},
			"faces": {
				"north": {"uv": [0, 0, 16, 16], "texture": "#330"},
				"east": {"uv": [0, 0, 16, 16], "texture": "#330"},
				"south": {"uv": [0, 0, 16, 16], "texture": "#330"},
				"west": {"uv": [0, 0, 16, 16], "texture": "#330"},
				"up": {"uv": [0, 0, 16, 16], "texture": "#330"},
				"down": {"uv": [0, 0, 16, 16], "texture": "#330"}
			}
		},
		{
			"from": [7.75249, 8.76139, 7.397],
			"to": [7.92749, 8.93639, 7.497],
			"rotation": {"angle": -45, "axis": "z", "origin": [8.02316, 8.98296, 7.4485]},
			"faces": {
				"north": {"uv": [0, 0, 16, 16], "texture": "#330"},
				"east": {"uv": [0, 0, 16, 16], "texture": "#330"},
				"south": {"uv": [0, 0, 16, 16], "texture": "#330"},
				"west": {"uv": [0, 0, 16, 16], "texture": "#330"},
				"up": {"uv": [0, 0, 16, 16], "texture": "#330"},
				"down": {"uv": [0, 0, 16, 16], "texture": "#330"}
			}
		},
		{
			"from": [9.725, 8.9, 8.25],
			"to": [9.9, 9.075, 8.35],
			"rotation": {"angle": 45, "axis": "z", "origin": [8, 9, 8.3]},
			"faces": {
				"north": {"uv": [2, 10, 14, 12], "texture": "#342"},
				"east": {"uv": [2, 10, 14, 12], "texture": "#342"},
				"south": {"uv": [2, 10, 14, 12], "texture": "#342"},
				"west": {"uv": [2, 10, 14, 12], "texture": "#342"},
				"up": {"uv": [2, 10, 14, 12], "texture": "#342"},
				"down": {"uv": [2, 10, 14, 12], "texture": "#342"}
			}
		},
		{
			"from": [6.12749, 8.91139, 7.397],
			"to": [6.30249, 9.08639, 7.497],
			"rotation": {"angle": -45, "axis": "z", "origin": [8.02316, 8.98296, 7.4485]},
			"faces": {
				"north": {"uv": [2, 10, 14, 12], "texture": "#342"},
				"east": {"uv": [2, 10, 14, 12], "texture": "#342"},
				"south": {"uv": [2, 10, 14, 12], "texture": "#342"},
				"west": {"uv": [2, 10, 14, 12], "texture": "#342"},
				"up": {"uv": [2, 10, 14, 12], "texture": "#342"},
				"down": {"uv": [2, 10, 14, 12], "texture": "#342"}
			}
		},
		{
			"from": [9.325, 8.65, 8.25],
			"to": [9.4, 9.325, 8.35],
			"rotation": {"angle": 0, "axis": "z", "origin": [8, 9, 8.3]},
			"faces": {
				"north": {"uv": [2, 10, 14, 12], "texture": "#342"},
				"east": {"uv": [2, 10, 14, 12], "texture": "#342"},
				"south": {"uv": [2, 10, 14, 12], "texture": "#342"},
				"west": {"uv": [2, 10, 14, 12], "texture": "#342"},
				"up": {"uv": [2, 10, 14, 12], "texture": "#342"},
				"down": {"uv": [2, 10, 14, 12], "texture": "#342"}
			}
		},
		{
			"from": [6.64633, 8.65, 7.397],
			"to": [6.72133, 9.325, 7.497],
			"rotation": {"angle": 0, "axis": "z", "origin": [8.02316, 8.98296, 7.4485]},
			"faces": {
				"north": {"uv": [2, 10, 14, 12], "texture": "#342"},
				"east": {"uv": [2, 10, 14, 12], "texture": "#342"},
				"south": {"uv": [2, 10, 14, 12], "texture": "#342"},
				"west": {"uv": [2, 10, 14, 12], "texture": "#342"},
				"up": {"uv": [2, 10, 14, 12], "texture": "#342"},
				"down": {"uv": [2, 10, 14, 12], "texture": "#342"}
			}
		},
		{
			"from": [7.65, 7.6, 8.25],
			"to": [8.325, 7.675, 8.35],
			"rotation": {"angle": 0, "axis": "z", "origin": [8, 9, 8.3]},
			"faces": {
				"north": {"uv": [2, 10, 14, 12], "rotation": 90, "texture": "#342"},
				"east": {"uv": [2, 10, 14, 12], "rotation": 90, "texture": "#342"},
				"south": {"uv": [2, 10, 14, 12], "rotation": 90, "texture": "#342"},
				"west": {"uv": [2, 10, 14, 12], "rotation": 90, "texture": "#342"},
				"up": {"uv": [2, 10, 14, 12], "rotation": 90, "texture": "#342"},
				"down": {"uv": [2, 10, 14, 12], "rotation": 90, "texture": "#342"}
			}
		},
		{
			"from": [7.72133, 7.6, 7.397],
			"to": [8.39633, 7.675, 7.497],
			"rotation": {"angle": 0, "axis": "z", "origin": [8.02316, 8.98296, 7.4485]},
			"faces": {
				"north": {"uv": [2, 10, 14, 12], "rotation": 270, "texture": "#342"},
				"east": {"uv": [2, 10, 14, 12], "rotation": 270, "texture": "#342"},
				"south": {"uv": [2, 10, 14, 12], "rotation": 270, "texture": "#342"},
				"west": {"uv": [2, 10, 14, 12], "rotation": 270, "texture": "#342"},
				"up": {"uv": [2, 10, 14, 12], "rotation": 270, "texture": "#342"},
				"down": {"uv": [2, 10, 14, 12], "rotation": 270, "texture": "#342"}
			}
		},
		{
			"from": [6.6, 8.675, 8.25],
			"to": [6.675, 9.35, 8.35],
			"rotation": {"angle": 0, "axis": "z", "origin": [8, 9, 8.3]},
			"faces": {
				"north": {"uv": [2, 10, 14, 12], "rotation": 180, "texture": "#342"},
				"east": {"uv": [2, 10, 14, 12], "rotation": 180, "texture": "#342"},
				"south": {"uv": [2, 10, 14, 12], "rotation": 180, "texture": "#342"},
				"west": {"uv": [2, 10, 14, 12], "rotation": 180, "texture": "#342"},
				"up": {"uv": [2, 10, 14, 12], "rotation": 180, "texture": "#342"},
				"down": {"uv": [2, 10, 14, 12], "rotation": 180, "texture": "#342"}
			}
		},
		{
			"from": [9.37133, 8.675, 7.397],
			"to": [9.44633, 9.35, 7.497],
			"rotation": {"angle": 0, "axis": "z", "origin": [8.02316, 8.98296, 7.4485]},
			"faces": {
				"north": {"uv": [2, 10, 14, 12], "rotation": 180, "texture": "#342"},
				"east": {"uv": [2, 10, 14, 12], "rotation": 180, "texture": "#342"},
				"south": {"uv": [2, 10, 14, 12], "rotation": 180, "texture": "#342"},
				"west": {"uv": [2, 10, 14, 12], "rotation": 180, "texture": "#342"},
				"up": {"uv": [2, 10, 14, 12], "rotation": 180, "texture": "#342"},
				"down": {"uv": [2, 10, 14, 12], "rotation": 180, "texture": "#342"}
			}
		},
		{
			"from": [7.675, 10.325, 8.25],
			"to": [8.35, 10.4, 8.35],
			"rotation": {"angle": 0, "axis": "z", "origin": [8, 9, 8.3]},
			"faces": {
				"north": {"uv": [2, 10, 14, 12], "rotation": 270, "texture": "#342"},
				"east": {"uv": [2, 10, 14, 12], "rotation": 270, "texture": "#342"},
				"south": {"uv": [2, 10, 14, 12], "rotation": 270, "texture": "#342"},
				"west": {"uv": [2, 10, 14, 12], "rotation": 270, "texture": "#342"},
				"up": {"uv": [2, 10, 14, 12], "rotation": 270, "texture": "#342"},
				"down": {"uv": [2, 10, 14, 12], "rotation": 270, "texture": "#342"}
			}
		},
		{
			"from": [7.69633, 10.325, 7.397],
			"to": [8.37133, 10.4, 7.497],
			"rotation": {"angle": 0, "axis": "z", "origin": [8.02316, 8.98296, 7.4485]},
			"faces": {
				"north": {"uv": [2, 10, 14, 12], "rotation": 90, "texture": "#342"},
				"east": {"uv": [2, 10, 14, 12], "rotation": 90, "texture": "#342"},
				"south": {"uv": [2, 10, 14, 12], "rotation": 90, "texture": "#342"},
				"west": {"uv": [2, 10, 14, 12], "rotation": 90, "texture": "#342"},
				"up": {"uv": [2, 10, 14, 12], "rotation": 90, "texture": "#342"},
				"down": {"uv": [2, 10, 14, 12], "rotation": 90, "texture": "#342"}
			}
		},
		{
			"from": [9.325, 9.5, 8.25],
			"to": [9.4, 9.825, 8.35],
			"rotation": {"angle": 0, "axis": "z", "origin": [8, 9, 8.3]},
			"faces": {
				"north": {"uv": [2, 10, 14, 12], "texture": "#342"},
				"east": {"uv": [2, 10, 14, 12], "texture": "#342"},
				"south": {"uv": [2, 10, 14, 12], "texture": "#342"},
				"west": {"uv": [2, 10, 14, 12], "texture": "#342"},
				"up": {"uv": [2, 10, 14, 12], "texture": "#342"},
				"down": {"uv": [2, 10, 14, 12], "texture": "#342"}
			}
		},
		{
			"from": [6.64633, 9.5, 7.397],
			"to": [6.72133, 9.825, 7.497],
			"rotation": {"angle": 0, "axis": "z", "origin": [8.02316, 8.98296, 7.4485]},
			"faces": {
				"north": {"uv": [2, 10, 14, 12], "texture": "#342"},
				"east": {"uv": [2, 10, 14, 12], "texture": "#342"},
				"south": {"uv": [2, 10, 14, 12], "texture": "#342"},
				"west": {"uv": [2, 10, 14, 12], "texture": "#342"},
				"up": {"uv": [2, 10, 14, 12], "texture": "#342"},
				"down": {"uv": [2, 10, 14, 12], "texture": "#342"}
			}
		},
		{
			"from": [8.5, 7.6, 8.25],
			"to": [8.825, 7.675, 8.35],
			"rotation": {"angle": 0, "axis": "z", "origin": [8, 9, 8.3]},
			"faces": {
				"north": {"uv": [2, 10, 14, 12], "rotation": 90, "texture": "#342"},
				"east": {"uv": [2, 10, 14, 12], "rotation": 90, "texture": "#342"},
				"south": {"uv": [2, 10, 14, 12], "rotation": 90, "texture": "#342"},
				"west": {"uv": [2, 10, 14, 12], "rotation": 90, "texture": "#342"},
				"up": {"uv": [2, 10, 14, 12], "rotation": 90, "texture": "#342"},
				"down": {"uv": [2, 10, 14, 12], "rotation": 90, "texture": "#342"}
			}
		},
		{
			"from": [7.22133, 7.6, 7.397],
			"to": [7.54633, 7.675, 7.497],
			"rotation": {"angle": 0, "axis": "z", "origin": [8.02316, 8.98296, 7.4485]},
			"faces": {
				"north": {"uv": [2, 10, 14, 12], "rotation": 270, "texture": "#342"},
				"east": {"uv": [2, 10, 14, 12], "rotation": 270, "texture": "#342"},
				"south": {"uv": [2, 10, 14, 12], "rotation": 270, "texture": "#342"},
				"west": {"uv": [2, 10, 14, 12], "rotation": 270, "texture": "#342"},
				"up": {"uv": [2, 10, 14, 12], "rotation": 270, "texture": "#342"},
				"down": {"uv": [2, 10, 14, 12], "rotation": 270, "texture": "#342"}
			}
		},
		{
			"from": [6.6, 8.175, 8.25],
			"to": [6.675, 8.5, 8.35],
			"rotation": {"angle": 0, "axis": "z", "origin": [8, 9, 8.3]},
			"faces": {
				"north": {"uv": [2, 10, 14, 12], "rotation": 180, "texture": "#342"},
				"east": {"uv": [2, 10, 14, 12], "rotation": 180, "texture": "#342"},
				"south": {"uv": [2, 10, 14, 12], "rotation": 180, "texture": "#342"},
				"west": {"uv": [2, 10, 14, 12], "rotation": 180, "texture": "#342"},
				"up": {"uv": [2, 10, 14, 12], "rotation": 180, "texture": "#342"},
				"down": {"uv": [2, 10, 14, 12], "rotation": 180, "texture": "#342"}
			}
		},
		{
			"from": [9.37133, 8.175, 7.397],
			"to": [9.44633, 8.5, 7.497],
			"rotation": {"angle": 0, "axis": "z", "origin": [8.02316, 8.98296, 7.4485]},
			"faces": {
				"north": {"uv": [2, 10, 14, 12], "rotation": 180, "texture": "#342"},
				"east": {"uv": [2, 10, 14, 12], "rotation": 180, "texture": "#342"},
				"south": {"uv": [2, 10, 14, 12], "rotation": 180, "texture": "#342"},
				"west": {"uv": [2, 10, 14, 12], "rotation": 180, "texture": "#342"},
				"up": {"uv": [2, 10, 14, 12], "rotation": 180, "texture": "#342"},
				"down": {"uv": [2, 10, 14, 12], "rotation": 180, "texture": "#342"}
			}
		},
		{
			"from": [7.175, 10.325, 8.25],
			"to": [7.5, 10.4, 8.35],
			"rotation": {"angle": 0, "axis": "z", "origin": [8, 9, 8.3]},
			"faces": {
				"north": {"uv": [2, 10, 14, 12], "rotation": 270, "texture": "#342"},
				"east": {"uv": [2, 10, 14, 12], "rotation": 270, "texture": "#342"},
				"south": {"uv": [2, 10, 14, 12], "rotation": 270, "texture": "#342"},
				"west": {"uv": [2, 10, 14, 12], "rotation": 270, "texture": "#342"},
				"up": {"uv": [2, 10, 14, 12], "rotation": 270, "texture": "#342"},
				"down": {"uv": [2, 10, 14, 12], "rotation": 270, "texture": "#342"}
			}
		},
		{
			"from": [8.54633, 10.325, 7.397],
			"to": [8.87133, 10.4, 7.497],
			"rotation": {"angle": 0, "axis": "z", "origin": [8.02316, 8.98296, 7.4485]},
			"faces": {
				"north": {"uv": [2, 10, 14, 12], "rotation": 90, "texture": "#342"},
				"east": {"uv": [2, 10, 14, 12], "rotation": 90, "texture": "#342"},
				"south": {"uv": [2, 10, 14, 12], "rotation": 90, "texture": "#342"},
				"west": {"uv": [2, 10, 14, 12], "rotation": 90, "texture": "#342"},
				"up": {"uv": [2, 10, 14, 12], "rotation": 90, "texture": "#342"},
				"down": {"uv": [2, 10, 14, 12], "rotation": 90, "texture": "#342"}
			}
		},
		{
			"from": [9.325, 8.15, 8.25],
			"to": [9.4, 8.475, 8.35],
			"rotation": {"angle": 0, "axis": "z", "origin": [8, 9, 8.3]},
			"faces": {
				"north": {"uv": [2, 10, 14, 12], "texture": "#342"},
				"east": {"uv": [2, 10, 14, 12], "texture": "#342"},
				"south": {"uv": [2, 10, 14, 12], "texture": "#342"},
				"west": {"uv": [2, 10, 14, 12], "texture": "#342"},
				"up": {"uv": [2, 10, 14, 12], "texture": "#342"},
				"down": {"uv": [2, 10, 14, 12], "texture": "#342"}
			}
		},
		{
			"from": [6.64633, 8.15, 7.397],
			"to": [6.72133, 8.475, 7.497],
			"rotation": {"angle": 0, "axis": "z", "origin": [8.02316, 8.98296, 7.4485]},
			"faces": {
				"north": {"uv": [2, 10, 14, 12], "texture": "#342"},
				"east": {"uv": [2, 10, 14, 12], "texture": "#342"},
				"south": {"uv": [2, 10, 14, 12], "texture": "#342"},
				"west": {"uv": [2, 10, 14, 12], "texture": "#342"},
				"up": {"uv": [2, 10, 14, 12], "texture": "#342"},
				"down": {"uv": [2, 10, 14, 12], "texture": "#342"}
			}
		},
		{
			"from": [7.15, 7.6, 8.25],
			"to": [7.475, 7.675, 8.35],
			"rotation": {"angle": 0, "axis": "z", "origin": [8, 9, 8.3]},
			"faces": {
				"north": {"uv": [2, 10, 14, 12], "rotation": 90, "texture": "#342"},
				"east": {"uv": [2, 10, 14, 12], "rotation": 90, "texture": "#342"},
				"south": {"uv": [2, 10, 14, 12], "rotation": 90, "texture": "#342"},
				"west": {"uv": [2, 10, 14, 12], "rotation": 90, "texture": "#342"},
				"up": {"uv": [2, 10, 14, 12], "rotation": 90, "texture": "#342"},
				"down": {"uv": [2, 10, 14, 12], "rotation": 90, "texture": "#342"}
			}
		},
		{
			"from": [8.57133, 7.6, 7.397],
			"to": [8.89633, 7.675, 7.497],
			"rotation": {"angle": 0, "axis": "z", "origin": [8.02316, 8.98296, 7.4485]},
			"faces": {
				"north": {"uv": [2, 10, 14, 12], "rotation": 270, "texture": "#342"},
				"east": {"uv": [2, 10, 14, 12], "rotation": 270, "texture": "#342"},
				"south": {"uv": [2, 10, 14, 12], "rotation": 270, "texture": "#342"},
				"west": {"uv": [2, 10, 14, 12], "rotation": 270, "texture": "#342"},
				"up": {"uv": [2, 10, 14, 12], "rotation": 270, "texture": "#342"},
				"down": {"uv": [2, 10, 14, 12], "rotation": 270, "texture": "#342"}
			}
		},
		{
			"from": [6.6, 9.525, 8.25],
			"to": [6.675, 9.85, 8.35],
			"rotation": {"angle": 0, "axis": "z", "origin": [8, 9, 8.3]},
			"faces": {
				"north": {"uv": [2, 10, 14, 12], "rotation": 180, "texture": "#342"},
				"east": {"uv": [2, 10, 14, 12], "rotation": 180, "texture": "#342"},
				"south": {"uv": [2, 10, 14, 12], "rotation": 180, "texture": "#342"},
				"west": {"uv": [2, 10, 14, 12], "rotation": 180, "texture": "#342"},
				"up": {"uv": [2, 10, 14, 12], "rotation": 180, "texture": "#342"},
				"down": {"uv": [2, 10, 14, 12], "rotation": 180, "texture": "#342"}
			}
		},
		{
			"from": [9.37133, 9.525, 7.397],
			"to": [9.44633, 9.85, 7.497],
			"rotation": {"angle": 0, "axis": "z", "origin": [8.02316, 8.98296, 7.4485]},
			"faces": {
				"north": {"uv": [2, 10, 14, 12], "rotation": 180, "texture": "#342"},
				"east": {"uv": [2, 10, 14, 12], "rotation": 180, "texture": "#342"},
				"south": {"uv": [2, 10, 14, 12], "rotation": 180, "texture": "#342"},
				"west": {"uv": [2, 10, 14, 12], "rotation": 180, "texture": "#342"},
				"up": {"uv": [2, 10, 14, 12], "rotation": 180, "texture": "#342"},
				"down": {"uv": [2, 10, 14, 12], "rotation": 180, "texture": "#342"}
			}
		},
		{
			"from": [8.525, 10.325, 8.25],
			"to": [8.85, 10.4, 8.35],
			"rotation": {"angle": 0, "axis": "z", "origin": [8, 9, 8.3]},
			"faces": {
				"north": {"uv": [2, 10, 14, 12], "rotation": 270, "texture": "#342"},
				"east": {"uv": [2, 10, 14, 12], "rotation": 270, "texture": "#342"},
				"south": {"uv": [2, 10, 14, 12], "rotation": 270, "texture": "#342"},
				"west": {"uv": [2, 10, 14, 12], "rotation": 270, "texture": "#342"},
				"up": {"uv": [2, 10, 14, 12], "rotation": 270, "texture": "#342"},
				"down": {"uv": [2, 10, 14, 12], "rotation": 270, "texture": "#342"}
			}
		},
		{
			"from": [7.19633, 10.325, 7.397],
			"to": [7.52133, 10.4, 7.497],
			"rotation": {"angle": 0, "axis": "z", "origin": [8.02316, 8.98296, 7.4485]},
			"faces": {
				"north": {"uv": [2, 10, 14, 12], "rotation": 90, "texture": "#342"},
				"east": {"uv": [2, 10, 14, 12], "rotation": 90, "texture": "#342"},
				"south": {"uv": [2, 10, 14, 12], "rotation": 90, "texture": "#342"},
				"west": {"uv": [2, 10, 14, 12], "rotation": 90, "texture": "#342"},
				"up": {"uv": [2, 10, 14, 12], "rotation": 90, "texture": "#342"},
				"down": {"uv": [2, 10, 14, 12], "rotation": 90, "texture": "#342"}
			}
		},
		{
			"from": [7.9, 7.1, 8.25],
			"to": [8.075, 7.275, 8.35],
			"rotation": {"angle": 45, "axis": "z", "origin": [8, 9, 8.3]},
			"faces": {
				"north": {"uv": [2, 10, 14, 12], "rotation": 90, "texture": "#342"},
				"east": {"uv": [2, 10, 14, 12], "rotation": 90, "texture": "#342"},
				"south": {"uv": [2, 10, 14, 12], "rotation": 90, "texture": "#342"},
				"west": {"uv": [2, 10, 14, 12], "rotation": 90, "texture": "#342"},
				"up": {"uv": [2, 10, 14, 12], "rotation": 90, "texture": "#342"},
				"down": {"uv": [2, 10, 14, 12], "rotation": 90, "texture": "#342"}
			}
		},
		{
			"from": [7.95249, 7.11139, 7.397],
			"to": [8.12749, 7.28639, 7.497],
			"rotation": {"angle": -45, "axis": "z", "origin": [8.02316, 8.98296, 7.4485]},
			"faces": {
				"north": {"uv": [2, 10, 14, 12], "rotation": 270, "texture": "#342"},
				"east": {"uv": [2, 10, 14, 12], "rotation": 270, "texture": "#342"},
				"south": {"uv": [2, 10, 14, 12], "rotation": 270, "texture": "#342"},
				"west": {"uv": [2, 10, 14, 12], "rotation": 270, "texture": "#342"},
				"up": {"uv": [2, 10, 14, 12], "rotation": 270, "texture": "#342"},
				"down": {"uv": [2, 10, 14, 12], "rotation": 270, "texture": "#342"}
			}
		},
		{
			"from": [7.9, 7.1, 8.25],
			"to": [8.075, 7.275, 8.35],
			"rotation": {"angle": -45, "axis": "z", "origin": [8, 9, 8.3]},
			"faces": {
				"north": {"uv": [2, 10, 14, 12], "rotation": 90, "texture": "#342"},
				"east": {"uv": [2, 10, 14, 12], "rotation": 90, "texture": "#342"},
				"south": {"uv": [2, 10, 14, 12], "rotation": 90, "texture": "#342"},
				"west": {"uv": [2, 10, 14, 12], "rotation": 90, "texture": "#342"},
				"up": {"uv": [2, 10, 14, 12], "rotation": 90, "texture": "#342"},
				"down": {"uv": [2, 10, 14, 12], "rotation": 90, "texture": "#342"}
			}
		},
		{
			"from": [7.9766, 7.07863, 7.397],
			"to": [8.1516, 7.25363, 7.497],
			"rotation": {"angle": 45, "axis": "z", "origin": [8.02316, 8.98296, 7.4485]},
			"faces": {
				"north": {"uv": [2, 10, 14, 12], "rotation": 270, "texture": "#342"},
				"east": {"uv": [2, 10, 14, 12], "rotation": 270, "texture": "#342"},
				"south": {"uv": [2, 10, 14, 12], "rotation": 270, "texture": "#342"},
				"west": {"uv": [2, 10, 14, 12], "rotation": 270, "texture": "#342"},
				"up": {"uv": [2, 10, 14, 12], "rotation": 270, "texture": "#342"},
				"down": {"uv": [2, 10, 14, 12], "rotation": 270, "texture": "#342"}
			}
		},
		{
			"from": [7.925, 10.725, 8.25],
			"to": [8.1, 10.9, 8.35],
			"rotation": {"angle": 45, "axis": "z", "origin": [8, 9, 8.3]},
			"faces": {
				"north": {"uv": [2, 10, 14, 12], "rotation": 270, "texture": "#342"},
				"east": {"uv": [2, 10, 14, 12], "rotation": 270, "texture": "#342"},
				"south": {"uv": [2, 10, 14, 12], "rotation": 270, "texture": "#342"},
				"west": {"uv": [2, 10, 14, 12], "rotation": 270, "texture": "#342"},
				"up": {"uv": [2, 10, 14, 12], "rotation": 270, "texture": "#342"},
				"down": {"uv": [2, 10, 14, 12], "rotation": 270, "texture": "#342"}
			}
		},
		{
			"from": [7.92749, 10.73639, 7.397],
			"to": [8.10249, 10.91139, 7.497],
			"rotation": {"angle": -45, "axis": "z", "origin": [8.02316, 8.98296, 7.4485]},
			"faces": {
				"north": {"uv": [2, 10, 14, 12], "rotation": 90, "texture": "#342"},
				"east": {"uv": [2, 10, 14, 12], "rotation": 90, "texture": "#342"},
				"south": {"uv": [2, 10, 14, 12], "rotation": 90, "texture": "#342"},
				"west": {"uv": [2, 10, 14, 12], "rotation": 90, "texture": "#342"},
				"up": {"uv": [2, 10, 14, 12], "rotation": 90, "texture": "#342"},
				"down": {"uv": [2, 10, 14, 12], "rotation": 90, "texture": "#342"}
			}
		},
		{
			"from": [7.95, 9.05, 8.25],
			"to": [8.05, 10.55, 8.35],
			"rotation": {"angle": -45, "axis": "z", "origin": [8, 9, 8.3]},
			"faces": {
				"north": {"uv": [0, 0, 16, 16], "texture": "#330"},
				"east": {"uv": [0, 0, 16, 16], "texture": "#330"},
				"south": {"uv": [10, 0, 16, 16], "texture": "#330"},
				"west": {"uv": [0, 0, 16, 16], "texture": "#330"},
				"up": {"uv": [0, 0, 16, 16], "texture": "#330"},
				"down": {"uv": [0, 0, 16, 16], "texture": "#330"}
			}
		},
		{
			"from": [8.0016, 9.02863, 7.397],
			"to": [8.1016, 10.52863, 7.497],
			"rotation": {"angle": 45, "axis": "z", "origin": [8.02316, 8.98296, 7.4485]},
			"faces": {
				"north": {"uv": [0, 0, 9, 16], "texture": "#330"},
				"east": {"uv": [0, 0, 9, 16], "texture": "#330"},
				"south": {"uv": [0, 0, 9, 16], "texture": "#330"},
				"west": {"uv": [0, 0, 9, 16], "texture": "#330"},
				"up": {"uv": [0, 0, 9, 16], "texture": "#330"},
				"down": {"uv": [0, 0, 9, 16], "texture": "#330"}
			}
		},
		{
			"from": [6.925, 9.55, 8.25],
			"to": [8.125, 9.65, 8.35],
			"rotation": {"angle": 45, "axis": "z", "origin": [7.525, 9.525, 8.3]},
			"faces": {
				"north": {"uv": [0, 0, 8, 16], "rotation": 90, "texture": "#330"},
				"east": {"uv": [0, 0, 8, 16], "rotation": 90, "texture": "#330"},
				"south": {"uv": [0, 0, 8, 16], "rotation": 90, "texture": "#330"},
				"west": {"uv": [0, 0, 8, 16], "rotation": 90, "texture": "#330"},
				"up": {"uv": [0, 0, 8, 16], "rotation": 90, "texture": "#330"},
				"down": {"uv": [0, 0, 8, 16], "rotation": 90, "texture": "#330"}
			}
		},
		{
			"from": [7.39214, 9.74349, 7.397],
			"to": [8.59214, 9.84349, 7.497],
			"rotation": {"angle": -45, "axis": "z", "origin": [8.02316, 8.98296, 7.4485]},
			"faces": {
				"north": {"uv": [0, 0, 9, 16], "rotation": 90, "texture": "#330"},
				"east": {"uv": [0, 0, 9, 16], "rotation": 90, "texture": "#330"},
				"south": {"uv": [0, 0, 9, 16], "rotation": 90, "texture": "#330"},
				"west": {"uv": [0, 0, 9, 16], "rotation": 90, "texture": "#330"},
				"up": {"uv": [0, 0, 9, 16], "rotation": 90, "texture": "#330"},
				"down": {"uv": [0, 0, 9, 16], "rotation": 90, "texture": "#330"}
			}
		},
		{
			"from": [6.925, 7.975, 8.25],
			"to": [8.125, 8.075, 8.35],
			"rotation": {"angle": 45, "axis": "z", "origin": [7.525, 9.525, 8.3]},
			"faces": {
				"north": {"uv": [0, 0, 8, 16], "rotation": 90, "texture": "#330"},
				"east": {"uv": [0, 0, 8, 16], "rotation": 90, "texture": "#330"},
				"south": {"uv": [0, 0, 8, 16], "rotation": 90, "texture": "#330"},
				"west": {"uv": [0, 0, 8, 16], "rotation": 90, "texture": "#330"},
				"up": {"uv": [0, 0, 8, 16], "rotation": 90, "texture": "#330"},
				"down": {"uv": [0, 0, 8, 16], "rotation": 90, "texture": "#330"}
			}
		},
		{
			"from": [7.39214, 8.16849, 7.397],
			"to": [8.59214, 8.26849, 7.497],
			"rotation": {"angle": -45, "axis": "z", "origin": [8.02316, 8.98296, 7.4485]},
			"faces": {
				"north": {"uv": [0, 0, 9, 16], "rotation": 90, "texture": "#330"},
				"east": {"uv": [0, 0, 9, 16], "rotation": 90, "texture": "#330"},
				"south": {"uv": [0, 0, 9, 16], "rotation": 90, "texture": "#330"},
				"west": {"uv": [0, 0, 9, 16], "rotation": 90, "texture": "#330"},
				"up": {"uv": [0, 0, 9, 16], "rotation": 90, "texture": "#330"},
				"down": {"uv": [0, 0, 9, 16], "rotation": 90, "texture": "#330"}
			}
		},
		{
			"from": [8.175, 7.45, 8.25],
			"to": [8.275, 8.95, 8.35],
			"rotation": {"angle": -45, "axis": "z", "origin": [8, 9, 8.3]},
			"faces": {
				"north": {"uv": [0, 0, 16, 16], "texture": "#330"},
				"east": {"uv": [0, 0, 16, 16], "texture": "#330"},
				"south": {"uv": [10, 0, 16, 16], "texture": "#330"},
				"west": {"uv": [0, 0, 16, 16], "texture": "#330"},
				"up": {"uv": [0, 0, 16, 16], "texture": "#330"},
				"down": {"uv": [0, 0, 16, 16], "texture": "#330"}
			}
		},
		{
			"from": [7.7766, 7.42863, 7.397],
			"to": [7.8766, 8.92863, 7.497],
			"rotation": {"angle": 45, "axis": "z", "origin": [8.02316, 8.98296, 7.4485]},
			"faces": {
				"north": {"uv": [0, 0, 9, 16], "texture": "#330"},
				"east": {"uv": [0, 0, 9, 16], "texture": "#330"},
				"south": {"uv": [0, 0, 9, 16], "texture": "#330"},
				"west": {"uv": [0, 0, 9, 16], "texture": "#330"},
				"up": {"uv": [0, 0, 9, 16], "texture": "#330"},
				"down": {"uv": [0, 0, 9, 16], "texture": "#330"}
			}
		},
		{
			"from": [6.375, 7.375, 7.8],
			"to": [9.625, 10.6, 7.95],
			"rotation": {"angle": 0, "axis": "y", "origin": [8, 8, 8]},
			"faces": {
				"north": {"uv": [4, 5, 13, 13], "texture": "#289"},
				"east": {"uv": [4, 5, 13, 13], "texture": "#289"},
				"south": {"uv": [4, 5, 13, 13], "texture": "#289"},
				"west": {"uv": [4, 5, 13, 13], "texture": "#289"},
				"up": {"uv": [4, 5, 13, 13], "texture": "#289"},
				"down": {"uv": [4, 5, 13, 13], "texture": "#289"}
			}
		}
	],
	"display": {
		"thirdperson_righthand": {
			"rotation": [0, 93.25, 0],
			"translation": [0, -0.5, 0]
		},
		"gui": {
			"translation": [0, -2.5, 0],
			"scale": [3, 3, 2.35]
		},
		"fixed": {
			"translation": [0, -2.25, -1.25],
			"scale": [2.58, 2.58, 1.75]
		}
	}
}