{
	"credit": "Made with Blockbench",
	"textures": {
		"126": "block/cauldron_inner",
		"367": "block/lapis_block",
		"614": "block/soul_campfire_fire",
		"717": "block/warped_stem",
		"particle": "block/acacia_door_bottom"
	},
	"gui_light": "front",
	"elements": [
		{
			"from": [7.61, 5.85, 6.83],
			"to": [8.39, 7.79, 9.17],
			"rotation": {"angle": 0, "axis": "y", "origin": [8, 6.24, 8]},
			"faces": {
				"north": {"uv": [0, 2, 16, 14], "texture": "#126"},
				"east": {"uv": [0, 2, 16, 14], "texture": "#126"},
				"south": {"uv": [0, 2, 16, 14], "texture": "#126"},
				"west": {"uv": [0, 2, 16, 14], "texture": "#126"},
				"up": {"uv": [0, 2, 16, 14], "texture": "#126"},
				"down": {"uv": [0, 2, 16, 14], "texture": "#126"}
			}
		},
		{
			"from": [7.71, 7.15, 6.93],
			"to": [8.29, 8.39, 8.17],
			"rotation": {"angle": 0, "axis": "y", "origin": [8, 6.24, 8]},
			"faces": {
				"north": {"uv": [0, 2, 16, 14], "texture": "#126"},
				"east": {"uv": [0, 2, 16, 14], "texture": "#126"},
				"south": {"uv": [0, 2, 16, 14], "texture": "#126"},
				"west": {"uv": [0, 2, 16, 14], "texture": "#126"},
				"up": {"uv": [0, 2, 16, 14], "texture": "#126"},
				"down": {"uv": [0, 2, 16, 14], "texture": "#126"}
			}
		},
		{
			"from": [8.385, 6.05, 7.93],
			"to": [8.465, 7.69, 8.07],
			"rotation": {"angle": 0, "axis": "y", "origin": [8, 6.24, 8]},
			"faces": {
				"north": {"uv": [0, 0, 16, 16], "texture": "#367"},
				"east": {"uv": [0, 0, 16, 16], "rotation": 90, "texture": "#367"},
				"south": {"uv": [0, 0, 16, 16], "texture": "#367"},
				"west": {"uv": [0, 0, 16, 16], "texture": "#367"},
				"up": {"uv": [0, 0, 16, 16], "texture": "#367"},
				"down": {"uv": [0, 0, 16, 16], "texture": "#367"}
			}
		},
		{
			"from": [7.535, 6.55, 7.93],
			"to": [7.615, 7.69, 8.07],
			"rotation": {"angle": 0, "axis": "y", "origin": [8, 6.24, 8]},
			"faces": {
				"north": {"uv": [0, 0, 16, 16], "texture": "#367"},
				"east": {"uv": [0, 0, 16, 16], "rotation": 90, "texture": "#367"},
				"south": {"uv": [0, 0, 16, 16], "texture": "#367"},
				"west": {"uv": [0, 0, 16, 16], "texture": "#367"},
				"up": {"uv": [0, 0, 16, 16], "texture": "#367"},
				"down": {"uv": [0, 0, 16, 16], "texture": "#367"}
			}
		},
		{
			"from": [8.285, 5.06, 8.18],
			"to": [8.39, 5.475, 8.22],
			"rotation": {"angle": 45, "axis": "x", "origin": [8.3375, 5.28, 8]},
			"faces": {
				"north": {"uv": [7, 8, 9, 16], "rotation": 180, "texture": "#614"},
				"east": {"uv": [7, 8, 9, 16], "rotation": 180, "texture": "#614"},
				"south": {"uv": [7, 8, 9, 16], "rotation": 180, "texture": "#614"},
				"west": {"uv": [7, 8, 9, 16], "rotation": 180, "texture": "#614"},
				"up": {"uv": [7, 8, 9, 16], "rotation": 180, "texture": "#614"},
				"down": {"uv": [7, 8, 9, 16], "rotation": 180, "texture": "#614"}
			}
		},
		{
			"from": [8.2995, 5.442, 7.751],
			"to": [8.373, 5.7325, 7.779],
			"rotation": {"angle": 45, "axis": "x", "origin": [8.33625, 5.596, 7.625]},
			"faces": {
				"north": {"uv": [7, 8, 9, 16], "rotation": 180, "texture": "#614"},
				"east": {"uv": [7, 8, 9, 16], "rotation": 180, "texture": "#614"},
				"south": {"uv": [7, 8, 9, 16], "rotation": 180, "texture": "#614"},
				"west": {"uv": [7, 8, 9, 16], "rotation": 180, "texture": "#614"},
				"up": {"uv": [7, 8, 9, 16], "rotation": 180, "texture": "#614"},
				"down": {"uv": [7, 8, 9, 16], "rotation": 180, "texture": "#614"}
			}
		},
		{
			"from": [7.602, 5.59395, 7.10416],
			"to": [7.6755, 5.88445, 7.13216],
			"rotation": {"angle": -45, "axis": "x", "origin": [7.6375, 7, 7.99167]},
			"faces": {
				"north": {"uv": [7, 8, 9, 16], "rotation": 180, "texture": "#614"},
				"east": {"uv": [7, 8, 9, 16], "rotation": 180, "texture": "#614"},
				"south": {"uv": [7, 8, 9, 16], "rotation": 180, "texture": "#614"},
				"west": {"uv": [7, 8, 9, 16], "rotation": 180, "texture": "#614"},
				"up": {"uv": [7, 8, 9, 16], "rotation": 180, "texture": "#614"},
				"down": {"uv": [7, 8, 9, 16], "rotation": 180, "texture": "#614"}
			}
		},
		{
			"from": [8.302, 5.442, 8.476],
			"to": [8.3755, 5.7325, 8.504],
			"rotation": {"angle": 45, "axis": "x", "origin": [8.33875, 5.596, 8.35]},
			"faces": {
				"north": {"uv": [7, 8, 9, 16], "rotation": 180, "texture": "#614"},
				"east": {"uv": [7, 8, 9, 16], "rotation": 180, "texture": "#614"},
				"south": {"uv": [7, 8, 9, 16], "rotation": 180, "texture": "#614"},
				"west": {"uv": [7, 8, 9, 16], "rotation": 180, "texture": "#614"},
				"up": {"uv": [7, 8, 9, 16], "rotation": 180, "texture": "#614"},
				"down": {"uv": [7, 8, 9, 16], "rotation": 180, "texture": "#614"}
			}
		},
		{
			"from": [7.5995, 6.1066, 6.59151],
			"to": [7.673, 6.3971, 6.61951],
			"rotation": {"angle": -45, "axis": "x", "origin": [7.6375, 7, 7.99167]},
			"faces": {
				"north": {"uv": [7, 8, 9, 16], "rotation": 180, "texture": "#614"},
				"east": {"uv": [7, 8, 9, 16], "rotation": 180, "texture": "#614"},
				"south": {"uv": [7, 8, 9, 16], "rotation": 180, "texture": "#614"},
				"west": {"uv": [7, 8, 9, 16], "rotation": 180, "texture": "#614"},
				"up": {"uv": [7, 8, 9, 16], "rotation": 180, "texture": "#614"},
				"down": {"uv": [7, 8, 9, 16], "rotation": 180, "texture": "#614"}
			}
		},
		{
			"from": [8.285, 5.06, 7.78],
			"to": [8.39, 5.1, 8.195],
			"rotation": {"angle": 45, "axis": "x", "origin": [8.3375, 5.28, 8]},
			"faces": {
				"north": {"uv": [7, 8, 9, 16], "rotation": 90, "texture": "#614"},
				"east": {"uv": [7, 8, 9, 16], "rotation": 90, "texture": "#614"},
				"south": {"uv": [7, 8, 9, 16], "rotation": 90, "texture": "#614"},
				"west": {"uv": [7, 8, 9, 16], "rotation": 90, "texture": "#614"},
				"up": {"uv": [7, 8, 9, 16], "rotation": 90, "texture": "#614"},
				"down": {"uv": [7, 8, 9, 16], "rotation": 90, "texture": "#614"}
			}
		},
		{
			"from": [7.585, 5.56967, 6.57455],
			"to": [7.69, 5.60967, 6.98955],
			"rotation": {"angle": -45, "axis": "x", "origin": [7.6375, 7, 7.99167]},
			"faces": {
				"north": {"uv": [7, 8, 9, 16], "rotation": 270, "texture": "#614"},
				"east": {"uv": [7, 8, 9, 16], "rotation": 270, "texture": "#614"},
				"south": {"uv": [7, 8, 9, 16], "rotation": 270, "texture": "#614"},
				"west": {"uv": [7, 8, 9, 16], "rotation": 270, "texture": "#614"},
				"up": {"uv": [7, 8, 9, 16], "rotation": 270, "texture": "#614"},
				"down": {"uv": [7, 8, 9, 16], "rotation": 270, "texture": "#614"}
			}
		},
		{
			"from": [8.2995, 5.442, 7.471],
			"to": [8.373, 5.47, 7.7615],
			"rotation": {"angle": 45, "axis": "x", "origin": [8.33625, 5.596, 7.625]},
			"faces": {
				"north": {"uv": [7, 8, 9, 16], "rotation": 90, "texture": "#614"},
				"east": {"uv": [7, 8, 9, 16], "rotation": 90, "texture": "#614"},
				"south": {"uv": [7, 8, 9, 16], "rotation": 90, "texture": "#614"},
				"west": {"uv": [7, 8, 9, 16], "rotation": 90, "texture": "#614"},
				"up": {"uv": [7, 8, 9, 16], "rotation": 90, "texture": "#614"},
				"down": {"uv": [7, 8, 9, 16], "rotation": 90, "texture": "#614"}
			}
		},
		{
			"from": [7.602, 5.59395, 7.12166],
			"to": [7.6755, 5.62195, 7.41216],
			"rotation": {"angle": -45, "axis": "x", "origin": [7.6375, 7, 7.99167]},
			"faces": {
				"north": {"uv": [7, 8, 9, 16], "rotation": 270, "texture": "#614"},
				"east": {"uv": [7, 8, 9, 16], "rotation": 270, "texture": "#614"},
				"south": {"uv": [7, 8, 9, 16], "rotation": 270, "texture": "#614"},
				"west": {"uv": [7, 8, 9, 16], "rotation": 270, "texture": "#614"},
				"up": {"uv": [7, 8, 9, 16], "rotation": 270, "texture": "#614"},
				"down": {"uv": [7, 8, 9, 16], "rotation": 270, "texture": "#614"}
			}
		},
		{
			"from": [7.5995, 6.1066, 6.60901],
			"to": [7.673, 6.1346, 6.89951],
			"rotation": {"angle": -45, "axis": "x", "origin": [7.6375, 7, 7.99167]},
			"faces": {
				"north": {"uv": [7, 8, 9, 16], "rotation": 90, "texture": "#614"},
				"east": {"uv": [7, 8, 9, 16], "rotation": 90, "texture": "#614"},
				"south": {"uv": [7, 8, 9, 16], "rotation": 90, "texture": "#614"},
				"west": {"uv": [7, 8, 9, 16], "rotation": 90, "texture": "#614"},
				"up": {"uv": [7, 8, 9, 16], "rotation": 90, "texture": "#614"},
				"down": {"uv": [7, 8, 9, 16], "rotation": 90, "texture": "#614"}
			}
		},
		{
			"from": [8.285, 5.085, 7.78],
			"to": [8.39, 5.5, 7.82],
			"rotation": {"angle": 45, "axis": "x", "origin": [8.3375, 5.28, 8]},
			"faces": {
				"north": {"uv": [7, 8, 9, 16], "texture": "#614"},
				"east": {"uv": [7, 8, 9, 16], "texture": "#614"},
				"south": {"uv": [7, 8, 9, 16], "texture": "#614"},
				"west": {"uv": [7, 8, 9, 16], "texture": "#614"},
				"up": {"uv": [7, 8, 9, 16], "texture": "#614"},
				"down": {"uv": [7, 8, 9, 16], "texture": "#614"}
			}
		},
		{
			"from": [7.585, 5.59467, 6.94955],
			"to": [7.69, 6.00967, 6.98955],
			"rotation": {"angle": -45, "axis": "x", "origin": [7.6375, 7, 7.99167]},
			"faces": {
				"north": {"uv": [7, 8, 9, 16], "texture": "#614"},
				"east": {"uv": [7, 8, 9, 16], "texture": "#614"},
				"south": {"uv": [7, 8, 9, 16], "texture": "#614"},
				"west": {"uv": [7, 8, 9, 16], "texture": "#614"},
				"up": {"uv": [7, 8, 9, 16], "texture": "#614"},
				"down": {"uv": [7, 8, 9, 16], "texture": "#614"}
			}
		},
		{
			"from": [8.2995, 5.4595, 7.471],
			"to": [8.373, 5.75, 7.499],
			"rotation": {"angle": 45, "axis": "x", "origin": [8.33625, 5.596, 7.625]},
			"faces": {
				"north": {"uv": [7, 8, 9, 16], "texture": "#614"},
				"east": {"uv": [7, 8, 9, 16], "texture": "#614"},
				"south": {"uv": [7, 8, 9, 16], "texture": "#614"},
				"west": {"uv": [7, 8, 9, 16], "texture": "#614"},
				"up": {"uv": [7, 8, 9, 16], "texture": "#614"},
				"down": {"uv": [7, 8, 9, 16], "texture": "#614"}
			}
		},
		{
			"from": [7.602, 5.61145, 7.38416],
			"to": [7.6755, 5.90195, 7.41216],
			"rotation": {"angle": -45, "axis": "x", "origin": [7.6375, 7, 7.99167]},
			"faces": {
				"north": {"uv": [7, 8, 9, 16], "texture": "#614"},
				"east": {"uv": [7, 8, 9, 16], "texture": "#614"},
				"south": {"uv": [7, 8, 9, 16], "texture": "#614"},
				"west": {"uv": [7, 8, 9, 16], "texture": "#614"},
				"up": {"uv": [7, 8, 9, 16], "texture": "#614"},
				"down": {"uv": [7, 8, 9, 16], "texture": "#614"}
			}
		},
		{
			"from": [8.302, 5.4595, 8.196],
			"to": [8.3755, 5.75, 8.224],
			"rotation": {"angle": 45, "axis": "x", "origin": [8.33875, 5.596, 8.35]},
			"faces": {
				"north": {"uv": [7, 8, 9, 16], "texture": "#614"},
				"east": {"uv": [7, 8, 9, 16], "texture": "#614"},
				"south": {"uv": [7, 8, 9, 16], "texture": "#614"},
				"west": {"uv": [7, 8, 9, 16], "texture": "#614"},
				"up": {"uv": [7, 8, 9, 16], "texture": "#614"},
				"down": {"uv": [7, 8, 9, 16], "texture": "#614"}
			}
		},
		{
			"from": [7.5995, 6.1241, 6.87151],
			"to": [7.673, 6.4146, 6.89951],
			"rotation": {"angle": -45, "axis": "x", "origin": [7.6375, 7, 7.99167]},
			"faces": {
				"north": {"uv": [7, 8, 9, 16], "texture": "#614"},
				"east": {"uv": [7, 8, 9, 16], "texture": "#614"},
				"south": {"uv": [7, 8, 9, 16], "texture": "#614"},
				"west": {"uv": [7, 8, 9, 16], "texture": "#614"},
				"up": {"uv": [7, 8, 9, 16], "texture": "#614"},
				"down": {"uv": [7, 8, 9, 16], "texture": "#614"}
			}
		},
		{
			"from": [8.285, 5.06, 8.18],
			"to": [8.39, 5.475, 8.22],
			"rotation": {"angle": -45, "axis": "x", "origin": [8.3375, 5.28, 8]},
			"faces": {
				"north": {"uv": [7, 8, 9, 16], "rotation": 180, "texture": "#614"},
				"east": {"uv": [7, 8, 9, 16], "rotation": 180, "texture": "#614"},
				"south": {"uv": [7, 8, 9, 16], "rotation": 180, "texture": "#614"},
				"west": {"uv": [7, 8, 9, 16], "rotation": 180, "texture": "#614"},
				"up": {"uv": [7, 8, 9, 16], "rotation": 180, "texture": "#614"},
				"down": {"uv": [7, 8, 9, 16], "rotation": 180, "texture": "#614"}
			}
		},
		{
			"from": [7.585, 5.55788, 8.982],
			"to": [7.69, 5.97288, 9.022],
			"rotation": {"angle": 45, "axis": "x", "origin": [7.6375, 7, 7.99167]},
			"faces": {
				"north": {"uv": [7, 8, 9, 16], "rotation": 180, "texture": "#614"},
				"east": {"uv": [7, 8, 9, 16], "rotation": 180, "texture": "#614"},
				"south": {"uv": [7, 8, 9, 16], "rotation": 180, "texture": "#614"},
				"west": {"uv": [7, 8, 9, 16], "rotation": 180, "texture": "#614"},
				"up": {"uv": [7, 8, 9, 16], "rotation": 180, "texture": "#614"},
				"down": {"uv": [7, 8, 9, 16], "rotation": 180, "texture": "#614"}
			}
		},
		{
			"from": [8.302, 5.442, 8.476],
			"to": [8.3755, 5.7325, 8.504],
			"rotation": {"angle": -45, "axis": "x", "origin": [8.33875, 5.596, 8.35]},
			"faces": {
				"north": {"uv": [7, 8, 9, 16], "rotation": 180, "texture": "#614"},
				"east": {"uv": [7, 8, 9, 16], "rotation": 180, "texture": "#614"},
				"south": {"uv": [7, 8, 9, 16], "rotation": 180, "texture": "#614"},
				"west": {"uv": [7, 8, 9, 16], "rotation": 180, "texture": "#614"},
				"up": {"uv": [7, 8, 9, 16], "rotation": 180, "texture": "#614"},
				"down": {"uv": [7, 8, 9, 16], "rotation": 180, "texture": "#614"}
			}
		},
		{
			"from": [7.5995, 5.59984, 8.57706],
			"to": [7.673, 5.89034, 8.60506],
			"rotation": {"angle": 45, "axis": "x", "origin": [7.6375, 7, 7.99167]},
			"faces": {
				"north": {"uv": [7, 8, 9, 16], "rotation": 180, "texture": "#614"},
				"east": {"uv": [7, 8, 9, 16], "rotation": 180, "texture": "#614"},
				"south": {"uv": [7, 8, 9, 16], "rotation": 180, "texture": "#614"},
				"west": {"uv": [7, 8, 9, 16], "rotation": 180, "texture": "#614"},
				"up": {"uv": [7, 8, 9, 16], "rotation": 180, "texture": "#614"},
				"down": {"uv": [7, 8, 9, 16], "rotation": 180, "texture": "#614"}
			}
		},
		{
			"from": [8.385, 6.2, 7.58],
			"to": [8.49, 6.24, 8.42],
			"rotation": {"angle": 0, "axis": "x", "origin": [8.4375, 7.07, 8]},
			"faces": {
				"north": {"uv": [0, 0, 16, 16], "texture": "#367"},
				"east": {"uv": [0, 0, 16, 16], "rotation": 90, "texture": "#367"},
				"south": {"uv": [0, 0, 16, 16], "texture": "#367"},
				"west": {"uv": [0, 0, 16, 16], "texture": "#367"},
				"up": {"uv": [0, 0, 16, 16], "texture": "#367"},
				"down": {"uv": [0, 0, 16, 16], "texture": "#367"}
			}
		},
		{
			"from": [7.51, 6.2, 7.58],
			"to": [7.615, 6.24, 8.42],
			"rotation": {"angle": 0, "axis": "x", "origin": [7.5625, 7.07, 8]},
			"faces": {
				"north": {"uv": [0, 0, 16, 16], "texture": "#367"},
				"east": {"uv": [0, 0, 16, 16], "rotation": 90, "texture": "#367"},
				"south": {"uv": [0, 0, 16, 16], "texture": "#367"},
				"west": {"uv": [0, 0, 16, 16], "texture": "#367"},
				"up": {"uv": [0, 0, 16, 16], "texture": "#367"},
				"down": {"uv": [0, 0, 16, 16], "texture": "#367"}
			}
		},
		{
			"from": [8.385, 6.7, 7.305],
			"to": [8.465, 6.765, 7.745],
			"rotation": {"angle": 45, "axis": "x", "origin": [8.4375, 7.07, 8]},
			"faces": {
				"north": {"uv": [0, 0, 16, 16], "texture": "#367"},
				"east": {"uv": [0, 0, 16, 16], "rotation": 90, "texture": "#367"},
				"south": {"uv": [0, 0, 16, 16], "texture": "#367"},
				"west": {"uv": [0, 0, 16, 16], "texture": "#367"},
				"up": {"uv": [0, 0, 16, 16], "texture": "#367"},
				"down": {"uv": [0, 0, 16, 16], "texture": "#367"}
			}
		},
		{
			"from": [7.535, 6.7, 8.255],
			"to": [7.615, 6.765, 8.695],
			"rotation": {"angle": -45, "axis": "x", "origin": [7.5625, 7.07, 8]},
			"faces": {
				"north": {"uv": [0, 0, 16, 16], "texture": "#367"},
				"east": {"uv": [0, 0, 16, 16], "rotation": 90, "texture": "#367"},
				"south": {"uv": [0, 0, 16, 16], "texture": "#367"},
				"west": {"uv": [0, 0, 16, 16], "texture": "#367"},
				"up": {"uv": [0, 0, 16, 16], "texture": "#367"},
				"down": {"uv": [0, 0, 16, 16], "texture": "#367"}
			}
		},
		{
			"from": [8.385, 7.375, 8.23],
			"to": [8.465, 7.44, 8.67],
			"rotation": {"angle": 45, "axis": "x", "origin": [8.4375, 7.07, 8]},
			"faces": {
				"north": {"uv": [0, 0, 16, 16], "texture": "#367"},
				"east": {"uv": [0, 0, 16, 16], "rotation": 90, "texture": "#367"},
				"south": {"uv": [0, 0, 16, 16], "texture": "#367"},
				"west": {"uv": [0, 0, 16, 16], "texture": "#367"},
				"up": {"uv": [0, 0, 16, 16], "texture": "#367"},
				"down": {"uv": [0, 0, 16, 16], "texture": "#367"}
			}
		},
		{
			"from": [7.535, 7.375, 7.33],
			"to": [7.615, 7.44, 7.77],
			"rotation": {"angle": -45, "axis": "x", "origin": [7.5625, 7.07, 8]},
			"faces": {
				"north": {"uv": [0, 0, 16, 16], "texture": "#367"},
				"east": {"uv": [0, 0, 16, 16], "rotation": 90, "texture": "#367"},
				"south": {"uv": [0, 0, 16, 16], "texture": "#367"},
				"west": {"uv": [0, 0, 16, 16], "texture": "#367"},
				"up": {"uv": [0, 0, 16, 16], "texture": "#367"},
				"down": {"uv": [0, 0, 16, 16], "texture": "#367"}
			}
		},
		{
			"from": [8.385, 6.05, 7.93],
			"to": [8.44, 7.39, 8.07],
			"rotation": {"angle": 45, "axis": "x", "origin": [8.4375, 7.07, 8]},
			"faces": {
				"north": {"uv": [0, 0, 16, 16], "texture": "#367"},
				"east": {"uv": [0, 0, 16, 16], "rotation": 90, "texture": "#367"},
				"south": {"uv": [0, 0, 16, 16], "texture": "#367"},
				"west": {"uv": [0, 0, 16, 16], "texture": "#367"},
				"up": {"uv": [0, 0, 16, 16], "texture": "#367"},
				"down": {"uv": [0, 0, 16, 16], "texture": "#367"}
			}
		},
		{
			"from": [7.56, 6.45, 7.93],
			"to": [7.615, 8.09, 8.07],
			"rotation": {"angle": -45, "axis": "x", "origin": [7.5625, 7.07, 8]},
			"faces": {
				"north": {"uv": [0, 0, 16, 16], "texture": "#367"},
				"east": {"uv": [0, 0, 16, 16], "rotation": 90, "texture": "#367"},
				"south": {"uv": [0, 0, 16, 16], "texture": "#367"},
				"west": {"uv": [0, 0, 16, 16], "texture": "#367"},
				"up": {"uv": [0, 0, 16, 16], "texture": "#367"},
				"down": {"uv": [0, 0, 16, 16], "texture": "#367"}
			}
		},
		{
			"from": [8.385, 6.8, 8.68],
			"to": [8.49, 7.84, 8.77],
			"rotation": {"angle": 0, "axis": "x", "origin": [8.4375, 7.07, 8]},
			"faces": {
				"north": {"uv": [0, 0, 16, 16], "texture": "#367"},
				"east": {"uv": [0, 0, 16, 16], "rotation": 90, "texture": "#367"},
				"south": {"uv": [0, 0, 16, 16], "texture": "#367"},
				"west": {"uv": [0, 0, 16, 16], "texture": "#367"},
				"up": {"uv": [0, 0, 16, 16], "texture": "#367"},
				"down": {"uv": [0, 0, 16, 16], "texture": "#367"}
			}
		},
		{
			"from": [7.51, 6.8, 7.23],
			"to": [7.615, 7.84, 7.32],
			"rotation": {"angle": 0, "axis": "x", "origin": [7.5625, 7.07, 8]},
			"faces": {
				"north": {"uv": [0, 0, 16, 16], "texture": "#367"},
				"east": {"uv": [0, 0, 16, 16], "rotation": 90, "texture": "#367"},
				"south": {"uv": [0, 0, 16, 16], "texture": "#367"},
				"west": {"uv": [0, 0, 16, 16], "texture": "#367"},
				"up": {"uv": [0, 0, 16, 16], "texture": "#367"},
				"down": {"uv": [0, 0, 16, 16], "texture": "#367"}
			}
		},
		{
			"from": [8.385, 6.3, 7.23],
			"to": [8.49, 7.34, 7.32],
			"rotation": {"angle": 0, "axis": "x", "origin": [8.4375, 7.07, 8]},
			"faces": {
				"north": {"uv": [0, 0, 16, 16], "texture": "#367"},
				"east": {"uv": [0, 0, 16, 16], "rotation": 90, "texture": "#367"},
				"south": {"uv": [0, 0, 16, 16], "texture": "#367"},
				"west": {"uv": [0, 0, 16, 16], "texture": "#367"},
				"up": {"uv": [0, 0, 16, 16], "texture": "#367"},
				"down": {"uv": [0, 0, 16, 16], "texture": "#367"}
			}
		},
		{
			"from": [7.51, 6.3, 8.68],
			"to": [7.615, 7.34, 8.77],
			"rotation": {"angle": 0, "axis": "x", "origin": [7.5625, 7.07, 8]},
			"faces": {
				"north": {"uv": [0, 0, 16, 16], "texture": "#367"},
				"east": {"uv": [0, 0, 16, 16], "rotation": 90, "texture": "#367"},
				"south": {"uv": [0, 0, 16, 16], "texture": "#367"},
				"west": {"uv": [0, 0, 16, 16], "texture": "#367"},
				"up": {"uv": [0, 0, 16, 16], "texture": "#367"},
				"down": {"uv": [0, 0, 16, 16], "texture": "#367"}
			}
		},
		{
			"from": [7.9288, 5.718, 6.7364],
			"to": [8.0712, 7.9452, 9.2636],
			"rotation": {"angle": 0, "axis": "y", "origin": [8, 6.1392, 8]},
			"faces": {
				"north": {"uv": [0, 0, 16, 16], "texture": "#717"},
				"east": {"uv": [0, 0, 16, 16], "texture": "#717"},
				"south": {"uv": [0, 0, 16, 16], "texture": "#717"},
				"west": {"uv": [0, 0, 16, 16], "texture": "#717"},
				"up": {"uv": [0, 0, 16, 16], "texture": "#717"},
				"down": {"uv": [0, 0, 16, 16], "texture": "#717"}
			}
		},
		{
			"from": [7.9288, 7.943, 8.1364],
			"to": [8.0712, 8.2702, 8.9636],
			"rotation": {"angle": 0, "axis": "y", "origin": [8, 6.1392, 8]},
			"faces": {
				"north": {"uv": [0, 0, 16, 16], "texture": "#717"},
				"east": {"uv": [0, 0, 16, 16], "texture": "#717"},
				"south": {"uv": [0, 0, 16, 16], "texture": "#717"},
				"west": {"uv": [0, 0, 16, 16], "texture": "#717"},
				"up": {"uv": [0, 0, 16, 16], "texture": "#717"},
				"down": {"uv": [0, 0, 16, 16], "texture": "#717"}
			}
		},
		{
			"from": [7.6288, 6.918, 6.7614],
			"to": [8.3712, 6.9952, 6.8364],
			"rotation": {"angle": 0, "axis": "y", "origin": [8, 6.1392, 8]},
			"faces": {
				"north": {"uv": [0, 0, 16, 16], "texture": "#717"},
				"east": {"uv": [0, 0, 16, 16], "texture": "#717"},
				"south": {"uv": [0, 0, 16, 16], "texture": "#717"},
				"west": {"uv": [0, 0, 16, 16], "texture": "#717"},
				"up": {"uv": [0, 0, 16, 16], "texture": "#717"},
				"down": {"uv": [0, 0, 16, 16], "texture": "#717"}
			}
		},
		{
			"from": [7.6288, 6.918, 9.1614],
			"to": [8.3712, 6.9952, 9.2364],
			"rotation": {"angle": 0, "axis": "y", "origin": [8, 6.1392, 8]},
			"faces": {
				"north": {"uv": [0, 0, 16, 16], "texture": "#717"},
				"east": {"uv": [0, 0, 16, 16], "texture": "#717"},
				"south": {"uv": [0, 0, 16, 16], "texture": "#717"},
				"west": {"uv": [0, 0, 16, 16], "texture": "#717"},
				"up": {"uv": [0, 0, 16, 16], "texture": "#717"},
				"down": {"uv": [0, 0, 16, 16], "texture": "#717"}
			}
		},
		{
			"from": [7.7288, 7.418, 6.7614],
			"to": [8.2712, 7.4952, 6.8364],
			"rotation": {"angle": 0, "axis": "y", "origin": [8, 6.1392, 8]},
			"faces": {
				"north": {"uv": [0, 0, 16, 16], "texture": "#717"},
				"east": {"uv": [0, 0, 16, 16], "texture": "#717"},
				"south": {"uv": [0, 0, 16, 16], "texture": "#717"},
				"west": {"uv": [0, 0, 16, 16], "texture": "#717"},
				"up": {"uv": [0, 0, 16, 16], "texture": "#717"},
				"down": {"uv": [0, 0, 16, 16], "texture": "#717"}
			}
		},
		{
			"from": [7.7288, 7.418, 9.1614],
			"to": [8.2712, 7.4952, 9.2364],
			"rotation": {"angle": 0, "axis": "y", "origin": [8, 6.1392, 8]},
			"faces": {
				"north": {"uv": [0, 0, 16, 16], "texture": "#717"},
				"east": {"uv": [0, 0, 16, 16], "texture": "#717"},
				"south": {"uv": [0, 0, 16, 16], "texture": "#717"},
				"west": {"uv": [0, 0, 16, 16], "texture": "#717"},
				"up": {"uv": [0, 0, 16, 16], "texture": "#717"},
				"down": {"uv": [0, 0, 16, 16], "texture": "#717"}
			}
		},
		{
			"from": [7.7288, 6.418, 6.7614],
			"to": [8.2712, 6.4952, 6.8364],
			"rotation": {"angle": 0, "axis": "y", "origin": [8, 6.1392, 8]},
			"faces": {
				"north": {"uv": [0, 0, 16, 16], "texture": "#717"},
				"east": {"uv": [0, 0, 16, 16], "texture": "#717"},
				"south": {"uv": [0, 0, 16, 16], "texture": "#717"},
				"west": {"uv": [0, 0, 16, 16], "texture": "#717"},
				"up": {"uv": [0, 0, 16, 16], "texture": "#717"},
				"down": {"uv": [0, 0, 16, 16], "texture": "#717"}
			}
		},
		{
			"from": [7.7288, 6.418, 9.1614],
			"to": [8.2712, 6.4952, 9.2364],
			"rotation": {"angle": 0, "axis": "y", "origin": [8, 6.1392, 8]},
			"faces": {
				"north": {"uv": [0, 0, 16, 16], "texture": "#717"},
				"east": {"uv": [0, 0, 16, 16], "texture": "#717"},
				"south": {"uv": [0, 0, 16, 16], "texture": "#717"},
				"west": {"uv": [0, 0, 16, 16], "texture": "#717"},
				"up": {"uv": [0, 0, 16, 16], "texture": "#717"},
				"down": {"uv": [0, 0, 16, 16], "texture": "#717"}
			}
		},
		{
			"from": [7.6295, 4.914, 6.908],
			"to": [8.351, 6.552, 8.546],
			"rotation": {"angle": 45, "axis": "x", "origin": [8, 5.46, 8]},
			"faces": {
				"north": {"uv": [0, 0, 16, 16], "rotation": 90, "texture": "#126"},
				"east": {"uv": [0, 0, 16, 16], "rotation": 90, "texture": "#126"},
				"south": {"uv": [0, 0, 16, 16], "rotation": 90, "texture": "#126"},
				"west": {"uv": [0, 0, 16, 16], "rotation": 90, "texture": "#126"},
				"up": {"uv": [0, 0, 16, 16], "rotation": 90, "texture": "#126"},
				"down": {"uv": [0, 0, 16, 16], "rotation": 90, "texture": "#126"}
			}
		},
		{
			"from": [7.94986, 4.70712, 6.82064],
			"to": [8.02908, 6.47616, 8.58968],
			"rotation": {"angle": 45, "axis": "x", "origin": [8, 5.2968, 8]},
			"faces": {
				"north": {"uv": [0, 0, 16, 16], "texture": "#717"},
				"east": {"uv": [0, 0, 16, 16], "texture": "#717"},
				"south": {"uv": [0, 0, 16, 16], "texture": "#717"},
				"west": {"uv": [0, 0, 16, 16], "texture": "#717"},
				"up": {"uv": [0, 0, 16, 16], "texture": "#717"},
				"down": {"uv": [0, 0, 16, 16], "texture": "#717"}
			}
		}
	],
	"gui_light": "front",
	"display": {
		"thirdperson_righthand": {
			"translation": [0, 1.75, 0]
		},
		"gui": {
			"rotation": [0, -91.5, -0.5],
			"translation": [-0.5, 2.5, 0],
			"scale": [1.59, 2.77, 2.77]
		},
		"fixed": {
			"rotation": [-1, -87.25, 0],
			"translation": [0.5, 1.75, -0.75],
			"scale": [1.57, 2.12, 2.12]
		}
	}
}