{
	"credit": "Made with Blockbench",
	"textures": {
		"71": "block/blast_furnace_top",
		"181": "block/crimson_stem",
		"266": "block/fire_0",
		"267": "block/fire_1"
	},
	"gui_light": "front",
	"elements": [
		{
			"from": [7.45, 6.5, 7.5],
			"to": [8.05, 9.5, 8.5],
			"rotation": {"angle": 0, "axis": "y", "origin": [8, 8, 8]},
			"faces": {
				"north": {"uv": [2, 2, 14, 14], "texture": "#71"},
				"east": {"uv": [2, 2, 14, 14], "texture": "#71"},
				"south": {"uv": [2, 2, 14, 14], "texture": "#71"},
				"west": {"uv": [2, 2, 14, 14], "texture": "#71"},
				"up": {"uv": [2, 2, 14, 14], "texture": "#71"},
				"down": {"uv": [2, 2, 14, 14], "texture": "#71"}
			}
		},
		{
			"from": [7.375, 6.65, 7.6],
			"to": [7.475, 6.75, 8.4],
			"rotation": {"angle": 0, "axis": "y", "origin": [8, 8, 8]},
			"faces": {
				"north": {"uv": [2, 6, 11, 9], "texture": "#266"},
				"east": {"uv": [2, 6, 11, 9], "texture": "#266"},
				"south": {"uv": [2, 6, 11, 9], "texture": "#266"},
				"west": {"uv": [2, 6, 11, 9], "texture": "#266"},
				"up": {"uv": [2, 6, 11, 9], "texture": "#266"},
				"down": {"uv": [2, 6, 11, 9], "texture": "#266"}
			}
		},
		{
			"from": [8.025, 6.65, 7.6],
			"to": [8.125, 6.75, 8.4],
			"rotation": {"angle": 0, "axis": "y", "origin": [7.5, 8, 8]},
			"faces": {
				"north": {"uv": [2, 6, 11, 9], "texture": "#266"},
				"east": {"uv": [2, 6, 11, 9], "texture": "#266"},
				"south": {"uv": [2, 6, 11, 9], "texture": "#266"},
				"west": {"uv": [2, 6, 11, 9], "texture": "#266"},
				"up": {"uv": [2, 6, 11, 9], "texture": "#266"},
				"down": {"uv": [2, 6, 11, 9], "texture": "#266"}
			}
		},
		{
			"from": [7.375, 6.65, 7.6],
			"to": [7.475, 6.75, 8.4],
			"rotation": {"angle": 45, "axis": "x", "origin": [8, 8, 8]},
			"faces": {
				"north": {"uv": [2, 6, 11, 9], "texture": "#266"},
				"east": {"uv": [2, 6, 11, 9], "texture": "#266"},
				"south": {"uv": [2, 6, 11, 9], "texture": "#266"},
				"west": {"uv": [2, 6, 11, 9], "texture": "#266"},
				"up": {"uv": [2, 6, 11, 9], "texture": "#266"},
				"down": {"uv": [2, 6, 11, 9], "texture": "#266"}
			}
		},
		{
			"from": [8.025, 6.65, 7.6],
			"to": [8.125, 6.75, 8.4],
			"rotation": {"angle": -45, "axis": "x", "origin": [7.5, 8, 8]},
			"faces": {
				"north": {"uv": [2, 6, 11, 9], "texture": "#266"},
				"east": {"uv": [2, 6, 11, 9], "texture": "#266"},
				"south": {"uv": [2, 6, 11, 9], "texture": "#266"},
				"west": {"uv": [2, 6, 11, 9], "texture": "#266"},
				"up": {"uv": [2, 6, 11, 9], "texture": "#266"},
				"down": {"uv": [2, 6, 11, 9], "texture": "#266"}
			}
		},
		{
			"from": [7.375, 7.6, 6.65],
			"to": [7.475, 8.4, 6.75],
			"rotation": {"angle": 0, "axis": "x", "origin": [7.425, 8, 8]},
			"faces": {
				"north": {"uv": [2, 6, 11, 9], "rotation": 90, "texture": "#266"},
				"east": {"uv": [2, 6, 11, 9], "rotation": 90, "texture": "#266"},
				"south": {"uv": [2, 6, 11, 9], "rotation": 90, "texture": "#266"},
				"west": {"uv": [2, 6, 11, 9], "rotation": 90, "texture": "#266"},
				"up": {"uv": [2, 6, 11, 9], "rotation": 90, "texture": "#266"},
				"down": {"uv": [2, 6, 11, 9], "rotation": 90, "texture": "#266"}
			}
		},
		{
			"from": [8.025, 7.6, 9.25],
			"to": [8.125, 8.4, 9.35],
			"rotation": {"angle": 0, "axis": "x", "origin": [8.075, 8, 8]},
			"faces": {
				"north": {"uv": [2, 6, 11, 9], "rotation": 90, "texture": "#266"},
				"east": {"uv": [2, 6, 11, 9], "rotation": 90, "texture": "#266"},
				"south": {"uv": [2, 6, 11, 9], "rotation": 90, "texture": "#266"},
				"west": {"uv": [2, 6, 11, 9], "rotation": 90, "texture": "#266"},
				"up": {"uv": [2, 6, 11, 9], "rotation": 90, "texture": "#266"},
				"down": {"uv": [2, 6, 11, 9], "rotation": 90, "texture": "#266"}
			}
		},
		{
			"from": [7.375, 7.6, 6.65],
			"to": [7.475, 8.4, 6.75],
			"rotation": {"angle": 45, "axis": "x", "origin": [7.425, 8, 8]},
			"faces": {
				"north": {"uv": [2, 6, 11, 9], "rotation": 90, "texture": "#266"},
				"east": {"uv": [2, 6, 11, 9], "rotation": 90, "texture": "#266"},
				"south": {"uv": [2, 6, 11, 9], "rotation": 90, "texture": "#266"},
				"west": {"uv": [2, 6, 11, 9], "rotation": 90, "texture": "#266"},
				"up": {"uv": [2, 6, 11, 9], "rotation": 90, "texture": "#266"},
				"down": {"uv": [2, 6, 11, 9], "rotation": 90, "texture": "#266"}
			}
		},
		{
			"from": [8.025, 7.6, 9.25],
			"to": [8.125, 8.4, 9.35],
			"rotation": {"angle": -45, "axis": "x", "origin": [8.075, 8, 8]},
			"faces": {
				"north": {"uv": [2, 6, 11, 9], "rotation": 90, "texture": "#266"},
				"east": {"uv": [2, 6, 11, 9], "rotation": 90, "texture": "#266"},
				"south": {"uv": [2, 6, 11, 9], "rotation": 90, "texture": "#266"},
				"west": {"uv": [2, 6, 11, 9], "rotation": 90, "texture": "#266"},
				"up": {"uv": [2, 6, 11, 9], "rotation": 90, "texture": "#266"},
				"down": {"uv": [2, 6, 11, 9], "rotation": 90, "texture": "#266"}
			}
		},
		{
			"from": [7.375, 9.25, 7.6],
			"to": [7.475, 9.35, 8.4],
			"rotation": {"angle": 0, "axis": "y", "origin": [8, 8, 8]},
			"faces": {
				"north": {"uv": [2, 6, 11, 9], "texture": "#266"},
				"east": {"uv": [2, 6, 11, 9], "texture": "#266"},
				"south": {"uv": [2, 6, 11, 9], "texture": "#266"},
				"west": {"uv": [2, 6, 11, 9], "texture": "#266"},
				"up": {"uv": [2, 6, 11, 9], "texture": "#266"},
				"down": {"uv": [2, 6, 11, 9], "texture": "#266"}
			}
		},
		{
			"from": [8.025, 9.25, 7.6],
			"to": [8.125, 9.35, 8.4],
			"rotation": {"angle": 0, "axis": "y", "origin": [7.5, 8, 8]},
			"faces": {
				"north": {"uv": [2, 6, 11, 9], "texture": "#266"},
				"east": {"uv": [2, 6, 11, 9], "texture": "#266"},
				"south": {"uv": [2, 6, 11, 9], "texture": "#266"},
				"west": {"uv": [2, 6, 11, 9], "texture": "#266"},
				"up": {"uv": [2, 6, 11, 9], "texture": "#266"},
				"down": {"uv": [2, 6, 11, 9], "texture": "#266"}
			}
		},
		{
			"from": [7.375, 9.25, 7.6],
			"to": [7.475, 9.35, 8.4],
			"rotation": {"angle": 45, "axis": "x", "origin": [8, 8, 8]},
			"faces": {
				"north": {"uv": [2, 6, 11, 9], "texture": "#266"},
				"east": {"uv": [2, 6, 11, 9], "texture": "#266"},
				"south": {"uv": [2, 6, 11, 9], "texture": "#266"},
				"west": {"uv": [2, 6, 11, 9], "texture": "#266"},
				"up": {"uv": [2, 6, 11, 9], "texture": "#266"},
				"down": {"uv": [2, 6, 11, 9], "texture": "#266"}
			}
		},
		{
			"from": [8.025, 9.25, 7.6],
			"to": [8.125, 9.35, 8.4],
			"rotation": {"angle": -45, "axis": "x", "origin": [7.5, 8, 8]},
			"faces": {
				"north": {"uv": [2, 6, 11, 9], "texture": "#266"},
				"east": {"uv": [2, 6, 11, 9], "texture": "#266"},
				"south": {"uv": [2, 6, 11, 9], "texture": "#266"},
				"west": {"uv": [2, 6, 11, 9], "texture": "#266"},
				"up": {"uv": [2, 6, 11, 9], "texture": "#266"},
				"down": {"uv": [2, 6, 11, 9], "texture": "#266"}
			}
		},
		{
			"from": [7.375, 7.6, 9.25],
			"to": [7.475, 8.4, 9.35],
			"rotation": {"angle": 0, "axis": "x", "origin": [7.425, 8, 8]},
			"faces": {
				"north": {"uv": [2, 6, 11, 9], "rotation": 90, "texture": "#266"},
				"east": {"uv": [2, 6, 11, 9], "rotation": 90, "texture": "#266"},
				"south": {"uv": [2, 6, 11, 9], "rotation": 90, "texture": "#266"},
				"west": {"uv": [2, 6, 11, 9], "rotation": 90, "texture": "#266"},
				"up": {"uv": [2, 6, 11, 9], "rotation": 90, "texture": "#266"},
				"down": {"uv": [2, 6, 11, 9], "rotation": 90, "texture": "#266"}
			}
		},
		{
			"from": [8.025, 7.6, 6.65],
			"to": [8.125, 8.4, 6.75],
			"rotation": {"angle": 0, "axis": "x", "origin": [8.075, 8, 8]},
			"faces": {
				"north": {"uv": [2, 6, 11, 9], "rotation": 90, "texture": "#266"},
				"east": {"uv": [2, 6, 11, 9], "rotation": 90, "texture": "#266"},
				"south": {"uv": [2, 6, 11, 9], "rotation": 90, "texture": "#266"},
				"west": {"uv": [2, 6, 11, 9], "rotation": 90, "texture": "#266"},
				"up": {"uv": [2, 6, 11, 9], "rotation": 90, "texture": "#266"},
				"down": {"uv": [2, 6, 11, 9], "rotation": 90, "texture": "#266"}
			}
		},
		{
			"from": [7.375, 7.6, 9.25],
			"to": [7.475, 8.4, 9.35],
			"rotation": {"angle": 45, "axis": "x", "origin": [7.425, 8, 8]},
			"faces": {
				"north": {"uv": [2, 6, 11, 9], "rotation": 90, "texture": "#266"},
				"east": {"uv": [2, 6, 11, 9], "rotation": 90, "texture": "#266"},
				"south": {"uv": [2, 6, 11, 9], "rotation": 90, "texture": "#266"},
				"west": {"uv": [2, 6, 11, 9], "rotation": 90, "texture": "#266"},
				"up": {"uv": [2, 6, 11, 9], "rotation": 90, "texture": "#266"},
				"down": {"uv": [2, 6, 11, 9], "rotation": 90, "texture": "#266"}
			}
		},
		{
			"from": [8.025, 7.6, 6.65],
			"to": [8.125, 8.4, 6.75],
			"rotation": {"angle": -45, "axis": "x", "origin": [8.075, 8, 8]},
			"faces": {
				"north": {"uv": [2, 6, 11, 9], "rotation": 90, "texture": "#266"},
				"east": {"uv": [2, 6, 11, 9], "rotation": 90, "texture": "#266"},
				"south": {"uv": [2, 6, 11, 9], "rotation": 90, "texture": "#266"},
				"west": {"uv": [2, 6, 11, 9], "rotation": 90, "texture": "#266"},
				"up": {"uv": [2, 6, 11, 9], "rotation": 90, "texture": "#266"},
				"down": {"uv": [2, 6, 11, 9], "rotation": 90, "texture": "#266"}
			}
		},
		{
			"from": [7.375, 7, 8],
			"to": [7.475, 9, 8.1],
			"rotation": {"angle": 0, "axis": "y", "origin": [8, 8, 8]},
			"faces": {
				"north": {"uv": [7, 8, 10, 16], "texture": "#267"},
				"east": {"uv": [7, 8, 10, 16], "texture": "#267"},
				"south": {"uv": [7, 8, 10, 16], "texture": "#267"},
				"west": {"uv": [7, 8, 10, 16], "texture": "#267"},
				"up": {"uv": [7, 8, 10, 16], "texture": "#267"},
				"down": {"uv": [7, 8, 10, 16], "texture": "#267"}
			}
		},
		{
			"from": [8.025, 7, 7.9],
			"to": [8.125, 9, 8],
			"rotation": {"angle": 0, "axis": "y", "origin": [7.5, 8, 8]},
			"faces": {
				"north": {"uv": [7, 8, 10, 16], "texture": "#267"},
				"east": {"uv": [7, 8, 10, 16], "texture": "#267"},
				"south": {"uv": [7, 8, 10, 16], "texture": "#267"},
				"west": {"uv": [7, 8, 10, 16], "texture": "#267"},
				"up": {"uv": [7, 8, 10, 16], "texture": "#267"},
				"down": {"uv": [7, 8, 10, 16], "texture": "#267"}
			}
		},
		{
			"from": [7.4, 8.675, 7.35],
			"to": [7.475, 8.75, 8.575],
			"rotation": {"angle": 45, "axis": "x", "origin": [8, 8, 8]},
			"faces": {
				"north": {"uv": [7, 8, 10, 16], "rotation": 90, "texture": "#267"},
				"east": {"uv": [7, 8, 10, 16], "rotation": 90, "texture": "#267"},
				"south": {"uv": [7, 8, 10, 16], "rotation": 90, "texture": "#267"},
				"west": {"uv": [7, 8, 10, 16], "rotation": 90, "texture": "#267"},
				"up": {"uv": [7, 8, 10, 16], "rotation": 90, "texture": "#267"},
				"down": {"uv": [7, 8, 10, 16], "rotation": 90, "texture": "#267"}
			}
		},
		{
			"from": [8.025, 8.675, 7.425],
			"to": [8.1, 8.75, 8.65],
			"rotation": {"angle": -45, "axis": "x", "origin": [7.5, 8, 8]},
			"faces": {
				"north": {"uv": [7, 8, 10, 16], "rotation": 270, "texture": "#267"},
				"east": {"uv": [7, 8, 10, 16], "rotation": 270, "texture": "#267"},
				"south": {"uv": [7, 8, 10, 16], "rotation": 270, "texture": "#267"},
				"west": {"uv": [7, 8, 10, 16], "rotation": 270, "texture": "#267"},
				"up": {"uv": [7, 8, 10, 16], "rotation": 270, "texture": "#267"},
				"down": {"uv": [7, 8, 10, 16], "rotation": 270, "texture": "#267"}
			}
		},
		{
			"from": [7.4, 7.85, 7.55],
			"to": [7.475, 9.075, 7.625],
			"rotation": {"angle": 0, "axis": "x", "origin": [8, 8, 8]},
			"faces": {
				"north": {"uv": [7, 8, 10, 16], "rotation": 180, "texture": "#267"},
				"east": {"uv": [7, 8, 10, 16], "rotation": 180, "texture": "#267"},
				"south": {"uv": [7, 8, 10, 16], "rotation": 180, "texture": "#267"},
				"west": {"uv": [7, 8, 10, 16], "rotation": 180, "texture": "#267"},
				"up": {"uv": [7, 8, 10, 16], "rotation": 180, "texture": "#267"},
				"down": {"uv": [7, 8, 10, 16], "rotation": 180, "texture": "#267"}
			}
		},
		{
			"from": [8.025, 7.85, 8.375],
			"to": [8.1, 9.075, 8.45],
			"rotation": {"angle": 0, "axis": "x", "origin": [7.5, 8, 8]},
			"faces": {
				"north": {"uv": [7, 8, 10, 16], "rotation": 180, "texture": "#267"},
				"east": {"uv": [7, 8, 10, 16], "rotation": 180, "texture": "#267"},
				"south": {"uv": [7, 8, 10, 16], "rotation": 180, "texture": "#267"},
				"west": {"uv": [7, 8, 10, 16], "rotation": 180, "texture": "#267"},
				"up": {"uv": [7, 8, 10, 16], "rotation": 180, "texture": "#267"},
				"down": {"uv": [7, 8, 10, 16], "rotation": 180, "texture": "#267"}
			}
		},
		{
			"from": [7.425, 8.075, 7.125],
			"to": [7.475, 8.15, 8.9],
			"rotation": {"angle": 0, "axis": "x", "origin": [8, 8, 8]},
			"faces": {
				"north": {"uv": [7, 8, 10, 16], "rotation": 90, "texture": "#267"},
				"east": {"uv": [7, 8, 10, 16], "rotation": 90, "texture": "#267"},
				"south": {"uv": [7, 8, 10, 16], "rotation": 90, "texture": "#267"},
				"west": {"uv": [7, 8, 10, 16], "rotation": 90, "texture": "#267"},
				"up": {"uv": [7, 8, 10, 16], "rotation": 90, "texture": "#267"},
				"down": {"uv": [7, 8, 10, 16], "rotation": 90, "texture": "#267"}
			}
		},
		{
			"from": [8.025, 8.075, 7.1],
			"to": [8.075, 8.15, 8.875],
			"rotation": {"angle": 0, "axis": "x", "origin": [7.5, 8, 8]},
			"faces": {
				"north": {"uv": [7, 8, 10, 16], "rotation": 270, "texture": "#267"},
				"east": {"uv": [7, 8, 10, 16], "rotation": 270, "texture": "#267"},
				"south": {"uv": [7, 8, 10, 16], "rotation": 270, "texture": "#267"},
				"west": {"uv": [7, 8, 10, 16], "rotation": 270, "texture": "#267"},
				"up": {"uv": [7, 8, 10, 16], "rotation": 270, "texture": "#267"},
				"down": {"uv": [7, 8, 10, 16], "rotation": 270, "texture": "#267"}
			}
		},
		{
			"from": [7.425, 7.675, 7.45],
			"to": [7.475, 7.75, 8.55],
			"rotation": {"angle": 0, "axis": "x", "origin": [8, 8, 8]},
			"faces": {
				"north": {"uv": [7, 8, 10, 16], "rotation": 90, "texture": "#267"},
				"east": {"uv": [7, 8, 10, 16], "rotation": 90, "texture": "#267"},
				"south": {"uv": [7, 8, 10, 16], "rotation": 90, "texture": "#267"},
				"west": {"uv": [7, 8, 10, 16], "rotation": 90, "texture": "#267"},
				"up": {"uv": [7, 8, 10, 16], "rotation": 90, "texture": "#267"},
				"down": {"uv": [7, 8, 10, 16], "rotation": 90, "texture": "#267"}
			}
		},
		{
			"from": [8.025, 7.675, 7.45],
			"to": [8.075, 7.75, 8.55],
			"rotation": {"angle": 0, "axis": "x", "origin": [7.5, 8, 8]},
			"faces": {
				"north": {"uv": [7, 8, 10, 16], "rotation": 270, "texture": "#267"},
				"east": {"uv": [7, 8, 10, 16], "rotation": 270, "texture": "#267"},
				"south": {"uv": [7, 8, 10, 16], "rotation": 270, "texture": "#267"},
				"west": {"uv": [7, 8, 10, 16], "rotation": 270, "texture": "#267"},
				"up": {"uv": [7, 8, 10, 16], "rotation": 270, "texture": "#267"},
				"down": {"uv": [7, 8, 10, 16], "rotation": 270, "texture": "#267"}
			}
		},
		{
			"from": [7.648, 9.31, 7.43],
			"to": [7.857, 9.73, 8.57],
			"rotation": {"angle": 0, "axis": "y", "origin": [8, 9.12, 8]},
			"faces": {
				"north": {"uv": [0, 0, 16, 16], "texture": "#181"},
				"east": {"uv": [0, 0, 16, 16], "texture": "#181"},
				"south": {"uv": [0, 0, 16, 16], "texture": "#181"},
				"west": {"uv": [0, 0, 16, 16], "texture": "#181"},
				"up": {"uv": [0, 0, 16, 16], "texture": "#181"},
				"down": {"uv": [0, 0, 16, 16], "texture": "#181"}
			}
		},
		{
			"from": [7.648, 6.31, 7.43],
			"to": [7.857, 6.73, 8.57],
			"rotation": {"angle": 0, "axis": "y", "origin": [8, 9.12, 8]},
			"faces": {
				"north": {"uv": [0, 0, 16, 16], "texture": "#181"},
				"east": {"uv": [0, 0, 16, 16], "texture": "#181"},
				"south": {"uv": [0, 0, 16, 16], "texture": "#181"},
				"west": {"uv": [0, 0, 16, 16], "texture": "#181"},
				"up": {"uv": [0, 0, 16, 16], "texture": "#181"},
				"down": {"uv": [0, 0, 16, 16], "texture": "#181"}
			}
		},
		{
			"from": [7.45, 7.5, 6.5],
			"to": [8.05, 8.5, 7.5],
			"rotation": {"angle": 0, "axis": "x", "origin": [8, 8, 8]},
			"faces": {
				"north": {"uv": [2, 2, 14, 14], "rotation": 90, "texture": "#71"},
				"east": {"uv": [2, 2, 14, 14], "rotation": 90, "texture": "#71"},
				"south": {"uv": [2, 2, 14, 14], "rotation": 90, "texture": "#71"},
				"west": {"uv": [2, 2, 14, 14], "rotation": 90, "texture": "#71"},
				"up": {"uv": [2, 2, 14, 14], "rotation": 90, "texture": "#71"},
				"down": {"uv": [2, 2, 14, 14], "rotation": 90, "texture": "#71"}
			}
		},
		{
			"from": [7.648, 7.45, 6.29],
			"to": [7.857, 8.59, 6.93],
			"rotation": {"angle": 0, "axis": "x", "origin": [8, 9.12, 8]},
			"faces": {
				"north": {"uv": [0, 0, 16, 16], "rotation": 90, "texture": "#181"},
				"east": {"uv": [0, 0, 16, 16], "rotation": 90, "texture": "#181"},
				"south": {"uv": [0, 0, 16, 16], "rotation": 90, "texture": "#181"},
				"west": {"uv": [0, 0, 16, 16], "rotation": 90, "texture": "#181"},
				"up": {"uv": [0, 0, 16, 16], "rotation": 90, "texture": "#181"},
				"down": {"uv": [0, 0, 16, 16], "rotation": 90, "texture": "#181"}
			}
		},
		{
			"from": [7.45, 7.5, 8.5],
			"to": [8.05, 8.5, 9.5],
			"rotation": {"angle": 0, "axis": "x", "origin": [8, 8, 8]},
			"faces": {
				"north": {"uv": [3, 4, 12, 12], "rotation": 90, "texture": "#71"},
				"east": {"uv": [3, 4, 12, 12], "rotation": 90, "texture": "#71"},
				"south": {"uv": [3, 4, 12, 12], "rotation": 90, "texture": "#71"},
				"west": {"uv": [3, 4, 12, 12], "rotation": 90, "texture": "#71"},
				"up": {"uv": [3, 4, 12, 12], "rotation": 90, "texture": "#71"},
				"down": {"uv": [3, 4, 12, 12], "rotation": 90, "texture": "#71"}
			}
		},
		{
			"from": [7.648, 7.45, 8.82],
			"to": [7.857, 8.59, 9.71],
			"rotation": {"angle": 0, "axis": "x", "origin": [8, 9.12, 8]},
			"faces": {
				"north": {"uv": [0, 0, 16, 16], "rotation": 90, "texture": "#181"},
				"east": {"uv": [0, 0, 16, 16], "rotation": 90, "texture": "#181"},
				"south": {"uv": [0, 0, 16, 16], "rotation": 90, "texture": "#181"},
				"west": {"uv": [0, 0, 16, 16], "rotation": 90, "texture": "#181"},
				"up": {"uv": [0, 0, 16, 16], "rotation": 90, "texture": "#181"},
				"down": {"uv": [0, 0, 16, 16], "rotation": 90, "texture": "#181"}
			}
		},
		{
			"from": [7.45, 8.5, 7],
			"to": [8.05, 9, 7.5],
			"rotation": {"angle": 0, "axis": "x", "origin": [8, 8, 8]},
			"faces": {
				"north": {"uv": [3, 7, 7, 12], "rotation": 90, "texture": "#71"},
				"east": {"uv": [3, 7, 7, 12], "rotation": 90, "texture": "#71"},
				"south": {"uv": [3, 7, 7, 12], "rotation": 90, "texture": "#71"},
				"west": {"uv": [3, 7, 7, 12], "rotation": 90, "texture": "#71"},
				"up": {"uv": [3, 7, 7, 12], "rotation": 90, "texture": "#71"},
				"down": {"uv": [3, 7, 7, 12], "rotation": 90, "texture": "#71"}
			}
		},
		{
			"from": [7.623, 8.59, 6.86],
			"to": [7.807, 9.16, 7.43],
			"rotation": {"angle": 0, "axis": "x", "origin": [8, 9.12, 8]},
			"color": 2,
			"faces": {
				"north": {"uv": [0, 0, 0.6, 0.5], "rotation": 180, "texture": "#missing"},
				"east": {"uv": [0, 0, 0.5, 0.5], "rotation": 90, "texture": "#missing"},
				"south": {"uv": [0, 0, 0.6, 0.5], "texture": "#missing"},
				"west": {"uv": [0, 0, 0.5, 0.5], "rotation": 270, "texture": "#missing"},
				"up": {"uv": [0, 0, 0.6, 0.5], "texture": "#missing"},
				"down": {"uv": [0, 0, 0.6, 0.5], "rotation": 180, "texture": "#missing"}
			}
		},
		{
			"from": [7.45, 7, 8.5],
			"to": [8.05, 7.5, 9],
			"rotation": {"angle": 0, "axis": "x", "origin": [8, 8, 8]},
			"faces": {
				"north": {"uv": [3, 7, 7, 12], "rotation": 90, "texture": "#71"},
				"east": {"uv": [3, 7, 7, 12], "rotation": 90, "texture": "#71"},
				"south": {"uv": [3, 7, 7, 12], "rotation": 90, "texture": "#71"},
				"west": {"uv": [3, 7, 7, 12], "rotation": 90, "texture": "#71"},
				"up": {"uv": [3, 7, 7, 12], "rotation": 90, "texture": "#71"},
				"down": {"uv": [3, 7, 7, 12], "rotation": 90, "texture": "#71"}
			}
		},
		{
			"from": [7.623, 6.88, 8.57],
			"to": [7.807, 7.45, 9.14],
			"rotation": {"angle": 0, "axis": "x", "origin": [8, 9.12, 8]},
			"color": 2,
			"faces": {
				"north": {"uv": [0.1, 0.5, 0.7, 1], "texture": "#missing"},
				"east": {"uv": [0.5, 0.5, 1, 1], "rotation": 90, "texture": "#missing"},
				"south": {"uv": [0.1, 0.5, 0.7, 1], "rotation": 180, "texture": "#missing"},
				"west": {"uv": [0.5, 0.5, 1, 1], "rotation": 270, "texture": "#missing"},
				"up": {"uv": [0, 0, 0.6, 0.5], "rotation": 180, "texture": "#missing"},
				"down": {"uv": [0, 0, 0.6, 0.5], "texture": "#missing"}
			}
		},
		{
			"from": [7.45, 7.00833, 7],
			"to": [8.05, 7.50833, 7.5],
			"rotation": {"angle": 0, "axis": "x", "origin": [8, 8.94167, 7.05833]},
			"faces": {
				"north": {"uv": [3, 7, 7, 12], "rotation": 180, "texture": "#71"},
				"east": {"uv": [3, 7, 7, 12], "rotation": 180, "texture": "#71"},
				"south": {"uv": [3, 7, 7, 12], "rotation": 180, "texture": "#71"},
				"west": {"uv": [3, 7, 7, 12], "rotation": 180, "texture": "#71"},
				"up": {"uv": [3, 7, 7, 12], "rotation": 180, "texture": "#71"},
				"down": {"uv": [3, 7, 7, 12], "rotation": 180, "texture": "#71"}
			}
		},
		{
			"from": [7.623, 6.8895, 6.86],
			"to": [7.807, 7.4595, 7.43],
			"rotation": {"angle": 0, "axis": "x", "origin": [8, 10.1935, 6.9265]},
			"color": 2,
			"faces": {
				"north": {"uv": [0, 0, 0.6, 0.5], "rotation": 180, "texture": "#missing"},
				"east": {"uv": [0, 0, 0.5, 0.5], "rotation": 180, "texture": "#missing"},
				"south": {"uv": [0, 0, 0.6, 0.5], "rotation": 180, "texture": "#missing"},
				"west": {"uv": [0, 0, 0.5, 0.5], "rotation": 180, "texture": "#missing"},
				"up": {"uv": [0, 0, 0.6, 0.5], "texture": "#missing"},
				"down": {"uv": [0, 0, 0.6, 0.5], "texture": "#missing"}
			}
		},
		{
			"from": [7.45, 8.49167, 8.5],
			"to": [8.05, 8.99167, 9],
			"rotation": {"angle": 0, "axis": "x", "origin": [8, 7.05833, 8.94167]},
			"faces": {
				"north": {"uv": [3, 7, 7, 12], "rotation": 180, "texture": "#71"},
				"east": {"uv": [3, 7, 7, 12], "rotation": 180, "texture": "#71"},
				"south": {"uv": [3, 7, 7, 12], "rotation": 180, "texture": "#71"},
				"west": {"uv": [3, 7, 7, 12], "rotation": 180, "texture": "#71"},
				"up": {"uv": [3, 7, 7, 12], "rotation": 180, "texture": "#71"},
				"down": {"uv": [3, 7, 7, 12], "rotation": 180, "texture": "#71"}
			}
		},
		{
			"from": [7.623, 8.5805, 8.57],
			"to": [7.807, 9.1505, 9.14],
			"rotation": {"angle": 0, "axis": "x", "origin": [8, 8.0465, 9.0735]},
			"color": 2,
			"faces": {
				"north": {"uv": [0.1, 0.5, 0.7, 1], "rotation": 180, "texture": "#missing"},
				"east": {"uv": [0.5, 0.5, 1, 1], "rotation": 180, "texture": "#missing"},
				"south": {"uv": [0.1, 0.5, 0.7, 1], "rotation": 180, "texture": "#missing"},
				"west": {"uv": [0.5, 0.5, 1, 1], "rotation": 180, "texture": "#missing"},
				"up": {"uv": [0, 0, 0.6, 0.5], "texture": "#missing"},
				"down": {"uv": [0, 0, 0.6, 0.5], "texture": "#missing"}
			}
		},
		{
			"from": [7.45, 8.5, 6.75],
			"to": [8.05, 9, 7],
			"rotation": {"angle": 0, "axis": "x", "origin": [8, 8, 8]},
			"faces": {
				"north": {"uv": [3, 4, 11, 8], "rotation": 90, "texture": "#71"},
				"east": {"uv": [3, 4, 11, 8], "rotation": 90, "texture": "#71"},
				"south": {"uv": [3, 4, 11, 8], "rotation": 90, "texture": "#71"},
				"west": {"uv": [3, 4, 11, 8], "rotation": 90, "texture": "#71"},
				"up": {"uv": [3, 4, 11, 8], "rotation": 90, "texture": "#71"},
				"down": {"uv": [3, 4, 11, 8], "rotation": 90, "texture": "#71"}
			}
		},
		{
			"from": [7.648, 8.59, 6.575],
			"to": [7.857, 9.16, 6.86],
			"rotation": {"angle": 0, "axis": "x", "origin": [8, 9.12, 8]},
			"faces": {
				"north": {"uv": [0, 0, 6, 6], "rotation": 90, "texture": "#181"},
				"east": {"uv": [0, 0, 6, 6], "rotation": 90, "texture": "#181"},
				"south": {"uv": [0, 0, 6, 6], "rotation": 90, "texture": "#181"},
				"west": {"uv": [0, 0, 6, 6], "rotation": 90, "texture": "#181"},
				"up": {"uv": [0, 0, 6, 6], "rotation": 90, "texture": "#181"},
				"down": {"uv": [0, 0, 6, 6], "rotation": 90, "texture": "#181"}
			}
		},
		{
			"from": [7.45, 7, 9],
			"to": [8.05, 7.5, 9.25],
			"rotation": {"angle": 0, "axis": "x", "origin": [8, 8, 8]},
			"faces": {
				"north": {"uv": [3, 4, 11, 8], "rotation": 90, "texture": "#71"},
				"east": {"uv": [3, 4, 11, 8], "rotation": 90, "texture": "#71"},
				"south": {"uv": [3, 4, 11, 8], "rotation": 90, "texture": "#71"},
				"west": {"uv": [3, 4, 11, 8], "rotation": 90, "texture": "#71"},
				"up": {"uv": [3, 4, 11, 8], "rotation": 90, "texture": "#71"},
				"down": {"uv": [3, 4, 11, 8], "rotation": 90, "texture": "#71"}
			}
		},
		{
			"from": [7.648, 6.88, 9.14],
			"to": [7.857, 7.45, 9.425],
			"rotation": {"angle": 0, "axis": "x", "origin": [8, 9.12, 8]},
			"faces": {
				"north": {"uv": [0, 0, 6, 6], "rotation": 90, "texture": "#181"},
				"east": {"uv": [0, 0, 6, 6], "rotation": 90, "texture": "#181"},
				"south": {"uv": [0, 0, 6, 6], "rotation": 90, "texture": "#181"},
				"west": {"uv": [0, 0, 6, 6], "rotation": 90, "texture": "#181"},
				"up": {"uv": [0, 0, 6, 6], "rotation": 90, "texture": "#181"},
				"down": {"uv": [0, 0, 6, 6], "rotation": 90, "texture": "#181"}
			}
		},
		{
			"from": [7.45, 6.75833, 7],
			"to": [8.05, 7.00833, 7.5],
			"rotation": {"angle": 0, "axis": "x", "origin": [8, 8.94167, 7.05833]},
			"faces": {
				"north": {"uv": [3, 4, 11, 8], "rotation": 180, "texture": "#71"},
				"east": {"uv": [3, 4, 11, 8], "rotation": 180, "texture": "#71"},
				"south": {"uv": [3, 4, 11, 8], "rotation": 180, "texture": "#71"},
				"west": {"uv": [3, 4, 11, 8], "rotation": 180, "texture": "#71"},
				"up": {"uv": [3, 4, 11, 8], "rotation": 180, "texture": "#71"},
				"down": {"uv": [3, 4, 11, 8], "rotation": 180, "texture": "#71"}
			}
		},
		{
			"from": [7.648, 6.6045, 6.86],
			"to": [7.857, 6.8895, 7.43],
			"rotation": {"angle": 0, "axis": "x", "origin": [8, 10.1935, 6.9265]},
			"faces": {
				"north": {"uv": [0, 0, 6, 6], "rotation": 180, "texture": "#181"},
				"east": {"uv": [0, 0, 6, 6], "rotation": 180, "texture": "#181"},
				"south": {"uv": [0, 0, 6, 6], "rotation": 180, "texture": "#181"},
				"west": {"uv": [0, 0, 6, 6], "rotation": 180, "texture": "#181"},
				"up": {"uv": [0, 0, 6, 6], "rotation": 180, "texture": "#181"},
				"down": {"uv": [0, 0, 6, 6], "rotation": 180, "texture": "#181"}
			}
		},
		{
			"from": [7.45, 8.99167, 8.5],
			"to": [8.05, 9.24167, 9],
			"rotation": {"angle": 0, "axis": "x", "origin": [8, 7.05833, 8.94167]},
			"faces": {
				"north": {"uv": [3, 4, 11, 8], "rotation": 180, "texture": "#71"},
				"east": {"uv": [3, 4, 11, 8], "rotation": 180, "texture": "#71"},
				"south": {"uv": [3, 4, 11, 8], "rotation": 180, "texture": "#71"},
				"west": {"uv": [3, 4, 11, 8], "rotation": 180, "texture": "#71"},
				"up": {"uv": [3, 4, 11, 8], "rotation": 180, "texture": "#71"},
				"down": {"uv": [3, 4, 11, 8], "rotation": 180, "texture": "#71"}
			}
		},
		{
			"from": [7.648, 9.1505, 8.57],
			"to": [7.857, 9.4355, 9.14],
			"rotation": {"angle": 0, "axis": "x", "origin": [8, 8.0465, 9.0735]},
			"faces": {
				"north": {"uv": [0, 0, 6, 6], "rotation": 180, "texture": "#181"},
				"east": {"uv": [0, 0, 6, 6], "rotation": 180, "texture": "#181"},
				"south": {"uv": [0, 0, 6, 6], "rotation": 180, "texture": "#181"},
				"west": {"uv": [0, 0, 6, 6], "rotation": 180, "texture": "#181"},
				"up": {"uv": [0, 0, 6, 6], "rotation": 180, "texture": "#181"},
				"down": {"uv": [0, 0, 6, 6], "rotation": 180, "texture": "#181"}
			}
		},
		{
			"from": [7.45, 8.5, 6.6],
			"to": [8.05, 8.75, 6.75],
			"rotation": {"angle": 0, "axis": "x", "origin": [8, 8, 8]},
			"faces": {
				"north": {"uv": [3, 4, 7, 8], "rotation": 90, "texture": "#71"},
				"east": {"uv": [3, 4, 7, 8], "rotation": 90, "texture": "#71"},
				"south": {"uv": [3, 4, 7, 8], "rotation": 90, "texture": "#71"},
				"west": {"uv": [3, 4, 7, 8], "rotation": 90, "texture": "#71"},
				"up": {"uv": [3, 4, 7, 8], "rotation": 90, "texture": "#71"},
				"down": {"uv": [3, 4, 7, 8], "rotation": 90, "texture": "#71"}
			}
		},
		{
			"from": [7.648, 8.59, 6.404],
			"to": [7.857, 8.875, 6.575],
			"rotation": {"angle": 0, "axis": "x", "origin": [8, 9.12, 8]},
			"faces": {
				"north": {"uv": [0, 0, 6, 6], "rotation": 90, "texture": "#181"},
				"east": {"uv": [0, 0, 6, 6], "rotation": 90, "texture": "#181"},
				"south": {"uv": [0, 0, 6, 6], "rotation": 90, "texture": "#181"},
				"west": {"uv": [0, 0, 6, 6], "rotation": 90, "texture": "#181"},
				"up": {"uv": [0, 0, 6, 6], "rotation": 90, "texture": "#181"},
				"down": {"uv": [0, 0, 6, 6], "rotation": 90, "texture": "#181"}
			}
		},
		{
			"from": [7.45, 7.25, 9.25],
			"to": [8.05, 7.5, 9.4],
			"rotation": {"angle": 0, "axis": "x", "origin": [8, 8, 8]},
			"faces": {
				"north": {"uv": [3, 4, 7, 8], "rotation": 90, "texture": "#71"},
				"east": {"uv": [3, 4, 7, 8], "rotation": 90, "texture": "#71"},
				"south": {"uv": [3, 4, 7, 8], "rotation": 90, "texture": "#71"},
				"west": {"uv": [3, 4, 7, 8], "rotation": 90, "texture": "#71"},
				"up": {"uv": [3, 4, 7, 8], "rotation": 90, "texture": "#71"},
				"down": {"uv": [3, 4, 7, 8], "rotation": 90, "texture": "#71"}
			}
		},
		{
			"from": [7.648, 7.165, 9.425],
			"to": [7.857, 7.45, 9.596],
			"rotation": {"angle": 0, "axis": "x", "origin": [8, 9.12, 8]},
			"faces": {
				"north": {"uv": [0, 0, 6, 6], "rotation": 90, "texture": "#181"},
				"east": {"uv": [0, 0, 6, 6], "rotation": 90, "texture": "#181"},
				"south": {"uv": [0, 0, 6, 6], "rotation": 90, "texture": "#181"},
				"west": {"uv": [0, 0, 6, 6], "rotation": 90, "texture": "#181"},
				"up": {"uv": [0, 0, 6, 6], "rotation": 90, "texture": "#181"},
				"down": {"uv": [0, 0, 6, 6], "rotation": 90, "texture": "#181"}
			}
		},
		{
			"from": [7.45, 6.60833, 7.25],
			"to": [8.05, 6.75833, 7.5],
			"rotation": {"angle": 0, "axis": "x", "origin": [8, 8.94167, 7.05833]},
			"faces": {
				"north": {"uv": [3, 4, 7, 8], "rotation": 180, "texture": "#71"},
				"east": {"uv": [3, 4, 7, 8], "rotation": 180, "texture": "#71"},
				"south": {"uv": [3, 4, 7, 8], "rotation": 180, "texture": "#71"},
				"west": {"uv": [3, 4, 7, 8], "rotation": 180, "texture": "#71"},
				"up": {"uv": [3, 4, 7, 8], "rotation": 180, "texture": "#71"},
				"down": {"uv": [3, 4, 7, 8], "rotation": 180, "texture": "#71"}
			}
		},
		{
			"from": [7.648, 6.4335, 7.145],
			"to": [7.857, 6.6045, 7.43],
			"rotation": {"angle": 0, "axis": "x", "origin": [8, 10.1935, 6.9265]},
			"faces": {
				"north": {"uv": [0, 0, 6, 6], "rotation": 180, "texture": "#181"},
				"east": {"uv": [0, 0, 6, 6], "rotation": 180, "texture": "#181"},
				"south": {"uv": [0, 0, 6, 6], "rotation": 180, "texture": "#181"},
				"west": {"uv": [0, 0, 6, 6], "rotation": 180, "texture": "#181"},
				"up": {"uv": [0, 0, 6, 6], "rotation": 180, "texture": "#181"},
				"down": {"uv": [0, 0, 6, 6], "rotation": 180, "texture": "#181"}
			}
		},
		{
			"from": [7.45, 9.24167, 8.5],
			"to": [8.05, 9.39167, 8.75],
			"rotation": {"angle": 0, "axis": "x", "origin": [8, 7.05833, 8.94167]},
			"faces": {
				"north": {"uv": [3, 4, 7, 8], "rotation": 180, "texture": "#71"},
				"east": {"uv": [3, 4, 7, 8], "rotation": 180, "texture": "#71"},
				"south": {"uv": [3, 4, 7, 8], "rotation": 180, "texture": "#71"},
				"west": {"uv": [3, 4, 7, 8], "rotation": 180, "texture": "#71"},
				"up": {"uv": [3, 4, 7, 8], "rotation": 180, "texture": "#71"},
				"down": {"uv": [3, 4, 7, 8], "rotation": 180, "texture": "#71"}
			}
		},
		{
			"from": [7.648, 9.4355, 8.57],
			"to": [7.857, 9.6065, 8.855],
			"rotation": {"angle": 0, "axis": "x", "origin": [8, 8.0465, 9.0735]},
			"faces": {
				"north": {"uv": [0, 0, 6, 6], "rotation": 180, "texture": "#181"},
				"east": {"uv": [0, 0, 6, 6], "rotation": 180, "texture": "#181"},
				"south": {"uv": [0, 0, 6, 6], "rotation": 180, "texture": "#181"},
				"west": {"uv": [0, 0, 6, 6], "rotation": 180, "texture": "#181"},
				"up": {"uv": [0, 0, 6, 6], "rotation": 180, "texture": "#181"},
				"down": {"uv": [0, 0, 6, 6], "rotation": 180, "texture": "#181"}
			}
		},
		{
			"from": [7.45, 9, 6.85],
			"to": [8.05, 9.15, 7],
			"rotation": {"angle": 0, "axis": "x", "origin": [8, 8, 8]},
			"faces": {
				"north": {"uv": [3, 4, 7, 8], "rotation": 90, "texture": "#71"},
				"east": {"uv": [3, 4, 7, 8], "rotation": 90, "texture": "#71"},
				"south": {"uv": [3, 4, 7, 8], "rotation": 90, "texture": "#71"},
				"west": {"uv": [3, 4, 7, 8], "rotation": 90, "texture": "#71"},
				"up": {"uv": [3, 4, 7, 8], "rotation": 90, "texture": "#71"},
				"down": {"uv": [3, 4, 7, 8], "rotation": 90, "texture": "#71"}
			}
		},
		{
			"from": [7.648, 9.16, 6.689],
			"to": [7.857, 9.331, 6.86],
			"rotation": {"angle": 0, "axis": "x", "origin": [8, 9.12, 8]},
			"faces": {
				"north": {"uv": [0, 0, 6, 6], "rotation": 90, "texture": "#181"},
				"east": {"uv": [0, 0, 6, 6], "rotation": 90, "texture": "#181"},
				"south": {"uv": [0, 0, 6, 6], "rotation": 90, "texture": "#181"},
				"west": {"uv": [0, 0, 6, 6], "rotation": 90, "texture": "#181"},
				"up": {"uv": [0, 0, 6, 6], "rotation": 90, "texture": "#181"},
				"down": {"uv": [0, 0, 6, 6], "rotation": 90, "texture": "#181"}
			}
		},
		{
			"from": [7.45, 6.85, 9],
			"to": [8.05, 7, 9.15],
			"rotation": {"angle": 0, "axis": "x", "origin": [8, 8, 8]},
			"faces": {
				"north": {"uv": [3, 4, 7, 8], "rotation": 90, "texture": "#71"},
				"east": {"uv": [3, 4, 7, 8], "rotation": 90, "texture": "#71"},
				"south": {"uv": [3, 4, 7, 8], "rotation": 90, "texture": "#71"},
				"west": {"uv": [3, 4, 7, 8], "rotation": 90, "texture": "#71"},
				"up": {"uv": [3, 4, 7, 8], "rotation": 90, "texture": "#71"},
				"down": {"uv": [3, 4, 7, 8], "rotation": 90, "texture": "#71"}
			}
		},
		{
			"from": [7.648, 6.709, 9.14],
			"to": [7.857, 6.88, 9.311],
			"rotation": {"angle": 0, "axis": "x", "origin": [8, 9.12, 8]},
			"faces": {
				"north": {"uv": [0, 0, 6, 6], "rotation": 90, "texture": "#181"},
				"east": {"uv": [0, 0, 6, 6], "rotation": 90, "texture": "#181"},
				"south": {"uv": [0, 0, 6, 6], "rotation": 90, "texture": "#181"},
				"west": {"uv": [0, 0, 6, 6], "rotation": 90, "texture": "#181"},
				"up": {"uv": [0, 0, 6, 6], "rotation": 90, "texture": "#181"},
				"down": {"uv": [0, 0, 6, 6], "rotation": 90, "texture": "#181"}
			}
		},
		{
			"from": [7.45, 6.85833, 6.85],
			"to": [8.05, 7.00833, 7],
			"rotation": {"angle": 0, "axis": "x", "origin": [8, 8.94167, 7.05833]},
			"faces": {
				"north": {"uv": [3, 4, 7, 8], "rotation": 180, "texture": "#71"},
				"east": {"uv": [3, 4, 7, 8], "rotation": 180, "texture": "#71"},
				"south": {"uv": [3, 4, 7, 8], "rotation": 180, "texture": "#71"},
				"west": {"uv": [3, 4, 7, 8], "rotation": 180, "texture": "#71"},
				"up": {"uv": [3, 4, 7, 8], "rotation": 180, "texture": "#71"},
				"down": {"uv": [3, 4, 7, 8], "rotation": 180, "texture": "#71"}
			}
		},
		{
			"from": [7.648, 6.7185, 6.689],
			"to": [7.857, 6.8895, 6.86],
			"rotation": {"angle": 0, "axis": "x", "origin": [8, 10.1935, 6.9265]},
			"faces": {
				"north": {"uv": [0, 0, 6, 6], "rotation": 180, "texture": "#181"},
				"east": {"uv": [0, 0, 6, 6], "rotation": 180, "texture": "#181"},
				"south": {"uv": [0, 0, 6, 6], "rotation": 180, "texture": "#181"},
				"west": {"uv": [0, 0, 6, 6], "rotation": 180, "texture": "#181"},
				"up": {"uv": [0, 0, 6, 6], "rotation": 180, "texture": "#181"},
				"down": {"uv": [0, 0, 6, 6], "rotation": 180, "texture": "#181"}
			}
		},
		{
			"from": [7.45, 8.99167, 9],
			"to": [8.05, 9.14167, 9.15],
			"rotation": {"angle": 0, "axis": "x", "origin": [8, 7.05833, 8.94167]},
			"faces": {
				"north": {"uv": [3, 4, 7, 8], "rotation": 180, "texture": "#71"},
				"east": {"uv": [3, 4, 7, 8], "rotation": 180, "texture": "#71"},
				"south": {"uv": [3, 4, 7, 8], "rotation": 180, "texture": "#71"},
				"west": {"uv": [3, 4, 7, 8], "rotation": 180, "texture": "#71"},
				"up": {"uv": [3, 4, 7, 8], "rotation": 180, "texture": "#71"},
				"down": {"uv": [3, 4, 7, 8], "rotation": 180, "texture": "#71"}
			}
		},
		{
			"from": [7.648, 9.1505, 9.14],
			"to": [7.857, 9.3215, 9.311],
			"rotation": {"angle": 0, "axis": "x", "origin": [8, 8.0465, 9.0735]},
			"faces": {
				"north": {"uv": [0, 0, 6, 6], "rotation": 180, "texture": "#181"},
				"east": {"uv": [0, 0, 6, 6], "rotation": 180, "texture": "#181"},
				"south": {"uv": [0, 0, 6, 6], "rotation": 180, "texture": "#181"},
				"west": {"uv": [0, 0, 6, 6], "rotation": 180, "texture": "#181"},
				"up": {"uv": [0, 0, 6, 6], "rotation": 180, "texture": "#181"},
				"down": {"uv": [0, 0, 6, 6], "rotation": 180, "texture": "#181"}
			}
		},
		{
			"from": [7.45, 9, 7],
			"to": [8.05, 9.25, 7.5],
			"rotation": {"angle": 0, "axis": "x", "origin": [8, 8, 8]},
			"faces": {
				"north": {"uv": [3, 4, 11, 8], "rotation": 90, "texture": "#71"},
				"east": {"uv": [3, 4, 11, 8], "rotation": 90, "texture": "#71"},
				"south": {"uv": [3, 4, 11, 8], "rotation": 90, "texture": "#71"},
				"west": {"uv": [3, 4, 11, 8], "rotation": 90, "texture": "#71"},
				"up": {"uv": [3, 4, 11, 8], "rotation": 90, "texture": "#71"},
				"down": {"uv": [3, 4, 11, 8], "rotation": 90, "texture": "#71"}
			}
		},
		{
			"from": [7.648, 9.16, 6.86],
			"to": [7.857, 9.445, 7.43],
			"rotation": {"angle": 0, "axis": "x", "origin": [8, 9.12, 8]},
			"faces": {
				"north": {"uv": [0, 0, 6, 6], "rotation": 90, "texture": "#181"},
				"east": {"uv": [0, 0, 6, 6], "rotation": 90, "texture": "#181"},
				"south": {"uv": [0, 0, 6, 6], "rotation": 90, "texture": "#181"},
				"west": {"uv": [0, 0, 6, 6], "rotation": 90, "texture": "#181"},
				"up": {"uv": [0, 0, 6, 6], "rotation": 90, "texture": "#181"},
				"down": {"uv": [0, 0, 6, 6], "rotation": 90, "texture": "#181"}
			}
		},
		{
			"from": [7.45, 6.75, 8.5],
			"to": [8.05, 7, 9],
			"rotation": {"angle": 0, "axis": "x", "origin": [8, 8, 8]},
			"faces": {
				"north": {"uv": [3, 4, 11, 8], "rotation": 90, "texture": "#71"},
				"east": {"uv": [3, 4, 11, 8], "rotation": 90, "texture": "#71"},
				"south": {"uv": [3, 4, 11, 8], "rotation": 90, "texture": "#71"},
				"west": {"uv": [3, 4, 11, 8], "rotation": 90, "texture": "#71"},
				"up": {"uv": [3, 4, 11, 8], "rotation": 90, "texture": "#71"},
				"down": {"uv": [3, 4, 11, 8], "rotation": 90, "texture": "#71"}
			}
		},
		{
			"from": [7.648, 6.595, 8.57],
			"to": [7.857, 6.88, 9.14],
			"rotation": {"angle": 0, "axis": "x", "origin": [8, 9.12, 8]},
			"faces": {
				"north": {"uv": [0, 0, 6, 6], "rotation": 90, "texture": "#181"},
				"east": {"uv": [0, 0, 6, 6], "rotation": 90, "texture": "#181"},
				"south": {"uv": [0, 0, 6, 6], "rotation": 90, "texture": "#181"},
				"west": {"uv": [0, 0, 6, 6], "rotation": 90, "texture": "#181"},
				"up": {"uv": [0, 0, 6, 6], "rotation": 90, "texture": "#181"},
				"down": {"uv": [0, 0, 6, 6], "rotation": 90, "texture": "#181"}
			}
		},
		{
			"from": [7.45, 7.00833, 6.75],
			"to": [8.05, 7.50833, 7],
			"rotation": {"angle": 0, "axis": "x", "origin": [8, 8.94167, 7.05833]},
			"faces": {
				"north": {"uv": [3, 4, 11, 8], "rotation": 180, "texture": "#71"},
				"east": {"uv": [3, 4, 11, 8], "rotation": 180, "texture": "#71"},
				"south": {"uv": [3, 4, 11, 8], "rotation": 180, "texture": "#71"},
				"west": {"uv": [3, 4, 11, 8], "rotation": 180, "texture": "#71"},
				"up": {"uv": [3, 4, 11, 8], "rotation": 180, "texture": "#71"},
				"down": {"uv": [3, 4, 11, 8], "rotation": 180, "texture": "#71"}
			}
		},
		{
			"from": [7.648, 6.8895, 6.575],
			"to": [7.857, 7.4595, 6.86],
			"rotation": {"angle": 0, "axis": "x", "origin": [8, 10.1935, 6.9265]},
			"faces": {
				"north": {"uv": [0, 0, 6, 6], "rotation": 180, "texture": "#181"},
				"east": {"uv": [0, 0, 6, 6], "rotation": 180, "texture": "#181"},
				"south": {"uv": [0, 0, 6, 6], "rotation": 180, "texture": "#181"},
				"west": {"uv": [0, 0, 6, 6], "rotation": 180, "texture": "#181"},
				"up": {"uv": [0, 0, 6, 6], "rotation": 180, "texture": "#181"},
				"down": {"uv": [0, 0, 6, 6], "rotation": 180, "texture": "#181"}
			}
		},
		{
			"from": [7.45, 8.49167, 9],
			"to": [8.05, 8.99167, 9.25],
			"rotation": {"angle": 0, "axis": "x", "origin": [8, 7.05833, 8.94167]},
			"faces": {
				"north": {"uv": [3, 4, 11, 8], "rotation": 180, "texture": "#71"},
				"east": {"uv": [3, 4, 11, 8], "rotation": 180, "texture": "#71"},
				"south": {"uv": [3, 4, 11, 8], "rotation": 180, "texture": "#71"},
				"west": {"uv": [3, 4, 11, 8], "rotation": 180, "texture": "#71"},
				"up": {"uv": [3, 4, 11, 8], "rotation": 180, "texture": "#71"},
				"down": {"uv": [3, 4, 11, 8], "rotation": 180, "texture": "#71"}
			}
		},
		{
			"from": [7.648, 8.5805, 9.14],
			"to": [7.857, 9.1505, 9.425],
			"rotation": {"angle": 0, "axis": "x", "origin": [8, 8.0465, 9.0735]},
			"faces": {
				"north": {"uv": [0, 0, 6, 6], "rotation": 180, "texture": "#181"},
				"east": {"uv": [0, 0, 6, 6], "rotation": 180, "texture": "#181"},
				"south": {"uv": [0, 0, 6, 6], "rotation": 180, "texture": "#181"},
				"west": {"uv": [0, 0, 6, 6], "rotation": 180, "texture": "#181"},
				"up": {"uv": [0, 0, 6, 6], "rotation": 180, "texture": "#181"},
				"down": {"uv": [0, 0, 6, 6], "rotation": 180, "texture": "#181"}
			}
		},
		{
			"from": [7.45, 9.25, 7.25],
			"to": [8.05, 9.4, 7.5],
			"rotation": {"angle": 0, "axis": "x", "origin": [8, 8, 8]},
			"faces": {
				"north": {"uv": [3, 4, 7, 8], "rotation": 90, "texture": "#71"},
				"east": {"uv": [3, 4, 7, 8], "rotation": 90, "texture": "#71"},
				"south": {"uv": [3, 4, 7, 8], "rotation": 90, "texture": "#71"},
				"west": {"uv": [3, 4, 7, 8], "rotation": 90, "texture": "#71"},
				"up": {"uv": [3, 4, 7, 8], "rotation": 90, "texture": "#71"},
				"down": {"uv": [3, 4, 7, 8], "rotation": 90, "texture": "#71"}
			}
		},
		{
			"from": [7.648, 9.445, 7.145],
			"to": [7.857, 9.616, 7.43],
			"rotation": {"angle": 0, "axis": "x", "origin": [8, 9.12, 8]},
			"faces": {
				"north": {"uv": [0, 0, 6, 6], "rotation": 90, "texture": "#181"},
				"east": {"uv": [0, 0, 6, 6], "rotation": 90, "texture": "#181"},
				"south": {"uv": [0, 0, 6, 6], "rotation": 90, "texture": "#181"},
				"west": {"uv": [0, 0, 6, 6], "rotation": 90, "texture": "#181"},
				"up": {"uv": [0, 0, 6, 6], "rotation": 90, "texture": "#181"},
				"down": {"uv": [0, 0, 6, 6], "rotation": 90, "texture": "#181"}
			}
		},
		{
			"from": [7.45, 6.6, 8.5],
			"to": [8.05, 6.75, 8.75],
			"rotation": {"angle": 0, "axis": "x", "origin": [8, 8, 8]},
			"faces": {
				"north": {"uv": [3, 4, 7, 8], "rotation": 90, "texture": "#71"},
				"east": {"uv": [3, 4, 7, 8], "rotation": 90, "texture": "#71"},
				"south": {"uv": [3, 4, 7, 8], "rotation": 90, "texture": "#71"},
				"west": {"uv": [3, 4, 7, 8], "rotation": 90, "texture": "#71"},
				"up": {"uv": [3, 4, 7, 8], "rotation": 90, "texture": "#71"},
				"down": {"uv": [3, 4, 7, 8], "rotation": 90, "texture": "#71"}
			}
		},
		{
			"from": [7.648, 6.424, 8.57],
			"to": [7.857, 6.595, 8.855],
			"rotation": {"angle": 0, "axis": "x", "origin": [8, 9.12, 8]},
			"faces": {
				"north": {"uv": [0, 0, 6, 6], "rotation": 90, "texture": "#181"},
				"east": {"uv": [0, 0, 6, 6], "rotation": 90, "texture": "#181"},
				"south": {"uv": [0, 0, 6, 6], "rotation": 90, "texture": "#181"},
				"west": {"uv": [0, 0, 6, 6], "rotation": 90, "texture": "#181"},
				"up": {"uv": [0, 0, 6, 6], "rotation": 90, "texture": "#181"},
				"down": {"uv": [0, 0, 6, 6], "rotation": 90, "texture": "#181"}
			}
		},
		{
			"from": [7.45, 7.25833, 6.6],
			"to": [8.05, 7.50833, 6.75],
			"rotation": {"angle": 0, "axis": "x", "origin": [8, 8.94167, 7.05833]},
			"faces": {
				"north": {"uv": [3, 4, 7, 8], "rotation": 180, "texture": "#71"},
				"east": {"uv": [3, 4, 7, 8], "rotation": 180, "texture": "#71"},
				"south": {"uv": [3, 4, 7, 8], "rotation": 180, "texture": "#71"},
				"west": {"uv": [3, 4, 7, 8], "rotation": 180, "texture": "#71"},
				"up": {"uv": [3, 4, 7, 8], "rotation": 180, "texture": "#71"},
				"down": {"uv": [3, 4, 7, 8], "rotation": 180, "texture": "#71"}
			}
		},
		{
			"from": [7.648, 7.1745, 6.404],
			"to": [7.857, 7.4595, 6.575],
			"rotation": {"angle": 0, "axis": "x", "origin": [8, 10.1935, 6.9265]},
			"faces": {
				"north": {"uv": [0, 0, 6, 6], "rotation": 180, "texture": "#181"},
				"east": {"uv": [0, 0, 6, 6], "rotation": 180, "texture": "#181"},
				"south": {"uv": [0, 0, 6, 6], "rotation": 180, "texture": "#181"},
				"west": {"uv": [0, 0, 6, 6], "rotation": 180, "texture": "#181"},
				"up": {"uv": [0, 0, 6, 6], "rotation": 180, "texture": "#181"},
				"down": {"uv": [0, 0, 6, 6], "rotation": 180, "texture": "#181"}
			}
		},
		{
			"from": [7.45, 8.49167, 9.25],
			"to": [8.05, 8.74167, 9.4],
			"rotation": {"angle": 0, "axis": "x", "origin": [8, 7.05833, 8.94167]},
			"faces": {
				"north": {"uv": [3, 4, 7, 8], "rotation": 180, "texture": "#71"},
				"east": {"uv": [3, 4, 7, 8], "rotation": 180, "texture": "#71"},
				"south": {"uv": [3, 4, 7, 8], "rotation": 180, "texture": "#71"},
				"west": {"uv": [3, 4, 7, 8], "rotation": 180, "texture": "#71"},
				"up": {"uv": [3, 4, 7, 8], "rotation": 180, "texture": "#71"},
				"down": {"uv": [3, 4, 7, 8], "rotation": 180, "texture": "#71"}
			}
		},
		{
			"from": [7.648, 8.5805, 9.425],
			"to": [7.857, 8.8655, 9.596],
			"rotation": {"angle": 0, "axis": "x", "origin": [8, 8.0465, 9.0735]},
			"faces": {
				"north": {"uv": [0, 0, 6, 6], "rotation": 180, "texture": "#181"},
				"east": {"uv": [0, 0, 6, 6], "rotation": 180, "texture": "#181"},
				"south": {"uv": [0, 0, 6, 6], "rotation": 180, "texture": "#181"},
				"west": {"uv": [0, 0, 6, 6], "rotation": 180, "texture": "#181"},
				"up": {"uv": [0, 0, 6, 6], "rotation": 180, "texture": "#181"},
				"down": {"uv": [0, 0, 6, 6], "rotation": 180, "texture": "#181"}
			}
		}
	],
	"display": {
		"thirdperson_righthand": {
			"translation": [0, 3, 0]
		},
		"ground": {
			"translation": [0, 1.25, 0]
		},
		"gui": {
			"rotation": [0, 86, 0],
			"scale": [1.91, 2.67, 2.67]
		},
		"head": {
			"translation": [0, 8.5, 0]
		},
		"fixed": {
			"rotation": [0, -84.25, 0],
			"scale": [1.81, 2.27, 2.27]
		}
	}
}