{"file_name":"rightleg","texture_size":[128,128],"textures":{"6790707d-91c6-4788-e290-0af9790f967e":"modelengine:entity/goblinwitchdoctor"},"elements":[{"name":"cube","from":[7.88,5.4686756,5.6881485],"to":[9.32,9.308676,8.088148],"rotation":{"angle":22.5,"axis":"x","origin":[9.08,5.4686756,5.6881485]},"faces":{"down":{"uv":[7.25,0.0,7.5,0.5],"rotation":0,"texture":"#6790707d-91c6-4788-e290-0af9790f967e","tintindex":0},"east":{"uv":[6.625,2.0,7.125,2.75],"rotation":0,"texture":"#6790707d-91c6-4788-e290-0af9790f967e","tintindex":0},"north":{"uv":[0.75,2.5,1.0,3.25],"rotation":0,"texture":"#6790707d-91c6-4788-e290-0af9790f967e","tintindex":0},"south":{"uv":[1.25,6.75,1.5,7.5],"rotation":0,"texture":"#6790707d-91c6-4788-e290-0af9790f967e","tintindex":0},"up":{"uv":[6.125,7.625,5.875,7.125],"rotation":0,"texture":"#6790707d-91c6-4788-e290-0af9790f967e","tintindex":0},"west":{"uv":[6.625,3.875,7.125,4.625],"rotation":0,"texture":"#6790707d-91c6-4788-e290-0af9790f967e","tintindex":0}}},{"name":"cube","from":[7.88,2.4009786,7.157653],"to":[9.32,5.760978,8.837653],"rotation":{"angle":-22.5,"axis":"x","origin":[8.84,1.9209783,7.157653]},"faces":{"down":{"uv":[6.875,7.375,7.125,7.75],"rotation":0,"texture":"#6790707d-91c6-4788-e290-0af9790f967e","tintindex":0},"east":{"uv":[4.25,6.75,4.625,7.5],"rotation":0,"texture":"#6790707d-91c6-4788-e290-0af9790f967e","tintindex":0},"north":{"uv":[2.5,7.125,2.75,7.875],"rotation":0,"texture":"#6790707d-91c6-4788-e290-0af9790f967e","tintindex":0},"south":{"uv":[2.75,7.125,3.0,7.875],"rotation":0,"texture":"#6790707d-91c6-4788-e290-0af9790f967e","tintindex":0},"up":{"uv":[7.5,5.0,7.25,4.625],"rotation":0,"texture":"#6790707d-91c6-4788-e290-0af9790f967e","tintindex":0},"west":{"uv":[4.625,6.75,5.0,7.5],"rotation":0,"texture":"#6790707d-91c6-4788-e290-0af9790f967e","tintindex":0}}},{"name":"cube","from":[7.64,1.1101403,5.734417],"to":[9.56,2.07014,6.4544168],"rotation":{"angle":0.0,"axis":"x","origin":[8.84,-1.2898598,4.774417]},"faces":{"down":{"uv":[7.375,6.5,7.75,6.625],"rotation":0,"texture":"#6790707d-91c6-4788-e290-0af9790f967e","tintindex":0},"east":{"uv":[3.375,4.0,3.5,4.25],"rotation":0,"texture":"#6790707d-91c6-4788-e290-0af9790f967e","tintindex":0},"north":{"uv":[7.125,7.375,7.5,7.625],"rotation":0,"texture":"#6790707d-91c6-4788-e290-0af9790f967e","tintindex":0},"south":{"uv":[7.375,6.125,7.75,6.375],"rotation":0,"texture":"#6790707d-91c6-4788-e290-0af9790f967e","tintindex":0},"up":{"uv":[7.75,6.5,7.375,6.375],"rotation":0,"texture":"#6790707d-91c6-4788-e290-0af9790f967e","tintindex":0},"west":{"uv":[4.875,4.0,5.0,4.25],"rotation":0,"texture":"#6790707d-91c6-4788-e290-0af9790f967e","tintindex":0}}},{"name":"cube","from":[7.64,1.6602052,7.2997813],"to":[9.56,2.6202054,9.939781],"rotation":{"angle":-22.5,"axis":"x","origin":[8.84,-0.73979497,8.259781]},"faces":{"down":{"uv":[5.0,7.125,5.375,7.625],"rotation":0,"texture":"#6790707d-91c6-4788-e290-0af9790f967e","tintindex":0},"east":{"uv":[5.625,3.25,6.125,3.5],"rotation":0,"texture":"#6790707d-91c6-4788-e290-0af9790f967e","tintindex":0},"north":{"uv":[7.125,6.75,7.5,7.0],"rotation":0,"texture":"#6790707d-91c6-4788-e290-0af9790f967e","tintindex":0},"south":{"uv":[7.25,5.25,7.625,5.5],"rotation":0,"texture":"#6790707d-91c6-4788-e290-0af9790f967e","tintindex":0},"up":{"uv":[3.375,7.625,3.0,7.125],"rotation":0,"texture":"#6790707d-91c6-4788-e290-0af9790f967e","tintindex":0},"west":{"uv":[7.125,2.5,7.5,2.75],"rotation":0,"texture":"#6790707d-91c6-4788-e290-0af9790f967e","tintindex":0}}}],"display":{"head":{"translation":[0.0,-6.4,0.0],"rotation":[0.0,0.0,0.0],"scale":[3.8095,3.8095,3.8095]},"gui":{"translation":[0.0,0.0,0.0],"rotation":[35.0,225.0,0.0],"scale":[0.625,0.625,0.625]}}}