{
	"credit": "Made with Blockbench",
	"texture_size": [32, 32],
	"textures": {
		"0": "block/ikon_heal",
		"particle": "block/ikon_heal"
	},
	"elements": [
		{
			"from": [0, 0, 0],
			"to": [16, 1, 16],
			"faces": {
				"north": {"uv": [8, 8, 16, 8.5], "texture": "#0"},
				"east": {"uv": [8, 0, 16, 0.5], "texture": "#0"},
				"south": {"uv": [8, 0.5, 16, 1], "texture": "#0"},
				"west": {"uv": [8, 1, 16, 1.5], "texture": "#0"},
				"up": {"uv": [8, 8, 0, 0], "texture": "#0"},
				"down": {"uv": [8, 8, 0, 16], "texture": "#0"}
			}
		}
	],
	"display": {
		"thirdperson_righthand": {
			"scale": [0, 1, 0]
		},
		"thirdperson_lefthand": {
			"scale": [0, 0, 0]
		},
		"gui": {
			"rotation": [90, 0, 0]
		}
	}
}