{
"__comment": "Designed by VortexXxo with BDcraft Cubik PRO 1.03 Beta - http://bdcraft.net",
"textures": {
    "10": "block/skill_165"
},
"gui_light": "front",
"elements": [ 
{
    "from": [ 0, 0.4375, 4 ],
    "to": [ 0.0625, 0.5, 4.0625 ],
    "faces": {
        "down":  { "uv": [ 0, 4, 0.0625, 4.0625 ], "texture": "#10" },
        "up":    { "uv": [ 0, 4, 0.0625, 4.0625 ], "texture": "#10" },
        "north": { "uv": [ 0, 15.5, 0.0625, 15.5625 ], "texture": "#10" },
        "south": { "uv": [ 0, 15.5, 0.0625, 15.5625 ], "texture": "#10" },
        "west":  { "uv": [ 4, 15.5, 4.0625, 15.5625 ], "texture": "#10" },
        "east":  { "uv": [ 4, 15.5, 4.0625, 15.5625 ], "texture": "#10" }
    }
},
{
    "from": [ 0, 0, 7 ],
    "to": [ 16, 16, 7.5 ],
    "faces": {
        "down":  { "uv": [ 0, 0, 16, 16 ], "texture": "#10" },
        "up":    { "uv": [ 0, 0, 16, 16 ], "texture": "#10" },
        "north": { "uv": [ 0, 0, 16, 16 ], "texture": "#10" },
        "south": { "uv": [ 0, 0, 16, 16 ], "texture": "#10" },
        "west":  { "uv": [ 0, 0, 16, 16 ], "texture": "#10" },
        "east":  { "uv": [ 0, 0, 16, 16 ], "texture": "#10" }
    }
}
],
"display": {
    "thirdperson_righthand": {
        "rotation": [ 0, 0, 0 ],
        "translation": [ 0, 0, 0 ],
        "scale": [ 0, 0, 0 ]
    },
    "thirdperson_lefthand": {
        "rotation": [ 0, 0, 0 ],
        "translation": [ 0, 0, 0 ],
        "scale": [ 0, 0, 0 ]
    },
    "firstperson_righthand": {
        "rotation": [ 0, 0, 0 ],
        "translation": [ 0, 0, 0 ],
        "scale": [ 0, 0, 0 ]
    },
    "firstperson_lefthand": {
        "rotation": [ 0, 0, 0 ],
        "translation": [ 0, 0, 0 ],
        "scale": [ 0, 0, 0 ]
    }
}
}