{"file_name":"club","texture_size":[64,64],"textures":{"c36b7adb-7178-2efb-01e1-8de6add24fb2":"modelengine:entity/goblin"},"elements":[{"name":"club","from":[7.5025883,6.594038,5.727686],"to":[9.302588,8.394038,8.727686],"rotation":{"angle":-22.5,"axis":"x","origin":[7.5025883,5.394038,6.9276857]},"faces":{"down":{"uv":[0.75,10.25,1.5,11.5],"rotation":0,"texture":"#c36b7adb-7178-2efb-01e1-8de6add24fb2","tintindex":0},"east":{"uv":[10.0,2.25,11.25,3.0],"rotation":0,"texture":"#c36b7adb-7178-2efb-01e1-8de6add24fb2","tintindex":0},"north":{"uv":[0.75,11.5,1.5,12.25],"rotation":0,"texture":"#c36b7adb-7178-2efb-01e1-8de6add24fb2","tintindex":0},"south":{"uv":[2.75,11.5,3.5,12.25],"rotation":0,"texture":"#c36b7adb-7178-2efb-01e1-8de6add24fb2","tintindex":0},"up":{"uv":[0.75,11.5,0.0,10.25],"rotation":0,"texture":"#c36b7adb-7178-2efb-01e1-8de6add24fb2","tintindex":0},"west":{"uv":[10.0,9.0,11.25,9.75],"rotation":0,"texture":"#c36b7adb-7178-2efb-01e1-8de6add24fb2","tintindex":0}}},{"name":"club","from":[7.5025883,6.0434723,2.3598135],"to":[9.302588,7.8434725,5.3598137],"rotation":{"angle":0.0,"axis":"x","origin":[5.743412,-0.43885016,6.56813]},"faces":{"down":{"uv":[10.0,7.75,10.75,9.0],"rotation":0,"texture":"#c36b7adb-7178-2efb-01e1-8de6add24fb2","tintindex":0},"east":{"uv":[9.75,4.25,11.0,5.0],"rotation":0,"texture":"#c36b7adb-7178-2efb-01e1-8de6add24fb2","tintindex":0},"north":{"uv":[11.25,2.0,12.0,2.75],"rotation":0,"texture":"#c36b7adb-7178-2efb-01e1-8de6add24fb2","tintindex":0},"south":{"uv":[0.0,11.5,0.75,12.25],"rotation":0,"texture":"#c36b7adb-7178-2efb-01e1-8de6add24fb2","tintindex":0},"up":{"uv":[10.75,2.25,10.0,1.0],"rotation":0,"texture":"#c36b7adb-7178-2efb-01e1-8de6add24fb2","tintindex":0},"west":{"uv":[10.0,10.0,11.25,10.75],"rotation":0,"texture":"#c36b7adb-7178-2efb-01e1-8de6add24fb2","tintindex":0}}},{"name":"club","from":[7.4,5.0,2.6],"to":[8.6,8.0,3.7999997],"rotation":{"angle":0.0,"axis":"x","origin":[5.743412,-0.43885016,6.56813]},"faces":{"down":{"uv":[0.5,4.25,0.0,4.75],"rotation":0,"texture":"#c36b7adb-7178-2efb-01e1-8de6add24fb2","tintindex":0},"east":{"uv":[0.0,4.25,0.5,5.5],"rotation":0,"texture":"#c36b7adb-7178-2efb-01e1-8de6add24fb2","tintindex":0},"north":{"uv":[0.0,4.5,0.5,5.75],"rotation":0,"texture":"#c36b7adb-7178-2efb-01e1-8de6add24fb2","tintindex":0},"south":{"uv":[0.0,4.25,0.5,5.5],"rotation":0,"texture":"#c36b7adb-7178-2efb-01e1-8de6add24fb2","tintindex":0},"up":{"uv":[0.0,4.25,0.5,4.75],"rotation":0,"texture":"#c36b7adb-7178-2efb-01e1-8de6add24fb2","tintindex":0},"west":{"uv":[0.0,4.25,0.5,5.5],"rotation":0,"texture":"#c36b7adb-7178-2efb-01e1-8de6add24fb2","tintindex":0}}},{"name":"club","from":[6.8,9.200001,1.9999998],"to":[9.2,14.0,4.3999996],"rotation":{"angle":0.0,"axis":"x","origin":[5.743412,-0.43885016,6.56813]},"faces":{"down":{"uv":[6.75,10.5,6.0,11.25],"rotation":0,"texture":"#c36b7adb-7178-2efb-01e1-8de6add24fb2","tintindex":0},"east":{"uv":[7.5,8.75,8.0,10.25],"rotation":0,"texture":"#c36b7adb-7178-2efb-01e1-8de6add24fb2","tintindex":0},"north":{"uv":[7.0,8.75,7.5,10.25],"rotation":0,"texture":"#c36b7adb-7178-2efb-01e1-8de6add24fb2","tintindex":0},"south":{"uv":[0.0,8.0,0.5,9.5],"rotation":0,"texture":"#c36b7adb-7178-2efb-01e1-8de6add24fb2","tintindex":0},"up":{"uv":[7.0,8.25,7.5,8.75],"rotation":0,"texture":"#c36b7adb-7178-2efb-01e1-8de6add24fb2","tintindex":0},"west":{"uv":[11.0,3.0,11.5,4.0],"rotation":0,"texture":"#c36b7adb-7178-2efb-01e1-8de6add24fb2","tintindex":0}}},{"name":"club","from":[7.4,11.0,1.3999997],"to":[9.8,12.8,3.7999997],"rotation":{"angle":0.0,"axis":"x","origin":[5.743412,-0.43885016,6.56813]},"faces":{"down":{"uv":[8.0,8.25,7.0,9.25],"rotation":0,"texture":"#c36b7adb-7178-2efb-01e1-8de6add24fb2","tintindex":0},"east":{"uv":[7.0,8.25,8.0,9.0],"rotation":0,"texture":"#c36b7adb-7178-2efb-01e1-8de6add24fb2","tintindex":0},"north":{"uv":[7.0,9.25,8.0,10.0],"rotation":0,"texture":"#c36b7adb-7178-2efb-01e1-8de6add24fb2","tintindex":0},"south":{"uv":[7.0,8.25,8.0,9.0],"rotation":0,"texture":"#c36b7adb-7178-2efb-01e1-8de6add24fb2","tintindex":0},"up":{"uv":[7.0,9.5,8.0,10.5],"rotation":0,"texture":"#c36b7adb-7178-2efb-01e1-8de6add24fb2","tintindex":0},"west":{"uv":[7.0,8.25,8.0,9.0],"rotation":0,"texture":"#c36b7adb-7178-2efb-01e1-8de6add24fb2","tintindex":0}}},{"name":"club","from":[7.4,8.0,2.6],"to":[9.2,9.200001,4.3999996],"rotation":{"angle":0.0,"axis":"x","origin":[5.743412,-0.43885016,6.56813]},"faces":{"down":{"uv":[7.75,11.5,7.0,12.25],"rotation":0,"texture":"#c36b7adb-7178-2efb-01e1-8de6add24fb2","tintindex":0},"east":{"uv":[7.25,10.0,8.0,10.5],"rotation":0,"texture":"#c36b7adb-7178-2efb-01e1-8de6add24fb2","tintindex":0},"north":{"uv":[7.0,10.0,7.75,10.5],"rotation":0,"texture":"#c36b7adb-7178-2efb-01e1-8de6add24fb2","tintindex":0},"south":{"uv":[7.0,10.0,7.75,10.5],"rotation":0,"texture":"#c36b7adb-7178-2efb-01e1-8de6add24fb2","tintindex":0},"up":{"uv":[7.0,9.75,7.75,10.5],"rotation":0,"texture":"#c36b7adb-7178-2efb-01e1-8de6add24fb2","tintindex":0},"west":{"uv":[7.0,10.0,7.75,10.5],"rotation":0,"texture":"#c36b7adb-7178-2efb-01e1-8de6add24fb2","tintindex":0}}}],"display":{"head":{"translation":[0.0,-6.4,0.0],"rotation":[0.0,0.0,0.0],"scale":[3.8095,3.8095,3.8095]},"gui":{"translation":[0.0,0.0,0.0],"rotation":[35.0,225.0,0.0],"scale":[0.625,0.625,0.625]}}}