{
 "parent": "item/generated",
 "textures": {
  "layer0": "item/amethyst_shard"
 },
 "overrides": [
  { "predicate": {"custom_model_data": 1 }, "model": "mhblocks/wall_mount"},
  { "predicate": {"custom_model_data": 3}, "model": "mhblocks/scale"},
  { "predicate": {"custom_model_data": 4}, "model": "mhblocks/hokedli_oak"},
  { "predicate": {"custom_model_data": 5}, "model": "mhblocks/lada_ures"},
  { "predicate": {"custom_model_data": 6}, "model": "mhblocks/lada_alma"},
  { "predicate": {"custom_model_data": 7}, "model": "mhblocks/lada_krumpli"},
  { "predicate": {"custom_model_data": 8}, "model": "mhblocks/apohar"},
  { "predicate": {"custom_model_data": 9}, "model": "mhblocks/epohar"},
  { "predicate": {"custom_model_data": 10}, "model": "mhblocks/bor_apohar"},
  { "predicate": {"custom_model_data": 11}, "model": "mhblocks/bor_epohar"},
  { "predicate": {"custom_model_data": 12}, "model": "mhblocks/hokedli_spruce"},
  { "predicate": {"custom_model_data": 13}, "model": "mhblocks/hokedli_dark_oak"},
  { "predicate": {"custom_model_data": 14}, "model": "mhblocks/chair_oak"},
  { "predicate": {"custom_model_data": 15}, "model": "mhblocks/chair_spruce"},
  { "predicate": {"custom_model_data": 16}, "model": "mhblocks/chair_dark_oak"},
  { "predicate": {"custom_model_data": 17}, "model": "mhblocks/lada_repa"},
  { "predicate": {"custom_model_data": 18}, "model": "mhblocks/lada_cod"},
  { "predicate": {"custom_model_data": 19}, "model": "mhblocks/lada_salmon"}
 ]
}