{
    "parent": "item/generated",
    "textures": {
        "layer0": "item/glass_bottle"
    },
    "overrides": [
        { "predicate": {"custom_model_data": 1}, "model": "mhblocks/empty_bottle"},
        { "predicate": {"custom_model_data": 2}, "model": "mhblocks/empty_bottle_no_dugo"},
        { "predicate": {"custom_model_data": 3}, "model": "mhblocks/light_vial"},
	    { "predicate": {"custom_model_data": 100}, "model": "custom/poti/poti_01"},
		{ "predicate": {"custom_model_data": 101}, "model": "custom/poti/potion_heal"},
		{ "predicate": {"custom_model_data": 102}, "model": "custom/poti/potion_regen"},
		{ "predicate": {"custom_model_data": 103}, "model": "custom/poti/potion_mana"}
		
	
        ]
}

