{
    "parent": "item/handheld",
    "textures": {
        "layer0": "item/golden_hoe"
    },
 	"overrides": [
		{ "predicate": {"custom_model_data": 1}, "model": "custom/magus/vbot_01"},
		{ "predicate": {"custom_model_data": 2}, "model": "custom/magus/vbot_02"},
		{ "predicate": {"custom_model_data": 3}, "model": "custom/magus/vbot_03"},
		{ "predicate": {"custom_model_data": 4}, "model": "custom/magus/vbot_04"},
		{ "predicate": {"custom_model_data": 5}, "model": "custom/magus/vbot_05"},
		{ "predicate": {"custom_model_data": 6}, "model": "custom/magus/vbot_06"},
		{ "predicate": {"custom_model_data": 7}, "model": "custom/magus/vbot_07"},
		{ "predicate": {"custom_model_data": 8}, "model": "custom/magus/vbot_08"},
		{ "predicate": {"custom_model_data": 9}, "model": "custom/magus/vbot_09"},
		{ "predicate": {"custom_model_data": 10}, "model": "custom/magus/vbot_10"},
		{ "predicate": {"custom_model_data": 11}, "model": "custom/magus/vbot_11"},
		{ "predicate": {"custom_model_data": 12}, "model": "custom/magus/vbot_12"},
		{ "predicate": {"custom_model_data": 13}, "model": "custom/magus/vbot_13"},
		{ "predicate": {"custom_model_data": 14}, "model": "custom/magus/vbot_14"},
		{ "predicate": {"custom_model_data": 15}, "model": "custom/magus/vbot_15"},
		{ "predicate": {"custom_model_data": 16}, "model": "custom/magus/vbot_16"},
        { "predicate": {"custom_model_data": 17}, "model": "custom/magus/vbot_17"},
		{ "predicate": {"custom_model_data": 18}, "model": "custom/magus/vbot_18"},
		{ "predicate": {"custom_model_data": 19}, "model": "custom/magus/vbot_19"},
		{ "predicate": {"custom_model_data": 20}, "model": "custom/magus/vbot_20"}
        ]
}