{
"textures": {
    "particle": "block/barrel_top",
    "missing": "block/light_gray_stained_glass"
},
"elements": [ 
{
    "from": [ 5, 0, 6 ],
    "to": [ 10, 0.5, 11 ],
    "faces": {
        "down":  { "uv": [ 0, 0, 5, 5 ], "texture": "#missing" },
        "up":    { "uv": [ 0, 0, 5, 5 ], "texture": "#missing" },
        "north": { "uv": [ 0, 0, 5, 0.5 ], "texture": "#missing" },
        "south": { "uv": [ 0, 0, 5, 0.5 ], "texture": "#missing" },
        "west":  { "uv": [ 0, 0, 5, 0.5 ], "texture": "#missing" },
        "east":  { "uv": [ 0, 0, 5, 0.5 ], "texture": "#missing" }
    }
},
{
    "from": [ 4.5, 0, 7 ],
    "to": [ 5, 0.5, 10 ],
    "faces": {
        "down":  { "uv": [ 0, 0, 0.5, 3 ], "texture": "#missing" },
        "up":    { "uv": [ 0, 0, 0.5, 3 ], "texture": "#missing" },
        "north": { "uv": [ 0, 0, 0.5, 0.5 ], "texture": "#missing" },
        "south": { "uv": [ 0, 0, 0.5, 0.5 ], "texture": "#missing" },
        "west":  { "uv": [ 0, 0, 3, 0.5 ], "texture": "#missing" },
        "east":  { "uv": [ 0, 0, 3, 0.5 ], "texture": "#missing" }
    }
},
{
    "from": [ 6, 0, 5.5 ],
    "to": [ 9, 0.5, 6 ],
    "faces": {
        "down":  { "uv": [ 0, 0, 3, 0.5 ], "texture": "#missing" },
        "up":    { "uv": [ 0, 0, 3, 0.5 ], "texture": "#missing" },
        "north": { "uv": [ 0, 0, 3, 0.5 ], "texture": "#missing" },
        "south": { "uv": [ 0, 0, 3, 0.5 ], "texture": "#missing" },
        "west":  { "uv": [ 0, 0, 0.5, 0.5 ], "texture": "#missing" },
        "east":  { "uv": [ 0, 0, 0.5, 0.5 ], "texture": "#missing" }
    }
},
{
    "from": [ 10, 0, 7 ],
    "to": [ 10.5, 0.5, 10 ],
    "faces": {
        "down":  { "uv": [ 0, 0, 0.5, 3 ], "texture": "#missing" },
        "up":    { "uv": [ 0, 0, 0.5, 3 ], "texture": "#missing" },
        "north": { "uv": [ 0, 0, 0.5, 0.5 ], "texture": "#missing" },
        "south": { "uv": [ 0, 0, 0.5, 0.5 ], "texture": "#missing" },
        "west":  { "uv": [ 0, 0, 3, 0.5 ], "texture": "#missing" },
        "east":  { "uv": [ 0, 0, 3, 0.5 ], "texture": "#missing" }
    }
},
{
    "from": [ 6, 0, 11 ],
    "to": [ 9, 0.5, 11.5 ],
    "faces": {
        "down":  { "uv": [ 0, 0, 3, 0.5 ], "texture": "#missing" },
        "up":    { "uv": [ 0, 0, 3, 0.5 ], "texture": "#missing" },
        "north": { "uv": [ 0, 0, 3, 0.5 ], "texture": "#missing" },
        "south": { "uv": [ 0, 0, 3, 0.5 ], "texture": "#missing" },
        "west":  { "uv": [ 0, 0, 0.5, 0.5 ], "texture": "#missing" },
        "east":  { "uv": [ 0, 0, 0.5, 0.5 ], "texture": "#missing" }
    }
},
{
    "from": [ 4.5, 0.5, 6.25 ],
    "to": [ 5, 2.75, 7.25 ],
    "faces": {
        "down":  { "uv": [ 0, 0, 0.5, 1 ], "texture": "#missing" },
        "up":    { "uv": [ 0, 0, 0.5, 1 ], "texture": "#missing" },
        "north": { "uv": [ 0, 0, 0.5, 2.25 ], "texture": "#missing" },
        "south": { "uv": [ 0, 0, 0.5, 2.25 ], "texture": "#missing" },
        "west":  { "uv": [ 0, 0, 1, 2.25 ], "texture": "#missing" },
        "east":  { "uv": [ 0, 0, 1, 2.25 ], "texture": "#missing" }
    }
},
{
    "from": [ 10, 0.5, 9.75 ],
    "to": [ 10.5, 2.75, 10.75 ],
    "faces": {
        "down":  { "uv": [ 0.5, 0, 1, 1 ], "texture": "#missing" },
        "up":    { "uv": [ 0.5, 0, 1, 1 ], "texture": "#missing" },
        "north": { "uv": [ 0.5, 0, 1, 2.25 ], "texture": "#missing" },
        "south": { "uv": [ 0.5, 0, 1, 2.25 ], "texture": "#missing" },
        "west":  { "uv": [ 1, 0, 2, 2.25 ], "texture": "#missing" },
        "east":  { "uv": [ 1, 0, 2, 2.25 ], "texture": "#missing" }
    }
},
{
    "from": [ 5.25, 0.5, 11 ],
    "to": [ 6.25, 2.75, 11.5 ],
    "faces": {
        "down":  { "uv": [ 0.5, 0, 1, 1 ], "rotation": 270, "texture": "#missing" },
        "up":    { "uv": [ 0.5, 0, 1, 1 ], "rotation": 90, "texture": "#missing" },
        "north": { "uv": [ 1, 0, 2, 2.25 ], "texture": "#missing" },
        "south": { "uv": [ 1, 0, 2, 2.25 ], "texture": "#missing" },
        "west":  { "uv": [ 0.5, 0, 1, 2.25 ], "texture": "#missing" },
        "east":  { "uv": [ 0.5, 0, 1, 2.25 ], "texture": "#missing" }
    }
},
{
    "from": [ 8.75, 0.5, 5.5 ],
    "to": [ 9.75, 2.75, 6 ],
    "faces": {
        "down":  { "uv": [ 0.5, 0, 1, 1 ], "rotation": 90, "texture": "#missing" },
        "up":    { "uv": [ 0.5, 0, 1, 1 ], "rotation": 270, "texture": "#missing" },
        "north": { "uv": [ 1, 0, 2, 2.25 ], "texture": "#missing" },
        "south": { "uv": [ 1, 0, 2, 2.25 ], "texture": "#missing" },
        "west":  { "uv": [ 0.5, 0, 1, 2.25 ], "texture": "#missing" },
        "east":  { "uv": [ 0.5, 0, 1, 2.25 ], "texture": "#missing" }
    }
},
{
    "from": [ 10.25, 0.5, 7.25 ],
    "to": [ 10.75, 3.75, 9.75 ],
    "faces": {
        "down":  { "uv": [ 0.5, 0, 1, 2.5 ], "texture": "#missing" },
        "up":    { "uv": [ 0.5, 0, 1, 2.5 ], "texture": "#missing" },
        "north": { "uv": [ 0.5, 0, 1, 3.25 ], "texture": "#missing" },
        "south": { "uv": [ 0.5, 0, 1, 3.25 ], "texture": "#missing" },
        "west":  { "uv": [ 1, 0, 2, 2.25 ], "texture": "#missing" },
        "east":  { "uv": [ 2.5, 0, 5, 3.25 ], "texture": "#missing" }
    }
},
{
    "from": [ 6.25, 0.5, 11.25 ],
    "to": [ 8.75, 3.75, 11.75 ],
    "faces": {
        "down":  { "uv": [ 0.5, 0, 1, 2.5 ], "rotation": 270, "texture": "#missing" },
        "up":    { "uv": [ 0.5, 0, 1, 2.5 ], "rotation": 90, "texture": "#missing" },
        "north": { "uv": [ 1, 0, 3.5, 3.25 ], "texture": "#missing" },
        "south": { "uv": [ 2.5, 0, 5, 3.25 ], "texture": "#missing" },
        "west":  { "uv": [ 0.5, 0, 1, 3.25 ], "texture": "#missing" },
        "east":  { "uv": [ 0.5, 0, 1, 3.25 ], "texture": "#missing" }
    }
},
{
    "from": [ 6.25, 0.5, 5.25 ],
    "to": [ 8.75, 3.75, 5.75 ],
    "faces": {
        "down":  { "uv": [ 0.5, 0, 1, 2.5 ], "rotation": 90, "texture": "#missing" },
        "up":    { "uv": [ 0.5, 0, 1, 2.5 ], "rotation": 270, "texture": "#missing" },
        "north": { "uv": [ 2.5, 0, 5, 3.25 ], "texture": "#missing" },
        "south": { "uv": [ 1, 0, 3.5, 3.25 ], "texture": "#missing" },
        "west":  { "uv": [ 0.5, 0, 1, 3.25 ], "texture": "#missing" },
        "east":  { "uv": [ 0.5, 0, 1, 3.25 ], "texture": "#missing" }
    }
},
{
    "from": [ 10, 0.5, 6.25 ],
    "to": [ 10.5, 2.75, 7.25 ],
    "faces": {
        "down":  { "uv": [ 0.5, 0, 1, 1 ], "texture": "#missing" },
        "up":    { "uv": [ 0.5, 0, 1, 1 ], "texture": "#missing" },
        "north": { "uv": [ 0.5, 0, 1, 2.25 ], "texture": "#missing" },
        "south": { "uv": [ 0.5, 0, 1, 2.25 ], "texture": "#missing" },
        "west":  { "uv": [ 1, 0, 2, 2.25 ], "texture": "#missing" },
        "east":  { "uv": [ 1, 0, 2, 2.25 ], "texture": "#missing" }
    }
},
{
    "from": [ 8.75, 0.5, 11 ],
    "to": [ 9.75, 2.75, 11.5 ],
    "faces": {
        "down":  { "uv": [ 0.5, 0, 1, 1 ], "rotation": 270, "texture": "#missing" },
        "up":    { "uv": [ 0.5, 0, 1, 1 ], "rotation": 90, "texture": "#missing" },
        "north": { "uv": [ 1, 0, 2, 2.25 ], "texture": "#missing" },
        "south": { "uv": [ 1, 0, 2, 2.25 ], "texture": "#missing" },
        "west":  { "uv": [ 0.5, 0, 1, 2.25 ], "texture": "#missing" },
        "east":  { "uv": [ 0.5, 0, 1, 2.25 ], "texture": "#missing" }
    }
},
{
    "from": [ 5.25, 0.5, 5.5 ],
    "to": [ 6.25, 2.75, 6 ],
    "faces": {
        "down":  { "uv": [ 0.5, 0, 1, 1 ], "rotation": 90, "texture": "#missing" },
        "up":    { "uv": [ 0.5, 0, 1, 1 ], "rotation": 270, "texture": "#missing" },
        "north": { "uv": [ 1, 0, 2, 2.25 ], "texture": "#missing" },
        "south": { "uv": [ 1, 0, 2, 2.25 ], "texture": "#missing" },
        "west":  { "uv": [ 0.5, 0, 1, 2.25 ], "texture": "#missing" },
        "east":  { "uv": [ 0.5, 0, 1, 2.25 ], "texture": "#missing" }
    }
},
{
    "from": [ 4.25, 0.5, 7.25 ],
    "to": [ 4.75, 3.75, 9.75 ],
    "faces": {
        "down":  { "uv": [ 0, 0, 0.5, 2.5 ], "texture": "#missing" },
        "up":    { "uv": [ 0, 0, 0.5, 2.5 ], "texture": "#missing" },
        "north": { "uv": [ 0, 0, 0.5, 3.25 ], "texture": "#missing" },
        "south": { "uv": [ 0, 0, 0.5, 3.25 ], "texture": "#missing" },
        "west":  { "uv": [ 0, 0, 2.5, 3.25 ], "texture": "#missing" },
        "east":  { "uv": [ 0, 0, 2.5, 3.25 ], "texture": "#missing" }
    }
},
{
    "from": [ 4.5, 0.5, 9.75 ],
    "to": [ 5, 2.75, 10.75 ],
    "faces": {
        "down":  { "uv": [ 0, 0, 0.5, 1 ], "texture": "#missing" },
        "up":    { "uv": [ 0, 0, 0.5, 1 ], "texture": "#missing" },
        "north": { "uv": [ 0, 0, 0.5, 2.25 ], "texture": "#missing" },
        "south": { "uv": [ 0, 0, 0.5, 2.25 ], "texture": "#missing" },
        "west":  { "uv": [ 0, 0, 1, 2.25 ], "texture": "#missing" },
        "east":  { "uv": [ 0, 0, 1, 2.25 ], "texture": "#missing" }
    }
},
{
    "from": [ 5, 0.5, 6 ],
    "to": [ 6, 4.5, 7 ],
    "faces": {
        "down":  { "uv": [ 0, 0, 1, 1 ], "texture": "#missing" },
        "up":    { "uv": [ 0, 0, 1, 1 ], "texture": "#missing" },
        "north": { "uv": [ 0, 0, 1, 4 ], "texture": "#missing" },
        "south": { "uv": [ 0, 0, 1, 4 ], "texture": "#missing" },
        "west":  { "uv": [ 0, 0, 1, 4 ], "texture": "#missing" },
        "east":  { "uv": [ 0, 0, 1, 4 ], "texture": "#missing" }
    }
},
{
    "from": [ 5, 0.5, 10 ],
    "to": [ 6, 4.5, 11 ],
    "faces": {
        "down":  { "uv": [ 0, 0, 1, 1 ], "texture": "#missing" },
        "up":    { "uv": [ 0, 0, 1, 1 ], "texture": "#missing" },
        "north": { "uv": [ 0, 0, 1, 4 ], "texture": "#missing" },
        "south": { "uv": [ 0, 0, 1, 4 ], "texture": "#missing" },
        "west":  { "uv": [ 0, 0, 1, 4 ], "texture": "#missing" },
        "east":  { "uv": [ 0, 0, 1, 4 ], "texture": "#missing" }
    }
},
{
    "from": [ 9, 0.5, 10 ],
    "to": [ 10, 4.5, 11 ],
    "faces": {
        "down":  { "uv": [ 0, 0, 1, 1 ], "texture": "#missing" },
        "up":    { "uv": [ 0, 0, 1, 1 ], "texture": "#missing" },
        "north": { "uv": [ 0, 0, 1, 4 ], "texture": "#missing" },
        "south": { "uv": [ 0, 0, 1, 4 ], "texture": "#missing" },
        "west":  { "uv": [ 0, 0, 1, 4 ], "texture": "#missing" },
        "east":  { "uv": [ 0, 0, 1, 4 ], "texture": "#missing" }
    }
},
{
    "from": [ 9, 0.5, 6 ],
    "to": [ 10, 4.5, 7 ],
    "faces": {
        "down":  { "uv": [ 0, 0, 1, 1 ], "texture": "#missing" },
        "up":    { "uv": [ 0, 0, 1, 1 ], "texture": "#missing" },
        "north": { "uv": [ 0, 0, 1, 4 ], "texture": "#missing" },
        "south": { "uv": [ 0, 0, 1, 4 ], "texture": "#missing" },
        "west":  { "uv": [ 0, 0, 1, 4 ], "texture": "#missing" },
        "east":  { "uv": [ 0, 0, 1, 4 ], "texture": "#missing" }
    }
},
{
    "from": [ 9.75, 0.5, 7 ],
    "to": [ 10.25, 5.25, 8 ],
    "faces": {
        "down":  { "uv": [ 0, 0, 0.5, 1 ], "texture": "#missing" },
        "up":    { "uv": [ 0, 0, 0.5, 1 ], "texture": "#missing" },
        "north": { "uv": [ 0, 0, 0.5, 4.75 ], "texture": "#missing" },
        "south": { "uv": [ 0, 0, 0.5, 4.75 ], "texture": "#missing" },
        "west":  { "uv": [ 0, 0, 1, 4.75 ], "texture": "#missing" },
        "east":  { "uv": [ 0, 0, 1, 4.75 ], "texture": "#missing" }
    }
},
{
    "from": [ 9.75, 0.5, 9 ],
    "to": [ 10.25, 5.25, 10 ],
    "faces": {
        "down":  { "uv": [ 0, 0, 0.5, 1 ], "texture": "#missing" },
        "up":    { "uv": [ 0, 0, 0.5, 1 ], "texture": "#missing" },
        "north": { "uv": [ 0, 0, 0.5, 4.75 ], "texture": "#missing" },
        "south": { "uv": [ 0, 0, 0.5, 4.75 ], "texture": "#missing" },
        "west":  { "uv": [ 0, 0, 1, 4.75 ], "texture": "#missing" },
        "east":  { "uv": [ 0, 0, 1, 4.75 ], "texture": "#missing" }
    }
},
{
    "from": [ 4.75, 0.5, 9 ],
    "to": [ 5.25, 5.25, 10 ],
    "faces": {
        "down":  { "uv": [ 0, 0, 0.5, 1 ], "texture": "#missing" },
        "up":    { "uv": [ 0, 0, 0.5, 1 ], "texture": "#missing" },
        "north": { "uv": [ 0, 0, 0.5, 4.75 ], "texture": "#missing" },
        "south": { "uv": [ 0, 0, 0.5, 4.75 ], "texture": "#missing" },
        "west":  { "uv": [ 0, 0, 1, 4.75 ], "texture": "#missing" },
        "east":  { "uv": [ 0, 0, 1, 4.75 ], "texture": "#missing" }
    }
},
{
    "from": [ 4.75, 0.5, 7 ],
    "to": [ 5.25, 5.25, 8 ],
    "faces": {
        "down":  { "uv": [ 0, 0, 0.5, 1 ], "texture": "#missing" },
        "up":    { "uv": [ 0, 0, 0.5, 1 ], "texture": "#missing" },
        "north": { "uv": [ 0, 0, 0.5, 4.75 ], "texture": "#missing" },
        "south": { "uv": [ 0, 0, 0.5, 4.75 ], "texture": "#missing" },
        "west":  { "uv": [ 0, 0, 1, 4.75 ], "texture": "#missing" },
        "east":  { "uv": [ 0, 0, 1, 4.75 ], "texture": "#missing" }
    }
},
{
    "from": [ 4.75, 2.5, 8 ],
    "to": [ 5.25, 6.5, 9 ],
    "faces": {
        "down":  { "uv": [ 0, 0, 0.5, 1 ], "texture": "#missing" },
        "up":    { "uv": [ 0, 0, 0.5, 1 ], "texture": "#missing" },
        "north": { "uv": [ 0, 0, 0.5, 4 ], "texture": "#missing" },
        "south": { "uv": [ 0, 0, 0.5, 4 ], "texture": "#missing" },
        "west":  { "uv": [ 0, 0, 1, 4 ], "texture": "#missing" },
        "east":  { "uv": [ 0, 0, 1, 4 ], "texture": "#missing" }
    }
},
{
    "from": [ 9.75, 2.5, 8 ],
    "to": [ 10.25, 6.5, 9 ],
    "faces": {
        "down":  { "uv": [ 0, 0, 0.5, 1 ], "texture": "#missing" },
        "up":    { "uv": [ 0, 0, 0.5, 1 ], "texture": "#missing" },
        "north": { "uv": [ 0, 0, 0.5, 4 ], "texture": "#missing" },
        "south": { "uv": [ 0, 0, 0.5, 4 ], "texture": "#missing" },
        "west":  { "uv": [ 0, 0, 1, 4 ], "texture": "#missing" },
        "east":  { "uv": [ 0, 0, 1, 4 ], "texture": "#missing" }
    }
},
{
    "from": [ 8, 1.25, 5.75 ],
    "to": [ 9, 5.25, 6.25 ],
    "faces": {
        "down":  { "uv": [ 0, 0, 1, 0.5 ], "texture": "#missing" },
        "up":    { "uv": [ 0, 0, 1, 0.5 ], "texture": "#missing" },
        "north": { "uv": [ 0, 0, 1, 4 ], "texture": "#missing" },
        "south": { "uv": [ 0, 0, 1, 4 ], "texture": "#missing" },
        "west":  { "uv": [ 0, 0, 0.5, 4 ], "texture": "#missing" },
        "east":  { "uv": [ 0, 0, 0.5, 4 ], "texture": "#missing" }
    }
},
{
    "from": [ 6, 1.25, 5.75 ],
    "to": [ 7, 5.25, 6.25 ],
    "faces": {
        "down":  { "uv": [ 0, 0, 1, 0.5 ], "texture": "#missing" },
        "up":    { "uv": [ 0, 0, 1, 0.5 ], "texture": "#missing" },
        "north": { "uv": [ 0, 0, 1, 4 ], "texture": "#missing" },
        "south": { "uv": [ 0, 0, 1, 4 ], "texture": "#missing" },
        "west":  { "uv": [ 0, 0, 0.5, 4 ], "texture": "#missing" },
        "east":  { "uv": [ 0, 0, 0.5, 4 ], "texture": "#missing" }
    }
},
{
    "from": [ 6, 1.25, 10.85 ],
    "to": [ 7, 5.25, 11.35 ],
    "faces": {
        "down":  { "uv": [ 0, 0, 1, 0.5 ], "texture": "#missing" },
        "up":    { "uv": [ 0, 0, 1, 0.5 ], "texture": "#missing" },
        "north": { "uv": [ 0, 0, 1, 4 ], "texture": "#missing" },
        "south": { "uv": [ 0, 0, 1, 4 ], "texture": "#missing" },
        "west":  { "uv": [ 0, 0, 0.5, 4 ], "texture": "#missing" },
        "east":  { "uv": [ 0, 0, 0.5, 4 ], "texture": "#missing" }
    }
},
{
    "from": [ 7, 2.5, 10.85 ],
    "to": [ 8, 6.5, 11.35 ],
    "faces": {
        "down":  { "uv": [ 0, 0, 1, 0.5 ], "texture": "#missing" },
        "up":    { "uv": [ 0, 0, 1, 0.5 ], "texture": "#missing" },
        "north": { "uv": [ 0, 0, 1, 4 ], "texture": "#missing" },
        "south": { "uv": [ 0, 0, 1, 4 ], "texture": "#missing" },
        "west":  { "uv": [ 0, 0, 0.5, 4 ], "texture": "#missing" },
        "east":  { "uv": [ 0, 0, 0.5, 4 ], "texture": "#missing" }
    }
},
{
    "from": [ 7, 2.5, 5.85 ],
    "to": [ 8, 6.5, 6.35 ],
    "faces": {
        "down":  { "uv": [ 0, 0, 1, 0.5 ], "texture": "#missing" },
        "up":    { "uv": [ 0, 0, 1, 0.5 ], "texture": "#missing" },
        "north": { "uv": [ 0, 0, 1, 4 ], "texture": "#missing" },
        "south": { "uv": [ 0, 0, 1, 4 ], "texture": "#missing" },
        "west":  { "uv": [ 0, 0, 0.5, 4 ], "texture": "#missing" },
        "east":  { "uv": [ 0, 0, 0.5, 4 ], "texture": "#missing" }
    }
},
{
    "from": [ 8, 1.25, 10.85 ],
    "to": [ 9, 5.25, 11.35 ],
    "faces": {
        "down":  { "uv": [ 0, 0, 1, 0.5 ], "texture": "#missing" },
        "up":    { "uv": [ 0, 0, 1, 0.5 ], "texture": "#missing" },
        "north": { "uv": [ 0, 0, 1, 4 ], "texture": "#missing" },
        "south": { "uv": [ 0, 0, 1, 4 ], "texture": "#missing" },
        "west":  { "uv": [ 0, 0, 0.5, 4 ], "texture": "#missing" },
        "east":  { "uv": [ 0, 0, 0.5, 4 ], "texture": "#missing" }
    }
},
{
    "from": [ 5.25, 3, 7 ],
    "to": [ 9.75, 5.75, 10 ],
    "faces": {
        "down":  { "uv": [ 0, 0, 4.5, 3 ], "texture": "#missing" },
        "up":    { "uv": [ 0, 0, 4.5, 3 ], "texture": "#missing" },
        "north": { "uv": [ 0, 0, 4.5, 2.75 ], "texture": "#missing" },
        "south": { "uv": [ 0, 0, 4.5, 2.75 ], "texture": "#missing" },
        "west":  { "uv": [ 0, 0, 3, 2.75 ], "texture": "#missing" },
        "east":  { "uv": [ 0, 0, 3, 2.75 ], "texture": "#missing" }
    }
},
{
    "from": [ 9.15, 5.75, 7.5 ],
    "to": [ 9.75, 6.75, 9.5 ],
    "faces": {
        "down":  { "uv": [ 0, 0, 0.6, 2 ], "texture": "#missing" },
        "up":    { "uv": [ 0, 0, 0.60000002384185791, 2 ], "texture": "#missing" },
        "north": { "uv": [ 0, 0, 0.60000002384185791, 1 ], "texture": "#missing" },
        "south": { "uv": [ 0, 0, 0.60000002384185791, 1 ], "texture": "#missing" },
        "west":  { "uv": [ 0, 0, 2, 1 ], "texture": "#missing" },
        "east":  { "uv": [ 0, 0, 2, 1 ], "texture": "#missing" }
    }
},
{
    "from": [ 5.25, 5.75, 7.5 ],
    "to": [ 5.85, 6.75, 9.5 ],
    "faces": {
        "down":  { "uv": [ 0, 0, 0.6, 2 ], "texture": "#missing" },
        "up":    { "uv": [ 0, 0, 0.60000002384185791, 2 ], "texture": "#missing" },
        "north": { "uv": [ 0, 0, 0.60000002384185791, 1 ], "texture": "#missing" },
        "south": { "uv": [ 0, 0, 0.60000002384185791, 1 ], "texture": "#missing" },
        "west":  { "uv": [ 0, 0, 2, 1 ], "texture": "#missing" },
        "east":  { "uv": [ 0, 0, 2, 1 ], "texture": "#missing" }
    }
},
{
    "from": [ 5.85, 5.75, 7 ],
    "to": [ 9.15, 6.75, 10.2 ],
    "faces": {
        "down":  { "uv": [ 0, 0, 3.3, 3.2 ], "texture": "#missing" },
        "up":    { "uv": [ 0, 0, 3.2999999523162842, 3.2000000476837158 ], "texture": "#missing" },
        "north": { "uv": [ 0, 0, 3.2999999523162842, 1 ], "texture": "#missing" },
        "south": { "uv": [ 0, 0, 3.2999999523162842, 1 ], "texture": "#missing" },
        "west":  { "uv": [ 0, 0, 3.2000000476837158, 1 ], "texture": "#missing" },
        "east":  { "uv": [ 0, 0, 3.2000000476837158, 1 ], "texture": "#missing" }
    }
},
{
    "from": [ 6.55, 7.75, 7.6 ],
    "to": [ 8.6, 10.25, 9.5 ],
    "faces": {
        "down":  { "uv": [ 0, 0, 2.05, 1.9 ], "texture": "#missing" },
        "up":    { "uv": [ 0, 0, 2.0499999523162842, 1.8999999761581421 ], "texture": "#missing" },
        "north": { "uv": [ 0, 0, 2.0499999523162842, 2.5 ], "texture": "#missing" },
        "south": { "uv": [ 0, 0, 2.0499999523162842, 2.5 ], "texture": "#missing" },
        "west":  { "uv": [ 0, 0, 1.8999999761581421, 2.5 ], "texture": "#missing" },
        "east":  { "uv": [ 0, 0, 1.8999999761581421, 2.5 ], "texture": "#missing" }
    }
},
{
    "from": [ 8.3, 10.25, 7.35 ],
    "to": [ 8.85, 10.75, 7.8 ],
    "faces": {
        "down":  { "uv": [ 0, 0, 0.55, 0.45 ], "texture": "#missing" },
        "up":    { "uv": [ 0, 0, 0.55000001192092896, 0.44999998807907104 ], "texture": "#missing" },
        "north": { "uv": [ 0, 0, 0.55000001192092896, 0.5 ], "texture": "#missing" },
        "south": { "uv": [ 0, 0, 0.55000001192092896, 0.5 ], "texture": "#missing" },
        "west":  { "uv": [ 0, 0, 0.44999998807907104, 0.5 ], "texture": "#missing" },
        "east":  { "uv": [ 0, 0, 0.44999998807907104, 0.5 ], "texture": "#missing" }
    }
},
{
    "from": [ 6.3, 10.25, 7.35 ],
    "to": [ 6.85, 10.75, 7.8 ],
    "faces": {
        "down":  { "uv": [ 0, 0, 0.55, 0.45 ], "texture": "#missing" },
        "up":    { "uv": [ 0, 0, 0.55000001192092896, 0.44999998807907104 ], "texture": "#missing" },
        "north": { "uv": [ 0, 0, 0.55000001192092896, 0.5 ], "texture": "#missing" },
        "south": { "uv": [ 0, 0, 0.55000001192092896, 0.5 ], "texture": "#missing" },
        "west":  { "uv": [ 0, 0, 0.44999998807907104, 0.5 ], "texture": "#missing" },
        "east":  { "uv": [ 0, 0, 0.44999998807907104, 0.5 ], "texture": "#missing" }
    }
},
{
    "from": [ 6.3, 10.25, 9.35 ],
    "to": [ 6.85, 10.75, 9.8 ],
    "faces": {
        "down":  { "uv": [ 0, 0, 0.55, 0.45 ], "texture": "#missing" },
        "up":    { "uv": [ 0, 0, 0.55000001192092896, 0.44999998807907104 ], "texture": "#missing" },
        "north": { "uv": [ 0, 0, 0.55000001192092896, 0.5 ], "texture": "#missing" },
        "south": { "uv": [ 0, 0, 0.55000001192092896, 0.5 ], "texture": "#missing" },
        "west":  { "uv": [ 0, 0, 0.44999998807907104, 0.5 ], "texture": "#missing" },
        "east":  { "uv": [ 0, 0, 0.44999998807907104, 0.5 ], "texture": "#missing" }
    }
},
{
    "from": [ 8.3, 10.25, 9.35 ],
    "to": [ 8.85, 10.75, 9.8 ],
    "faces": {
        "down":  { "uv": [ 0, 0, 0.55, 0.45 ], "texture": "#missing" },
        "up":    { "uv": [ 0, 0, 0.55000001192092896, 0.44999998807907104 ], "texture": "#missing" },
        "north": { "uv": [ 0, 0, 0.55000001192092896, 0.5 ], "texture": "#missing" },
        "south": { "uv": [ 0, 0, 0.55000001192092896, 0.5 ], "texture": "#missing" },
        "west":  { "uv": [ 0, 0, 0.44999998807907104, 0.5 ], "texture": "#missing" },
        "east":  { "uv": [ 0, 0, 0.44999998807907104, 0.5 ], "texture": "#missing" }
    }
},
{
    "from": [ 6.9, 10.25, 7.35 ],
    "to": [ 8.35, 11.05, 9.8 ],
    "faces": {
        "down":  { "uv": [ 0, 0, 1.45, 2.45 ], "texture": "#particle" },
        "up":    { "uv": [ 0, 0, 1.4500000476837158, 2.4500000476837158 ], "texture": "#particle" },
        "north": { "uv": [ 0, 0, 1.4500000476837158, 0.80000001192092896 ], "texture": "#particle" },
        "south": { "uv": [ 0, 0, 1.4500000476837158, 0.80000001192092896 ], "texture": "#particle" },
        "west":  { "uv": [ 0, 0, 2.4500000476837158, 0.80000001192092896 ], "texture": "#particle" },
        "east":  { "uv": [ 0, 0, 2.4500000476837158, 0.80000001192092896 ], "texture": "#particle" }
    }
},
{
    "from": [ 8.35, 10.25, 7.75 ],
    "to": [ 8.85, 11.05, 9.3 ],
    "faces": {
        "down":  { "uv": [ 0, 0, 0.5, 1.55 ], "texture": "#particle" },
        "up":    { "uv": [ 0, 0, 0.5, 1.5499999523162842 ], "texture": "#particle" },
        "north": { "uv": [ 0, 0, 0.5, 0.80000001192092896 ], "texture": "#particle" },
        "south": { "uv": [ 0, 0, 0.5, 0.80000001192092896 ], "texture": "#particle" },
        "west":  { "uv": [ 0, 0, 1.5499999523162842, 0.80000001192092896 ], "texture": "#particle" },
        "east":  { "uv": [ 0, 0, 1.5499999523162842, 0.80000001192092896 ], "texture": "#particle" }
    }
},
{
    "from": [ 6.325, 10.25, 7.75 ],
    "to": [ 6.85, 11.05, 9.3 ],
    "faces": {
        "down":  { "uv": [ 0, 0, 0.525, 1.55 ], "texture": "#particle" },
        "up":    { "uv": [ 0, 0, 0.52499997615814209, 1.5499999523162842 ], "texture": "#particle" },
        "north": { "uv": [ 0, 0, 0.52499997615814209, 0.80000001192092896 ], "texture": "#particle" },
        "south": { "uv": [ 0, 0, 0.52499997615814209, 0.80000001192092896 ], "texture": "#particle" },
        "west":  { "uv": [ 0, 0, 1.5499999523162842, 0.80000001192092896 ], "texture": "#particle" },
        "east":  { "uv": [ 0, 0, 1.5499999523162842, 0.80000001192092896 ], "texture": "#particle" }
    }
},
{
    "from": [ 6.8, 10.25, 6.95 ],
    "to": [ 8.35, 10.75, 7.35 ],
    "faces": {
        "down":  { "uv": [ 0, 0, 1.55, 0.4 ], "texture": "#missing" },
        "up":    { "uv": [ 0, 0, 1.5499999523162842, 0.40000000596046448 ], "texture": "#missing" },
        "north": { "uv": [ 0, 0, 1.5499999523162842, 0.5 ], "texture": "#missing" },
        "south": { "uv": [ 0, 0, 1.5499999523162842, 0.5 ], "texture": "#missing" },
        "west":  { "uv": [ 0, 0, 0.40000000596046448, 0.5 ], "texture": "#missing" },
        "east":  { "uv": [ 0, 0, 0.40000000596046448, 0.5 ], "texture": "#missing" }
    }
},
{
    "from": [ 6.8, 10.25, 9.775 ],
    "to": [ 8.35, 10.75, 10.175 ],
    "faces": {
        "down":  { "uv": [ 0, 0, 1.55, 0.4 ], "texture": "#missing" },
        "up":    { "uv": [ 0, 0, 1.5499999523162842, 0.40000000596046448 ], "texture": "#missing" },
        "north": { "uv": [ 0, 0, 1.5499999523162842, 0.5 ], "texture": "#missing" },
        "south": { "uv": [ 0, 0, 1.5499999523162842, 0.5 ], "texture": "#missing" },
        "west":  { "uv": [ 0, 0, 0.40000000596046448, 0.5 ], "texture": "#missing" },
        "east":  { "uv": [ 0, 0, 0.40000000596046448, 0.5 ], "texture": "#missing" }
    }
},
{
    "from": [ 8.8, 10.25, 7.75 ],
    "to": [ 9.2, 10.75, 9.4 ],
    "faces": {
        "down":  { "uv": [ 0, 0, 1.65, 0.4 ], "rotation": 270, "texture": "#missing" },
        "up":    { "uv": [ 0, 0, 1.6499999761581421, 0.40000000596046448 ], "rotation": 90, "texture": "#missing" },
        "north": { "uv": [ 0, 0, 0.40000000596046448, 0.5 ], "texture": "#missing" },
        "south": { "uv": [ 0, 0, 0.40000000596046448, 0.5 ], "texture": "#missing" },
        "west":  { "uv": [ 0, 0, 1.6499999761581421, 0.5 ], "texture": "#missing" },
        "east":  { "uv": [ 0, 0, 1.6499999761581421, 0.5 ], "texture": "#missing" }
    }
},
{
    "from": [ 5.95, 10.25, 7.75 ],
    "to": [ 6.35, 10.75, 9.4 ],
    "faces": {
        "down":  { "uv": [ 0, 0, 1.65, 0.4 ], "rotation": 270, "texture": "#missing" },
        "up":    { "uv": [ 0, 0, 1.6499999761581421, 0.40000000596046448 ], "rotation": 90, "texture": "#missing" },
        "north": { "uv": [ 0, 0, 0.40000000596046448, 0.5 ], "texture": "#missing" },
        "south": { "uv": [ 0, 0, 0.40000000596046448, 0.5 ], "texture": "#missing" },
        "west":  { "uv": [ 0, 0, 1.6499999761581421, 0.5 ], "texture": "#missing" },
        "east":  { "uv": [ 0, 0, 1.6499999761581421, 0.5 ], "texture": "#missing" }
    }
},
{
    "from": [ 6.25, 7.75, 8.25 ],
    "to": [ 6.55, 10.25, 8.95 ],
    "faces": {
        "down":  { "uv": [ 0, 0, 0.3, 0.7 ], "texture": "#missing" },
        "up":    { "uv": [ 0, 0, 0.30000001192092896, 0.69999998807907104 ], "texture": "#missing" },
        "north": { "uv": [ 0, 0, 0.30000001192092896, 2.5 ], "texture": "#missing" },
        "south": { "uv": [ 0, 0, 0.30000001192092896, 2.5 ], "texture": "#missing" },
        "west":  { "uv": [ 0, 0, 0.69999998807907104, 2.5 ], "texture": "#missing" },
        "east":  { "uv": [ 0, 0, 0.69999998807907104, 2.5 ], "texture": "#missing" }
    }
},
{
    "from": [ 8.6, 7.75, 8.25 ],
    "to": [ 8.9, 10.25, 8.95 ],
    "faces": {
        "down":  { "uv": [ 0.3, 0, 0.6, 0.7 ], "texture": "#missing" },
        "up":    { "uv": [ 0.30000001192092896, 0, 0.60000002384185791, 0.69999998807907104 ], "texture": "#missing" },
        "north": { "uv": [ 0.30000001192092896, 0, 0.60000002384185791, 2.5 ], "texture": "#missing" },
        "south": { "uv": [ 0.30000001192092896, 0, 0.60000002384185791, 2.5 ], "texture": "#missing" },
        "west":  { "uv": [ 0.69999998807907104, 0, 1.3999999761581421, 2.5 ], "texture": "#missing" },
        "east":  { "uv": [ 0.69999998807907104, 0, 1.3999999761581421, 2.5 ], "texture": "#missing" }
    }
},
{
    "from": [ 7.1, 7.75, 7.4 ],
    "to": [ 7.9, 10.25, 7.6 ],
    "faces": {
        "down":  { "uv": [ 0, 0, 0.8, 0.2 ], "texture": "#missing" },
        "up":    { "uv": [ 0, 0, 0.80000001192092896, 0.20000000298023224 ], "texture": "#missing" },
        "north": { "uv": [ 0, 0, 0.80000001192092896, 2.5 ], "texture": "#missing" },
        "south": { "uv": [ 0, 0, 0.80000001192092896, 2.5 ], "texture": "#missing" },
        "west":  { "uv": [ 0, 0, 0.20000000298023224, 2.5 ], "texture": "#missing" },
        "east":  { "uv": [ 0, 0, 0.20000000298023224, 2.5 ], "texture": "#missing" }
    }
},
{
    "from": [ 7.1, 7.75, 9.5 ],
    "to": [ 7.9, 10.3, 9.7 ],
    "faces": {
        "down":  { "uv": [ 0, 0, 0.8, 0.2 ], "texture": "#missing" },
        "up":    { "uv": [ 0, 0, 0.80000001192092896, 0.20000000298023224 ], "texture": "#missing" },
        "north": { "uv": [ 0, 0, 0.80000001192092896, 2.5499999523162842 ], "texture": "#missing" },
        "south": { "uv": [ 0, 0, 0.80000001192092896, 2.5499999523162842 ], "texture": "#missing" },
        "west":  { "uv": [ 0, 0, 0.20000000298023224, 2.5499999523162842 ], "texture": "#missing" },
        "east":  { "uv": [ 0, 0, 0.20000000298023224, 2.5499999523162842 ], "texture": "#missing" }
    }
},
{
    "from": [ 8.45, 6.75, 7.5 ],
    "to": [ 9.15, 7.75, 9.7 ],
    "faces": {
        "down":  { "uv": [ 0, 0, 0.7, 2.2 ], "texture": "#missing" },
        "up":    { "uv": [ 0, 0, 0.69999998807907104, 2.2000000476837158 ], "texture": "#missing" },
        "north": { "uv": [ 0, 0, 0.69999998807907104, 1 ], "texture": "#missing" },
        "south": { "uv": [ 0, 0, 0.69999998807907104, 1 ], "texture": "#missing" },
        "west":  { "uv": [ 0, 0, 2.2000000476837158, 1 ], "texture": "#missing" },
        "east":  { "uv": [ 0, 0, 2.2000000476837158, 1 ], "texture": "#missing" }
    }
},
{
    "from": [ 5.95, 6.75, 7.5 ],
    "to": [ 6.65, 7.75, 9.7 ],
    "faces": {
        "down":  { "uv": [ 0, 0, 0.7, 2.2 ], "texture": "#missing" },
        "up":    { "uv": [ 0, 0, 0.69999998807907104, 2.2000000476837158 ], "texture": "#missing" },
        "north": { "uv": [ 0, 0, 0.69999998807907104, 1 ], "texture": "#missing" },
        "south": { "uv": [ 0, 0, 0.69999998807907104, 1 ], "texture": "#missing" },
        "west":  { "uv": [ 0, 0, 2.2000000476837158, 1 ], "texture": "#missing" },
        "east":  { "uv": [ 0, 0, 2.2000000476837158, 1 ], "texture": "#missing" }
    }
},
{
    "from": [ 6.65, 6.75, 7 ],
    "to": [ 8.45, 7.75, 9.45 ],
    "faces": {
        "down":  { "uv": [ 0, 0, 1.8, 2.45 ], "texture": "#missing" },
        "up":    { "uv": [ 0, 0, 1.7999999523162842, 2.4500000476837158 ], "texture": "#missing" },
        "north": { "uv": [ 0, 0, 1.7999999523162842, 1 ], "texture": "#missing" },
        "south": { "uv": [ 0, 0, 1.7999999523162842, 1 ], "texture": "#missing" },
        "west":  { "uv": [ 0, 0, 2.4500000476837158, 1 ], "texture": "#missing" },
        "east":  { "uv": [ 0, 0, 2.4500000476837158, 1 ], "texture": "#missing" }
    }
},
{
    "from": [ 6.65, 6.75, 9.45 ],
    "to": [ 8.45, 7.75, 10.2 ],
    "faces": {
        "down":  { "uv": [ 0, 0, 1.8, 0.75 ], "texture": "#missing" },
        "up":    { "uv": [ 0, 0, 1.7999999523162842, 0.75 ], "texture": "#missing" },
        "north": { "uv": [ 0, 0, 1.7999999523162842, 1 ], "texture": "#missing" },
        "south": { "uv": [ 0, 0, 1.7999999523162842, 1 ], "texture": "#missing" },
        "west":  { "uv": [ 0, 0, 0.75, 1 ], "texture": "#missing" },
        "east":  { "uv": [ 0, 0, 0.75, 1 ], "texture": "#missing" }
    }
},
{
    "from": [ 6.5, 5.75, 6.35 ],
    "to": [ 8.5, 6.75, 7 ],
    "faces": {
        "down":  { "uv": [ 0, 0, 2, 0.65 ], "texture": "#missing" },
        "up":    { "uv": [ 0, 0, 2, 0.64999997615814209 ], "texture": "#missing" },
        "north": { "uv": [ 0, 0, 2, 1 ], "texture": "#missing" },
        "south": { "uv": [ 0, 0, 2, 1 ], "texture": "#missing" },
        "west":  { "uv": [ 0, 0, 0.64999997615814209, 1 ], "texture": "#missing" },
        "east":  { "uv": [ 0, 0, 0.64999997615814209, 1 ], "texture": "#missing" }
    }
},
{
    "from": [ 6.5, 5.75, 10.2 ],
    "to": [ 8.5, 6.75, 10.85 ],
    "faces": {
        "down":  { "uv": [ 0, 0, 2, 0.65 ], "texture": "#missing" },
        "up":    { "uv": [ 0, 0, 2, 0.64999997615814209 ], "texture": "#missing" },
        "north": { "uv": [ 0, 0, 2, 1 ], "texture": "#missing" },
        "south": { "uv": [ 0, 0, 2, 1 ], "texture": "#missing" },
        "west":  { "uv": [ 0, 0, 0.64999997615814209, 1 ], "texture": "#missing" },
        "east":  { "uv": [ 0, 0, 0.64999997615814209, 1 ], "texture": "#missing" }
    }
},
{
    "from": [ 6, 3, 10 ],
    "to": [ 9, 5.75, 10.85 ],
    "faces": {
        "down":  { "uv": [ 0, 0, 3, 0.85 ], "texture": "#missing" },
        "up":    { "uv": [ 0, 0, 3, 0.85000002384185791 ], "texture": "#missing" },
        "north": { "uv": [ 0, 0, 3, 2.75 ], "texture": "#missing" },
        "south": { "uv": [ 0, 0, 3, 2.75 ], "texture": "#missing" },
        "west":  { "uv": [ 0, 0, 0.85000002384185791, 2.75 ], "texture": "#missing" },
        "east":  { "uv": [ 0, 0, 0.85000002384185791, 2.75 ], "texture": "#missing" }
    }
},
{
    "from": [ 6, 3, 6.35 ],
    "to": [ 9, 5.75, 7 ],
    "faces": {
        "down":  { "uv": [ 0, 0, 3, 0.65 ], "texture": "#missing" },
        "up":    { "uv": [ 0, 0, 3, 0.64999997615814209 ], "texture": "#missing" },
        "north": { "uv": [ 0, 0, 3, 2.75 ], "texture": "#missing" },
        "south": { "uv": [ 0, 0, 3, 2.75 ], "texture": "#missing" },
        "west":  { "uv": [ 0, 0, 0.64999997615814209, 2.75 ], "texture": "#missing" },
        "east":  { "uv": [ 0, 0, 0.64999997615814209, 2.75 ], "texture": "#missing" }
    }
}
],
"display": {
    "ground": {
        "rotation": [ 6, 0, -17 ],
        "translation": [ 0.57, 5.29, 1.7 ],
        "scale": [ 1, 1, 1 ]
    }
}
}