{
    "parent": "item/handheld",
    "textures": {
        "layer0": "item/stone_hoe"
    },
    "overrides": [
        { "predicate": {"custom_model_data": 1}, "model": "custom/harcos/fegyver_01"},
		{ "predicate": {"custom_model_data": 2}, "model": "custom/harcos/fegyver_02"},
		{ "predicate": {"custom_model_data": 3}, "model": "custom/harcos/fegyver_03"},
		{ "predicate": {"custom_model_data": 4}, "model": "custom/harcos/fegyver_04"},
		{ "predicate": {"custom_model_data": 5}, "model": "custom/harcos/fegyver_05"},
		{ "predicate": {"custom_model_data": 6}, "model": "custom/harcos/fegyver_06"},
		{ "predicate": {"custom_model_data": 7}, "model": "custom/harcos/fegyver_07"},
		{ "predicate": {"custom_model_data": 8}, "model": "custom/harcos/fegyver_08"},
		{ "predicate": {"custom_model_data": 9}, "model": "custom/harcos/fegyver_09"},
		{ "predicate": {"custom_model_data": 10}, "model": "custom/harcos/fegyver_10"},
		{ "predicate": {"custom_model_data": 11}, "model": "custom/harcos/fegyver_11"},
		{ "predicate": {"custom_model_data": 12}, "model": "custom/harcos/fegyver_12"},
		{ "predicate": {"custom_model_data": 13}, "model": "custom/harcos/fegyver_13"},
		{ "predicate": {"custom_model_data": 14}, "model": "custom/harcos/fegyver_14"},
		{ "predicate": {"custom_model_data": 15}, "model": "custom/harcos/fegyver_15"},
		{ "predicate": {"custom_model_data": 16}, "model": "custom/harcos/fegyver_16"},
		{ "predicate": {"custom_model_data": 17}, "model": "custom/harcos/fegyver_17"},
		{ "predicate": {"custom_model_data": 18}, "model": "custom/harcos/fegyver_18"},
		{ "predicate": {"custom_model_data": 19}, "model": "custom/harcos/fegyver_19"},
        { "predicate": {"custom_model_data": 20}, "model": "custom/harcos/fegyver_20"},
        { "predicate": {"custom_model_data": 21}, "model": "custom/harcos/fegyver_21"},
        { "predicate": {"custom_model_data": 22}, "model": "custom/harcos/fegyver_22"},
		{ "predicate": {"custom_model_data": 23}, "model": "custom/harcos/fegyver_23"},
		{ "predicate": {"custom_model_data": 24}, "model": "custom/harcos/fegyver_24"},
		{ "predicate": {"custom_model_data": 25}, "model": "custom/harcos/fegyver_25"},
		{ "predicate": {"custom_model_data": 26}, "model": "custom/harcos/fegyver_26"},
		{ "predicate": {"custom_model_data": 27}, "model": "custom/harcos/fegyver_27"}
        ]
}