{
    "parent": "item/handheld",
    "textures": {
        "layer0": "item/wooden_shovel"
    },
	"overrides": [
		{ "predicate": {"custom_model_data": 500}, "model": "custom/ekszerek/jewel_01"},
		{ "predicate": {"custom_model_data": 501}, "model": "custom/ekszerek/jewel_02"},
		{ "predicate": {"custom_model_data": 502}, "model": "custom/ekszerek/jewel_03"},
		{ "predicate": {"custom_model_data": 503}, "model": "custom/ekszerek/jewel_04"},
		{ "predicate": {"custom_model_data": 504}, "model": "custom/ekszerek/jewel_05"},
		{ "predicate": {"custom_model_data": 505}, "model": "custom/ekszerek/jewel_06"},
		{ "predicate": {"custom_model_data": 506}, "model": "custom/ekszerek/jewel_07"},
		{ "predicate": {"custom_model_data": 507}, "model": "custom/ekszerek/jewel_08"},
		{ "predicate": {"custom_model_data": 508}, "model": "custom/ekszerek/jewel_09"},
		{ "predicate": {"custom_model_data": 509}, "model": "custom/ekszerek/jewel_10"}
        ]
}
