{
    "parent": "item/handheld",
    "textures": {
        "layer0": "item/wooden_pickaxe"
		
    },
	    "overrides": [
		{ "predicate": {"custom_model_data": 404}, "model": "custom/ikon/ikon_ures"},
		{ "predicate": {"custom_model_data": 500}, "model": "custom/ikon/ikon_hovihar"},
		{ "predicate": {"custom_model_data": 501}, "model": "custom/ikon/ikon_jegmeteor"},
		{ "predicate": {"custom_model_data": 502}, "model": "custom/ikon/ikon_aery"},
		{ "predicate": {"custom_model_data": 503}, "model": "custom/ikon/ikon_maglya"},
		{ "predicate": {"custom_model_data": 504}, "model": "custom/ikon/ikon_szeansz"},
		{ "predicate": {"custom_model_data": 505}, "model": "custom/ikon/ikon_teleport"},
		{ "predicate": {"custom_model_data": 506}, "model": "custom/ikon/ikon_diszonansenergia"},
		{ "predicate": {"custom_model_data": 507}, "model": "custom/ikon/ikon_vegenergia"},
		{ "predicate": {"custom_model_data": 508}, "model": "custom/ikon/ikon_suttogo"},
		{ "predicate": {"custom_model_data": 509}, "model": "custom/ikon/ikon_meteorvihar"},
		{ "predicate": {"custom_model_data": 510}, "model": "custom/ikon/ikon_heal"},
		{ "predicate": {"custom_model_data": 520}, "model": "custom/ikon/ikon_foldrenges"},
		{ "predicate": {"custom_model_data": 521}, "model": "custom/ikon/ikon_beklyo"},
		{ "predicate": {"custom_model_data": 522}, "model": "custom/ikon/ikon_kiugras"},
		{ "predicate": {"custom_model_data": 523}, "model": "custom/ikon/ikon_kaszabolas"},
		{ "predicate": {"custom_model_data": 524}, "model": "custom/ikon/ikon_szuras"},
		{ "predicate": {"custom_model_data": 525}, "model": "custom/ikon/ikon_porgocsapas"},
		{ "predicate": {"custom_model_data": 526}, "model": "custom/ikon/ikon_pajzs"},
		{ "predicate": {"custom_model_data": 540}, "model": "custom/ikon/ikon_sortuz"},
		{ "predicate": {"custom_model_data": 541}, "model": "custom/ikon/ikon_nyileso"},
		{ "predicate": {"custom_model_data": 542}, "model": "custom/ikon/ikon_tuzesnyileso"},
		{ "predicate": {"custom_model_data": 543}, "model": "custom/ikon/ikon_robbanonyil"},
		{ "predicate": {"custom_model_data": 544}, "model": "custom/ikon/ikon_medvecsapda"},
		{ "predicate": {"custom_model_data": 899}, "model": "custom/ikon/ikon_placeholder"},
		{ "predicate": {"custom_model_data": 900}, "model": "custom/ikon/ikon_homokora"}

        ]
}
