{"file_name":"bone11","texture_size":[64,64],"textures":{"bd267d66-9a8b-e38e-bc2e-6fafcd67d3da":"modelengine:entity/poison_spider"},"elements":[{"name":"cube","from":[7.848657,6.26,7.779148],"to":[8.208657,8.06,8.199148],"rotation":{"angle":0.0,"axis":"x","origin":[8.328657,6.26,7.5391483]},"faces":{"down":{"uv":[2.75,9.5,2.5,9.75],"rotation":0,"texture":"#bd267d66-9a8b-e38e-bc2e-6fafcd67d3da","tintindex":0},"east":{"uv":[6.25,8.25,6.0,9.0],"rotation":0,"texture":"#bd267d66-9a8b-e38e-bc2e-6fafcd67d3da","tintindex":0},"north":{"uv":[5.5,8.25,5.25,9.0],"rotation":0,"texture":"#bd267d66-9a8b-e38e-bc2e-6fafcd67d3da","tintindex":0},"south":{"uv":[6.0,8.25,5.75,9.0],"rotation":0,"texture":"#bd267d66-9a8b-e38e-bc2e-6fafcd67d3da","tintindex":0},"up":{"uv":[2.25,9.75,2.5,9.5],"rotation":0,"texture":"#bd267d66-9a8b-e38e-bc2e-6fafcd67d3da","tintindex":0},"west":{"uv":[5.75,8.25,5.5,9.0],"rotation":0,"texture":"#bd267d66-9a8b-e38e-bc2e-6fafcd67d3da","tintindex":0}}}],"display":{"head":{"translation":[0.0,-6.4,0.0],"rotation":[0.0,0.0,0.0],"scale":[3.8095,3.8095,3.8095]},"gui":{"translation":[0.0,0.0,0.0],"rotation":[35.0,225.0,0.0],"scale":[0.625,0.625,0.625]}}}