{"file_name":"bone12","texture_size":[64,64],"textures":{"bd267d66-9a8b-e38e-bc2e-6fafcd67d3da":"modelengine:entity/poison_spider"},"elements":[{"name":"cube","from":[8.531617,6.0199995,7.596213],"to":[9.131617,8.42,8.196213],"rotation":{"angle":22.5,"axis":"z","origin":[9.131617,6.0199995,7.596213]},"faces":{"down":{"uv":[9.5,8.5,9.25,8.75],"rotation":0,"texture":"#bd267d66-9a8b-e38e-bc2e-6fafcd67d3da","tintindex":0},"east":{"uv":[8.0,1.0,7.75,2.0],"rotation":0,"texture":"#bd267d66-9a8b-e38e-bc2e-6fafcd67d3da","tintindex":0},"north":{"uv":[2.25,7.75,2.0,8.75],"rotation":0,"texture":"#bd267d66-9a8b-e38e-bc2e-6fafcd67d3da","tintindex":0},"south":{"uv":[2.75,7.75,2.5,8.75],"rotation":0,"texture":"#bd267d66-9a8b-e38e-bc2e-6fafcd67d3da","tintindex":0},"up":{"uv":[9.25,8.5,9.5,8.25],"rotation":0,"texture":"#bd267d66-9a8b-e38e-bc2e-6fafcd67d3da","tintindex":0},"west":{"uv":[2.5,7.75,2.25,8.75],"rotation":0,"texture":"#bd267d66-9a8b-e38e-bc2e-6fafcd67d3da","tintindex":0}}}],"display":{"head":{"translation":[0.0,-6.4,0.0],"rotation":[0.0,0.0,0.0],"scale":[3.8095,3.8095,3.8095]},"gui":{"translation":[0.0,0.0,0.0],"rotation":[35.0,225.0,0.0],"scale":[0.625,0.625,0.625]}}}