{"file_name":"leftarmupper","texture_size":[64,64],"textures":{"e2a39107-28ac-db51-7c96-4dc7bfa9aeba":"modelengine:entity/karhozott"},"elements":[{"name":"cube","from":[7.46,3.26,7.34],"to":[9.08,8.66,8.96],"rotation":{"angle":0.0,"axis":"x","origin":[13.400001,-7.000001,12.2]},"faces":{"down":{"uv":[12.75,10.5,13.5,11.25],"rotation":0,"texture":"#e2a39107-28ac-db51-7c96-4dc7bfa9aeba","tintindex":0},"east":{"uv":[10.0,9.0,10.75,11.25],"rotation":0,"texture":"#e2a39107-28ac-db51-7c96-4dc7bfa9aeba","tintindex":0},"north":{"uv":[8.0,9.75,8.75,12.0],"rotation":0,"texture":"#e2a39107-28ac-db51-7c96-4dc7bfa9aeba","tintindex":0},"south":{"uv":[0.0,10.25,0.75,12.5],"rotation":0,"texture":"#e2a39107-28ac-db51-7c96-4dc7bfa9aeba","tintindex":0},"up":{"uv":[4.75,9.25,4.0,8.5],"rotation":0,"texture":"#e2a39107-28ac-db51-7c96-4dc7bfa9aeba","tintindex":0},"west":{"uv":[0.75,10.5,1.5,12.75],"rotation":0,"texture":"#e2a39107-28ac-db51-7c96-4dc7bfa9aeba","tintindex":0}}}],"display":{"head":{"translation":[0.0,-6.4,0.0],"rotation":[0.0,0.0,0.0],"scale":[3.8095,3.8095,3.8095]},"gui":{"translation":[0.0,0.0,0.0],"rotation":[35.0,225.0,0.0],"scale":[0.625,0.625,0.625]}}}