{"file_name":"leftarmlower","texture_size":[64,64],"textures":{"e2a39107-28ac-db51-7c96-4dc7bfa9aeba":"modelengine:entity/karhozott"},"elements":[{"name":"cube","from":[7.46,2.6,7.94],"to":[9.08,8.0,9.56],"rotation":{"angle":0.0,"axis":"x","origin":[13.400001,-2.8000002,12.8]},"faces":{"down":{"uv":[2.75,13.0,3.5,13.75],"rotation":0,"texture":"#e2a39107-28ac-db51-7c96-4dc7bfa9aeba","tintindex":0},"east":{"uv":[2.25,10.5,3.0,12.75],"rotation":0,"texture":"#e2a39107-28ac-db51-7c96-4dc7bfa9aeba","tintindex":0},"north":{"uv":[1.5,10.5,2.25,12.75],"rotation":0,"texture":"#e2a39107-28ac-db51-7c96-4dc7bfa9aeba","tintindex":0},"south":{"uv":[3.0,10.75,3.75,13.0],"rotation":0,"texture":"#e2a39107-28ac-db51-7c96-4dc7bfa9aeba","tintindex":0},"up":{"uv":[13.5,12.0,12.75,11.25],"rotation":0,"texture":"#e2a39107-28ac-db51-7c96-4dc7bfa9aeba","tintindex":0},"west":{"uv":[10.75,4.0,11.5,6.25],"rotation":0,"texture":"#e2a39107-28ac-db51-7c96-4dc7bfa9aeba","tintindex":0}}}],"display":{"head":{"translation":[0.0,-6.4,0.0],"rotation":[0.0,0.0,0.0],"scale":[3.8095,3.8095,3.8095]},"gui":{"translation":[0.0,0.0,0.0],"rotation":[35.0,225.0,0.0],"scale":[0.625,0.625,0.625]}}}