{"file_name":"lfeet","texture_size":[64,64],"textures":{"e2a39107-28ac-db51-7c96-4dc7bfa9aeba":"modelengine:entity/karhozott"},"elements":[{"name":"cube","from":[7.16,6.98,8.84],"to":[9.32,8.6,12.620001],"rotation":{"angle":0.0,"axis":"x","origin":[10.4,8.6,11.0]},"faces":{"down":{"uv":[3.75,11.5,4.75,13.0],"rotation":0,"texture":"#e2a39107-28ac-db51-7c96-4dc7bfa9aeba","tintindex":0},"east":{"uv":[12.5,0.0,14.0,0.75],"rotation":0,"texture":"#e2a39107-28ac-db51-7c96-4dc7bfa9aeba","tintindex":0},"north":{"uv":[1.75,12.75,2.75,13.5],"rotation":0,"texture":"#e2a39107-28ac-db51-7c96-4dc7bfa9aeba","tintindex":0},"south":{"uv":[12.75,1.75,13.75,2.5],"rotation":0,"texture":"#e2a39107-28ac-db51-7c96-4dc7bfa9aeba","tintindex":0},"up":{"uv":[12.5,4.0,11.5,2.5],"rotation":0,"texture":"#e2a39107-28ac-db51-7c96-4dc7bfa9aeba","tintindex":0},"west":{"uv":[12.5,8.25,14.0,9.0],"rotation":0,"texture":"#e2a39107-28ac-db51-7c96-4dc7bfa9aeba","tintindex":0}}}],"display":{"head":{"translation":[0.0,-6.4,0.0],"rotation":[0.0,0.0,0.0],"scale":[3.8095,3.8095,3.8095]},"gui":{"translation":[0.0,0.0,0.0],"rotation":[35.0,225.0,0.0],"scale":[0.625,0.625,0.625]}}}