{"file_name":"rfeet","texture_size":[64,64],"textures":{"e2a39107-28ac-db51-7c96-4dc7bfa9aeba":"modelengine:entity/karhozott"},"elements":[{"name":"cube","from":[6.6800003,6.98,8.84],"to":[8.84,8.6,12.620001],"rotation":{"angle":0.0,"axis":"x","origin":[5.6,8.6,11.0]},"faces":{"down":{"uv":[4.75,11.5,5.75,13.0],"rotation":0,"texture":"#e2a39107-28ac-db51-7c96-4dc7bfa9aeba","tintindex":0},"east":{"uv":[12.5,9.0,14.0,9.75],"rotation":0,"texture":"#e2a39107-28ac-db51-7c96-4dc7bfa9aeba","tintindex":0},"north":{"uv":[12.75,6.75,13.75,7.5],"rotation":0,"texture":"#e2a39107-28ac-db51-7c96-4dc7bfa9aeba","tintindex":0},"south":{"uv":[12.75,7.5,13.75,8.25],"rotation":0,"texture":"#e2a39107-28ac-db51-7c96-4dc7bfa9aeba","tintindex":0},"up":{"uv":[12.5,5.5,11.5,4.0],"rotation":0,"texture":"#e2a39107-28ac-db51-7c96-4dc7bfa9aeba","tintindex":0},"west":{"uv":[12.5,9.75,14.0,10.5],"rotation":0,"texture":"#e2a39107-28ac-db51-7c96-4dc7bfa9aeba","tintindex":0}}}],"display":{"head":{"translation":[0.0,-6.4,0.0],"rotation":[0.0,0.0,0.0],"scale":[3.8095,3.8095,3.8095]},"gui":{"translation":[0.0,0.0,0.0],"rotation":[35.0,225.0,0.0],"scale":[0.625,0.625,0.625]}}}