{"file_name":"rightleg","texture_size":[64,64],"textures":{"e2a39107-28ac-db51-7c96-4dc7bfa9aeba":"modelengine:entity/karhozott"},"elements":[{"name":"cube","from":[7.8199997,6.08,5.3],"to":[9.440001,9.860001,9.08],"rotation":{"angle":0.0,"axis":"x","origin":[6.2,-0.40000033,8.0]},"faces":{"down":{"uv":[12.5,4.0,13.25,5.5],"rotation":0,"texture":"#e2a39107-28ac-db51-7c96-4dc7bfa9aeba","tintindex":0},"east":{"uv":[7.5,1.5,9.0,3.0],"rotation":0,"texture":"#e2a39107-28ac-db51-7c96-4dc7bfa9aeba","tintindex":0},"north":{"uv":[11.75,12.25,12.5,13.75],"rotation":0,"texture":"#e2a39107-28ac-db51-7c96-4dc7bfa9aeba","tintindex":0},"south":{"uv":[0.0,12.5,0.75,14.0],"rotation":0,"texture":"#e2a39107-28ac-db51-7c96-4dc7bfa9aeba","tintindex":0},"up":{"uv":[13.25,4.0,12.5,2.5],"rotation":0,"texture":"#e2a39107-28ac-db51-7c96-4dc7bfa9aeba","tintindex":0},"west":{"uv":[7.5,3.0,9.0,4.5],"rotation":0,"texture":"#e2a39107-28ac-db51-7c96-4dc7bfa9aeba","tintindex":0}}},{"name":"cube","from":[7.34,2.2999997,2.6],"to":[9.5,7.7,5.3],"rotation":{"angle":22.5,"axis":"x","origin":[6.2,-0.40000033,8.0]},"faces":{"down":{"uv":[12.0,5.5,13.0,6.75],"rotation":0,"texture":"#e2a39107-28ac-db51-7c96-4dc7bfa9aeba","tintindex":0},"east":{"uv":[6.25,2.75,7.5,5.0],"rotation":0,"texture":"#e2a39107-28ac-db51-7c96-4dc7bfa9aeba","tintindex":0},"north":{"uv":[6.75,7.5,7.75,9.75],"rotation":0,"texture":"#e2a39107-28ac-db51-7c96-4dc7bfa9aeba","tintindex":0},"south":{"uv":[7.75,7.5,8.75,9.75],"rotation":0,"texture":"#e2a39107-28ac-db51-7c96-4dc7bfa9aeba","tintindex":0},"up":{"uv":[12.75,12.25,11.75,11.0],"rotation":0,"texture":"#e2a39107-28ac-db51-7c96-4dc7bfa9aeba","tintindex":0},"west":{"uv":[3.5,6.25,4.75,8.5],"rotation":0,"texture":"#e2a39107-28ac-db51-7c96-4dc7bfa9aeba","tintindex":0}}},{"name":"cube","from":[7.28,-0.1318984,6.7171593],"to":[9.440001,5.2681017,8.877159],"rotation":{"angle":-45.0,"axis":"x","origin":[6.2,1.4881015,6.7171593]},"faces":{"down":{"uv":[12.75,0.75,13.75,1.75],"rotation":0,"texture":"#e2a39107-28ac-db51-7c96-4dc7bfa9aeba","tintindex":0},"east":{"uv":[8.75,6.75,9.75,9.0],"rotation":0,"texture":"#e2a39107-28ac-db51-7c96-4dc7bfa9aeba","tintindex":0},"north":{"uv":[8.5,4.5,9.5,6.75],"rotation":0,"texture":"#e2a39107-28ac-db51-7c96-4dc7bfa9aeba","tintindex":0},"south":{"uv":[9.0,0.0,10.0,2.25],"rotation":0,"texture":"#e2a39107-28ac-db51-7c96-4dc7bfa9aeba","tintindex":0},"up":{"uv":[1.75,13.75,0.75,12.75],"rotation":0,"texture":"#e2a39107-28ac-db51-7c96-4dc7bfa9aeba","tintindex":0},"west":{"uv":[9.0,2.25,10.0,4.5],"rotation":0,"texture":"#e2a39107-28ac-db51-7c96-4dc7bfa9aeba","tintindex":0}}}],"display":{"head":{"translation":[0.0,-6.4,0.0],"rotation":[0.0,0.0,0.0],"scale":[3.8095,3.8095,3.8095]},"gui":{"translation":[0.0,0.0,0.0],"rotation":[35.0,225.0,0.0],"scale":[0.625,0.625,0.625]}}}