{
	"credit": "Made with Blockbench",
	"textures": {
		"0": "block/horn_coral_block",
		"1": "block/red_mushroom_block",
		"2": "block/white_stained_glass",
		"3": "block/oak_log",
		"particle": "block/horn_coral_block"
	},
	"gui_light": "front",
	"elements": [
		{
			"name": "Green Potion",
			"from": [3.5, 7.5, 6],
			"to": [12.5, 9, 7.5],
			"faces": {
				"north": {"uv": [3.5, 7, 12.5, 8.5], "texture": "#0"},
				"east": {"uv": [8.5, 7, 10, 8.5], "texture": "#0"},
				"south": {"uv": [3.5, 7, 12.5, 8.5], "texture": "#0"},
				"west": {"uv": [6, 7, 7.5, 8.5], "texture": "#0"},
				"up": {"uv": [3.5, 6, 12.5, 7.5], "texture": "#0"},
				"down": {"uv": [12.5, 7.5, 3.5, 6], "texture": "#0"}
			}
		},
		{
			"name": "Green Potion",
			"from": [3.5, 7, 6.5],
			"to": [12.5, 7.5, 7],
			"faces": {
				"north": {"uv": [3.5, 8.5, 12.5, 9], "texture": "#0"},
				"east": {"uv": [9, 8.5, 9.5, 9], "texture": "#0"},
				"south": {"uv": [3.5, 8.5, 12.5, 9], "texture": "#0"},
				"west": {"uv": [6.5, 8.5, 7, 9], "texture": "#0"},
				"up": {"uv": [3.5, 6.5, 12.5, 7], "texture": "#0"},
				"down": {"uv": [12.5, 7, 3.5, 6.5], "texture": "#0"}
			}
		},
		{
			"name": "Green Potion",
			"from": [3.5, 9, 6.5],
			"to": [12.5, 9.5, 7],
			"faces": {
				"north": {"uv": [3.5, 6.5, 12.5, 7], "texture": "#0"},
				"east": {"uv": [9, 6.5, 9.5, 7], "texture": "#0"},
				"south": {"uv": [3.5, 6.5, 12.5, 7], "texture": "#0"},
				"west": {"uv": [6.5, 6.5, 7, 7], "texture": "#0"},
				"up": {"uv": [3.5, 6.5, 12.5, 7], "texture": "#0"},
				"down": {"uv": [12.5, 7, 3.5, 6.5], "texture": "#0"}
			}
		},
		{
			"name": "Green Potion",
			"from": [3.5, 7, 8.5],
			"to": [12, 9.5, 9.5],
			"faces": {
				"north": {"uv": [4, 6.5, 12.5, 9], "texture": "#0"},
				"east": {"uv": [6.5, 6.5, 7.5, 9], "texture": "#0"},
				"south": {"uv": [3.5, 6.5, 12, 9], "texture": "#0"},
				"west": {"uv": [8.5, 6.5, 9.5, 9], "texture": "#0"},
				"up": {"uv": [3.5, 8.5, 12, 9.5], "texture": "#0"},
				"down": {"uv": [12.5, 9.5, 4, 8.5], "texture": "#0"}
			}
		},
		{
			"name": "Green Potion",
			"from": [4, 7, 6],
			"to": [12.5, 7.5, 6.5],
			"faces": {
				"north": {"uv": [3.5, 8.5, 12, 9], "texture": "#0"},
				"east": {"uv": [9.5, 8.5, 10, 9], "texture": "#0"},
				"south": {"uv": [4, 8.5, 12.5, 9], "texture": "#0"},
				"west": {"uv": [6, 8.5, 6.5, 9], "texture": "#0"},
				"up": {"uv": [4, 6, 12.5, 6.5], "texture": "#0"},
				"down": {"uv": [12, 6.5, 3.5, 6], "texture": "#0"}
			}
		},
		{
			"name": "Green Potion",
			"from": [4, 9, 6],
			"to": [12.5, 9.5, 6.5],
			"faces": {
				"north": {"uv": [3.5, 6.5, 12, 7], "texture": "#0"},
				"east": {"uv": [9.5, 6.5, 10, 7], "texture": "#0"},
				"south": {"uv": [4, 6.5, 12.5, 7], "texture": "#0"},
				"west": {"uv": [6, 6.5, 6.5, 7], "texture": "#0"},
				"up": {"uv": [4, 6, 12.5, 6.5], "texture": "#0"},
				"down": {"uv": [12, 6.5, 3.5, 6], "texture": "#0"}
			}
		},
		{
			"name": "Green Potion",
			"from": [4, 6, 6.5],
			"to": [12, 7, 7.5],
			"faces": {
				"north": {"uv": [4, 9, 12, 10], "texture": "#0"},
				"east": {"uv": [8.5, 9, 9.5, 10], "texture": "#0"},
				"south": {"uv": [4, 9, 12, 10], "texture": "#0"},
				"west": {"uv": [6.5, 9, 7.5, 10], "texture": "#0"},
				"up": {"uv": [4, 6.5, 12, 7.5], "texture": "#0"},
				"down": {"uv": [12, 7.5, 4, 6.5], "texture": "#0"}
			}
		},
		{
			"name": "Green Potion",
			"from": [4, 9.5, 6.5],
			"to": [12, 10, 7.5],
			"faces": {
				"north": {"uv": [4, 6, 12, 6.5], "texture": "#0"},
				"east": {"uv": [8.5, 6, 9.5, 6.5], "texture": "#0"},
				"south": {"uv": [4, 6, 12, 6.5], "texture": "#0"},
				"west": {"uv": [6.5, 6, 7.5, 6.5], "texture": "#0"},
				"up": {"uv": [4, 6.5, 12, 7.5], "texture": "#0"},
				"down": {"uv": [12, 7.5, 4, 6.5], "texture": "#0"}
			}
		},
		{
			"name": "Green Potion",
			"from": [4, 7, 7],
			"to": [12, 7.5, 8.5],
			"faces": {
				"north": {"uv": [4, 8.5, 12, 9], "texture": "#1"},
				"east": {"uv": [7.5, 8.5, 9, 9], "texture": "#1"},
				"south": {"uv": [4, 8.5, 12, 9], "texture": "#1"},
				"west": {"uv": [7, 8.5, 8.5, 9], "texture": "#1"},
				"up": {"uv": [4, 7, 12, 8.5], "texture": "#1"},
				"down": {"uv": [12, 8.5, 4, 7], "texture": "#1"}
			}
		},
		{
			"name": "Green Potion",
			"from": [4, 9, 7],
			"to": [12, 9.5, 8.5],
			"faces": {
				"north": {"uv": [4, 6.5, 12, 7], "texture": "#1"},
				"east": {"uv": [7.5, 6.5, 9, 7], "texture": "#1"},
				"south": {"uv": [4, 6.5, 12, 7], "texture": "#1"},
				"west": {"uv": [7, 6.5, 8.5, 7], "texture": "#1"},
				"up": {"uv": [4, 7, 12, 8.5], "texture": "#1"},
				"down": {"uv": [12, 8.5, 4, 7], "texture": "#1"}
			}
		},
		{
			"name": "Green Potion",
			"from": [4, 7.5, 7.5],
			"to": [12, 9, 8.5],
			"faces": {
				"north": {"uv": [4, 7, 12, 8.5], "texture": "#1"},
				"east": {"uv": [7.5, 7, 8.5, 8.5], "texture": "#1"},
				"south": {"uv": [4, 7, 12, 8.5], "texture": "#1"},
				"west": {"uv": [7.5, 7, 8.5, 8.5], "texture": "#1"},
				"up": {"uv": [4, 7.5, 12, 8.5], "texture": "#1"},
				"down": {"uv": [12, 8.5, 4, 7.5], "texture": "#1"}
			}
		},
		{
			"name": "Green Potion",
			"from": [4, 6, 8.5],
			"to": [12, 7, 9.5],
			"faces": {
				"north": {"uv": [4, 9, 12, 10], "texture": "#0"},
				"east": {"uv": [6.5, 9, 7.5, 10], "texture": "#0"},
				"south": {"uv": [4, 9, 12, 10], "texture": "#0"},
				"west": {"uv": [8.5, 9, 9.5, 10], "texture": "#0"},
				"up": {"uv": [4, 8.5, 12, 9.5], "texture": "#0"},
				"down": {"uv": [12, 9.5, 4, 8.5], "texture": "#0"}
			}
		},
		{
			"name": "Green Potion",
			"from": [4, 9.5, 8.5],
			"to": [12, 10, 9.5],
			"faces": {
				"north": {"uv": [4, 6, 12, 6.5], "texture": "#0"},
				"east": {"uv": [6.5, 6, 7.5, 6.5], "texture": "#0"},
				"south": {"uv": [4, 6, 12, 6.5], "texture": "#0"},
				"west": {"uv": [8.5, 6, 9.5, 6.5], "texture": "#0"},
				"up": {"uv": [4, 8.5, 12, 9.5], "texture": "#0"},
				"down": {"uv": [12, 9.5, 4, 8.5], "texture": "#0"}
			}
		},
		{
			"name": "Green Potion",
			"from": [4.5, 7.5, 5.5],
			"to": [12.5, 9, 6],
			"faces": {
				"north": {"uv": [3.5, 7, 11.5, 8.5], "texture": "#1"},
				"east": {"uv": [10, 7, 10.5, 8.5], "texture": "#1"},
				"south": {"uv": [4.5, 7, 12.5, 8.5], "texture": "#1"},
				"west": {"uv": [5.5, 7, 6, 8.5], "texture": "#1"},
				"up": {"uv": [4.5, 5.5, 12.5, 6], "texture": "#1"},
				"down": {"uv": [11.5, 6, 3.5, 5.5], "texture": "#1"}
			}
		},
		{
			"name": "Green Potion",
			"from": [4.5, 5.5, 6.5],
			"to": [11.5, 6, 7.5],
			"faces": {
				"north": {"uv": [4.5, 10, 11.5, 10.5], "texture": "#0"},
				"east": {"uv": [8.5, 10, 9.5, 10.5], "texture": "#0"},
				"south": {"uv": [4.5, 10, 11.5, 10.5], "texture": "#0"},
				"west": {"uv": [6.5, 10, 7.5, 10.5], "texture": "#0"},
				"up": {"uv": [4.5, 6.5, 11.5, 7.5], "texture": "#0"},
				"down": {"uv": [11.5, 7.5, 4.5, 6.5], "texture": "#0"}
			}
		},
		{
			"name": "Green Potion",
			"from": [4.5, 0, 7],
			"to": [11.5, 0.5, 9],
			"faces": {
				"north": {"uv": [4.5, 15.5, 11.5, 16], "texture": "#0"},
				"east": {"uv": [7, 15.5, 9, 16], "texture": "#0"},
				"south": {"uv": [4.5, 15.5, 11.5, 16], "texture": "#0"},
				"west": {"uv": [7, 15.5, 9, 16], "texture": "#0"},
				"up": {"uv": [4.5, 7, 11.5, 9], "texture": "#0"},
				"down": {"uv": [11.5, 9, 4.5, 7], "texture": "#0"}
			}
		},
		{
			"name": "Green Potion",
			"from": [4.5, 6, 7.5],
			"to": [11.5, 7, 8.5],
			"faces": {
				"north": {"uv": [4.5, 9, 11.5, 10], "texture": "#1"},
				"east": {"uv": [7.5, 9, 8.5, 10], "texture": "#1"},
				"south": {"uv": [4.5, 9, 11.5, 10], "texture": "#1"},
				"west": {"uv": [7.5, 9, 8.5, 10], "texture": "#1"},
				"up": {"uv": [4.5, 7.5, 11.5, 8.5], "texture": "#1"},
				"down": {"uv": [11.5, 8.5, 4.5, 7.5], "texture": "#1"}
			}
		},
		{
			"name": "Green Potion",
			"from": [4.5, 9.5, 7.5],
			"to": [11.5, 10, 8.5],
			"faces": {
				"north": {"uv": [4.5, 6, 11.5, 6.5], "texture": "#1"},
				"east": {"uv": [7.5, 6, 8.5, 6.5], "texture": "#1"},
				"south": {"uv": [4.5, 6, 11.5, 6.5], "texture": "#1"},
				"west": {"uv": [7.5, 6, 8.5, 6.5], "texture": "#1"},
				"up": {"uv": [4.5, 7.5, 11.5, 8.5], "texture": "#1"},
				"down": {"uv": [11.5, 8.5, 4.5, 7.5], "texture": "#1"}
			}
		},
		{
			"name": "Green Potion",
			"from": [4.5, 5, 8.5],
			"to": [11, 6, 9],
			"faces": {
				"north": {"uv": [5, 10, 11.5, 11], "texture": "#0"},
				"east": {"uv": [7, 10, 7.5, 11], "texture": "#0"},
				"south": {"uv": [4.5, 10, 11, 11], "texture": "#0"},
				"west": {"uv": [8.5, 10, 9, 11], "texture": "#0"},
				"up": {"uv": [4.5, 8.5, 11, 9], "texture": "#0"},
				"down": {"uv": [11.5, 9, 5, 8.5], "texture": "#0"}
			}
		},
		{
			"name": "Green Potion",
			"from": [4.5, 5.5, 9],
			"to": [11.5, 6, 9.5],
			"faces": {
				"north": {"uv": [4.5, 10, 11.5, 10.5], "texture": "#0"},
				"east": {"uv": [6.5, 10, 7, 10.5], "texture": "#0"},
				"south": {"uv": [4.5, 10, 11.5, 10.5], "texture": "#0"},
				"west": {"uv": [9, 10, 9.5, 10.5], "texture": "#0"},
				"up": {"uv": [4.5, 9, 11.5, 9.5], "texture": "#0"},
				"down": {"uv": [11.5, 9.5, 4.5, 9], "texture": "#0"}
			}
		},
		{
			"name": "Green Potion",
			"from": [4.5, 7, 9.5],
			"to": [12, 9.5, 10],
			"faces": {
				"north": {"uv": [4, 6.5, 11.5, 9], "texture": "#0"},
				"east": {"uv": [6, 6.5, 6.5, 9], "texture": "#0"},
				"south": {"uv": [4.5, 6.5, 12, 9], "texture": "#0"},
				"west": {"uv": [9.5, 6.5, 10, 9], "texture": "#0"},
				"up": {"uv": [4.5, 9.5, 12, 10], "texture": "#0"},
				"down": {"uv": [11.5, 10, 4, 9.5], "texture": "#0"}
			}
		},
		{
			"name": "Green Potion",
			"from": [4.5, 7.5, 10],
			"to": [11.5, 9, 10.5],
			"faces": {
				"north": {"uv": [4.5, 7, 11.5, 8.5], "texture": "#1"},
				"east": {"uv": [5.5, 7, 6, 8.5], "texture": "#1"},
				"south": {"uv": [4.5, 7, 11.5, 8.5], "texture": "#1"},
				"west": {"uv": [10, 7, 10.5, 8.5], "texture": "#1"},
				"up": {"uv": [4.5, 10, 11.5, 10.5], "texture": "#1"},
				"down": {"uv": [11.5, 10.5, 4.5, 10], "texture": "#1"}
			}
		},
		{
			"name": "Green Potion",
			"from": [4.5, 8, 10.5],
			"to": [11, 9, 11.5],
			"faces": {
				"north": {"uv": [5, 7, 11.5, 8], "texture": "#1"},
				"east": {"uv": [4.5, 7, 5.5, 8], "texture": "#1"},
				"south": {"uv": [4.5, 7, 11, 8], "texture": "#1"},
				"west": {"uv": [10.5, 7, 11.5, 8], "texture": "#1"},
				"up": {"uv": [4.5, 10.5, 11, 11.5], "texture": "#1"},
				"down": {"uv": [11.5, 11.5, 5, 10.5], "texture": "#1"}
			}
		},
		{
			"name": "Green Potion",
			"from": [4.5, 7.5, 11],
			"to": [11, 8, 11.5],
			"faces": {
				"north": {"uv": [5, 8, 11.5, 8.5], "texture": "#1"},
				"east": {"uv": [4.5, 8, 5, 8.5], "texture": "#1"},
				"south": {"uv": [4.5, 8, 11, 8.5], "texture": "#1"},
				"west": {"uv": [11, 8, 11.5, 8.5], "texture": "#1"},
				"up": {"uv": [4.5, 11, 11, 11.5], "texture": "#1"},
				"down": {"uv": [11.5, 11.5, 5, 11], "texture": "#1"}
			}
		},
		{
			"name": "Green Potion",
			"from": [5, 7.5, 4],
			"to": [6, 9, 5.5],
			"faces": {
				"north": {"uv": [10, 7, 11, 8.5], "texture": "#1"},
				"east": {"uv": [10.5, 7, 12, 8.5], "texture": "#1"},
				"south": {"uv": [5, 7, 6, 8.5], "texture": "#1"},
				"west": {"uv": [4, 7, 5.5, 8.5], "texture": "#1"},
				"up": {"uv": [5, 4, 6, 5.5], "texture": "#1"},
				"down": {"uv": [11, 5.5, 10, 4], "texture": "#1"}
			}
		},
		{
			"name": "Green Potion",
			"from": [5, 6.5, 4.5],
			"to": [10.5, 7, 6.5],
			"faces": {
				"north": {"uv": [5.5, 9, 11, 9.5], "texture": "#1"},
				"east": {"uv": [9.5, 9, 11.5, 9.5], "texture": "#1"},
				"south": {"uv": [5, 9, 10.5, 9.5], "texture": "#1"},
				"west": {"uv": [4.5, 9, 6.5, 9.5], "texture": "#1"},
				"up": {"uv": [5, 4.5, 10.5, 6.5], "texture": "#1"},
				"down": {"uv": [11, 6.5, 5.5, 4.5], "texture": "#1"}
			}
		},
		{
			"name": "Green Potion",
			"from": [5, 7, 4.5],
			"to": [10.5, 7.5, 6],
			"faces": {
				"north": {"uv": [5.5, 8.5, 11, 9], "texture": "#1"},
				"east": {"uv": [10, 8.5, 11.5, 9], "texture": "#1"},
				"south": {"uv": [5, 8.5, 10.5, 9], "texture": "#1"},
				"west": {"uv": [4.5, 8.5, 6, 9], "texture": "#1"},
				"up": {"uv": [5, 4.5, 10.5, 6], "texture": "#1"},
				"down": {"uv": [11, 6, 5.5, 4.5], "texture": "#1"}
			}
		},
		{
			"name": "Green Potion",
			"from": [5, 9, 4.5],
			"to": [10.5, 9.5, 6],
			"faces": {
				"north": {"uv": [5.5, 6.5, 11, 7], "texture": "#1"},
				"east": {"uv": [10, 6.5, 11.5, 7], "texture": "#1"},
				"south": {"uv": [5, 6.5, 10.5, 7], "texture": "#1"},
				"west": {"uv": [4.5, 6.5, 6, 7], "texture": "#1"},
				"up": {"uv": [5, 4.5, 10.5, 6], "texture": "#1"},
				"down": {"uv": [11, 6, 5.5, 4.5], "texture": "#1"}
			}
		},
		{
			"name": "Green Potion",
			"from": [5, 0, 6],
			"to": [11, 0.5, 7],
			"faces": {
				"north": {"uv": [5, 15.5, 11, 16], "texture": "#0"},
				"east": {"uv": [9, 15.5, 10, 16], "texture": "#0"},
				"south": {"uv": [5, 15.5, 11, 16], "texture": "#0"},
				"west": {"uv": [6, 15.5, 7, 16], "texture": "#0"},
				"up": {"uv": [5, 6, 11, 7], "texture": "#0"},
				"down": {"uv": [11, 7, 5, 6], "texture": "#0"}
			}
		},
		{
			"name": "Green Potion",
			"from": [5, 6, 6],
			"to": [11.5, 6.5, 6.5],
			"faces": {
				"north": {"uv": [4.5, 9.5, 11, 10], "texture": "#0"},
				"east": {"uv": [9.5, 9.5, 10, 10], "texture": "#0"},
				"south": {"uv": [5, 9.5, 11.5, 10], "texture": "#0"},
				"west": {"uv": [6, 9.5, 6.5, 10], "texture": "#0"},
				"up": {"uv": [5, 6, 11.5, 6.5], "texture": "#0"},
				"down": {"uv": [11, 6.5, 4.5, 6], "texture": "#0"}
			}
		},
		{
			"name": "Green Potion",
			"from": [5, 9.5, 6],
			"to": [12, 10, 6.5],
			"faces": {
				"north": {"uv": [4, 6, 11, 6.5], "texture": "#0"},
				"east": {"uv": [9.5, 6, 10, 6.5], "texture": "#0"},
				"south": {"uv": [5, 6, 12, 6.5], "texture": "#0"},
				"west": {"uv": [6, 6, 6.5, 6.5], "texture": "#0"},
				"up": {"uv": [5, 6, 12, 6.5], "texture": "#0"},
				"down": {"uv": [11, 6.5, 4, 6], "texture": "#0"}
			}
		},
		{
			"name": "Green Potion",
			"from": [5, 0.5, 6.5],
			"to": [11, 1, 9.5],
			"faces": {
				"north": {"uv": [5, 15, 11, 15.5], "texture": "#0"},
				"east": {"uv": [6.5, 15, 9.5, 15.5], "texture": "#0"},
				"south": {"uv": [5, 15, 11, 15.5], "texture": "#0"},
				"west": {"uv": [6.5, 15, 9.5, 15.5], "texture": "#0"},
				"up": {"uv": [5, 6.5, 11, 9.5], "texture": "#0"},
				"down": {"uv": [11, 9.5, 5, 6.5], "texture": "#0"}
			}
		},
		{
			"name": "Green Potion",
			"from": [5, 4.5, 6.5],
			"to": [11, 5.5, 7.5],
			"faces": {
				"north": {"uv": [5, 10.5, 11, 11.5], "texture": "#0"},
				"east": {"uv": [8.5, 10.5, 9.5, 11.5], "texture": "#0"},
				"south": {"uv": [5, 10.5, 11, 11.5], "texture": "#0"},
				"west": {"uv": [6.5, 10.5, 7.5, 11.5], "texture": "#0"},
				"up": {"uv": [5, 6.5, 11, 7.5], "texture": "#0"},
				"down": {"uv": [11, 7.5, 5, 6.5], "texture": "#0"}
			}
		},
		{
			"name": "Green Potion",
			"from": [5, 10, 6.5],
			"to": [11, 10.5, 9.5],
			"faces": {
				"north": {"uv": [5, 5.5, 11, 6], "texture": "#0"},
				"east": {"uv": [6.5, 5.5, 9.5, 6], "texture": "#0"},
				"south": {"uv": [5, 5.5, 11, 6], "texture": "#0"},
				"west": {"uv": [6.5, 5.5, 9.5, 6], "texture": "#0"},
				"up": {"uv": [5, 6.5, 11, 9.5], "texture": "#0"},
				"down": {"uv": [11, 9.5, 5, 6.5], "texture": "#0"}
			}
		},
		{
			"name": "Green Potion",
			"from": [5, 1, 7],
			"to": [11, 1.5, 9],
			"faces": {
				"north": {"uv": [5, 14.5, 11, 15], "texture": "#1"},
				"east": {"uv": [7, 14.5, 9, 15], "texture": "#1"},
				"south": {"uv": [5, 14.5, 11, 15], "texture": "#1"},
				"west": {"uv": [7, 14.5, 9, 15], "texture": "#1"},
				"up": {"uv": [5, 7, 11, 9], "texture": "#1"},
				"down": {"uv": [11, 9, 5, 7], "texture": "#1"}
			}
		},
		{
			"name": "Green Potion",
			"from": [5, 2.5, 7],
			"to": [11, 3, 7.5],
			"faces": {
				"north": {"uv": [5, 13, 11, 13.5], "texture": "#1"},
				"east": {"uv": [8.5, 13, 9, 13.5], "texture": "#1"},
				"south": {"uv": [5, 13, 11, 13.5], "texture": "#1"},
				"west": {"uv": [7, 13, 7.5, 13.5], "texture": "#1"},
				"up": {"uv": [5, 7, 11, 7.5], "texture": "#1"},
				"down": {"uv": [11, 7.5, 5, 7], "texture": "#1"}
			}
		},
		{
			"name": "Green Potion",
			"from": [5, 1.5, 7.5],
			"to": [11, 2, 8.5],
			"faces": {
				"north": {"uv": [5, 14, 11, 14.5], "texture": "#1"},
				"east": {"uv": [7.5, 14, 8.5, 14.5], "texture": "#1"},
				"south": {"uv": [5, 14, 11, 14.5], "texture": "#1"},
				"west": {"uv": [7.5, 14, 8.5, 14.5], "texture": "#1"},
				"up": {"uv": [5, 7.5, 11, 8.5], "texture": "#1"},
				"down": {"uv": [11, 8.5, 5, 7.5], "texture": "#1"}
			}
		},
		{
			"name": "Green Potion",
			"from": [5, 5, 7.5],
			"to": [11, 6, 8.5],
			"faces": {
				"north": {"uv": [5, 10, 11, 11], "texture": "#1"},
				"east": {"uv": [7.5, 10, 8.5, 11], "texture": "#1"},
				"south": {"uv": [5, 10, 11, 11], "texture": "#1"},
				"west": {"uv": [7.5, 10, 8.5, 11], "texture": "#1"},
				"up": {"uv": [5, 7.5, 11, 8.5], "texture": "#1"},
				"down": {"uv": [11, 8.5, 5, 7.5], "texture": "#1"}
			}
		},
		{
			"name": "Green Potion",
			"from": [5, 4.5, 8],
			"to": [10.5, 5, 9],
			"faces": {
				"north": {"uv": [5.5, 11, 11, 11.5], "texture": "#1"},
				"east": {"uv": [7, 11, 8, 11.5], "texture": "#1"},
				"south": {"uv": [5, 11, 10.5, 11.5], "texture": "#1"},
				"west": {"uv": [8, 11, 9, 11.5], "texture": "#1"},
				"up": {"uv": [5, 8, 10.5, 9], "texture": "#1"},
				"down": {"uv": [11, 9, 5.5, 8], "texture": "#1"}
			}
		},
		{
			"name": "Green Potion",
			"from": [5, 2, 8.5],
			"to": [10.5, 3, 9],
			"faces": {
				"north": {"uv": [5.5, 13, 11, 14], "texture": "#1"},
				"east": {"uv": [7, 13, 7.5, 14], "texture": "#1"},
				"south": {"uv": [5, 13, 10.5, 14], "texture": "#1"},
				"west": {"uv": [8.5, 13, 9, 14], "texture": "#1"},
				"up": {"uv": [5, 8.5, 10.5, 9], "texture": "#1"},
				"down": {"uv": [11, 9, 5.5, 8.5], "texture": "#1"}
			}
		},
		{
			"name": "Green Potion",
			"from": [5, 4, 8.5],
			"to": [10.5, 4.5, 9],
			"faces": {
				"north": {"uv": [5.5, 11.5, 11, 12], "texture": "#1"},
				"east": {"uv": [7, 11.5, 7.5, 12], "texture": "#1"},
				"south": {"uv": [5, 11.5, 10.5, 12], "texture": "#1"},
				"west": {"uv": [8.5, 11.5, 9, 12], "texture": "#1"},
				"up": {"uv": [5, 8.5, 10.5, 9], "texture": "#1"},
				"down": {"uv": [11, 9, 5.5, 8.5], "texture": "#1"}
			}
		},
		{
			"name": "Green Potion",
			"from": [5, 0, 9],
			"to": [11, 0.5, 10],
			"faces": {
				"north": {"uv": [5, 15.5, 11, 16], "texture": "#0"},
				"east": {"uv": [6, 15.5, 7, 16], "texture": "#0"},
				"south": {"uv": [5, 15.5, 11, 16], "texture": "#0"},
				"west": {"uv": [9, 15.5, 10, 16], "texture": "#0"},
				"up": {"uv": [5, 9, 11, 10], "texture": "#0"},
				"down": {"uv": [11, 10, 5, 9], "texture": "#0"}
			}
		},
		{
			"name": "Green Potion",
			"from": [5, 6, 9.5],
			"to": [11, 7, 10],
			"faces": {
				"north": {"uv": [5, 9, 11, 10], "texture": "#1"},
				"east": {"uv": [6, 9, 6.5, 10], "texture": "#1"},
				"south": {"uv": [5, 9, 11, 10], "texture": "#1"},
				"west": {"uv": [9.5, 9, 10, 10], "texture": "#1"},
				"up": {"uv": [5, 9.5, 11, 10], "texture": "#1"},
				"down": {"uv": [11, 10, 5, 9.5], "texture": "#1"}
			}
		},
		{
			"name": "Green Potion",
			"from": [5, 9.5, 9.5],
			"to": [10.5, 10, 11],
			"faces": {
				"north": {"uv": [5.5, 6, 11, 6.5], "texture": "#1"},
				"east": {"uv": [5, 6, 6.5, 6.5], "texture": "#1"},
				"south": {"uv": [5, 6, 10.5, 6.5], "texture": "#1"},
				"west": {"uv": [9.5, 6, 11, 6.5], "texture": "#1"},
				"up": {"uv": [5, 9.5, 10.5, 11], "texture": "#1"},
				"down": {"uv": [11, 11, 5.5, 9.5], "texture": "#1"}
			}
		},
		{
			"name": "Green Potion",
			"from": [5, 6.5, 10],
			"to": [6, 7.5, 11.5],
			"faces": {
				"north": {"uv": [10, 8.5, 11, 9.5], "texture": "#1"},
				"east": {"uv": [4.5, 8.5, 6, 9.5], "texture": "#1"},
				"south": {"uv": [5, 8.5, 6, 9.5], "texture": "#1"},
				"west": {"uv": [10, 8.5, 11.5, 9.5], "texture": "#1"},
				"up": {"uv": [5, 10, 6, 11.5], "texture": "#1"},
				"down": {"uv": [11, 11.5, 10, 10], "texture": "#1"}
			}
		},
		{
			"name": "Green Potion",
			"from": [5, 9, 10],
			"to": [11, 9.5, 11.5],
			"faces": {
				"north": {"uv": [5, 6.5, 11, 7], "texture": "#1"},
				"east": {"uv": [4.5, 6.5, 6, 7], "texture": "#1"},
				"south": {"uv": [5, 6.5, 11, 7], "texture": "#1"},
				"west": {"uv": [10, 6.5, 11.5, 7], "texture": "#1"},
				"up": {"uv": [5, 10, 11, 11.5], "texture": "#1"},
				"down": {"uv": [11, 11.5, 5, 10], "texture": "#1"}
			}
		},
		{
			"name": "Green Potion",
			"from": [5, 6, 10.5],
			"to": [10.5, 6.5, 11],
			"faces": {
				"north": {"uv": [5.5, 9.5, 11, 10], "texture": "#1"},
				"east": {"uv": [5, 9.5, 5.5, 10], "texture": "#1"},
				"south": {"uv": [5, 9.5, 10.5, 10], "texture": "#1"},
				"west": {"uv": [10.5, 9.5, 11, 10], "texture": "#1"},
				"up": {"uv": [5, 10.5, 10.5, 11], "texture": "#1"},
				"down": {"uv": [11, 11, 5.5, 10.5], "texture": "#1"}
			}
		},
		{
			"name": "Green Potion",
			"from": [5, 7.5, 10.5],
			"to": [11, 8, 11],
			"faces": {
				"north": {"uv": [5, 8, 11, 8.5], "texture": "#1"},
				"east": {"uv": [5, 8, 5.5, 8.5], "texture": "#1"},
				"south": {"uv": [5, 8, 11, 8.5], "texture": "#1"},
				"west": {"uv": [10.5, 8, 11, 8.5], "texture": "#1"},
				"up": {"uv": [5, 10.5, 11, 11], "texture": "#1"},
				"down": {"uv": [11, 11, 5, 10.5], "texture": "#1"}
			}
		},
		{
			"name": "Green Potion",
			"from": [5, 8, 11.5],
			"to": [5.5, 8.5, 12],
			"faces": {
				"north": {"uv": [10.5, 7.5, 11, 8], "texture": "#1"},
				"east": {"uv": [4, 7.5, 4.5, 8], "texture": "#1"},
				"south": {"uv": [5, 7.5, 5.5, 8], "texture": "#1"},
				"west": {"uv": [11.5, 7.5, 12, 8], "texture": "#1"},
				"up": {"uv": [5, 11.5, 5.5, 12], "texture": "#1"},
				"down": {"uv": [11, 12, 10.5, 11.5], "texture": "#1"}
			}
		},
		{
			"name": "Green Potion",
			"from": [5.5, 6, 4.5],
			"to": [6, 6.5, 6],
			"faces": {
				"north": {"uv": [10, 9.5, 10.5, 10], "texture": "#1"},
				"east": {"uv": [10, 9.5, 11.5, 10], "texture": "#1"},
				"south": {"uv": [5.5, 9.5, 6, 10], "texture": "#1"},
				"west": {"uv": [4.5, 9.5, 6, 10], "texture": "#1"},
				"up": {"uv": [5.5, 4.5, 6, 6], "texture": "#1"},
				"down": {"uv": [10.5, 6, 10, 4.5], "texture": "#1"}
			}
		},
		{
			"name": "Green Potion",
			"from": [5.5, 9.5, 4.5],
			"to": [6, 10, 6],
			"faces": {
				"north": {"uv": [10, 6, 10.5, 6.5], "texture": "#1"},
				"east": {"uv": [10, 6, 11.5, 6.5], "texture": "#1"},
				"south": {"uv": [5.5, 6, 6, 6.5], "texture": "#1"},
				"west": {"uv": [4.5, 6, 6, 6.5], "texture": "#1"},
				"up": {"uv": [5.5, 4.5, 6, 6], "texture": "#1"},
				"down": {"uv": [10.5, 6, 10, 4.5], "texture": "#1"}
			}
		},
		{
			"name": "Green Potion",
			"from": [5.5, 5.5, 5],
			"to": [10, 6, 6.5],
			"faces": {
				"north": {"uv": [6, 10, 10.5, 10.5], "texture": "#1"},
				"east": {"uv": [9.5, 10, 11, 10.5], "texture": "#1"},
				"south": {"uv": [5.5, 10, 10, 10.5], "texture": "#1"},
				"west": {"uv": [5, 10, 6.5, 10.5], "texture": "#1"},
				"up": {"uv": [5.5, 5, 10, 6.5], "texture": "#1"},
				"down": {"uv": [10.5, 6.5, 6, 5], "texture": "#1"}
			}
		},
		{
			"name": "Green Potion",
			"from": [5.5, 0, 5.5],
			"to": [10.5, 1, 6],
			"faces": {
				"north": {"uv": [5.5, 15, 10.5, 16], "texture": "#0"},
				"east": {"uv": [10, 15, 10.5, 16], "texture": "#0"},
				"south": {"uv": [5.5, 15, 10.5, 16], "texture": "#0"},
				"west": {"uv": [5.5, 15, 6, 16], "texture": "#0"},
				"up": {"uv": [5.5, 5.5, 10.5, 6], "texture": "#0"},
				"down": {"uv": [10.5, 6, 5.5, 5.5], "texture": "#0"}
			}
		},
		{
			"name": "Green Potion",
			"from": [5.5, 5, 5.5],
			"to": [10, 5.5, 6.5],
			"faces": {
				"north": {"uv": [6, 10.5, 10.5, 11], "texture": "#1"},
				"east": {"uv": [9.5, 10.5, 10.5, 11], "texture": "#1"},
				"south": {"uv": [5.5, 10.5, 10, 11], "texture": "#1"},
				"west": {"uv": [5.5, 10.5, 6.5, 11], "texture": "#1"},
				"up": {"uv": [5.5, 5.5, 10, 6.5], "texture": "#1"},
				"down": {"uv": [10.5, 6.5, 6, 5.5], "texture": "#1"}
			}
		},
		{
			"name": "Green Potion",
			"from": [5.5, 0.5, 6],
			"to": [10.5, 2, 6.5],
			"faces": {
				"north": {"uv": [5.5, 14, 10.5, 15.5], "texture": "#1"},
				"east": {"uv": [9.5, 14, 10, 15.5], "texture": "#1"},
				"south": {"uv": [5.5, 14, 10.5, 15.5], "texture": "#1"},
				"west": {"uv": [6, 14, 6.5, 15.5], "texture": "#1"},
				"up": {"uv": [5.5, 6, 10.5, 6.5], "texture": "#1"},
				"down": {"uv": [10.5, 6.5, 5.5, 6], "texture": "#1"}
			}
		},
		{
			"name": "Green Potion",
			"from": [5.5, 1, 6.5],
			"to": [10.5, 2.5, 7],
			"faces": {
				"north": {"uv": [5.5, 13.5, 10.5, 15], "texture": "#1"},
				"east": {"uv": [9, 13.5, 9.5, 15], "texture": "#1"},
				"south": {"uv": [5.5, 13.5, 10.5, 15], "texture": "#1"},
				"west": {"uv": [6.5, 13.5, 7, 15], "texture": "#1"},
				"up": {"uv": [5.5, 6.5, 10.5, 7], "texture": "#1"},
				"down": {"uv": [10.5, 7, 5.5, 6.5], "texture": "#1"}
			}
		},
		{
			"name": "Green Potion",
			"from": [5.5, 4, 6.5],
			"to": [10.5, 4.5, 8.5],
			"faces": {
				"north": {"uv": [5.5, 11.5, 10.5, 12], "texture": "#1"},
				"east": {"uv": [7.5, 11.5, 9.5, 12], "texture": "#1"},
				"south": {"uv": [5.5, 11.5, 10.5, 12], "texture": "#1"},
				"west": {"uv": [6.5, 11.5, 8.5, 12], "texture": "#1"},
				"up": {"uv": [5.5, 6.5, 10.5, 8.5], "texture": "#1"},
				"down": {"uv": [10.5, 8.5, 5.5, 6.5], "texture": "#1"}
			}
		},
		{
			"name": "Green Potion",
			"from": [5.5, 1.5, 7],
			"to": [10.5, 2.5, 7.5],
			"faces": {
				"north": {"uv": [5.5, 13.5, 10.5, 14.5], "texture": "#1"},
				"east": {"uv": [8.5, 13.5, 9, 14.5], "texture": "#1"},
				"south": {"uv": [5.5, 13.5, 10.5, 14.5], "texture": "#1"},
				"west": {"uv": [7, 13.5, 7.5, 14.5], "texture": "#1"},
				"up": {"uv": [5.5, 7, 10.5, 7.5], "texture": "#1"},
				"down": {"uv": [10.5, 7.5, 5.5, 7], "texture": "#1"}
			}
		},
		{
			"name": "Green Potion",
			"from": [5.5, 3, 7],
			"to": [10.5, 4, 9],
			"faces": {
				"north": {"uv": [5.5, 12, 10.5, 13], "texture": "#1"},
				"east": {"uv": [7, 12, 9, 13], "texture": "#1"},
				"south": {"uv": [5.5, 12, 10.5, 13], "texture": "#1"},
				"west": {"uv": [7, 12, 9, 13], "texture": "#1"},
				"up": {"uv": [5.5, 7, 10.5, 9], "texture": "#1"},
				"down": {"uv": [10.5, 9, 5.5, 7], "texture": "#1"}
			}
		},
		{
			"name": "Green Potion",
			"from": [5.5, 10.5, 7],
			"to": [10.5, 11, 9],
			"faces": {
				"north": {"uv": [5.5, 5, 10.5, 5.5], "texture": "#2"},
				"east": {"uv": [7, 5, 9, 5.5], "texture": "#2"},
				"south": {"uv": [5.5, 5, 10.5, 5.5], "texture": "#2"},
				"west": {"uv": [7, 5, 9, 5.5], "texture": "#2"},
				"up": {"uv": [5.5, 7, 10.5, 9], "texture": "#2"},
				"down": {"uv": [10.5, 9, 5.5, 7], "texture": "#2"}
			}
		},
		{
			"name": "Green Potion",
			"from": [5.5, 2, 7.5],
			"to": [10.5, 3, 8.5],
			"faces": {
				"north": {"uv": [5.5, 13, 10.5, 14], "texture": "#1"},
				"east": {"uv": [7.5, 13, 8.5, 14], "texture": "#1"},
				"south": {"uv": [5.5, 13, 10.5, 14], "texture": "#1"},
				"west": {"uv": [7.5, 13, 8.5, 14], "texture": "#1"},
				"up": {"uv": [5.5, 7.5, 10.5, 8.5], "texture": "#1"},
				"down": {"uv": [10.5, 8.5, 5.5, 7.5], "texture": "#1"}
			}
		},
		{
			"name": "Green Potion",
			"from": [5.5, 4.5, 7.5],
			"to": [10.5, 5, 8],
			"faces": {
				"north": {"uv": [5.5, 11, 10.5, 11.5], "texture": "#1"},
				"east": {"uv": [8, 11, 8.5, 11.5], "texture": "#1"},
				"south": {"uv": [5.5, 11, 10.5, 11.5], "texture": "#1"},
				"west": {"uv": [7.5, 11, 8, 11.5], "texture": "#1"},
				"up": {"uv": [5.5, 7.5, 10.5, 8], "texture": "#1"},
				"down": {"uv": [10.5, 8, 5.5, 7.5], "texture": "#1"}
			}
		},
		{
			"name": "Green Potion",
			"from": [5.5, 1.5, 8.5],
			"to": [10.5, 2, 9.5],
			"faces": {
				"north": {"uv": [5.5, 14, 10.5, 14.5], "texture": "#1"},
				"east": {"uv": [6.5, 14, 7.5, 14.5], "texture": "#1"},
				"south": {"uv": [5.5, 14, 10.5, 14.5], "texture": "#1"},
				"west": {"uv": [8.5, 14, 9.5, 14.5], "texture": "#1"},
				"up": {"uv": [5.5, 8.5, 10.5, 9.5], "texture": "#1"},
				"down": {"uv": [10.5, 9.5, 5.5, 8.5], "texture": "#1"}
			}
		},
		{
			"name": "Green Potion",
			"from": [5.5, 1, 9],
			"to": [10.5, 1.5, 10],
			"faces": {
				"north": {"uv": [5.5, 14.5, 10.5, 15], "texture": "#1"},
				"east": {"uv": [6, 14.5, 7, 15], "texture": "#1"},
				"south": {"uv": [5.5, 14.5, 10.5, 15], "texture": "#1"},
				"west": {"uv": [9, 14.5, 10, 15], "texture": "#1"},
				"up": {"uv": [5.5, 9, 10.5, 10], "texture": "#1"},
				"down": {"uv": [10.5, 10, 5.5, 9], "texture": "#1"}
			}
		},
		{
			"name": "Green Potion",
			"from": [5.5, 2, 9],
			"to": [10.5, 2.5, 9.5],
			"faces": {
				"north": {"uv": [5.5, 13.5, 10.5, 14], "texture": "#1"},
				"east": {"uv": [6.5, 13.5, 7, 14], "texture": "#1"},
				"south": {"uv": [5.5, 13.5, 10.5, 14], "texture": "#1"},
				"west": {"uv": [9, 13.5, 9.5, 14], "texture": "#1"},
				"up": {"uv": [5.5, 9, 10.5, 9.5], "texture": "#1"},
				"down": {"uv": [10.5, 9.5, 5.5, 9], "texture": "#1"}
			}
		},
		{
			"name": "Green Potion",
			"from": [5.5, 4, 9],
			"to": [10.5, 5.5, 9.5],
			"faces": {
				"north": {"uv": [5.5, 10.5, 10.5, 12], "texture": "#0"},
				"east": {"uv": [6.5, 10.5, 7, 12], "texture": "#0"},
				"south": {"uv": [5.5, 10.5, 10.5, 12], "texture": "#0"},
				"west": {"uv": [9, 10.5, 9.5, 12], "texture": "#0"},
				"up": {"uv": [5.5, 9, 10.5, 9.5], "texture": "#0"},
				"down": {"uv": [10.5, 9.5, 5.5, 9], "texture": "#0"}
			}
		},
		{
			"name": "Green Potion",
			"from": [5.5, 0.5, 9.5],
			"to": [10.5, 1, 10.5],
			"faces": {
				"north": {"uv": [5.5, 15, 10.5, 15.5], "texture": "#0"},
				"east": {"uv": [5.5, 15, 6.5, 15.5], "texture": "#0"},
				"south": {"uv": [5.5, 15, 10.5, 15.5], "texture": "#0"},
				"west": {"uv": [9.5, 15, 10.5, 15.5], "texture": "#0"},
				"up": {"uv": [5.5, 9.5, 10.5, 10.5], "texture": "#0"},
				"down": {"uv": [10.5, 10.5, 5.5, 9.5], "texture": "#0"}
			}
		},
		{
			"name": "Green Potion",
			"from": [5.5, 5, 9.5],
			"to": [10, 6, 10.5],
			"faces": {
				"north": {"uv": [6, 10, 10.5, 11], "texture": "#1"},
				"east": {"uv": [5.5, 10, 6.5, 11], "texture": "#1"},
				"south": {"uv": [5.5, 10, 10, 11], "texture": "#1"},
				"west": {"uv": [9.5, 10, 10.5, 11], "texture": "#1"},
				"up": {"uv": [5.5, 9.5, 10, 10.5], "texture": "#1"},
				"down": {"uv": [10.5, 10.5, 6, 9.5], "texture": "#1"}
			}
		},
		{
			"name": "Green Potion",
			"from": [5.5, 10, 9.5],
			"to": [10, 10.5, 10.5],
			"faces": {
				"north": {"uv": [6, 5.5, 10.5, 6], "texture": "#0"},
				"east": {"uv": [5.5, 5.5, 6.5, 6], "texture": "#0"},
				"south": {"uv": [5.5, 5.5, 10, 6], "texture": "#0"},
				"west": {"uv": [9.5, 5.5, 10.5, 6], "texture": "#0"},
				"up": {"uv": [5.5, 9.5, 10, 10.5], "texture": "#0"},
				"down": {"uv": [10.5, 10.5, 6, 9.5], "texture": "#0"}
			}
		},
		{
			"name": "Green Potion",
			"from": [5.5, 0, 10],
			"to": [10.5, 0.5, 10.5],
			"faces": {
				"north": {"uv": [5.5, 15.5, 10.5, 16], "texture": "#0"},
				"east": {"uv": [5.5, 15.5, 6, 16], "texture": "#0"},
				"south": {"uv": [5.5, 15.5, 10.5, 16], "texture": "#0"},
				"west": {"uv": [10, 15.5, 10.5, 16], "texture": "#0"},
				"up": {"uv": [5.5, 10, 10.5, 10.5], "texture": "#0"},
				"down": {"uv": [10.5, 10.5, 5.5, 10], "texture": "#0"}
			}
		},
		{
			"name": "Green Potion",
			"from": [5.5, 6, 10],
			"to": [10.5, 6.5, 10.5],
			"faces": {
				"north": {"uv": [5.5, 9.5, 10.5, 10], "texture": "#1"},
				"east": {"uv": [5.5, 9.5, 6, 10], "texture": "#1"},
				"south": {"uv": [5.5, 9.5, 10.5, 10], "texture": "#1"},
				"west": {"uv": [10, 9.5, 10.5, 10], "texture": "#1"},
				"up": {"uv": [5.5, 10, 10.5, 10.5], "texture": "#1"},
				"down": {"uv": [10.5, 10.5, 5.5, 10], "texture": "#1"}
			}
		},
		{
			"name": "Green Potion",
			"from": [5.5, 5.5, 10.5],
			"to": [10.5, 6, 11],
			"faces": {
				"north": {"uv": [5.5, 10, 10.5, 10.5], "texture": "#1"},
				"east": {"uv": [5, 10, 5.5, 10.5], "texture": "#1"},
				"south": {"uv": [5.5, 10, 10.5, 10.5], "texture": "#1"},
				"west": {"uv": [10.5, 10, 11, 10.5], "texture": "#1"},
				"up": {"uv": [5.5, 10.5, 10.5, 11], "texture": "#1"},
				"down": {"uv": [10.5, 11, 5.5, 10.5], "texture": "#1"}
			}
		},
		{
			"name": "Green Potion",
			"from": [6, 7.5, 4.5],
			"to": [10.5, 9, 5.5],
			"faces": {
				"north": {"uv": [5.5, 7, 10, 8.5], "texture": "#1"},
				"east": {"uv": [10.5, 7, 11.5, 8.5], "texture": "#1"},
				"south": {"uv": [6, 7, 10.5, 8.5], "texture": "#1"},
				"west": {"uv": [4.5, 7, 5.5, 8.5], "texture": "#1"},
				"up": {"uv": [6, 4.5, 10.5, 5.5], "texture": "#1"},
				"down": {"uv": [10, 5.5, 5.5, 4.5], "texture": "#1"}
			}
		},
		{
			"name": "Green Potion",
			"from": [6, 0, 5],
			"to": [10, 1, 5.5],
			"faces": {
				"north": {"uv": [6, 15, 10, 16], "texture": "#0"},
				"east": {"uv": [10.5, 15, 11, 16], "texture": "#0"},
				"south": {"uv": [6, 15, 10, 16], "texture": "#0"},
				"west": {"uv": [5, 15, 5.5, 16], "texture": "#0"},
				"up": {"uv": [6, 5, 10, 5.5], "texture": "#0"},
				"down": {"uv": [10, 5.5, 6, 5], "texture": "#0"}
			}
		},
		{
			"name": "Green Potion",
			"from": [6, 5, 5],
			"to": [10, 5.5, 5.5],
			"faces": {
				"north": {"uv": [6, 10.5, 10, 11], "texture": "#1"},
				"east": {"uv": [10.5, 10.5, 11, 11], "texture": "#1"},
				"south": {"uv": [6, 10.5, 10, 11], "texture": "#1"},
				"west": {"uv": [5, 10.5, 5.5, 11], "texture": "#1"},
				"up": {"uv": [6, 5, 10, 5.5], "texture": "#1"},
				"down": {"uv": [10, 5.5, 6, 5], "texture": "#1"}
			}
		},
		{
			"name": "Green Potion",
			"from": [6, 6, 5],
			"to": [10, 6.5, 6],
			"faces": {
				"north": {"uv": [6, 9.5, 10, 10], "texture": "#1"},
				"east": {"uv": [10, 9.5, 11, 10], "texture": "#1"},
				"south": {"uv": [6, 9.5, 10, 10], "texture": "#1"},
				"west": {"uv": [5, 9.5, 6, 10], "texture": "#1"},
				"up": {"uv": [6, 5, 10, 6], "texture": "#1"},
				"down": {"uv": [10, 6, 6, 5], "texture": "#1"}
			}
		},
		{
			"name": "Green Potion",
			"from": [6, 9.5, 5],
			"to": [10, 10, 6],
			"faces": {
				"north": {"uv": [6, 6, 10, 6.5], "texture": "#1"},
				"east": {"uv": [10, 6, 11, 6.5], "texture": "#1"},
				"south": {"uv": [6, 6, 10, 6.5], "texture": "#1"},
				"west": {"uv": [5, 6, 6, 6.5], "texture": "#1"},
				"up": {"uv": [6, 5, 10, 6], "texture": "#1"},
				"down": {"uv": [10, 6, 6, 5], "texture": "#1"}
			}
		},
		{
			"name": "Green Potion",
			"from": [6, 1, 5.5],
			"to": [9.5, 3.5, 6],
			"faces": {
				"north": {"uv": [6.5, 12.5, 10, 15], "texture": "#1"},
				"east": {"uv": [10, 12.5, 10.5, 15], "texture": "#1"},
				"south": {"uv": [6, 12.5, 9.5, 15], "texture": "#1"},
				"west": {"uv": [5.5, 12.5, 6, 15], "texture": "#1"},
				"up": {"uv": [6, 5.5, 9.5, 6], "texture": "#1"},
				"down": {"uv": [10, 6, 6.5, 5.5], "texture": "#1"}
			}
		},
		{
			"name": "Green Potion",
			"from": [6, 4, 5.5],
			"to": [9.5, 5, 6.5],
			"faces": {
				"north": {"uv": [6.5, 11, 10, 12], "texture": "#1"},
				"east": {"uv": [9.5, 11, 10.5, 12], "texture": "#1"},
				"south": {"uv": [6, 11, 9.5, 12], "texture": "#1"},
				"west": {"uv": [5.5, 11, 6.5, 12], "texture": "#1"},
				"up": {"uv": [6, 5.5, 9.5, 6.5], "texture": "#1"},
				"down": {"uv": [10, 6.5, 6.5, 5.5], "texture": "#1"}
			}
		},
		{
			"name": "Green Potion",
			"from": [6, 10, 5.5],
			"to": [10, 10.5, 6.5],
			"faces": {
				"north": {"uv": [6, 5.5, 10, 6], "texture": "#0"},
				"east": {"uv": [9.5, 5.5, 10.5, 6], "texture": "#0"},
				"south": {"uv": [6, 5.5, 10, 6], "texture": "#0"},
				"west": {"uv": [5.5, 5.5, 6.5, 6], "texture": "#0"},
				"up": {"uv": [6, 5.5, 10, 6.5], "texture": "#0"},
				"down": {"uv": [10, 6.5, 6, 5.5], "texture": "#0"}
			}
		},
		{
			"name": "Green Potion",
			"from": [6, 2, 6],
			"to": [9.5, 4, 6.5],
			"faces": {
				"north": {"uv": [6.5, 12, 10, 14], "texture": "#1"},
				"east": {"uv": [9.5, 12, 10, 14], "texture": "#1"},
				"south": {"uv": [6, 12, 9.5, 14], "texture": "#1"},
				"west": {"uv": [6, 12, 6.5, 14], "texture": "#1"},
				"up": {"uv": [6, 6, 9.5, 6.5], "texture": "#1"},
				"down": {"uv": [10, 6.5, 6.5, 6], "texture": "#1"}
			}
		},
		{
			"name": "Green Potion",
			"from": [6, 10.5, 6],
			"to": [9.5, 11, 7],
			"faces": {
				"north": {"uv": [6.5, 5, 10, 5.5], "texture": "#2"},
				"east": {"uv": [9, 5, 10, 5.5], "texture": "#2"},
				"south": {"uv": [6, 5, 9.5, 5.5], "texture": "#2"},
				"west": {"uv": [6, 5, 7, 5.5], "texture": "#2"},
				"up": {"uv": [6, 6, 9.5, 7], "texture": "#2"},
				"down": {"uv": [10, 7, 6.5, 6], "texture": "#2"}
			}
		},
		{
			"name": "Green Potion",
			"from": [6, 2.5, 6.5],
			"to": [10.5, 4, 7],
			"faces": {
				"north": {"uv": [5.5, 12, 10, 13.5], "texture": "#1"},
				"east": {"uv": [9, 12, 9.5, 13.5], "texture": "#1"},
				"south": {"uv": [6, 12, 10.5, 13.5], "texture": "#1"},
				"west": {"uv": [6.5, 12, 7, 13.5], "texture": "#1"},
				"up": {"uv": [6, 6.5, 10.5, 7], "texture": "#1"},
				"down": {"uv": [10, 7, 5.5, 6.5], "texture": "#1"}
			}
		},
		{
			"name": "Green Potion",
			"from": [6, 11, 7],
			"to": [10, 11.5, 9],
			"faces": {
				"north": {"uv": [6, 4.5, 10, 5], "texture": "#2"},
				"east": {"uv": [7, 4.5, 9, 5], "texture": "#2"},
				"south": {"uv": [6, 4.5, 10, 5], "texture": "#2"},
				"west": {"uv": [7, 4.5, 9, 5], "texture": "#2"},
				"up": {"uv": [6, 7, 10, 9], "texture": "#2"},
				"down": {"uv": [10, 9, 6, 7], "texture": "#2"}
			}
		},
		{
			"name": "Green Potion",
			"from": [6, 2.5, 9],
			"to": [6.5, 3, 10.5],
			"faces": {
				"north": {"uv": [9.5, 13, 10, 13.5], "texture": "#1"},
				"east": {"uv": [5.5, 13, 7, 13.5], "texture": "#1"},
				"south": {"uv": [6, 13, 6.5, 13.5], "texture": "#1"},
				"west": {"uv": [9, 13, 10.5, 13.5], "texture": "#1"},
				"up": {"uv": [6, 9, 6.5, 10.5], "texture": "#1"},
				"down": {"uv": [10, 10.5, 9.5, 9], "texture": "#1"}
			}
		},
		{
			"name": "Green Potion",
			"from": [6, 3, 9],
			"to": [10, 4, 10],
			"faces": {
				"north": {"uv": [6, 12, 10, 13], "texture": "#1"},
				"east": {"uv": [6, 12, 7, 13], "texture": "#1"},
				"south": {"uv": [6, 12, 10, 13], "texture": "#1"},
				"west": {"uv": [9, 12, 10, 13], "texture": "#1"},
				"up": {"uv": [6, 9, 10, 10], "texture": "#1"},
				"down": {"uv": [10, 10, 6, 9], "texture": "#1"}
			}
		},
		{
			"name": "Green Potion",
			"from": [6, 10.5, 9],
			"to": [9.5, 11, 10],
			"faces": {
				"north": {"uv": [6.5, 5, 10, 5.5], "texture": "#2"},
				"east": {"uv": [6, 5, 7, 5.5], "texture": "#2"},
				"south": {"uv": [6, 5, 9.5, 5.5], "texture": "#2"},
				"west": {"uv": [9, 5, 10, 5.5], "texture": "#2"},
				"up": {"uv": [6, 9, 9.5, 10], "texture": "#2"},
				"down": {"uv": [10, 10, 6.5, 9], "texture": "#2"}
			}
		},
		{
			"name": "Green Potion",
			"from": [6, 1.5, 9.5],
			"to": [6.5, 2.5, 10.5],
			"faces": {
				"north": {"uv": [9.5, 13.5, 10, 14.5], "texture": "#1"},
				"east": {"uv": [5.5, 13.5, 6.5, 14.5], "texture": "#1"},
				"south": {"uv": [6, 13.5, 6.5, 14.5], "texture": "#1"},
				"west": {"uv": [9.5, 13.5, 10.5, 14.5], "texture": "#1"},
				"up": {"uv": [6, 9.5, 6.5, 10.5], "texture": "#1"},
				"down": {"uv": [10, 10.5, 9.5, 9.5], "texture": "#1"}
			}
		},
		{
			"name": "Green Potion",
			"from": [6, 4, 9.5],
			"to": [10, 5, 10],
			"faces": {
				"north": {"uv": [6, 11, 10, 12], "texture": "#1"},
				"east": {"uv": [6, 11, 6.5, 12], "texture": "#1"},
				"south": {"uv": [6, 11, 10, 12], "texture": "#1"},
				"west": {"uv": [9.5, 11, 10, 12], "texture": "#1"},
				"up": {"uv": [6, 9.5, 10, 10], "texture": "#1"},
				"down": {"uv": [10, 10, 6, 9.5], "texture": "#1"}
			}
		},
		{
			"name": "Green Potion",
			"from": [6, 1, 10],
			"to": [10, 1.5, 10.5],
			"faces": {
				"north": {"uv": [6, 14.5, 10, 15], "texture": "#1"},
				"east": {"uv": [5.5, 14.5, 6, 15], "texture": "#1"},
				"south": {"uv": [6, 14.5, 10, 15], "texture": "#1"},
				"west": {"uv": [10, 14.5, 10.5, 15], "texture": "#1"},
				"up": {"uv": [6, 10, 10, 10.5], "texture": "#1"},
				"down": {"uv": [10, 10.5, 6, 10], "texture": "#1"}
			}
		},
		{
			"name": "Green Potion",
			"from": [6, 4.5, 10],
			"to": [10, 5, 10.5],
			"faces": {
				"north": {"uv": [6, 11, 10, 11.5], "texture": "#1"},
				"east": {"uv": [5.5, 11, 6, 11.5], "texture": "#1"},
				"south": {"uv": [6, 11, 10, 11.5], "texture": "#1"},
				"west": {"uv": [10, 11, 10.5, 11.5], "texture": "#1"},
				"up": {"uv": [6, 10, 10, 10.5], "texture": "#1"},
				"down": {"uv": [10, 10.5, 6, 10], "texture": "#1"}
			}
		},
		{
			"name": "Green Potion",
			"from": [6, 6.5, 10],
			"to": [11, 7.5, 11],
			"faces": {
				"north": {"uv": [5, 8.5, 10, 9.5], "texture": "#1"},
				"east": {"uv": [5, 8.5, 6, 9.5], "texture": "#1"},
				"south": {"uv": [6, 8.5, 11, 9.5], "texture": "#1"},
				"west": {"uv": [10, 8.5, 11, 9.5], "texture": "#1"},
				"up": {"uv": [6, 10, 11, 11], "texture": "#1"},
				"down": {"uv": [10, 11, 5, 10], "texture": "#1"}
			}
		},
		{
			"name": "Green Potion",
			"from": [6, 0, 10.5],
			"to": [10, 0.5, 11],
			"faces": {
				"north": {"uv": [6, 15.5, 10, 16], "texture": "#0"},
				"east": {"uv": [5, 15.5, 5.5, 16], "texture": "#0"},
				"south": {"uv": [6, 15.5, 10, 16], "texture": "#0"},
				"west": {"uv": [10.5, 15.5, 11, 16], "texture": "#0"},
				"up": {"uv": [6, 10.5, 10, 11], "texture": "#0"},
				"down": {"uv": [10, 11, 6, 10.5], "texture": "#0"}
			}
		},
		{
			"name": "Green Potion",
			"from": [6, 7, 11],
			"to": [11, 7.5, 11.5],
			"faces": {
				"north": {"uv": [5, 8.5, 10, 9], "texture": "#1"},
				"east": {"uv": [4.5, 8.5, 5, 9], "texture": "#1"},
				"south": {"uv": [6, 8.5, 11, 9], "texture": "#1"},
				"west": {"uv": [11, 8.5, 11.5, 9], "texture": "#1"},
				"up": {"uv": [6, 11, 11, 11.5], "texture": "#1"},
				"down": {"uv": [10, 11.5, 5, 11], "texture": "#1"}
			}
		},
		{
			"name": "Green Potion",
			"from": [6.5, 7.5, 4],
			"to": [10.5, 9, 4.5],
			"faces": {
				"north": {"uv": [5.5, 7, 9.5, 8.5], "texture": "#1"},
				"east": {"uv": [11.5, 7, 12, 8.5], "texture": "#1"},
				"south": {"uv": [6.5, 7, 10.5, 8.5], "texture": "#1"},
				"west": {"uv": [4, 7, 4.5, 8.5], "texture": "#1"},
				"up": {"uv": [6.5, 4, 10.5, 4.5], "texture": "#1"},
				"down": {"uv": [9.5, 4.5, 5.5, 4], "texture": "#1"}
			}
		},
		{
			"name": "Green Potion",
			"from": [6.5, 3.5, 5.5],
			"to": [9.5, 4, 6],
			"faces": {
				"north": {"uv": [6.5, 12, 9.5, 12.5], "texture": "#1"},
				"east": {"uv": [10, 12, 10.5, 12.5], "texture": "#1"},
				"south": {"uv": [6.5, 12, 9.5, 12.5], "texture": "#1"},
				"west": {"uv": [5.5, 12, 6, 12.5], "texture": "#1"},
				"up": {"uv": [6.5, 5.5, 9.5, 6], "texture": "#1"},
				"down": {"uv": [9.5, 6, 6.5, 5.5], "texture": "#1"}
			}
		},
		{
			"name": "Green Potion",
			"from": [6.5, 11, 6],
			"to": [9.5, 11.5, 7],
			"faces": {
				"north": {"uv": [6.5, 4.5, 9.5, 5], "texture": "#2"},
				"east": {"uv": [9, 4.5, 10, 5], "texture": "#2"},
				"south": {"uv": [6.5, 4.5, 9.5, 5], "texture": "#2"},
				"west": {"uv": [6, 4.5, 7, 5], "texture": "#2"},
				"up": {"uv": [6.5, 6, 9.5, 7], "texture": "#2"},
				"down": {"uv": [9.5, 7, 6.5, 6], "texture": "#2"}
			}
		},
		{
			"name": "Green Potion",
			"from": [6.5, 14.5, 6.5],
			"to": [9.5, 15, 9.5],
			"faces": {
				"north": {"uv": [6.5, 1, 9.5, 1.5], "texture": "#0"},
				"east": {"uv": [6.5, 1, 9.5, 1.5], "texture": "#0"},
				"south": {"uv": [6.5, 1, 9.5, 1.5], "texture": "#0"},
				"west": {"uv": [6.5, 1, 9.5, 1.5], "texture": "#0"},
				"up": {"uv": [6.5, 6.5, 9.5, 9.5], "texture": "#0"},
				"down": {"uv": [9.5, 9.5, 6.5, 6.5], "texture": "#0"}
			}
		},
		{
			"name": "Green Potion",
			"from": [6.5, 11.5, 7],
			"to": [9.5, 12, 9],
			"faces": {
				"north": {"uv": [6.5, 4, 9.5, 4.5], "texture": "#2"},
				"east": {"uv": [7, 4, 9, 4.5], "texture": "#2"},
				"south": {"uv": [6.5, 4, 9.5, 4.5], "texture": "#2"},
				"west": {"uv": [7, 4, 9, 4.5], "texture": "#2"},
				"up": {"uv": [6.5, 7, 9.5, 9], "texture": "#2"},
				"down": {"uv": [9.5, 9, 6.5, 7], "texture": "#2"}
			}
		},
		{
			"name": "Green Potion",
			"from": [6.5, 12.5, 7],
			"to": [9.5, 13, 9],
			"faces": {
				"north": {"uv": [6.5, 3, 9.5, 3.5], "texture": "#0"},
				"east": {"uv": [7, 3, 9, 3.5], "texture": "#0"},
				"south": {"uv": [6.5, 3, 9.5, 3.5], "texture": "#0"},
				"west": {"uv": [7, 3, 9, 3.5], "texture": "#0"},
				"up": {"uv": [6.5, 7, 9.5, 9], "texture": "#0"},
				"down": {"uv": [9.5, 9, 6.5, 7], "texture": "#0"}
			}
		},
		{
			"name": "Green Potion",
			"from": [6.5, 13.5, 7],
			"to": [9.5, 14.5, 9],
			"faces": {
				"north": {"uv": [6.5, 1.5, 9.5, 2.5], "texture": "#2"},
				"east": {"uv": [7, 1.5, 9, 2.5], "texture": "#2"},
				"south": {"uv": [6.5, 1.5, 9.5, 2.5], "texture": "#2"},
				"west": {"uv": [7, 1.5, 9, 2.5], "texture": "#2"},
				"up": {"uv": [6.5, 7, 9.5, 9], "texture": "#2"},
				"down": {"uv": [9.5, 9, 6.5, 7], "texture": "#2"}
			}
		},
		{
			"name": "Green Potion",
			"from": [6.5, 15, 7],
			"to": [9.5, 15.5, 9],
			"faces": {
				"north": {"uv": [6.5, 0.5, 9.5, 1], "texture": "#2"},
				"east": {"uv": [7, 0.5, 9, 1], "texture": "#2"},
				"south": {"uv": [6.5, 0.5, 9.5, 1], "texture": "#2"},
				"west": {"uv": [7, 0.5, 9, 1], "texture": "#2"},
				"up": {"uv": [6.5, 7, 9.5, 9], "texture": "#2"},
				"down": {"uv": [9.5, 9, 6.5, 7], "texture": "#2"}
			}
		},
		{
			"name": "Green Potion",
			"from": [6.5, 12, 7.5],
			"to": [9.5, 12.5, 8.5],
			"faces": {
				"north": {"uv": [6.5, 3.5, 9.5, 4], "texture": "#2"},
				"east": {"uv": [7.5, 3.5, 8.5, 4], "texture": "#2"},
				"south": {"uv": [6.5, 3.5, 9.5, 4], "texture": "#2"},
				"west": {"uv": [7.5, 3.5, 8.5, 4], "texture": "#2"},
				"up": {"uv": [6.5, 7.5, 9.5, 8.5], "texture": "#2"},
				"down": {"uv": [9.5, 8.5, 6.5, 7.5], "texture": "#2"}
			}
		},
		{
			"name": "Green Potion",
			"from": [6.5, 13, 7.5],
			"to": [9.5, 13.5, 8.5],
			"faces": {
				"north": {"uv": [6.5, 2.5, 9.5, 3], "texture": "#2"},
				"east": {"uv": [7.5, 2.5, 8.5, 3], "texture": "#2"},
				"south": {"uv": [6.5, 2.5, 9.5, 3], "texture": "#2"},
				"west": {"uv": [7.5, 2.5, 8.5, 3], "texture": "#2"},
				"up": {"uv": [6.5, 7.5, 9.5, 8.5], "texture": "#2"},
				"down": {"uv": [9.5, 8.5, 6.5, 7.5], "texture": "#2"}
			}
		},
		{
			"name": "Green Potion",
			"from": [6.5, 15.5, 7.5],
			"to": [9.5, 16, 8.5],
			"faces": {
				"north": {"uv": [6.5, 0, 9.5, 0.5], "texture": "#3"},
				"east": {"uv": [7.5, 0, 8.5, 0.5], "texture": "#3"},
				"south": {"uv": [6.5, 0, 9.5, 0.5], "texture": "#3"},
				"west": {"uv": [7.5, 0, 8.5, 0.5], "texture": "#3"},
				"up": {"uv": [6.5, 7.5, 9.5, 8.5], "texture": "#3"},
				"down": {"uv": [9.5, 8.5, 6.5, 7.5], "texture": "#3"}
			}
		},
		{
			"name": "Green Potion",
			"from": [6.5, 2.5, 9],
			"to": [10, 3, 10],
			"faces": {
				"north": {"uv": [6, 13, 9.5, 13.5], "texture": "#1"},
				"east": {"uv": [6, 13, 7, 13.5], "texture": "#1"},
				"south": {"uv": [6.5, 13, 10, 13.5], "texture": "#1"},
				"west": {"uv": [9, 13, 10, 13.5], "texture": "#1"},
				"up": {"uv": [6.5, 9, 10, 10], "texture": "#1"},
				"down": {"uv": [9.5, 10, 6, 9], "texture": "#1"}
			}
		},
		{
			"name": "Green Potion",
			"from": [6.5, 11, 9],
			"to": [9.5, 11.5, 9.5],
			"faces": {
				"north": {"uv": [6.5, 4.5, 9.5, 5], "texture": "#2"},
				"east": {"uv": [6.5, 4.5, 7, 5], "texture": "#2"},
				"south": {"uv": [6.5, 4.5, 9.5, 5], "texture": "#2"},
				"west": {"uv": [9, 4.5, 9.5, 5], "texture": "#2"},
				"up": {"uv": [6.5, 9, 9.5, 9.5], "texture": "#2"},
				"down": {"uv": [9.5, 9.5, 6.5, 9], "texture": "#2"}
			}
		},
		{
			"name": "Green Potion",
			"from": [6.5, 1.5, 9.5],
			"to": [10, 2, 10.5],
			"faces": {
				"north": {"uv": [6, 14, 9.5, 14.5], "texture": "#1"},
				"east": {"uv": [5.5, 14, 6.5, 14.5], "texture": "#1"},
				"south": {"uv": [6.5, 14, 10, 14.5], "texture": "#1"},
				"west": {"uv": [9.5, 14, 10.5, 14.5], "texture": "#1"},
				"up": {"uv": [6.5, 9.5, 10, 10.5], "texture": "#1"},
				"down": {"uv": [9.5, 10.5, 6, 9.5], "texture": "#1"}
			}
		},
		{
			"name": "Green Potion",
			"from": [6.5, 2, 9.5],
			"to": [10, 2.5, 10],
			"faces": {
				"north": {"uv": [6, 13.5, 9.5, 14], "texture": "#1"},
				"east": {"uv": [6, 13.5, 6.5, 14], "texture": "#1"},
				"south": {"uv": [6.5, 13.5, 10, 14], "texture": "#1"},
				"west": {"uv": [9.5, 13.5, 10, 14], "texture": "#1"},
				"up": {"uv": [6.5, 9.5, 10, 10], "texture": "#1"},
				"down": {"uv": [9.5, 10, 6, 9.5], "texture": "#1"}
			}
		},
		{
			"name": "Green Potion",
			"from": [6.5, 4, 10],
			"to": [10, 4.5, 10.5],
			"faces": {
				"north": {"uv": [6, 11.5, 9.5, 12], "texture": "#1"},
				"east": {"uv": [5.5, 11.5, 6, 12], "texture": "#1"},
				"south": {"uv": [6.5, 11.5, 10, 12], "texture": "#1"},
				"west": {"uv": [10, 11.5, 10.5, 12], "texture": "#1"},
				"up": {"uv": [6.5, 10, 10, 10.5], "texture": "#1"},
				"down": {"uv": [9.5, 10.5, 6, 10], "texture": "#1"}
			}
		},
		{
			"name": "Green Potion",
			"from": [6.5, 0.5, 10.5],
			"to": [9.5, 1, 11],
			"faces": {
				"north": {"uv": [6.5, 15, 9.5, 15.5], "texture": "#0"},
				"east": {"uv": [5, 15, 5.5, 15.5], "texture": "#0"},
				"south": {"uv": [6.5, 15, 9.5, 15.5], "texture": "#0"},
				"west": {"uv": [10.5, 15, 11, 15.5], "texture": "#0"},
				"up": {"uv": [6.5, 10.5, 9.5, 11], "texture": "#0"},
				"down": {"uv": [9.5, 11, 6.5, 10.5], "texture": "#0"}
			}
		},
		{
			"name": "Green Potion",
			"from": [6.5, 6.5, 11],
			"to": [11, 7, 11.5],
			"faces": {
				"north": {"uv": [5, 9, 9.5, 9.5], "texture": "#1"},
				"east": {"uv": [4.5, 9, 5, 9.5], "texture": "#1"},
				"south": {"uv": [6.5, 9, 11, 9.5], "texture": "#1"},
				"west": {"uv": [11, 9, 11.5, 9.5], "texture": "#1"},
				"up": {"uv": [6.5, 11, 11, 11.5], "texture": "#1"},
				"down": {"uv": [9.5, 11.5, 5, 11], "texture": "#1"}
			}
		},
		{
			"name": "Green Potion",
			"from": [6.5, 8, 11.5],
			"to": [9.5, 9, 12],
			"faces": {
				"north": {"uv": [6.5, 7, 9.5, 8], "texture": "#1"},
				"east": {"uv": [4, 7, 4.5, 8], "texture": "#1"},
				"south": {"uv": [6.5, 7, 9.5, 8], "texture": "#1"},
				"west": {"uv": [11.5, 7, 12, 8], "texture": "#1"},
				"up": {"uv": [6.5, 11.5, 9.5, 12], "texture": "#1"},
				"down": {"uv": [9.5, 12, 6.5, 11.5], "texture": "#1"}
			}
		},
		{
			"name": "Green Potion",
			"from": [7, 7, 3.5],
			"to": [8.5, 7.5, 4.5],
			"faces": {
				"north": {"uv": [7.5, 8.5, 9, 9], "texture": "#0"},
				"east": {"uv": [11.5, 8.5, 12.5, 9], "texture": "#0"},
				"south": {"uv": [7, 8.5, 8.5, 9], "texture": "#0"},
				"west": {"uv": [3.5, 8.5, 4.5, 9], "texture": "#0"},
				"up": {"uv": [7, 3.5, 8.5, 4.5], "texture": "#0"},
				"down": {"uv": [9, 4.5, 7.5, 3.5], "texture": "#0"}
			}
		},
		{
			"name": "Green Potion",
			"from": [7, 7.5, 3.5],
			"to": [8.5, 9.5, 4],
			"faces": {
				"north": {"uv": [7.5, 6.5, 9, 8.5], "texture": "#0"},
				"east": {"uv": [12, 6.5, 12.5, 8.5], "texture": "#0"},
				"south": {"uv": [7, 6.5, 8.5, 8.5], "texture": "#0"},
				"west": {"uv": [3.5, 6.5, 4, 8.5], "texture": "#0"},
				"up": {"uv": [7, 3.5, 8.5, 4], "texture": "#0"},
				"down": {"uv": [9, 4, 7.5, 3.5], "texture": "#0"}
			}
		},
		{
			"name": "Green Potion",
			"from": [7, 6, 4],
			"to": [8, 6.5, 5],
			"faces": {
				"north": {"uv": [8, 9.5, 9, 10], "texture": "#0"},
				"east": {"uv": [11, 9.5, 12, 10], "texture": "#0"},
				"south": {"uv": [7, 9.5, 8, 10], "texture": "#0"},
				"west": {"uv": [4, 9.5, 5, 10], "texture": "#0"},
				"up": {"uv": [7, 4, 8, 5], "texture": "#0"},
				"down": {"uv": [9, 5, 8, 4], "texture": "#0"}
			}
		},
		{
			"name": "Green Potion",
			"from": [7, 6.5, 4],
			"to": [8.5, 7, 4.5],
			"faces": {
				"north": {"uv": [7.5, 9, 9, 9.5], "texture": "#0"},
				"east": {"uv": [11.5, 9, 12, 9.5], "texture": "#0"},
				"south": {"uv": [7, 9, 8.5, 9.5], "texture": "#0"},
				"west": {"uv": [4, 9, 4.5, 9.5], "texture": "#0"},
				"up": {"uv": [7, 4, 8.5, 4.5], "texture": "#0"},
				"down": {"uv": [9, 4.5, 7.5, 4], "texture": "#0"}
			}
		},
		{
			"name": "Green Potion",
			"from": [7, 9, 4],
			"to": [8.5, 10, 4.5],
			"faces": {
				"north": {"uv": [7.5, 6, 9, 7], "texture": "#0"},
				"east": {"uv": [11.5, 6, 12, 7], "texture": "#0"},
				"south": {"uv": [7, 6, 8.5, 7], "texture": "#0"},
				"west": {"uv": [4, 6, 4.5, 7], "texture": "#0"},
				"up": {"uv": [7, 4, 8.5, 4.5], "texture": "#0"},
				"down": {"uv": [9, 4.5, 7.5, 4], "texture": "#0"}
			}
		},
		{
			"name": "Green Potion",
			"from": [7, 0, 4.5],
			"to": [9, 0.5, 5],
			"faces": {
				"north": {"uv": [7, 15.5, 9, 16], "texture": "#0"},
				"east": {"uv": [11, 15.5, 11.5, 16], "texture": "#0"},
				"south": {"uv": [7, 15.5, 9, 16], "texture": "#0"},
				"west": {"uv": [4.5, 15.5, 5, 16], "texture": "#0"},
				"up": {"uv": [7, 4.5, 9, 5], "texture": "#0"},
				"down": {"uv": [9, 5, 7, 4.5], "texture": "#0"}
			}
		},
		{
			"name": "Green Potion",
			"from": [7, 5.5, 4.5],
			"to": [8.5, 6, 5],
			"faces": {
				"north": {"uv": [7.5, 10, 9, 10.5], "texture": "#0"},
				"east": {"uv": [11, 10, 11.5, 10.5], "texture": "#0"},
				"south": {"uv": [7, 10, 8.5, 10.5], "texture": "#0"},
				"west": {"uv": [4.5, 10, 5, 10.5], "texture": "#0"},
				"up": {"uv": [7, 4.5, 8.5, 5], "texture": "#0"},
				"down": {"uv": [9, 5, 7.5, 4.5], "texture": "#0"}
			}
		},
		{
			"name": "Green Potion",
			"from": [7, 9.5, 4.5],
			"to": [10, 10, 5],
			"faces": {
				"north": {"uv": [6, 6, 9, 6.5], "texture": "#1"},
				"east": {"uv": [11, 6, 11.5, 6.5], "texture": "#1"},
				"south": {"uv": [7, 6, 10, 6.5], "texture": "#1"},
				"west": {"uv": [4.5, 6, 5, 6.5], "texture": "#1"},
				"up": {"uv": [7, 4.5, 10, 5], "texture": "#1"},
				"down": {"uv": [9, 5, 6, 4.5], "texture": "#1"}
			}
		},
		{
			"name": "Green Potion",
			"from": [7, 1, 5],
			"to": [9, 1.5, 5.5],
			"faces": {
				"north": {"uv": [7, 14.5, 9, 15], "texture": "#1"},
				"east": {"uv": [10.5, 14.5, 11, 15], "texture": "#1"},
				"south": {"uv": [7, 14.5, 9, 15], "texture": "#1"},
				"west": {"uv": [5, 14.5, 5.5, 15], "texture": "#1"},
				"up": {"uv": [7, 5, 9, 5.5], "texture": "#1"},
				"down": {"uv": [9, 5.5, 7, 5], "texture": "#1"}
			}
		},
		{
			"name": "Green Potion",
			"from": [7, 10, 5],
			"to": [8.5, 10.5, 5.5],
			"faces": {
				"north": {"uv": [7.5, 5.5, 9, 6], "texture": "#0"},
				"east": {"uv": [10.5, 5.5, 11, 6], "texture": "#0"},
				"south": {"uv": [7, 5.5, 8.5, 6], "texture": "#0"},
				"west": {"uv": [5, 5.5, 5.5, 6], "texture": "#0"},
				"up": {"uv": [7, 5, 8.5, 5.5], "texture": "#0"},
				"down": {"uv": [9, 5.5, 7.5, 5], "texture": "#0"}
			}
		},
		{
			"name": "Green Potion",
			"from": [7, 10.5, 5.5],
			"to": [9, 11, 6],
			"faces": {
				"north": {"uv": [7, 5, 9, 5.5], "texture": "#2"},
				"east": {"uv": [10, 5, 10.5, 5.5], "texture": "#2"},
				"south": {"uv": [7, 5, 9, 5.5], "texture": "#2"},
				"west": {"uv": [5.5, 5, 6, 5.5], "texture": "#2"},
				"up": {"uv": [7, 5.5, 9, 6], "texture": "#2"},
				"down": {"uv": [9, 6, 7, 5.5], "texture": "#2"}
			}
		},
		{
			"name": "Green Potion",
			"from": [7, 11.5, 6.5],
			"to": [8.5, 13, 7],
			"faces": {
				"north": {"uv": [7.5, 3, 9, 4.5], "texture": "#2"},
				"east": {"uv": [9, 3, 9.5, 4.5], "texture": "#2"},
				"south": {"uv": [7, 3, 8.5, 4.5], "texture": "#2"},
				"west": {"uv": [6.5, 3, 7, 4.5], "texture": "#2"},
				"up": {"uv": [7, 6.5, 8.5, 7], "texture": "#2"},
				"down": {"uv": [9, 7, 7.5, 6.5], "texture": "#2"}
			}
		},
		{
			"name": "Green Potion",
			"from": [7, 13.5, 6.5],
			"to": [9, 14.5, 7],
			"faces": {
				"north": {"uv": [7, 1.5, 9, 2.5], "texture": "#2"},
				"east": {"uv": [9, 1.5, 9.5, 2.5], "texture": "#2"},
				"south": {"uv": [7, 1.5, 9, 2.5], "texture": "#2"},
				"west": {"uv": [6.5, 1.5, 7, 2.5], "texture": "#2"},
				"up": {"uv": [7, 6.5, 9, 7], "texture": "#2"},
				"down": {"uv": [9, 7, 7, 6.5], "texture": "#2"}
			}
		},
		{
			"name": "Green Potion",
			"from": [7, 15, 6.5],
			"to": [9, 15.5, 7],
			"faces": {
				"north": {"uv": [7, 0.5, 9, 1], "texture": "#2"},
				"east": {"uv": [9, 0.5, 9.5, 1], "texture": "#2"},
				"south": {"uv": [7, 0.5, 9, 1], "texture": "#2"},
				"west": {"uv": [6.5, 0.5, 7, 1], "texture": "#2"},
				"up": {"uv": [7, 6.5, 9, 7], "texture": "#2"},
				"down": {"uv": [9, 7, 7, 6.5], "texture": "#2"}
			}
		},
		{
			"name": "Green Potion",
			"from": [7, 12, 7],
			"to": [9, 12.5, 7.5],
			"faces": {
				"north": {"uv": [7, 3.5, 9, 4], "texture": "#2"},
				"east": {"uv": [8.5, 3.5, 9, 4], "texture": "#2"},
				"south": {"uv": [7, 3.5, 9, 4], "texture": "#2"},
				"west": {"uv": [7, 3.5, 7.5, 4], "texture": "#2"},
				"up": {"uv": [7, 7, 9, 7.5], "texture": "#2"},
				"down": {"uv": [9, 7.5, 7, 7], "texture": "#2"}
			}
		},
		{
			"name": "Green Potion",
			"from": [7, 13, 7],
			"to": [9, 13.5, 7.5],
			"faces": {
				"north": {"uv": [7, 2.5, 9, 3], "texture": "#2"},
				"east": {"uv": [8.5, 2.5, 9, 3], "texture": "#2"},
				"south": {"uv": [7, 2.5, 9, 3], "texture": "#2"},
				"west": {"uv": [7, 2.5, 7.5, 3], "texture": "#2"},
				"up": {"uv": [7, 7, 9, 7.5], "texture": "#2"},
				"down": {"uv": [9, 7.5, 7, 7], "texture": "#2"}
			}
		},
		{
			"name": "Green Potion",
			"from": [7, 15.5, 7],
			"to": [9, 16, 7.5],
			"faces": {
				"north": {"uv": [7, 0, 9, 0.5], "texture": "#3"},
				"east": {"uv": [8.5, 0, 9, 0.5], "texture": "#3"},
				"south": {"uv": [7, 0, 9, 0.5], "texture": "#3"},
				"west": {"uv": [7, 0, 7.5, 0.5], "texture": "#3"},
				"up": {"uv": [7, 7, 9, 7.5], "texture": "#3"},
				"down": {"uv": [9, 7.5, 7, 7], "texture": "#3"}
			}
		},
		{
			"name": "Green Potion",
			"from": [7, 12, 8.5],
			"to": [9, 12.5, 9],
			"faces": {
				"north": {"uv": [7, 3.5, 9, 4], "texture": "#2"},
				"east": {"uv": [7, 3.5, 7.5, 4], "texture": "#2"},
				"south": {"uv": [7, 3.5, 9, 4], "texture": "#2"},
				"west": {"uv": [8.5, 3.5, 9, 4], "texture": "#2"},
				"up": {"uv": [7, 8.5, 9, 9], "texture": "#2"},
				"down": {"uv": [9, 9, 7, 8.5], "texture": "#2"}
			}
		},
		{
			"name": "Green Potion",
			"from": [7, 13, 8.5],
			"to": [9, 13.5, 9],
			"faces": {
				"north": {"uv": [7, 2.5, 9, 3], "texture": "#2"},
				"east": {"uv": [7, 2.5, 7.5, 3], "texture": "#2"},
				"south": {"uv": [7, 2.5, 9, 3], "texture": "#2"},
				"west": {"uv": [8.5, 2.5, 9, 3], "texture": "#2"},
				"up": {"uv": [7, 8.5, 9, 9], "texture": "#2"},
				"down": {"uv": [9, 9, 7, 8.5], "texture": "#2"}
			}
		},
		{
			"name": "Green Potion",
			"from": [7, 15.5, 8.5],
			"to": [9, 16, 9],
			"faces": {
				"north": {"uv": [7, 0, 9, 0.5], "texture": "#3"},
				"east": {"uv": [7, 0, 7.5, 0.5], "texture": "#3"},
				"south": {"uv": [7, 0, 9, 0.5], "texture": "#3"},
				"west": {"uv": [8.5, 0, 9, 0.5], "texture": "#3"},
				"up": {"uv": [7, 8.5, 9, 9], "texture": "#3"},
				"down": {"uv": [9, 9, 7, 8.5], "texture": "#3"}
			}
		},
		{
			"name": "Green Potion",
			"from": [7, 11.5, 9],
			"to": [9, 12, 9.5],
			"faces": {
				"north": {"uv": [7, 4, 9, 4.5], "texture": "#2"},
				"east": {"uv": [6.5, 4, 7, 4.5], "texture": "#2"},
				"south": {"uv": [7, 4, 9, 4.5], "texture": "#2"},
				"west": {"uv": [9, 4, 9.5, 4.5], "texture": "#2"},
				"up": {"uv": [7, 9, 9, 9.5], "texture": "#2"},
				"down": {"uv": [9, 9.5, 7, 9], "texture": "#2"}
			}
		},
		{
			"name": "Green Potion",
			"from": [7, 12.5, 9],
			"to": [9, 13, 9.5],
			"faces": {
				"north": {"uv": [7, 3, 9, 3.5], "texture": "#0"},
				"east": {"uv": [6.5, 3, 7, 3.5], "texture": "#0"},
				"south": {"uv": [7, 3, 9, 3.5], "texture": "#0"},
				"west": {"uv": [9, 3, 9.5, 3.5], "texture": "#0"},
				"up": {"uv": [7, 9, 9, 9.5], "texture": "#0"},
				"down": {"uv": [9, 9.5, 7, 9], "texture": "#0"}
			}
		},
		{
			"name": "Green Potion",
			"from": [7, 13.5, 9],
			"to": [9, 14.5, 9.5],
			"faces": {
				"north": {"uv": [7, 1.5, 9, 2.5], "texture": "#2"},
				"east": {"uv": [6.5, 1.5, 7, 2.5], "texture": "#2"},
				"south": {"uv": [7, 1.5, 9, 2.5], "texture": "#2"},
				"west": {"uv": [9, 1.5, 9.5, 2.5], "texture": "#2"},
				"up": {"uv": [7, 9, 9, 9.5], "texture": "#2"},
				"down": {"uv": [9, 9.5, 7, 9], "texture": "#2"}
			}
		},
		{
			"name": "Green Potion",
			"from": [7, 15, 9],
			"to": [9, 15.5, 9.5],
			"faces": {
				"north": {"uv": [7, 0.5, 9, 1], "texture": "#2"},
				"east": {"uv": [6.5, 0.5, 7, 1], "texture": "#2"},
				"south": {"uv": [7, 0.5, 9, 1], "texture": "#2"},
				"west": {"uv": [9, 0.5, 9.5, 1], "texture": "#2"},
				"up": {"uv": [7, 9, 9, 9.5], "texture": "#2"},
				"down": {"uv": [9, 9.5, 7, 9], "texture": "#2"}
			}
		},
		{
			"name": "Green Potion",
			"from": [7, 11, 9.5],
			"to": [9, 11.5, 10],
			"faces": {
				"north": {"uv": [7, 4.5, 9, 5], "texture": "#2"},
				"east": {"uv": [6, 4.5, 6.5, 5], "texture": "#2"},
				"south": {"uv": [7, 4.5, 9, 5], "texture": "#2"},
				"west": {"uv": [9.5, 4.5, 10, 5], "texture": "#2"},
				"up": {"uv": [7, 9.5, 9, 10], "texture": "#2"},
				"down": {"uv": [9, 10, 7, 9.5], "texture": "#2"}
			}
		},
		{
			"name": "Green Potion",
			"from": [7, 2, 10],
			"to": [10, 3, 10.5],
			"faces": {
				"north": {"uv": [6, 13, 9, 14], "texture": "#1"},
				"east": {"uv": [5.5, 13, 6, 14], "texture": "#1"},
				"south": {"uv": [7, 13, 10, 14], "texture": "#1"},
				"west": {"uv": [10, 13, 10.5, 14], "texture": "#1"},
				"up": {"uv": [7, 10, 10, 10.5], "texture": "#1"},
				"down": {"uv": [9, 10.5, 6, 10], "texture": "#1"}
			}
		},
		{
			"name": "Green Potion",
			"from": [7, 3.5, 10],
			"to": [9, 4, 10.5],
			"faces": {
				"north": {"uv": [7, 12, 9, 12.5], "texture": "#1"},
				"east": {"uv": [5.5, 12, 6, 12.5], "texture": "#1"},
				"south": {"uv": [7, 12, 9, 12.5], "texture": "#1"},
				"west": {"uv": [10, 12, 10.5, 12.5], "texture": "#1"},
				"up": {"uv": [7, 10, 9, 10.5], "texture": "#1"},
				"down": {"uv": [9, 10.5, 7, 10], "texture": "#1"}
			}
		},
		{
			"name": "Green Potion",
			"from": [7, 10.5, 10],
			"to": [8.5, 11, 10.5],
			"faces": {
				"north": {"uv": [7.5, 5, 9, 5.5], "texture": "#2"},
				"east": {"uv": [5.5, 5, 6, 5.5], "texture": "#2"},
				"south": {"uv": [7, 5, 8.5, 5.5], "texture": "#2"},
				"west": {"uv": [10, 5, 10.5, 5.5], "texture": "#2"},
				"up": {"uv": [7, 10, 8.5, 10.5], "texture": "#2"},
				"down": {"uv": [9, 10.5, 7.5, 10], "texture": "#2"}
			}
		},
		{
			"name": "Green Potion",
			"from": [7, 1, 10.5],
			"to": [9, 1.5, 11],
			"faces": {
				"north": {"uv": [7, 14.5, 9, 15], "texture": "#1"},
				"east": {"uv": [5, 14.5, 5.5, 15], "texture": "#1"},
				"south": {"uv": [7, 14.5, 9, 15], "texture": "#1"},
				"west": {"uv": [10.5, 14.5, 11, 15], "texture": "#1"},
				"up": {"uv": [7, 10.5, 9, 11], "texture": "#1"},
				"down": {"uv": [9, 11, 7, 10.5], "texture": "#1"}
			}
		},
		{
			"name": "Green Potion",
			"from": [7, 4.5, 10.5],
			"to": [8.5, 5.5, 11],
			"faces": {
				"north": {"uv": [7.5, 10.5, 9, 11.5], "texture": "#0"},
				"east": {"uv": [5, 10.5, 5.5, 11.5], "texture": "#0"},
				"south": {"uv": [7, 10.5, 8.5, 11.5], "texture": "#0"},
				"west": {"uv": [10.5, 10.5, 11, 11.5], "texture": "#0"},
				"up": {"uv": [7, 10.5, 8.5, 11], "texture": "#0"},
				"down": {"uv": [9, 11, 7.5, 10.5], "texture": "#0"}
			}
		},
		{
			"name": "Green Potion",
			"from": [7, 10, 10.5],
			"to": [9, 10.5, 11],
			"faces": {
				"north": {"uv": [7, 5.5, 9, 6], "texture": "#0"},
				"east": {"uv": [5, 5.5, 5.5, 6], "texture": "#0"},
				"south": {"uv": [7, 5.5, 9, 6], "texture": "#0"},
				"west": {"uv": [10.5, 5.5, 11, 6], "texture": "#0"},
				"up": {"uv": [7, 10.5, 9, 11], "texture": "#0"},
				"down": {"uv": [9, 11, 7, 10.5], "texture": "#0"}
			}
		},
		{
			"name": "Green Potion",
			"from": [7, 0, 11],
			"to": [9, 0.5, 11.5],
			"faces": {
				"north": {"uv": [7, 15.5, 9, 16], "texture": "#0"},
				"east": {"uv": [4.5, 15.5, 5, 16], "texture": "#0"},
				"south": {"uv": [7, 15.5, 9, 16], "texture": "#0"},
				"west": {"uv": [11, 15.5, 11.5, 16], "texture": "#0"},
				"up": {"uv": [7, 11, 9, 11.5], "texture": "#0"},
				"down": {"uv": [9, 11.5, 7, 11], "texture": "#0"}
			}
		},
		{
			"name": "Green Potion",
			"from": [7, 5.5, 11],
			"to": [8.5, 6.5, 11.5],
			"faces": {
				"north": {"uv": [7.5, 9.5, 9, 10.5], "texture": "#0"},
				"east": {"uv": [4.5, 9.5, 5, 10.5], "texture": "#0"},
				"south": {"uv": [7, 9.5, 8.5, 10.5], "texture": "#0"},
				"west": {"uv": [11, 9.5, 11.5, 10.5], "texture": "#0"},
				"up": {"uv": [7, 11, 8.5, 11.5], "texture": "#0"},
				"down": {"uv": [9, 11.5, 7.5, 11], "texture": "#0"}
			}
		},
		{
			"name": "Green Potion",
			"from": [7, 9.5, 11],
			"to": [9, 10, 12],
			"faces": {
				"north": {"uv": [7, 6, 9, 6.5], "texture": "#0"},
				"east": {"uv": [4, 6, 5, 6.5], "texture": "#0"},
				"south": {"uv": [7, 6, 9, 6.5], "texture": "#0"},
				"west": {"uv": [11, 6, 12, 6.5], "texture": "#0"},
				"up": {"uv": [7, 11, 9, 12], "texture": "#0"},
				"down": {"uv": [9, 12, 7, 11], "texture": "#0"}
			}
		},
		{
			"name": "Green Potion",
			"from": [7, 6, 11.5],
			"to": [8.5, 8, 12],
			"faces": {
				"north": {"uv": [7.5, 8, 9, 10], "texture": "#0"},
				"east": {"uv": [4, 8, 4.5, 10], "texture": "#0"},
				"south": {"uv": [7, 8, 8.5, 10], "texture": "#0"},
				"west": {"uv": [11.5, 8, 12, 10], "texture": "#0"},
				"up": {"uv": [7, 11.5, 8.5, 12], "texture": "#0"},
				"down": {"uv": [9, 12, 7.5, 11.5], "texture": "#0"}
			}
		},
		{
			"name": "Green Potion",
			"from": [7, 9, 11.5],
			"to": [9, 9.5, 12.5],
			"faces": {
				"north": {"uv": [7, 6.5, 9, 7], "texture": "#0"},
				"east": {"uv": [3.5, 6.5, 4.5, 7], "texture": "#0"},
				"south": {"uv": [7, 6.5, 9, 7], "texture": "#0"},
				"west": {"uv": [11.5, 6.5, 12.5, 7], "texture": "#0"},
				"up": {"uv": [7, 11.5, 9, 12.5], "texture": "#0"},
				"down": {"uv": [9, 12.5, 7, 11.5], "texture": "#0"}
			}
		},
		{
			"name": "Green Potion",
			"from": [7, 7, 12],
			"to": [9, 9, 12.5],
			"faces": {
				"north": {"uv": [7, 7, 9, 9], "texture": "#0"},
				"east": {"uv": [3.5, 7, 4, 9], "texture": "#0"},
				"south": {"uv": [7, 7, 9, 9], "texture": "#0"},
				"west": {"uv": [12, 7, 12.5, 9], "texture": "#0"},
				"up": {"uv": [7, 12, 9, 12.5], "texture": "#0"},
				"down": {"uv": [9, 12.5, 7, 12], "texture": "#0"}
			}
		},
		{
			"name": "Green Potion",
			"from": [7.5, 8, 3],
			"to": [8, 9, 3.5],
			"faces": {
				"north": {"uv": [8, 7, 8.5, 8], "texture": "#0"},
				"east": {"uv": [12.5, 7, 13, 8], "texture": "#0"},
				"south": {"uv": [7.5, 7, 8, 8], "texture": "#0"},
				"west": {"uv": [3, 7, 3.5, 8], "texture": "#0"},
				"up": {"uv": [7.5, 3, 8, 3.5], "texture": "#0"},
				"down": {"uv": [8.5, 3.5, 8, 3], "texture": "#0"}
			}
		},
		{
			"name": "Green Potion",
			"from": [7.5, 6.5, 3.5],
			"to": [8, 7, 4],
			"faces": {
				"north": {"uv": [8, 9, 8.5, 9.5], "texture": "#0"},
				"east": {"uv": [12, 9, 12.5, 9.5], "texture": "#0"},
				"south": {"uv": [7.5, 9, 8, 9.5], "texture": "#0"},
				"west": {"uv": [3.5, 9, 4, 9.5], "texture": "#0"},
				"up": {"uv": [7.5, 3.5, 8, 4], "texture": "#0"},
				"down": {"uv": [8.5, 4, 8, 3.5], "texture": "#0"}
			}
		},
		{
			"name": "Green Potion",
			"from": [7.5, 5, 4.5],
			"to": [8, 5.5, 5],
			"faces": {
				"north": {"uv": [8, 10.5, 8.5, 11], "texture": "#0"},
				"east": {"uv": [11, 10.5, 11.5, 11], "texture": "#0"},
				"south": {"uv": [7.5, 10.5, 8, 11], "texture": "#0"},
				"west": {"uv": [4.5, 10.5, 5, 11], "texture": "#0"},
				"up": {"uv": [7.5, 4.5, 8, 5], "texture": "#0"},
				"down": {"uv": [8.5, 5, 8, 4.5], "texture": "#0"}
			}
		},
		{
			"name": "Green Potion",
			"from": [7.5, 10, 4.5],
			"to": [8, 10.5, 5],
			"faces": {
				"north": {"uv": [8, 5.5, 8.5, 6], "texture": "#0"},
				"east": {"uv": [11, 5.5, 11.5, 6], "texture": "#0"},
				"south": {"uv": [7.5, 5.5, 8, 6], "texture": "#0"},
				"west": {"uv": [4.5, 5.5, 5, 6], "texture": "#0"},
				"up": {"uv": [7.5, 4.5, 8, 5], "texture": "#0"},
				"down": {"uv": [8.5, 5, 8, 4.5], "texture": "#0"}
			}
		},
		{
			"name": "Green Potion",
			"from": [7.5, 1.5, 5],
			"to": [8, 5, 5.5],
			"faces": {
				"north": {"uv": [8, 11, 8.5, 14.5], "texture": "#1"},
				"east": {"uv": [10.5, 11, 11, 14.5], "texture": "#1"},
				"south": {"uv": [7.5, 11, 8, 14.5], "texture": "#1"},
				"west": {"uv": [5, 11, 5.5, 14.5], "texture": "#1"},
				"up": {"uv": [7.5, 5, 8, 5.5], "texture": "#1"},
				"down": {"uv": [8.5, 5.5, 8, 5], "texture": "#1"}
			}
		},
		{
			"name": "Green Potion",
			"from": [7.5, 14.5, 6],
			"to": [8.5, 15, 6.5],
			"faces": {
				"north": {"uv": [7.5, 1, 8.5, 1.5], "texture": "#0"},
				"east": {"uv": [9.5, 1, 10, 1.5], "texture": "#0"},
				"south": {"uv": [7.5, 1, 8.5, 1.5], "texture": "#0"},
				"west": {"uv": [6, 1, 6.5, 1.5], "texture": "#0"},
				"up": {"uv": [7.5, 6, 8.5, 6.5], "texture": "#0"},
				"down": {"uv": [8.5, 6.5, 7.5, 6], "texture": "#0"}
			}
		},
		{
			"name": "Green Potion",
			"from": [7.5, 13, 6.5],
			"to": [8.5, 13.5, 7],
			"faces": {
				"north": {"uv": [7.5, 2.5, 8.5, 3], "texture": "#2"},
				"east": {"uv": [9, 2.5, 9.5, 3], "texture": "#2"},
				"south": {"uv": [7.5, 2.5, 8.5, 3], "texture": "#2"},
				"west": {"uv": [6.5, 2.5, 7, 3], "texture": "#2"},
				"up": {"uv": [7.5, 6.5, 8.5, 7], "texture": "#2"},
				"down": {"uv": [8.5, 7, 7.5, 6.5], "texture": "#2"}
			}
		},
		{
			"name": "Green Potion",
			"from": [7.5, 15.5, 6.5],
			"to": [8.5, 16, 7],
			"faces": {
				"north": {"uv": [7.5, 0, 8.5, 0.5], "texture": "#3"},
				"east": {"uv": [9, 0, 9.5, 0.5], "texture": "#3"},
				"south": {"uv": [7.5, 0, 8.5, 0.5], "texture": "#3"},
				"west": {"uv": [6.5, 0, 7, 0.5], "texture": "#3"},
				"up": {"uv": [7.5, 6.5, 8.5, 7], "texture": "#3"},
				"down": {"uv": [8.5, 7, 7.5, 6.5], "texture": "#3"}
			}
		},
		{
			"name": "Green Potion",
			"from": [7.5, 12, 9],
			"to": [8.5, 12.5, 9.5],
			"faces": {
				"north": {"uv": [7.5, 3.5, 8.5, 4], "texture": "#2"},
				"east": {"uv": [6.5, 3.5, 7, 4], "texture": "#2"},
				"south": {"uv": [7.5, 3.5, 8.5, 4], "texture": "#2"},
				"west": {"uv": [9, 3.5, 9.5, 4], "texture": "#2"},
				"up": {"uv": [7.5, 9, 8.5, 9.5], "texture": "#2"},
				"down": {"uv": [8.5, 9.5, 7.5, 9], "texture": "#2"}
			}
		},
		{
			"name": "Green Potion",
			"from": [7.5, 13, 9],
			"to": [8.5, 13.5, 9.5],
			"faces": {
				"north": {"uv": [7.5, 2.5, 8.5, 3], "texture": "#2"},
				"east": {"uv": [6.5, 2.5, 7, 3], "texture": "#2"},
				"south": {"uv": [7.5, 2.5, 8.5, 3], "texture": "#2"},
				"west": {"uv": [9, 2.5, 9.5, 3], "texture": "#2"},
				"up": {"uv": [7.5, 9, 8.5, 9.5], "texture": "#2"},
				"down": {"uv": [8.5, 9.5, 7.5, 9], "texture": "#2"}
			}
		},
		{
			"name": "Green Potion",
			"from": [7.5, 15.5, 9],
			"to": [8.5, 16, 9.5],
			"faces": {
				"north": {"uv": [7.5, 0, 8.5, 0.5], "texture": "#3"},
				"east": {"uv": [6.5, 0, 7, 0.5], "texture": "#3"},
				"south": {"uv": [7.5, 0, 8.5, 0.5], "texture": "#3"},
				"west": {"uv": [9, 0, 9.5, 0.5], "texture": "#3"},
				"up": {"uv": [7.5, 9, 8.5, 9.5], "texture": "#3"},
				"down": {"uv": [8.5, 9.5, 7.5, 9], "texture": "#3"}
			}
		},
		{
			"name": "Green Potion",
			"from": [7.5, 3, 10],
			"to": [8.5, 3.5, 11],
			"faces": {
				"north": {"uv": [7.5, 12.5, 8.5, 13], "texture": "#1"},
				"east": {"uv": [5, 12.5, 6, 13], "texture": "#1"},
				"south": {"uv": [7.5, 12.5, 8.5, 13], "texture": "#1"},
				"west": {"uv": [10, 12.5, 11, 13], "texture": "#1"},
				"up": {"uv": [7.5, 10, 8.5, 11], "texture": "#1"},
				"down": {"uv": [8.5, 11, 7.5, 10], "texture": "#1"}
			}
		},
		{
			"name": "Green Potion",
			"from": [7.5, 1.5, 10.5],
			"to": [8.5, 3, 11],
			"faces": {
				"north": {"uv": [7.5, 13, 8.5, 14.5], "texture": "#1"},
				"east": {"uv": [5, 13, 5.5, 14.5], "texture": "#1"},
				"south": {"uv": [7.5, 13, 8.5, 14.5], "texture": "#1"},
				"west": {"uv": [10.5, 13, 11, 14.5], "texture": "#1"},
				"up": {"uv": [7.5, 10.5, 8.5, 11], "texture": "#1"},
				"down": {"uv": [8.5, 11, 7.5, 10.5], "texture": "#1"}
			}
		},
		{
			"name": "Green Potion",
			"from": [7.5, 3.5, 10.5],
			"to": [8, 4.5, 11],
			"faces": {
				"north": {"uv": [8, 11.5, 8.5, 12.5], "texture": "#0"},
				"east": {"uv": [5, 11.5, 5.5, 12.5], "texture": "#0"},
				"south": {"uv": [7.5, 11.5, 8, 12.5], "texture": "#0"},
				"west": {"uv": [10.5, 11.5, 11, 12.5], "texture": "#0"},
				"up": {"uv": [7.5, 10.5, 8, 11], "texture": "#0"},
				"down": {"uv": [8.5, 11, 8, 10.5], "texture": "#0"}
			}
		},
		{
			"name": "Green Potion",
			"from": [7.5, 5, 11],
			"to": [8.5, 5.5, 11.5],
			"faces": {
				"north": {"uv": [7.5, 10.5, 8.5, 11], "texture": "#0"},
				"east": {"uv": [4.5, 10.5, 5, 11], "texture": "#0"},
				"south": {"uv": [7.5, 10.5, 8.5, 11], "texture": "#0"},
				"west": {"uv": [11, 10.5, 11.5, 11], "texture": "#0"},
				"up": {"uv": [7.5, 11, 8.5, 11.5], "texture": "#0"},
				"down": {"uv": [8.5, 11.5, 7.5, 11], "texture": "#0"}
			}
		},
		{
			"name": "Green Potion",
			"from": [7.5, 10, 11],
			"to": [8.5, 10.5, 11.5],
			"faces": {
				"north": {"uv": [7.5, 5.5, 8.5, 6], "texture": "#0"},
				"east": {"uv": [4.5, 5.5, 5, 6], "texture": "#0"},
				"south": {"uv": [7.5, 5.5, 8.5, 6], "texture": "#0"},
				"west": {"uv": [11, 5.5, 11.5, 6], "texture": "#0"},
				"up": {"uv": [7.5, 11, 8.5, 11.5], "texture": "#0"},
				"down": {"uv": [8.5, 11.5, 7.5, 11], "texture": "#0"}
			}
		},
		{
			"name": "Green Potion",
			"from": [7.5, 6.5, 12],
			"to": [8.5, 7, 12.5],
			"faces": {
				"north": {"uv": [7.5, 9, 8.5, 9.5], "texture": "#0"},
				"east": {"uv": [3.5, 9, 4, 9.5], "texture": "#0"},
				"south": {"uv": [7.5, 9, 8.5, 9.5], "texture": "#0"},
				"west": {"uv": [12, 9, 12.5, 9.5], "texture": "#0"},
				"up": {"uv": [7.5, 12, 8.5, 12.5], "texture": "#0"},
				"down": {"uv": [8.5, 12.5, 7.5, 12], "texture": "#0"}
			}
		},
		{
			"name": "Green Potion",
			"from": [7.5, 8, 12.5],
			"to": [8.5, 9, 13],
			"faces": {
				"north": {"uv": [7.5, 7, 8.5, 8], "texture": "#0"},
				"east": {"uv": [3, 7, 3.5, 8], "texture": "#0"},
				"south": {"uv": [7.5, 7, 8.5, 8], "texture": "#0"},
				"west": {"uv": [12.5, 7, 13, 8], "texture": "#0"},
				"up": {"uv": [7.5, 12.5, 8.5, 13], "texture": "#0"},
				"down": {"uv": [8.5, 13, 7.5, 12.5], "texture": "#0"}
			}
		},
		{
			"name": "Green Potion",
			"from": [8, 6, 4.5],
			"to": [10, 6.5, 5],
			"faces": {
				"north": {"uv": [6, 9.5, 8, 10], "texture": "#1"},
				"east": {"uv": [11, 9.5, 11.5, 10], "texture": "#1"},
				"south": {"uv": [8, 9.5, 10, 10], "texture": "#1"},
				"west": {"uv": [4.5, 9.5, 5, 10], "texture": "#1"},
				"up": {"uv": [8, 4.5, 10, 5], "texture": "#1"},
				"down": {"uv": [8, 5, 6, 4.5], "texture": "#1"}
			}
		},
		{
			"name": "Green Potion",
			"from": [8, 1.5, 5],
			"to": [8.5, 2, 5.5],
			"faces": {
				"north": {"uv": [7.5, 14, 8, 14.5], "texture": "#1"},
				"east": {"uv": [10.5, 14, 11, 14.5], "texture": "#1"},
				"south": {"uv": [8, 14, 8.5, 14.5], "texture": "#1"},
				"west": {"uv": [5, 14, 5.5, 14.5], "texture": "#1"},
				"up": {"uv": [8, 5, 8.5, 5.5], "texture": "#1"},
				"down": {"uv": [8, 5.5, 7.5, 5], "texture": "#1"}
			}
		},
		{
			"name": "Green Potion",
			"from": [8, 4, 10.5],
			"to": [8.5, 4.5, 11],
			"faces": {
				"north": {"uv": [7.5, 11.5, 8, 12], "texture": "#0"},
				"east": {"uv": [5, 11.5, 5.5, 12], "texture": "#0"},
				"south": {"uv": [8, 11.5, 8.5, 12], "texture": "#0"},
				"west": {"uv": [10.5, 11.5, 11, 12], "texture": "#0"},
				"up": {"uv": [8, 10.5, 8.5, 11], "texture": "#0"},
				"down": {"uv": [8, 11, 7.5, 10.5], "texture": "#0"}
			}
		},
		{
			"name": "Green Potion",
			"from": [8.5, 7, 4],
			"to": [9, 7.5, 4.5],
			"faces": {
				"north": {"uv": [7, 8.5, 7.5, 9], "texture": "#1"},
				"east": {"uv": [11.5, 8.5, 12, 9], "texture": "#1"},
				"south": {"uv": [8.5, 8.5, 9, 9], "texture": "#1"},
				"west": {"uv": [4, 8.5, 4.5, 9], "texture": "#1"},
				"up": {"uv": [8.5, 4, 9, 4.5], "texture": "#1"},
				"down": {"uv": [7.5, 4.5, 7, 4], "texture": "#1"}
			}
		},
		{
			"name": "Green Potion",
			"from": [8.5, 9, 4],
			"to": [9, 9.5, 4.5],
			"faces": {
				"north": {"uv": [7, 6.5, 7.5, 7], "texture": "#1"},
				"east": {"uv": [11.5, 6.5, 12, 7], "texture": "#1"},
				"south": {"uv": [8.5, 6.5, 9, 7], "texture": "#1"},
				"west": {"uv": [4, 6.5, 4.5, 7], "texture": "#1"},
				"up": {"uv": [8.5, 4, 9, 4.5], "texture": "#1"},
				"down": {"uv": [7.5, 4.5, 7, 4], "texture": "#1"}
			}
		},
		{
			"name": "Green Potion",
			"from": [8.5, 11.5, 6.5],
			"to": [9, 12, 7],
			"faces": {
				"north": {"uv": [7, 4, 7.5, 4.5], "texture": "#2"},
				"east": {"uv": [9, 4, 9.5, 4.5], "texture": "#2"},
				"south": {"uv": [8.5, 4, 9, 4.5], "texture": "#2"},
				"west": {"uv": [6.5, 4, 7, 4.5], "texture": "#2"},
				"up": {"uv": [8.5, 6.5, 9, 7], "texture": "#2"},
				"down": {"uv": [7.5, 7, 7, 6.5], "texture": "#2"}
			}
		},
		{
			"name": "Green Potion",
			"from": [8.5, 12.5, 6.5],
			"to": [9, 13, 7],
			"faces": {
				"north": {"uv": [7, 3, 7.5, 3.5], "texture": "#0"},
				"east": {"uv": [9, 3, 9.5, 3.5], "texture": "#0"},
				"south": {"uv": [8.5, 3, 9, 3.5], "texture": "#0"},
				"west": {"uv": [6.5, 3, 7, 3.5], "texture": "#0"},
				"up": {"uv": [8.5, 6.5, 9, 7], "texture": "#0"},
				"down": {"uv": [7.5, 7, 7, 6.5], "texture": "#0"}
			}
		},
		{
			"name": "Green Potion",
			"from": [8.5, 3, 10],
			"to": [9, 3.5, 10.5],
			"faces": {
				"north": {"uv": [7, 12.5, 7.5, 13], "texture": "#1"},
				"east": {"uv": [5.5, 12.5, 6, 13], "texture": "#1"},
				"south": {"uv": [8.5, 12.5, 9, 13], "texture": "#1"},
				"west": {"uv": [10, 12.5, 10.5, 13], "texture": "#1"},
				"up": {"uv": [8.5, 10, 9, 10.5], "texture": "#1"},
				"down": {"uv": [7.5, 10.5, 7, 10], "texture": "#1"}
			}
		},
		{
			"name": "Green Potion",
			"from": [8.5, 5, 10.5],
			"to": [9, 5.5, 11],
			"faces": {
				"north": {"uv": [7, 10.5, 7.5, 11], "texture": "#1"},
				"east": {"uv": [5, 10.5, 5.5, 11], "texture": "#1"},
				"south": {"uv": [8.5, 10.5, 9, 11], "texture": "#1"},
				"west": {"uv": [10.5, 10.5, 11, 11], "texture": "#1"},
				"up": {"uv": [8.5, 10.5, 9, 11], "texture": "#1"},
				"down": {"uv": [7.5, 11, 7, 10.5], "texture": "#1"}
			}
		},
		{
			"name": "Green Potion",
			"from": [8.5, 6, 11],
			"to": [9, 6.5, 11.5],
			"faces": {
				"north": {"uv": [7, 9.5, 7.5, 10], "texture": "#1"},
				"east": {"uv": [4.5, 9.5, 5, 10], "texture": "#1"},
				"south": {"uv": [8.5, 9.5, 9, 10], "texture": "#1"},
				"west": {"uv": [11, 9.5, 11.5, 10], "texture": "#1"},
				"up": {"uv": [8.5, 11, 9, 11.5], "texture": "#1"},
				"down": {"uv": [7.5, 11.5, 7, 11], "texture": "#1"}
			}
		},
		{
			"name": "Green Potion",
			"from": [8.5, 6.5, 11.5],
			"to": [9, 8, 12],
			"faces": {
				"north": {"uv": [7, 8, 7.5, 9.5], "texture": "#1"},
				"east": {"uv": [4, 8, 4.5, 9.5], "texture": "#1"},
				"south": {"uv": [8.5, 8, 9, 9.5], "texture": "#1"},
				"west": {"uv": [11.5, 8, 12, 9.5], "texture": "#1"},
				"up": {"uv": [8.5, 11.5, 9, 12], "texture": "#1"},
				"down": {"uv": [7.5, 12, 7, 11.5], "texture": "#1"}
			}
		},
		{
			"name": "Green Potion",
			"from": [9, 5.5, 4.5],
			"to": [10, 6, 5],
			"faces": {
				"north": {"uv": [6, 10, 7, 10.5], "texture": "#1"},
				"east": {"uv": [11, 10, 11.5, 10.5], "texture": "#1"},
				"south": {"uv": [9, 10, 10, 10.5], "texture": "#1"},
				"west": {"uv": [4.5, 10, 5, 10.5], "texture": "#1"},
				"up": {"uv": [9, 4.5, 10, 5], "texture": "#1"},
				"down": {"uv": [7, 5, 6, 4.5], "texture": "#1"}
			}
		},
		{
			"name": "Green Potion",
			"from": [9, 4.5, 5],
			"to": [9.5, 5, 5.5],
			"faces": {
				"north": {"uv": [6.5, 11, 7, 11.5], "texture": "#1"},
				"east": {"uv": [10.5, 11, 11, 11.5], "texture": "#1"},
				"south": {"uv": [9, 11, 9.5, 11.5], "texture": "#1"},
				"west": {"uv": [5, 11, 5.5, 11.5], "texture": "#1"},
				"up": {"uv": [9, 5, 9.5, 5.5], "texture": "#1"},
				"down": {"uv": [7, 5.5, 6.5, 5], "texture": "#1"}
			}
		},
		{
			"name": "Green Potion",
			"from": [9, 10, 5],
			"to": [10, 10.5, 5.5],
			"faces": {
				"north": {"uv": [6, 5.5, 7, 6], "texture": "#0"},
				"east": {"uv": [10.5, 5.5, 11, 6], "texture": "#0"},
				"south": {"uv": [9, 5.5, 10, 6], "texture": "#0"},
				"west": {"uv": [5, 5.5, 5.5, 6], "texture": "#0"},
				"up": {"uv": [9, 5, 10, 5.5], "texture": "#0"},
				"down": {"uv": [7, 5.5, 6, 5], "texture": "#0"}
			}
		},
		{
			"name": "Green Potion",
			"from": [9, 7.5, 11.5],
			"to": [9.5, 8, 12],
			"faces": {
				"north": {"uv": [6.5, 8, 7, 8.5], "texture": "#1"},
				"east": {"uv": [4, 8, 4.5, 8.5], "texture": "#1"},
				"south": {"uv": [9, 8, 9.5, 8.5], "texture": "#1"},
				"west": {"uv": [11.5, 8, 12, 8.5], "texture": "#1"},
				"up": {"uv": [9, 11.5, 9.5, 12], "texture": "#1"},
				"down": {"uv": [7, 12, 6.5, 11.5], "texture": "#1"}
			}
		},
		{
			"name": "Green Potion",
			"from": [9.5, 8, 3.5],
			"to": [10, 8.5, 4],
			"faces": {
				"north": {"uv": [6, 7.5, 6.5, 8], "texture": "#1"},
				"east": {"uv": [12, 7.5, 12.5, 8], "texture": "#1"},
				"south": {"uv": [9.5, 7.5, 10, 8], "texture": "#1"},
				"west": {"uv": [3.5, 7.5, 4, 8], "texture": "#1"},
				"up": {"uv": [9.5, 3.5, 10, 4], "texture": "#1"},
				"down": {"uv": [6.5, 4, 6, 3.5], "texture": "#1"}
			}
		},
		{
			"name": "Green Potion",
			"from": [9.5, 6.5, 4],
			"to": [10, 7.5, 4.5],
			"faces": {
				"north": {"uv": [6, 8.5, 6.5, 9.5], "texture": "#1"},
				"east": {"uv": [11.5, 8.5, 12, 9.5], "texture": "#1"},
				"south": {"uv": [9.5, 8.5, 10, 9.5], "texture": "#1"},
				"west": {"uv": [4, 8.5, 4.5, 9.5], "texture": "#1"},
				"up": {"uv": [9.5, 4, 10, 4.5], "texture": "#1"},
				"down": {"uv": [6.5, 4.5, 6, 4], "texture": "#1"}
			}
		},
		{
			"name": "Green Potion",
			"from": [9.5, 9, 4],
			"to": [10.5, 9.5, 4.5],
			"faces": {
				"north": {"uv": [5.5, 6.5, 6.5, 7], "texture": "#1"},
				"east": {"uv": [11.5, 6.5, 12, 7], "texture": "#1"},
				"south": {"uv": [9.5, 6.5, 10.5, 7], "texture": "#1"},
				"west": {"uv": [4, 6.5, 4.5, 7], "texture": "#1"},
				"up": {"uv": [9.5, 4, 10.5, 4.5], "texture": "#1"},
				"down": {"uv": [6.5, 4.5, 5.5, 4], "texture": "#1"}
			}
		},
		{
			"name": "Green Potion",
			"from": [9.5, 1, 5.5],
			"to": [10, 2, 6],
			"faces": {
				"north": {"uv": [6, 14, 6.5, 15], "texture": "#1"},
				"east": {"uv": [10, 14, 10.5, 15], "texture": "#1"},
				"south": {"uv": [9.5, 14, 10, 15], "texture": "#1"},
				"west": {"uv": [5.5, 14, 6, 15], "texture": "#1"},
				"up": {"uv": [9.5, 5.5, 10, 6], "texture": "#1"},
				"down": {"uv": [6.5, 6, 6, 5.5], "texture": "#1"}
			}
		},
		{
			"name": "Green Potion",
			"from": [9.5, 2, 6],
			"to": [10, 3, 6.5],
			"faces": {
				"north": {"uv": [6, 13, 6.5, 14], "texture": "#1"},
				"east": {"uv": [9.5, 13, 10, 14], "texture": "#1"},
				"south": {"uv": [9.5, 13, 10, 14], "texture": "#1"},
				"west": {"uv": [6, 13, 6.5, 14], "texture": "#1"},
				"up": {"uv": [9.5, 6, 10, 6.5], "texture": "#1"},
				"down": {"uv": [6.5, 6.5, 6, 6], "texture": "#1"}
			}
		},
		{
			"name": "Green Potion",
			"from": [9.5, 3.5, 6],
			"to": [10, 5, 6.5],
			"faces": {
				"north": {"uv": [6, 11, 6.5, 12.5], "texture": "#1"},
				"east": {"uv": [9.5, 11, 10, 12.5], "texture": "#1"},
				"south": {"uv": [9.5, 11, 10, 12.5], "texture": "#1"},
				"west": {"uv": [6, 11, 6.5, 12.5], "texture": "#1"},
				"up": {"uv": [9.5, 6, 10, 6.5], "texture": "#1"},
				"down": {"uv": [6.5, 6.5, 6, 6], "texture": "#1"}
			}
		},
		{
			"name": "Green Potion",
			"from": [9.5, 10.5, 6.5],
			"to": [10, 11.5, 7],
			"faces": {
				"north": {"uv": [6, 4.5, 6.5, 5.5], "texture": "#2"},
				"east": {"uv": [9, 4.5, 9.5, 5.5], "texture": "#2"},
				"south": {"uv": [9.5, 4.5, 10, 5.5], "texture": "#2"},
				"west": {"uv": [6.5, 4.5, 7, 5.5], "texture": "#2"},
				"up": {"uv": [9.5, 6.5, 10, 7], "texture": "#2"},
				"down": {"uv": [6.5, 7, 6, 6.5], "texture": "#2"}
			}
		},
		{
			"name": "Green Potion",
			"from": [9.5, 10.5, 9],
			"to": [10, 11, 9.5],
			"faces": {
				"north": {"uv": [6, 5, 6.5, 5.5], "texture": "#2"},
				"east": {"uv": [6.5, 5, 7, 5.5], "texture": "#2"},
				"south": {"uv": [9.5, 5, 10, 5.5], "texture": "#2"},
				"west": {"uv": [9, 5, 9.5, 5.5], "texture": "#2"},
				"up": {"uv": [9.5, 9, 10, 9.5], "texture": "#2"},
				"down": {"uv": [6.5, 9.5, 6, 9], "texture": "#2"}
			}
		},
		{
			"name": "Green Potion",
			"from": [10, 7, 4],
			"to": [10.5, 7.5, 4.5],
			"faces": {
				"north": {"uv": [5.5, 8.5, 6, 9], "texture": "#1"},
				"east": {"uv": [11.5, 8.5, 12, 9], "texture": "#1"},
				"south": {"uv": [10, 8.5, 10.5, 9], "texture": "#1"},
				"west": {"uv": [4, 8.5, 4.5, 9], "texture": "#1"},
				"up": {"uv": [10, 4, 10.5, 4.5], "texture": "#1"},
				"down": {"uv": [6, 4.5, 5.5, 4], "texture": "#1"}
			}
		},
		{
			"name": "Green Potion",
			"from": [10, 5.5, 5.5],
			"to": [10.5, 6, 6.5],
			"faces": {
				"north": {"uv": [5.5, 10, 6, 10.5], "texture": "#1"},
				"east": {"uv": [9.5, 10, 10.5, 10.5], "texture": "#1"},
				"south": {"uv": [10, 10, 10.5, 10.5], "texture": "#1"},
				"west": {"uv": [5.5, 10, 6.5, 10.5], "texture": "#1"},
				"up": {"uv": [10, 5.5, 10.5, 6.5], "texture": "#1"},
				"down": {"uv": [6, 6.5, 5.5, 5.5], "texture": "#1"}
			}
		},
		{
			"name": "Green Potion",
			"from": [10, 6, 5.5],
			"to": [10.5, 6.5, 6],
			"faces": {
				"north": {"uv": [5.5, 9.5, 6, 10], "texture": "#1"},
				"east": {"uv": [10, 9.5, 10.5, 10], "texture": "#1"},
				"south": {"uv": [10, 9.5, 10.5, 10], "texture": "#1"},
				"west": {"uv": [5.5, 9.5, 6, 10], "texture": "#1"},
				"up": {"uv": [10, 5.5, 10.5, 6], "texture": "#1"},
				"down": {"uv": [6, 6, 5.5, 5.5], "texture": "#1"}
			}
		},
		{
			"name": "Green Potion",
			"from": [10, 9.5, 5.5],
			"to": [10.5, 10, 6],
			"faces": {
				"north": {"uv": [5.5, 6, 6, 6.5], "texture": "#1"},
				"east": {"uv": [10, 6, 10.5, 6.5], "texture": "#1"},
				"south": {"uv": [10, 6, 10.5, 6.5], "texture": "#1"},
				"west": {"uv": [5.5, 6, 6, 6.5], "texture": "#1"},
				"up": {"uv": [10, 5.5, 10.5, 6], "texture": "#1"},
				"down": {"uv": [6, 6, 5.5, 5.5], "texture": "#1"}
			}
		},
		{
			"name": "Green Potion",
			"from": [10, 5, 6],
			"to": [11, 5.5, 6.5],
			"faces": {
				"north": {"uv": [5, 10.5, 6, 11], "texture": "#0"},
				"east": {"uv": [9.5, 10.5, 10, 11], "texture": "#0"},
				"south": {"uv": [10, 10.5, 11, 11], "texture": "#0"},
				"west": {"uv": [6, 10.5, 6.5, 11], "texture": "#0"},
				"up": {"uv": [10, 6, 11, 6.5], "texture": "#0"},
				"down": {"uv": [6, 6.5, 5, 6], "texture": "#0"}
			}
		},
		{
			"name": "Green Potion",
			"from": [10, 10, 6],
			"to": [11, 10.5, 6.5],
			"faces": {
				"north": {"uv": [5, 5.5, 6, 6], "texture": "#0"},
				"east": {"uv": [9.5, 5.5, 10, 6], "texture": "#0"},
				"south": {"uv": [10, 5.5, 11, 6], "texture": "#0"},
				"west": {"uv": [6, 5.5, 6.5, 6], "texture": "#0"},
				"up": {"uv": [10, 6, 11, 6.5], "texture": "#0"},
				"down": {"uv": [6, 6.5, 5, 6], "texture": "#0"}
			}
		},
		{
			"name": "Green Potion",
			"from": [10, 10.5, 6.5],
			"to": [10.5, 11, 7],
			"faces": {
				"north": {"uv": [5.5, 5, 6, 5.5], "texture": "#2"},
				"east": {"uv": [9, 5, 9.5, 5.5], "texture": "#2"},
				"south": {"uv": [10, 5, 10.5, 5.5], "texture": "#2"},
				"west": {"uv": [6.5, 5, 7, 5.5], "texture": "#2"},
				"up": {"uv": [10, 6.5, 10.5, 7], "texture": "#2"},
				"down": {"uv": [6, 7, 5.5, 6.5], "texture": "#2"}
			}
		},
		{
			"name": "Green Potion",
			"from": [10, 5, 9.5],
			"to": [10.5, 6, 10],
			"faces": {
				"north": {"uv": [5.5, 10, 6, 11], "texture": "#1"},
				"east": {"uv": [6, 10, 6.5, 11], "texture": "#1"},
				"south": {"uv": [10, 10, 10.5, 11], "texture": "#1"},
				"west": {"uv": [9.5, 10, 10, 11], "texture": "#1"},
				"up": {"uv": [10, 9.5, 10.5, 10], "texture": "#1"},
				"down": {"uv": [6, 10, 5.5, 9.5], "texture": "#1"}
			}
		},
		{
			"name": "Green Potion",
			"from": [10, 5.5, 10],
			"to": [10.5, 6, 10.5],
			"faces": {
				"north": {"uv": [5.5, 10, 6, 10.5], "texture": "#1"},
				"east": {"uv": [5.5, 10, 6, 10.5], "texture": "#1"},
				"south": {"uv": [10, 10, 10.5, 10.5], "texture": "#1"},
				"west": {"uv": [10, 10, 10.5, 10.5], "texture": "#1"},
				"up": {"uv": [10, 10, 10.5, 10.5], "texture": "#1"},
				"down": {"uv": [6, 10.5, 5.5, 10], "texture": "#1"}
			}
		},
		{
			"name": "Green Potion",
			"from": [10, 9.5, 11],
			"to": [10.5, 10, 11.5],
			"faces": {
				"north": {"uv": [5.5, 6, 6, 6.5], "texture": "#1"},
				"east": {"uv": [4.5, 6, 5, 6.5], "texture": "#1"},
				"south": {"uv": [10, 6, 10.5, 6.5], "texture": "#1"},
				"west": {"uv": [11, 6, 11.5, 6.5], "texture": "#1"},
				"up": {"uv": [10, 11, 10.5, 11.5], "texture": "#1"},
				"down": {"uv": [6, 11.5, 5.5, 11], "texture": "#1"}
			}
		},
		{
			"name": "Green Potion",
			"from": [10, 7.5, 11.5],
			"to": [11, 9, 12],
			"faces": {
				"north": {"uv": [5, 7, 6, 8.5], "texture": "#1"},
				"east": {"uv": [4, 7, 4.5, 8.5], "texture": "#1"},
				"south": {"uv": [10, 7, 11, 8.5], "texture": "#1"},
				"west": {"uv": [11.5, 7, 12, 8.5], "texture": "#1"},
				"up": {"uv": [10, 11.5, 11, 12], "texture": "#1"},
				"down": {"uv": [6, 12, 5, 11.5], "texture": "#1"}
			}
		},
		{
			"name": "Green Potion",
			"from": [10.5, 7, 5],
			"to": [11, 7.5, 6],
			"faces": {
				"north": {"uv": [5, 8.5, 5.5, 9], "texture": "#1"},
				"east": {"uv": [10, 8.5, 11, 9], "texture": "#1"},
				"south": {"uv": [10.5, 8.5, 11, 9], "texture": "#1"},
				"west": {"uv": [5, 8.5, 6, 9], "texture": "#1"},
				"up": {"uv": [10.5, 5, 11, 6], "texture": "#1"},
				"down": {"uv": [5.5, 6, 5, 5], "texture": "#1"}
			}
		},
		{
			"name": "Green Potion",
			"from": [10.5, 7.5, 5],
			"to": [11, 9.5, 5.5],
			"faces": {
				"north": {"uv": [5, 6.5, 5.5, 8.5], "texture": "#1"},
				"east": {"uv": [10.5, 6.5, 11, 8.5], "texture": "#1"},
				"south": {"uv": [10.5, 6.5, 11, 8.5], "texture": "#1"},
				"west": {"uv": [5, 6.5, 5.5, 8.5], "texture": "#1"},
				"up": {"uv": [10.5, 5, 11, 5.5], "texture": "#1"},
				"down": {"uv": [5.5, 5.5, 5, 5], "texture": "#1"}
			}
		},
		{
			"name": "Green Potion",
			"from": [10.5, 6.5, 5.5],
			"to": [11.5, 7, 6.5],
			"faces": {
				"north": {"uv": [4.5, 9, 5.5, 9.5], "texture": "#1"},
				"east": {"uv": [9.5, 9, 10.5, 9.5], "texture": "#1"},
				"south": {"uv": [10.5, 9, 11.5, 9.5], "texture": "#1"},
				"west": {"uv": [5.5, 9, 6.5, 9.5], "texture": "#1"},
				"up": {"uv": [10.5, 5.5, 11.5, 6.5], "texture": "#1"},
				"down": {"uv": [5.5, 6.5, 4.5, 5.5], "texture": "#1"}
			}
		},
		{
			"name": "Green Potion",
			"from": [10.5, 9, 5.5],
			"to": [12, 9.5, 6],
			"faces": {
				"north": {"uv": [4, 6.5, 5.5, 7], "texture": "#1"},
				"east": {"uv": [10, 6.5, 10.5, 7], "texture": "#1"},
				"south": {"uv": [10.5, 6.5, 12, 7], "texture": "#1"},
				"west": {"uv": [5.5, 6.5, 6, 7], "texture": "#1"},
				"up": {"uv": [10.5, 5.5, 12, 6], "texture": "#1"},
				"down": {"uv": [5.5, 6, 4, 5.5], "texture": "#1"}
			}
		},
		{
			"name": "Green Potion",
			"from": [10.5, 0.5, 6],
			"to": [11, 1, 6.5],
			"faces": {
				"north": {"uv": [5, 15, 5.5, 15.5], "texture": "#1"},
				"east": {"uv": [9.5, 15, 10, 15.5], "texture": "#1"},
				"south": {"uv": [10.5, 15, 11, 15.5], "texture": "#1"},
				"west": {"uv": [6, 15, 6.5, 15.5], "texture": "#1"},
				"up": {"uv": [10.5, 6, 11, 6.5], "texture": "#1"},
				"down": {"uv": [5.5, 6.5, 5, 6], "texture": "#1"}
			}
		},
		{
			"name": "Green Potion",
			"from": [10.5, 5.5, 6],
			"to": [11.5, 6, 6.5],
			"faces": {
				"north": {"uv": [4.5, 10, 5.5, 10.5], "texture": "#0"},
				"east": {"uv": [9.5, 10, 10, 10.5], "texture": "#0"},
				"south": {"uv": [10.5, 10, 11.5, 10.5], "texture": "#0"},
				"west": {"uv": [6, 10, 6.5, 10.5], "texture": "#0"},
				"up": {"uv": [10.5, 6, 11.5, 6.5], "texture": "#0"},
				"down": {"uv": [5.5, 6.5, 4.5, 6], "texture": "#0"}
			}
		},
		{
			"name": "Green Potion",
			"from": [10.5, 1, 6.5],
			"to": [11, 1.5, 7],
			"faces": {
				"north": {"uv": [5, 14.5, 5.5, 15], "texture": "#1"},
				"east": {"uv": [9, 14.5, 9.5, 15], "texture": "#1"},
				"south": {"uv": [10.5, 14.5, 11, 15], "texture": "#1"},
				"west": {"uv": [6.5, 14.5, 7, 15], "texture": "#1"},
				"up": {"uv": [10.5, 6.5, 11, 7], "texture": "#1"},
				"down": {"uv": [5.5, 7, 5, 6.5], "texture": "#1"}
			}
		},
		{
			"name": "Green Potion",
			"from": [10.5, 2, 7],
			"to": [11, 2.5, 7.5],
			"faces": {
				"north": {"uv": [5, 13.5, 5.5, 14], "texture": "#1"},
				"east": {"uv": [8.5, 13.5, 9, 14], "texture": "#1"},
				"south": {"uv": [10.5, 13.5, 11, 14], "texture": "#1"},
				"west": {"uv": [7, 13.5, 7.5, 14], "texture": "#1"},
				"up": {"uv": [10.5, 7, 11, 7.5], "texture": "#1"},
				"down": {"uv": [5.5, 7.5, 5, 7], "texture": "#1"}
			}
		},
		{
			"name": "Green Potion",
			"from": [10.5, 4, 7],
			"to": [11, 4.5, 7.5],
			"faces": {
				"north": {"uv": [5, 11.5, 5.5, 12], "texture": "#0"},
				"east": {"uv": [8.5, 11.5, 9, 12], "texture": "#0"},
				"south": {"uv": [10.5, 11.5, 11, 12], "texture": "#0"},
				"west": {"uv": [7, 11.5, 7.5, 12], "texture": "#0"},
				"up": {"uv": [10.5, 7, 11, 7.5], "texture": "#0"},
				"down": {"uv": [5.5, 7.5, 5, 7], "texture": "#0"}
			}
		},
		{
			"name": "Green Potion",
			"from": [10.5, 2.5, 8.5],
			"to": [11, 3, 9],
			"faces": {
				"north": {"uv": [5, 13, 5.5, 13.5], "texture": "#1"},
				"east": {"uv": [7, 13, 7.5, 13.5], "texture": "#1"},
				"south": {"uv": [10.5, 13, 11, 13.5], "texture": "#1"},
				"west": {"uv": [8.5, 13, 9, 13.5], "texture": "#1"},
				"up": {"uv": [10.5, 8.5, 11, 9], "texture": "#1"},
				"down": {"uv": [5.5, 9, 5, 8.5], "texture": "#1"}
			}
		},
		{
			"name": "Green Potion",
			"from": [10.5, 4.5, 8.5],
			"to": [11, 5, 9],
			"faces": {
				"north": {"uv": [5, 11, 5.5, 11.5], "texture": "#0"},
				"east": {"uv": [7, 11, 7.5, 11.5], "texture": "#0"},
				"south": {"uv": [10.5, 11, 11, 11.5], "texture": "#0"},
				"west": {"uv": [8.5, 11, 9, 11.5], "texture": "#0"},
				"up": {"uv": [10.5, 8.5, 11, 9], "texture": "#0"},
				"down": {"uv": [5.5, 9, 5, 8.5], "texture": "#0"}
			}
		},
		{
			"name": "Green Potion",
			"from": [10.5, 5, 9],
			"to": [11, 5.5, 9.5],
			"faces": {
				"north": {"uv": [5, 10.5, 5.5, 11], "texture": "#0"},
				"east": {"uv": [6.5, 10.5, 7, 11], "texture": "#0"},
				"south": {"uv": [10.5, 10.5, 11, 11], "texture": "#0"},
				"west": {"uv": [9, 10.5, 9.5, 11], "texture": "#0"},
				"up": {"uv": [10.5, 9, 11, 9.5], "texture": "#0"},
				"down": {"uv": [5.5, 9.5, 5, 9], "texture": "#0"}
			}
		},
		{
			"name": "Green Potion",
			"from": [10.5, 9.5, 9.5],
			"to": [11, 10, 10],
			"faces": {
				"north": {"uv": [5, 6, 5.5, 6.5], "texture": "#1"},
				"east": {"uv": [6, 6, 6.5, 6.5], "texture": "#1"},
				"south": {"uv": [10.5, 6, 11, 6.5], "texture": "#1"},
				"west": {"uv": [9.5, 6, 10, 6.5], "texture": "#1"},
				"up": {"uv": [10.5, 9.5, 11, 10], "texture": "#1"},
				"down": {"uv": [5.5, 10, 5, 9.5], "texture": "#1"}
			}
		},
		{
			"name": "Green Potion",
			"from": [11, 7, 5.5],
			"to": [12, 7.5, 6],
			"faces": {
				"north": {"uv": [4, 8.5, 5, 9], "texture": "#1"},
				"east": {"uv": [10, 8.5, 10.5, 9], "texture": "#1"},
				"south": {"uv": [11, 8.5, 12, 9], "texture": "#1"},
				"west": {"uv": [5.5, 8.5, 6, 9], "texture": "#1"},
				"up": {"uv": [11, 5.5, 12, 6], "texture": "#1"},
				"down": {"uv": [5, 6, 4, 5.5], "texture": "#1"}
			}
		},
		{
			"name": "Green Potion",
			"from": [11, 5.5, 8.5],
			"to": [11.5, 6, 9],
			"faces": {
				"north": {"uv": [4.5, 10, 5, 10.5], "texture": "#0"},
				"east": {"uv": [7, 10, 7.5, 10.5], "texture": "#0"},
				"south": {"uv": [11, 10, 11.5, 10.5], "texture": "#0"},
				"west": {"uv": [8.5, 10, 9, 10.5], "texture": "#0"},
				"up": {"uv": [11, 8.5, 11.5, 9], "texture": "#0"},
				"down": {"uv": [5, 9, 4.5, 8.5], "texture": "#0"}
			}
		},
		{
			"name": "Green Potion",
			"from": [11.5, 6.5, 6],
			"to": [12, 7, 6.5],
			"faces": {
				"north": {"uv": [4, 9, 4.5, 9.5], "texture": "#0"},
				"east": {"uv": [9.5, 9, 10, 9.5], "texture": "#0"},
				"south": {"uv": [11.5, 9, 12, 9.5], "texture": "#0"},
				"west": {"uv": [6, 9, 6.5, 9.5], "texture": "#0"},
				"up": {"uv": [11.5, 6, 12, 6.5], "texture": "#0"},
				"down": {"uv": [4.5, 6.5, 4, 6], "texture": "#0"}
			}
		},
		{
			"name": "Green Potion",
			"from": [12, 7, 7],
			"to": [12.5, 7.5, 7.5],
			"faces": {
				"north": {"uv": [3.5, 8.5, 4, 9], "texture": "#0"},
				"east": {"uv": [8.5, 8.5, 9, 9], "texture": "#0"},
				"south": {"uv": [12, 8.5, 12.5, 9], "texture": "#0"},
				"west": {"uv": [7, 8.5, 7.5, 9], "texture": "#0"},
				"up": {"uv": [12, 7, 12.5, 7.5], "texture": "#0"},
				"down": {"uv": [4, 7.5, 3.5, 7], "texture": "#0"}
			}
		},
		{
			"name": "Green Potion",
			"from": [12, 9, 7],
			"to": [12.5, 9.5, 7.5],
			"faces": {
				"north": {"uv": [3.5, 6.5, 4, 7], "texture": "#0"},
				"east": {"uv": [8.5, 6.5, 9, 7], "texture": "#0"},
				"south": {"uv": [12, 6.5, 12.5, 7], "texture": "#0"},
				"west": {"uv": [7, 6.5, 7.5, 7], "texture": "#0"},
				"up": {"uv": [12, 7, 12.5, 7.5], "texture": "#0"},
				"down": {"uv": [4, 7.5, 3.5, 7], "texture": "#0"}
			}
		},
		{
			"name": "Green Potion",
			"from": [12, 7.5, 8.5],
			"to": [12.5, 9, 10],
			"faces": {
				"north": {"uv": [3.5, 7, 4, 8.5], "texture": "#0"},
				"east": {"uv": [6, 7, 7.5, 8.5], "texture": "#0"},
				"south": {"uv": [12, 7, 12.5, 8.5], "texture": "#0"},
				"west": {"uv": [8.5, 7, 10, 8.5], "texture": "#0"},
				"up": {"uv": [12, 8.5, 12.5, 10], "texture": "#0"},
				"down": {"uv": [4, 10, 3.5, 8.5], "texture": "#0"}
			}
		},
		{
			"name": "Green Potion",
			"from": [12, 7, 9],
			"to": [12.5, 7.5, 9.5],
			"faces": {
				"north": {"uv": [3.5, 8.5, 4, 9], "texture": "#0"},
				"east": {"uv": [6.5, 8.5, 7, 9], "texture": "#0"},
				"south": {"uv": [12, 8.5, 12.5, 9], "texture": "#0"},
				"west": {"uv": [9, 8.5, 9.5, 9], "texture": "#0"},
				"up": {"uv": [12, 9, 12.5, 9.5], "texture": "#0"},
				"down": {"uv": [4, 9.5, 3.5, 9], "texture": "#0"}
			}
		},
		{
			"name": "Green Potion",
			"from": [12, 9, 9],
			"to": [12.5, 9.5, 9.5],
			"faces": {
				"north": {"uv": [3.5, 6.5, 4, 7], "texture": "#0"},
				"east": {"uv": [6.5, 6.5, 7, 7], "texture": "#0"},
				"south": {"uv": [12, 6.5, 12.5, 7], "texture": "#0"},
				"west": {"uv": [9, 6.5, 9.5, 7], "texture": "#0"},
				"up": {"uv": [12, 9, 12.5, 9.5], "texture": "#0"},
				"down": {"uv": [4, 9.5, 3.5, 9], "texture": "#0"}
			}
		}
	],
	"display": {
		"thirdperson_righthand": {
			"translation": [0, -5.5, 0],
			"scale": [0.5, 0.5, 0.5]
		},
		"thirdperson_lefthand": {
			"translation": [0, -4.5, 0],
			"scale": [0.5, 0.5, 0.5]
		},
		"ground": {
			"translation": [0, 5.5, 0],
			"scale": [0.5, 0.5, 0.5]
		}
	}
}