{
	"credit": "Made with Blockbench",
	"textures": {
		"289": "block/gold_block",
		"383": "block/light_gray_concrete_powder",
		"403": "block/lodestone_top",
		"502": "block/purple_concrete_powder",
		"547": "block/repeater_on",
		"558": "block/respawn_anchor_top",
		"particle": "block/acacia_door_bottom"
	},
	"gui_light": "front",
	"elements": [
		{
			"from": [6.75, 8.2, 8.2],
			"to": [9.25, 8.5, 8.5],
			"rotation": {"angle": 0, "axis": "y", "origin": [8, 8, 8]},
			"faces": {
				"north": {"uv": [0, 0, 16, 3], "texture": "#547"},
				"east": {"uv": [0, 0, 16, 3], "texture": "#547"},
				"south": {"uv": [0, 0, 16, 3], "texture": "#547"},
				"west": {"uv": [0, 0, 16, 3], "texture": "#547"},
				"up": {"uv": [0, 0, 16, 3], "texture": "#547"},
				"down": {"uv": [0, 0, 16, 3], "texture": "#547"}
			}
		},
		{
			"from": [6.55, 8.1, 8.1],
			"to": [6.75, 8.6, 8.6],
			"rotation": {"angle": 0, "axis": "y", "origin": [8, 8, 8]},
			"faces": {
				"north": {"uv": [3, 3, 14, 14], "texture": "#289"},
				"east": {"uv": [3, 3, 14, 14], "texture": "#289"},
				"south": {"uv": [3, 3, 14, 14], "texture": "#289"},
				"west": {"uv": [3, 3, 14, 14], "texture": "#289"},
				"up": {"uv": [3, 3, 14, 14], "texture": "#289"},
				"down": {"uv": [3, 3, 14, 14], "texture": "#289"}
			}
		},
		{
			"from": [7.55, 8.1, 8.1],
			"to": [7.75, 8.6, 8.6],
			"rotation": {"angle": 0, "axis": "y", "origin": [8, 8, 8]},
			"faces": {
				"north": {"uv": [3, 3, 14, 14], "texture": "#289"},
				"east": {"uv": [3, 3, 14, 14], "texture": "#289"},
				"south": {"uv": [3, 3, 14, 14], "texture": "#289"},
				"west": {"uv": [3, 3, 14, 14], "texture": "#289"},
				"up": {"uv": [3, 3, 14, 14], "texture": "#289"},
				"down": {"uv": [3, 3, 14, 14], "texture": "#289"}
			}
		},
		{
			"from": [9.25, 8.1, 8.1],
			"to": [9.45, 8.6, 8.6],
			"rotation": {"angle": 0, "axis": "y", "origin": [8, 8, 8]},
			"faces": {
				"north": {"uv": [3, 3, 14, 14], "texture": "#289"},
				"east": {"uv": [3, 3, 14, 14], "texture": "#289"},
				"south": {"uv": [3, 3, 14, 14], "texture": "#289"},
				"west": {"uv": [3, 3, 14, 14], "texture": "#289"},
				"up": {"uv": [3, 3, 14, 14], "texture": "#289"},
				"down": {"uv": [3, 3, 14, 14], "texture": "#289"}
			}
		},
		{
			"from": [8.25, 8.1, 8.1],
			"to": [8.45, 8.6, 8.6],
			"rotation": {"angle": 0, "axis": "y", "origin": [8, 8, 8]},
			"faces": {
				"north": {"uv": [3, 3, 14, 14], "texture": "#289"},
				"east": {"uv": [3, 3, 14, 14], "texture": "#289"},
				"south": {"uv": [3, 3, 14, 14], "texture": "#289"},
				"west": {"uv": [3, 3, 14, 14], "texture": "#289"},
				"up": {"uv": [3, 3, 14, 14], "texture": "#289"},
				"down": {"uv": [3, 3, 14, 14], "texture": "#289"}
			}
		},
		{
			"from": [8.35, 6, 8.275],
			"to": [9.15, 8.2, 8.45],
			"rotation": {"angle": 0, "axis": "y", "origin": [8, 8, 8]},
			"faces": {
				"north": {"uv": [0, 0, 16, 16], "texture": "#502"},
				"east": {"uv": [0, 0, 16, 16], "texture": "#502"},
				"south": {"uv": [0, 0, 16, 16], "texture": "#502"},
				"west": {"uv": [0, 0, 16, 16], "texture": "#502"},
				"up": {"uv": [0, 0, 16, 16], "texture": "#502"},
				"down": {"uv": [0, 0, 16, 16], "texture": "#502"}
			}
		},
		{
			"from": [7.6, 6, 8.275],
			"to": [8.35, 8.2, 8.45],
			"rotation": {"angle": 0, "axis": "y", "origin": [8, 8, 8]},
			"faces": {
				"north": {"uv": [0, 0, 16, 16], "texture": "#383"},
				"east": {"uv": [0, 0, 16, 16], "texture": "#383"},
				"south": {"uv": [0, 0, 16, 16], "texture": "#383"},
				"west": {"uv": [0, 0, 16, 16], "texture": "#383"},
				"up": {"uv": [0, 0, 16, 16], "texture": "#383"},
				"down": {"uv": [0, 0, 16, 16], "texture": "#383"}
			}
		},
		{
			"from": [6.85, 6, 8.275],
			"to": [7.6, 8.2, 8.45],
			"rotation": {"angle": 0, "axis": "y", "origin": [8, 8, 8]},
			"faces": {
				"north": {"uv": [0, 0, 16, 16], "texture": "#502"},
				"east": {"uv": [0, 0, 16, 16], "texture": "#502"},
				"south": {"uv": [0, 0, 16, 16], "texture": "#502"},
				"west": {"uv": [0, 0, 16, 16], "texture": "#502"},
				"up": {"uv": [0, 0, 16, 16], "texture": "#502"},
				"down": {"uv": [0, 0, 16, 16], "texture": "#502"}
			}
		},
		{
			"from": [7.25, 5.85, 8.3],
			"to": [8.875, 7.475, 8.425],
			"rotation": {"angle": -45, "axis": "z", "origin": [7.225, 6.4, 8.3625]},
			"faces": {
				"north": {"uv": [0, 0, 16, 16], "rotation": 90, "texture": "#383"},
				"east": {"uv": [0, 0, 16, 16], "rotation": 90, "texture": "#383"},
				"south": {"uv": [0, 0, 16, 16], "rotation": 90, "texture": "#383"},
				"west": {"uv": [0, 0, 16, 16], "rotation": 90, "texture": "#383"},
				"up": {"uv": [0, 0, 16, 16], "rotation": 90, "texture": "#383"},
				"down": {"uv": [0, 0, 16, 16], "rotation": 90, "texture": "#383"}
			}
		},
		{
			"from": [7.44032, 3.78091, 8.2],
			"to": [8.56532, 4.90591, 8.525],
			"rotation": {"angle": -45, "axis": "z", "origin": [8.00282, 4.34341, 8.3625]},
			"faces": {
				"north": {"uv": [0, 0, 16, 16], "rotation": 270, "texture": "#403"},
				"east": {"uv": [0, 0, 16, 16], "rotation": 270, "texture": "#403"},
				"south": {"uv": [0, 0, 16, 16], "rotation": 270, "texture": "#403"},
				"west": {"uv": [0, 0, 16, 16], "rotation": 270, "texture": "#403"},
				"up": {"uv": [0, 0, 16, 16], "rotation": 270, "texture": "#403"},
				"down": {"uv": [0, 0, 16, 16], "rotation": 270, "texture": "#403"}
			}
		},
		{
			"from": [7.44032, 3.78091, 8.2],
			"to": [8.56532, 4.90591, 8.525],
			"rotation": {"angle": 0, "axis": "z", "origin": [8.00282, 4.34341, 8.3625]},
			"faces": {
				"north": {"uv": [0, 0, 16, 16], "rotation": 270, "texture": "#403"},
				"east": {"uv": [0, 0, 16, 16], "rotation": 270, "texture": "#403"},
				"south": {"uv": [0, 0, 16, 16], "rotation": 270, "texture": "#403"},
				"west": {"uv": [0, 0, 16, 16], "rotation": 270, "texture": "#403"},
				"up": {"uv": [0, 0, 16, 16], "rotation": 270, "texture": "#403"},
				"down": {"uv": [0, 0, 16, 16], "rotation": 270, "texture": "#403"}
			}
		},
		{
			"from": [7.54032, 3.88091, 8.075],
			"to": [8.46532, 4.80591, 8.65],
			"rotation": {"angle": 0, "axis": "z", "origin": [8.00282, 4.34341, 8.3625]},
			"faces": {
				"north": {"uv": [0, 0, 16, 16], "rotation": 90, "texture": "#558"},
				"east": {"uv": [0, 0, 16, 16], "rotation": 90, "texture": "#558"},
				"south": {"uv": [0, 0, 16, 16], "rotation": 90, "texture": "#558"},
				"west": {"uv": [0, 0, 16, 16], "rotation": 90, "texture": "#558"},
				"up": {"uv": [0, 0, 16, 16], "rotation": 90, "texture": "#558"},
				"down": {"uv": [0, 0, 16, 16], "rotation": 90, "texture": "#558"}
			}
		},
		{
			"from": [7.54032, 3.88091, 8.1],
			"to": [8.46532, 4.80591, 8.625],
			"rotation": {"angle": 45, "axis": "z", "origin": [8.00282, 4.34341, 8.1625]},
			"faces": {
				"north": {"uv": [0, 0, 16, 16], "rotation": 90, "texture": "#558"},
				"east": {"uv": [0, 0, 16, 16], "rotation": 90, "texture": "#558"},
				"south": {"uv": [0, 0, 16, 16], "rotation": 90, "texture": "#558"},
				"west": {"uv": [0, 0, 16, 16], "rotation": 90, "texture": "#558"},
				"up": {"uv": [0, 0, 16, 16], "rotation": 90, "texture": "#558"},
				"down": {"uv": [0, 0, 16, 16], "rotation": 90, "texture": "#558"}
			}
		}
	],
	"display": {
		"thirdperson_righthand": {
			"rotation": [86.75, 0, 0],
			"translation": [0, 0.5, 2.25]
		},
		"ground": {
			"translation": [0, 6.5, 0]
		},
		"gui": {
			"rotation": [-44, 12, 25],
			"translation": [-2, 4.5, 0],
			"scale": [4, 4, 4]
		},
		"head": {
			"translation": [-3.75, -9, -4]
		},
		"fixed": {
			"translation": [0, 7.75, -2.75],
			"scale": [4, 4, 4]
		}
	}
}