{
	"credit": "Made with Blockbench",
	"textures": {
		"0": "entity/end_portal",
		"160": "block/cauldron_inner",
		"318": "block/gilded_blackstone",
		"particle": "entity/end_portal"
	},
	"gui_light": "front",
	"elements": [
		{
			"from": [7.85, 7.5, 7.5],
			"to": [8.15, 8.5, 7.9],
			"rotation": {"angle": 0, "axis": "y", "origin": [8, 8, 8]},
			"faces": {
				"north": {"uv": [0, 0, 16, 16], "texture": "#0"},
				"east": {"uv": [0, 0, 16, 16], "texture": "#0"},
				"south": {"uv": [0, 0, 16, 16], "texture": "#0"},
				"west": {"uv": [0, 0, 16, 16], "texture": "#0"},
				"up": {"uv": [0, 0, 16, 16], "texture": "#0"},
				"down": {"uv": [0, 0, 16, 16], "texture": "#0"}
			}
		},
		{
			"from": [7.82, 8.4, 7.65],
			"to": [8.18, 8.6, 7.755],
			"rotation": {"angle": 0, "axis": "y", "origin": [8, 9.6, 8]},
			"faces": {
				"north": {"uv": [0, 0, 16, 16], "texture": "#318"},
				"east": {"uv": [0, 0, 16, 16], "texture": "#318"},
				"south": {"uv": [0, 0, 16, 16], "texture": "#318"},
				"west": {"uv": [0, 0, 16, 16], "texture": "#318"},
				"up": {"uv": [0, 0, 16, 16], "texture": "#318"},
				"down": {"uv": [0, 0, 16, 16], "texture": "#318"}
			}
		},
		{
			"from": [7.82, 7.4, 7.65],
			"to": [8.18, 7.6, 7.755],
			"rotation": {"angle": 0, "axis": "y", "origin": [8, 9.6, 8]},
			"faces": {
				"north": {"uv": [0, 0, 16, 16], "texture": "#318"},
				"east": {"uv": [0, 0, 16, 16], "texture": "#318"},
				"south": {"uv": [0, 0, 16, 16], "texture": "#318"},
				"west": {"uv": [0, 0, 16, 16], "texture": "#318"},
				"up": {"uv": [0, 0, 16, 16], "texture": "#318"},
				"down": {"uv": [0, 0, 16, 16], "texture": "#318"}
			}
		},
		{
			"from": [7.9475, 8.6, 7.6225],
			"to": [8.0525, 8.675, 7.7825],
			"rotation": {"angle": 0, "axis": "y", "origin": [8, 8.7, 7.7025]},
			"faces": {
				"north": {"uv": [0, 0, 16, 16], "texture": "#318"},
				"east": {"uv": [0, 0, 16, 16], "texture": "#318"},
				"south": {"uv": [0, 0, 16, 16], "texture": "#318"},
				"west": {"uv": [0, 0, 16, 16], "texture": "#318"},
				"up": {"uv": [0, 0, 16, 16], "texture": "#318"},
				"down": {"uv": [0, 0, 16, 16], "texture": "#318"}
			}
		},
		{
			"from": [7.9475, 8.875, 7.6225],
			"to": [8.0525, 8.95, 7.7825],
			"rotation": {"angle": 0, "axis": "y", "origin": [8, 8.7, 7.7025]},
			"faces": {
				"north": {"uv": [0, 0, 16, 16], "texture": "#318"},
				"east": {"uv": [0, 0, 16, 16], "texture": "#318"},
				"south": {"uv": [0, 0, 16, 16], "texture": "#318"},
				"west": {"uv": [0, 0, 16, 16], "texture": "#318"},
				"up": {"uv": [0, 0, 16, 16], "texture": "#318"},
				"down": {"uv": [0, 0, 16, 16], "texture": "#318"}
			}
		},
		{
			"from": [7.9475, 8.675, 7.5975],
			"to": [8.0525, 8.875, 7.6575],
			"rotation": {"angle": 0, "axis": "y", "origin": [8, 8.7, 7.7025]},
			"faces": {
				"north": {"uv": [0, 0, 16, 16], "texture": "#318"},
				"east": {"uv": [0, 0, 16, 16], "texture": "#318"},
				"south": {"uv": [0, 0, 16, 16], "texture": "#318"},
				"west": {"uv": [0, 0, 16, 16], "texture": "#318"},
				"up": {"uv": [0, 0, 16, 16], "texture": "#318"},
				"down": {"uv": [0, 0, 16, 16], "texture": "#318"}
			}
		},
		{
			"from": [7.7475, 8.775, 7.6725],
			"to": [8.2525, 8.875, 7.7325],
			"rotation": {"angle": 0, "axis": "y", "origin": [8, 8.7, 7.7025]},
			"faces": {
				"north": {"uv": [0, 0, 16, 16], "texture": "#160"},
				"east": {"uv": [0, 0, 16, 16], "texture": "#160"},
				"south": {"uv": [0, 0, 16, 16], "texture": "#160"},
				"west": {"uv": [0, 0, 16, 16], "texture": "#160"},
				"up": {"uv": [0, 0, 16, 16], "texture": "#160"},
				"down": {"uv": [0, 0, 16, 16], "texture": "#160"}
			}
		},
		{
			"from": [8.15, 8.8725, 7.6725],
			"to": [8.25, 9.3775, 7.7325],
			"rotation": {"angle": 0, "axis": "z", "origin": [8, 8.7, 7.7025]},
			"faces": {
				"north": {"uv": [0, 0, 16, 16], "rotation": 270, "texture": "#160"},
				"east": {"uv": [0, 0, 16, 16], "rotation": 270, "texture": "#160"},
				"south": {"uv": [0, 0, 16, 16], "rotation": 270, "texture": "#160"},
				"west": {"uv": [0, 0, 16, 16], "rotation": 270, "texture": "#160"},
				"up": {"uv": [0, 0, 16, 16], "rotation": 270, "texture": "#160"},
				"down": {"uv": [0, 0, 16, 16], "rotation": 270, "texture": "#160"}
			}
		},
		{
			"from": [7.75, 8.8725, 7.6725],
			"to": [7.85, 9.3775, 7.7325],
			"rotation": {"angle": 0, "axis": "z", "origin": [8, 8.7, 7.7025]},
			"faces": {
				"north": {"uv": [0, 0, 16, 16], "rotation": 270, "texture": "#160"},
				"east": {"uv": [0, 0, 16, 16], "rotation": 270, "texture": "#160"},
				"south": {"uv": [0, 0, 16, 16], "rotation": 270, "texture": "#160"},
				"west": {"uv": [0, 0, 16, 16], "rotation": 270, "texture": "#160"},
				"up": {"uv": [0, 0, 16, 16], "rotation": 270, "texture": "#160"},
				"down": {"uv": [0, 0, 16, 16], "rotation": 270, "texture": "#160"}
			}
		},
		{
			"from": [7.49499, 9.32218, 7.76295],
			"to": [8.50501, 9.3625, 7.78714],
			"rotation": {"angle": 0, "axis": "y", "origin": [8, 9.34234, 7.77505]},
			"faces": {
				"north": {"uv": [0, 0, 16, 16], "texture": "#160"},
				"east": {"uv": [0, 0, 16, 16], "texture": "#160"},
				"south": {"uv": [0, 0, 16, 16], "texture": "#160"},
				"west": {"uv": [0, 0, 16, 16], "texture": "#160"},
				"up": {"uv": [0, 0, 16, 16], "texture": "#160"},
				"down": {"uv": [0, 0, 16, 16], "texture": "#160"}
			}
		},
		{
			"from": [7.49499, 14.3171, 7.76295],
			"to": [8.50501, 14.44492, 7.78714],
			"rotation": {"angle": 0, "axis": "y", "origin": [8, 9.34234, 7.77505]},
			"faces": {
				"north": {"uv": [0, 0, 16, 16], "texture": "#160"},
				"east": {"uv": [0, 0, 16, 16], "texture": "#160"},
				"south": {"uv": [0, 0, 16, 16], "texture": "#160"},
				"west": {"uv": [0, 0, 16, 16], "texture": "#160"},
				"up": {"uv": [0, 0, 16, 16], "texture": "#160"},
				"down": {"uv": [0, 0, 16, 16], "texture": "#160"}
			}
		},
		{
			"from": [5.43649, 11.35358, 7.76295],
			"to": [5.54681, 12.36359, 7.78714],
			"rotation": {"angle": 0, "axis": "z", "origin": [6.11395, 13.12976, 7.77505]},
			"faces": {
				"north": {"uv": [0, 0, 16, 16], "rotation": 270, "texture": "#160"},
				"east": {"uv": [0, 0, 16, 16], "rotation": 270, "texture": "#160"},
				"south": {"uv": [0, 0, 16, 16], "rotation": 270, "texture": "#160"},
				"west": {"uv": [0, 0, 16, 16], "rotation": 270, "texture": "#160"},
				"up": {"uv": [0, 0, 16, 16], "rotation": 270, "texture": "#160"},
				"down": {"uv": [0, 0, 16, 16], "rotation": 270, "texture": "#160"}
			}
		},
		{
			"from": [10.45319, 11.35358, 7.76295],
			"to": [10.54601, 12.36359, 7.78714],
			"rotation": {"angle": 0, "axis": "z", "origin": [9.88605, 13.12976, 7.77505]},
			"faces": {
				"north": {"uv": [0, 0, 16, 16], "rotation": 270, "texture": "#160"},
				"east": {"uv": [0, 0, 16, 16], "rotation": 270, "texture": "#160"},
				"south": {"uv": [0, 0, 16, 16], "rotation": 270, "texture": "#160"},
				"west": {"uv": [0, 0, 16, 16], "rotation": 270, "texture": "#160"},
				"up": {"uv": [0, 0, 16, 16], "rotation": 270, "texture": "#160"},
				"down": {"uv": [0, 0, 16, 16], "rotation": 270, "texture": "#160"}
			}
		},
		{
			"from": [6.52731, 9.11316, 7.76295],
			"to": [7.53733, 9.22348, 7.78714],
			"rotation": {"angle": -22.5, "axis": "z", "origin": [8, 9.34234, 7.77505]},
			"faces": {
				"north": {"uv": [0, 0, 16, 16], "texture": "#160"},
				"east": {"uv": [0, 0, 16, 16], "texture": "#160"},
				"south": {"uv": [0, 0, 16, 16], "texture": "#160"},
				"west": {"uv": [0, 0, 16, 16], "texture": "#160"},
				"up": {"uv": [0, 0, 16, 16], "texture": "#160"},
				"down": {"uv": [0, 0, 16, 16], "texture": "#160"}
			}
		},
		{
			"from": [7.46733, 9.06066, 7.69295],
			"to": [7.60733, 9.24098, 7.85714],
			"rotation": {"angle": -22.5, "axis": "z", "origin": [8, 9.34234, 7.77505]},
			"faces": {
				"north": {"uv": [0, 0, 16, 16], "rotation": 90, "texture": "#0"},
				"east": {"uv": [0, 0, 16, 16], "rotation": 90, "texture": "#0"},
				"south": {"uv": [0, 0, 16, 16], "rotation": 90, "texture": "#0"},
				"west": {"uv": [0, 0, 16, 16], "rotation": 90, "texture": "#0"},
				"up": {"uv": [0, 0, 16, 16], "rotation": 90, "texture": "#0"},
				"down": {"uv": [0, 0, 16, 16], "rotation": 90, "texture": "#0"}
			}
		},
		{
			"from": [8.39267, 9.06066, 7.69295],
			"to": [8.53267, 9.24098, 7.85714],
			"rotation": {"angle": 22.5, "axis": "z", "origin": [8, 9.34234, 7.77505]},
			"faces": {
				"north": {"uv": [0, 0, 16, 16], "rotation": 90, "texture": "#0"},
				"east": {"uv": [0, 0, 16, 16], "rotation": 90, "texture": "#0"},
				"south": {"uv": [0, 0, 16, 16], "rotation": 90, "texture": "#0"},
				"west": {"uv": [0, 0, 16, 16], "rotation": 90, "texture": "#0"},
				"up": {"uv": [0, 0, 16, 16], "rotation": 90, "texture": "#0"},
				"down": {"uv": [0, 0, 16, 16], "rotation": 90, "texture": "#0"}
			}
		},
		{
			"from": [7.46733, 14.48902, 7.69295],
			"to": [7.60733, 14.66934, 7.85714],
			"rotation": {"angle": 22.5, "axis": "z", "origin": [8, 14.40516, 7.77505]},
			"faces": {
				"north": {"uv": [0, 0, 16, 16], "rotation": 270, "texture": "#0"},
				"east": {"uv": [0, 0, 16, 16], "rotation": 270, "texture": "#0"},
				"south": {"uv": [0, 0, 16, 16], "rotation": 270, "texture": "#0"},
				"west": {"uv": [0, 0, 16, 16], "rotation": 270, "texture": "#0"},
				"up": {"uv": [0, 0, 16, 16], "rotation": 270, "texture": "#0"},
				"down": {"uv": [0, 0, 16, 16], "rotation": 270, "texture": "#0"}
			}
		},
		{
			"from": [8.39267, 14.48902, 7.69295],
			"to": [8.53267, 14.66934, 7.85714],
			"rotation": {"angle": -22.5, "axis": "z", "origin": [8, 14.40516, 7.77505]},
			"faces": {
				"north": {"uv": [0, 0, 16, 16], "rotation": 270, "texture": "#0"},
				"east": {"uv": [0, 0, 16, 16], "rotation": 270, "texture": "#0"},
				"south": {"uv": [0, 0, 16, 16], "rotation": 270, "texture": "#0"},
				"west": {"uv": [0, 0, 16, 16], "rotation": 270, "texture": "#0"},
				"up": {"uv": [0, 0, 16, 16], "rotation": 270, "texture": "#0"},
				"down": {"uv": [0, 0, 16, 16], "rotation": 270, "texture": "#0"}
			}
		},
		{
			"from": [6.41733, 9.06066, 7.69295],
			"to": [6.55733, 9.24098, 7.85714],
			"rotation": {"angle": -22.5, "axis": "z", "origin": [8, 9.34234, 7.77505]},
			"faces": {
				"north": {"uv": [0, 0, 16, 16], "rotation": 90, "texture": "#0"},
				"east": {"uv": [0, 0, 16, 16], "rotation": 90, "texture": "#0"},
				"south": {"uv": [0, 0, 16, 16], "rotation": 90, "texture": "#0"},
				"west": {"uv": [0, 0, 16, 16], "rotation": 90, "texture": "#0"},
				"up": {"uv": [0, 0, 16, 16], "rotation": 90, "texture": "#0"},
				"down": {"uv": [0, 0, 16, 16], "rotation": 90, "texture": "#0"}
			}
		},
		{
			"from": [9.44267, 9.06066, 7.69295],
			"to": [9.58267, 9.24098, 7.85714],
			"rotation": {"angle": 22.5, "axis": "z", "origin": [8, 9.34234, 7.77505]},
			"faces": {
				"north": {"uv": [0, 0, 16, 16], "rotation": 90, "texture": "#0"},
				"east": {"uv": [0, 0, 16, 16], "rotation": 90, "texture": "#0"},
				"south": {"uv": [0, 0, 16, 16], "rotation": 90, "texture": "#0"},
				"west": {"uv": [0, 0, 16, 16], "rotation": 90, "texture": "#0"},
				"up": {"uv": [0, 0, 16, 16], "rotation": 90, "texture": "#0"},
				"down": {"uv": [0, 0, 16, 16], "rotation": 90, "texture": "#0"}
			}
		},
		{
			"from": [6.41733, 14.47152, 7.69295],
			"to": [6.55733, 14.65184, 7.85714],
			"rotation": {"angle": 22.5, "axis": "z", "origin": [8, 14.40516, 7.77505]},
			"faces": {
				"north": {"uv": [0, 0, 16, 16], "rotation": 270, "texture": "#0"},
				"east": {"uv": [0, 0, 16, 16], "rotation": 270, "texture": "#0"},
				"south": {"uv": [0, 0, 16, 16], "rotation": 270, "texture": "#0"},
				"west": {"uv": [0, 0, 16, 16], "rotation": 270, "texture": "#0"},
				"up": {"uv": [0, 0, 16, 16], "rotation": 270, "texture": "#0"},
				"down": {"uv": [0, 0, 16, 16], "rotation": 270, "texture": "#0"}
			}
		},
		{
			"from": [9.44267, 14.47152, 7.69295],
			"to": [9.58267, 14.65184, 7.85714],
			"rotation": {"angle": -22.5, "axis": "z", "origin": [8, 14.40516, 7.77505]},
			"faces": {
				"north": {"uv": [0, 0, 16, 16], "rotation": 270, "texture": "#0"},
				"east": {"uv": [0, 0, 16, 16], "rotation": 270, "texture": "#0"},
				"south": {"uv": [0, 0, 16, 16], "rotation": 270, "texture": "#0"},
				"west": {"uv": [0, 0, 16, 16], "rotation": 270, "texture": "#0"},
				"up": {"uv": [0, 0, 16, 16], "rotation": 270, "texture": "#0"},
				"down": {"uv": [0, 0, 16, 16], "rotation": 270, "texture": "#0"}
			}
		},
		{
			"from": [5.49668, 9.68911, 7.69295],
			"to": [5.63668, 9.86943, 7.85714],
			"rotation": {"angle": -45, "axis": "z", "origin": [6.52918, 9.74427, 7.77505]},
			"faces": {
				"north": {"uv": [0, 0, 16, 16], "rotation": 90, "texture": "#0"},
				"east": {"uv": [0, 0, 16, 16], "rotation": 90, "texture": "#0"},
				"south": {"uv": [0, 0, 16, 16], "rotation": 90, "texture": "#0"},
				"west": {"uv": [0, 0, 16, 16], "rotation": 90, "texture": "#0"},
				"up": {"uv": [0, 0, 16, 16], "rotation": 90, "texture": "#0"},
				"down": {"uv": [0, 0, 16, 16], "rotation": 90, "texture": "#0"}
			}
		},
		{
			"from": [10.36332, 9.68911, 7.69295],
			"to": [10.50332, 9.86943, 7.85714],
			"rotation": {"angle": 45, "axis": "z", "origin": [9.47082, 9.74427, 7.77505]},
			"faces": {
				"north": {"uv": [0, 0, 16, 16], "rotation": 90, "texture": "#0"},
				"east": {"uv": [0, 0, 16, 16], "rotation": 90, "texture": "#0"},
				"south": {"uv": [0, 0, 16, 16], "rotation": 90, "texture": "#0"},
				"west": {"uv": [0, 0, 16, 16], "rotation": 90, "texture": "#0"},
				"up": {"uv": [0, 0, 16, 16], "rotation": 90, "texture": "#0"},
				"down": {"uv": [0, 0, 16, 16], "rotation": 90, "texture": "#0"}
			}
		},
		{
			"from": [5.49668, 13.87807, 7.69295],
			"to": [5.63668, 14.05839, 7.85714],
			"rotation": {"angle": 45, "axis": "z", "origin": [6.52918, 14.00323, 7.77505]},
			"faces": {
				"north": {"uv": [0, 0, 16, 16], "rotation": 270, "texture": "#0"},
				"east": {"uv": [0, 0, 16, 16], "rotation": 270, "texture": "#0"},
				"south": {"uv": [0, 0, 16, 16], "rotation": 270, "texture": "#0"},
				"west": {"uv": [0, 0, 16, 16], "rotation": 270, "texture": "#0"},
				"up": {"uv": [0, 0, 16, 16], "rotation": 270, "texture": "#0"},
				"down": {"uv": [0, 0, 16, 16], "rotation": 270, "texture": "#0"}
			}
		},
		{
			"from": [10.36332, 13.87807, 7.69295],
			"to": [10.50332, 14.05839, 7.85714],
			"rotation": {"angle": -45, "axis": "z", "origin": [9.47082, 14.00323, 7.77505]},
			"faces": {
				"north": {"uv": [0, 0, 16, 16], "rotation": 270, "texture": "#0"},
				"east": {"uv": [0, 0, 16, 16], "rotation": 270, "texture": "#0"},
				"south": {"uv": [0, 0, 16, 16], "rotation": 270, "texture": "#0"},
				"west": {"uv": [0, 0, 16, 16], "rotation": 270, "texture": "#0"},
				"up": {"uv": [0, 0, 16, 16], "rotation": 270, "texture": "#0"},
				"down": {"uv": [0, 0, 16, 16], "rotation": 270, "texture": "#0"}
			}
		},
		{
			"from": [5.78318, 11.35961, 7.69295],
			"to": [5.9635, 11.49961, 7.85714],
			"rotation": {"angle": 22.5, "axis": "z", "origin": [5.87334, 10.44961, 7.77505]},
			"faces": {
				"north": {"uv": [0, 0, 16, 16], "rotation": 90, "texture": "#0"},
				"east": {"uv": [0, 0, 16, 16], "rotation": 90, "texture": "#0"},
				"south": {"uv": [0, 0, 16, 16], "rotation": 90, "texture": "#0"},
				"west": {"uv": [0, 0, 16, 16], "rotation": 90, "texture": "#0"},
				"up": {"uv": [0, 0, 16, 16], "rotation": 90, "texture": "#0"},
				"down": {"uv": [0, 0, 16, 16], "rotation": 90, "texture": "#0"}
			}
		},
		{
			"from": [10.0365, 11.35961, 7.69295],
			"to": [10.21682, 11.49961, 7.85714],
			"rotation": {"angle": -22.5, "axis": "z", "origin": [10.12666, 10.44961, 7.77505]},
			"faces": {
				"north": {"uv": [0, 0, 16, 16], "rotation": 90, "texture": "#0"},
				"east": {"uv": [0, 0, 16, 16], "rotation": 90, "texture": "#0"},
				"south": {"uv": [0, 0, 16, 16], "rotation": 90, "texture": "#0"},
				"west": {"uv": [0, 0, 16, 16], "rotation": 90, "texture": "#0"},
				"up": {"uv": [0, 0, 16, 16], "rotation": 90, "texture": "#0"},
				"down": {"uv": [0, 0, 16, 16], "rotation": 90, "texture": "#0"}
			}
		},
		{
			"from": [5.40815, 12.26501, 7.69295],
			"to": [5.58847, 12.40501, 7.85714],
			"rotation": {"angle": 0, "axis": "z", "origin": [5.49831, 11.35501, 7.77505]},
			"faces": {
				"north": {"uv": [0, 0, 16, 16], "rotation": 90, "texture": "#0"},
				"east": {"uv": [0, 0, 16, 16], "rotation": 90, "texture": "#0"},
				"south": {"uv": [0, 0, 16, 16], "rotation": 90, "texture": "#0"},
				"west": {"uv": [0, 0, 16, 16], "rotation": 90, "texture": "#0"},
				"up": {"uv": [0, 0, 16, 16], "rotation": 90, "texture": "#0"},
				"down": {"uv": [0, 0, 16, 16], "rotation": 90, "texture": "#0"}
			}
		},
		{
			"from": [10.41153, 12.26501, 7.69295],
			"to": [10.59185, 12.40501, 7.85714],
			"rotation": {"angle": 0, "axis": "z", "origin": [10.50169, 11.35501, 7.77505]},
			"faces": {
				"north": {"uv": [0, 0, 16, 16], "rotation": 90, "texture": "#0"},
				"east": {"uv": [0, 0, 16, 16], "rotation": 90, "texture": "#0"},
				"south": {"uv": [0, 0, 16, 16], "rotation": 90, "texture": "#0"},
				"west": {"uv": [0, 0, 16, 16], "rotation": 90, "texture": "#0"},
				"up": {"uv": [0, 0, 16, 16], "rotation": 90, "texture": "#0"},
				"down": {"uv": [0, 0, 16, 16], "rotation": 90, "texture": "#0"}
			}
		},
		{
			"from": [8.46267, 9.09566, 7.76295],
			"to": [9.47269, 9.20598, 7.78714],
			"rotation": {"angle": 22.5, "axis": "z", "origin": [8, 9.34234, 7.77505]},
			"faces": {
				"north": {"uv": [0, 0, 16, 16], "texture": "#160"},
				"east": {"uv": [0, 0, 16, 16], "texture": "#160"},
				"south": {"uv": [0, 0, 16, 16], "texture": "#160"},
				"west": {"uv": [0, 0, 16, 16], "texture": "#160"},
				"up": {"uv": [0, 0, 16, 16], "texture": "#160"},
				"down": {"uv": [0, 0, 16, 16], "texture": "#160"}
			}
		},
		{
			"from": [5.7788, 12.17988, 7.76295],
			"to": [5.88912, 13.18989, 7.78714],
			"rotation": {"angle": -22.5, "axis": "z", "origin": [6.11395, 13.12976, 7.77505]},
			"faces": {
				"north": {"uv": [0, 0, 16, 16], "rotation": 270, "texture": "#160"},
				"east": {"uv": [0, 0, 16, 16], "rotation": 270, "texture": "#160"},
				"south": {"uv": [0, 0, 16, 16], "rotation": 270, "texture": "#160"},
				"west": {"uv": [0, 0, 16, 16], "rotation": 270, "texture": "#160"},
				"up": {"uv": [0, 0, 16, 16], "rotation": 270, "texture": "#160"},
				"down": {"uv": [0, 0, 16, 16], "rotation": 270, "texture": "#160"}
			}
		},
		{
			"from": [10.11088, 12.14488, 7.76295],
			"to": [10.2212, 13.22489, 7.78714],
			"rotation": {"angle": 22.5, "axis": "z", "origin": [9.88605, 13.12976, 7.77505]},
			"faces": {
				"north": {"uv": [0, 0, 16, 16], "rotation": 270, "texture": "#160"},
				"east": {"uv": [0, 0, 16, 16], "rotation": 270, "texture": "#160"},
				"south": {"uv": [0, 0, 16, 16], "rotation": 270, "texture": "#160"},
				"west": {"uv": [0, 0, 16, 16], "rotation": 270, "texture": "#160"},
				"up": {"uv": [0, 0, 16, 16], "rotation": 270, "texture": "#160"},
				"down": {"uv": [0, 0, 16, 16], "rotation": 270, "texture": "#160"}
			}
		},
		{
			"from": [5.56, 9.30653, 7.76295],
			"to": [6.57002, 9.41685, 7.78714],
			"rotation": {"angle": -45, "axis": "z", "origin": [7.03269, 9.53571, 7.77505]},
			"faces": {
				"north": {"uv": [0, 0, 16, 16], "texture": "#160"},
				"east": {"uv": [0, 0, 16, 16], "texture": "#160"},
				"south": {"uv": [0, 0, 16, 16], "texture": "#160"},
				"west": {"uv": [0, 0, 16, 16], "texture": "#160"},
				"up": {"uv": [0, 0, 16, 16], "texture": "#160"},
				"down": {"uv": [0, 0, 16, 16], "texture": "#160"}
			}
		},
		{
			"from": [9.44748, 9.28903, 7.76295],
			"to": [10.4575, 9.39935, 7.78714],
			"rotation": {"angle": 45, "axis": "z", "origin": [8.96731, 9.53571, 7.77505]},
			"faces": {
				"north": {"uv": [0, 0, 16, 16], "texture": "#160"},
				"east": {"uv": [0, 0, 16, 16], "texture": "#160"},
				"south": {"uv": [0, 0, 16, 16], "texture": "#160"},
				"west": {"uv": [0, 0, 16, 16], "texture": "#160"},
				"up": {"uv": [0, 0, 16, 16], "texture": "#160"},
				"down": {"uv": [0, 0, 16, 16], "texture": "#160"}
			}
		},
		{
			"from": [6.05846, 13.35455, 7.76295],
			"to": [7.06848, 13.48237, 7.78714],
			"rotation": {"angle": 45, "axis": "z", "origin": [6.11395, 13.12976, 7.77505]},
			"faces": {
				"north": {"uv": [0, 0, 16, 16], "rotation": 180, "texture": "#160"},
				"east": {"uv": [0, 0, 16, 16], "rotation": 180, "texture": "#160"},
				"south": {"uv": [0, 0, 16, 16], "rotation": 180, "texture": "#160"},
				"west": {"uv": [0, 0, 16, 16], "rotation": 180, "texture": "#160"},
				"up": {"uv": [0, 0, 16, 16], "rotation": 180, "texture": "#160"},
				"down": {"uv": [0, 0, 16, 16], "rotation": 180, "texture": "#160"}
			}
		},
		{
			"from": [8.93152, 13.35455, 7.76295],
			"to": [9.94154, 13.46487, 7.78714],
			"rotation": {"angle": -45, "axis": "z", "origin": [9.88605, 13.12976, 7.77505]},
			"faces": {
				"north": {"uv": [0, 0, 16, 16], "rotation": 180, "texture": "#160"},
				"east": {"uv": [0, 0, 16, 16], "rotation": 180, "texture": "#160"},
				"south": {"uv": [0, 0, 16, 16], "rotation": 180, "texture": "#160"},
				"west": {"uv": [0, 0, 16, 16], "rotation": 180, "texture": "#160"},
				"up": {"uv": [0, 0, 16, 16], "rotation": 180, "texture": "#160"},
				"down": {"uv": [0, 0, 16, 16], "rotation": 180, "texture": "#160"}
			}
		},
		{
			"from": [5.96633, 10.53713, 7.76295],
			"to": [6.07665, 11.54715, 7.78714],
			"rotation": {"angle": 22.5, "axis": "z", "origin": [6.21301, 10.08454, 7.77505]},
			"faces": {
				"north": {"uv": [0, 0, 16, 16], "rotation": 270, "texture": "#160"},
				"east": {"uv": [0, 0, 16, 16], "rotation": 270, "texture": "#160"},
				"south": {"uv": [0, 0, 16, 16], "rotation": 270, "texture": "#160"},
				"west": {"uv": [0, 0, 16, 16], "rotation": 270, "texture": "#160"},
				"up": {"uv": [0, 0, 16, 16], "rotation": 270, "texture": "#160"},
				"down": {"uv": [0, 0, 16, 16], "rotation": 270, "texture": "#160"}
			}
		},
		{
			"from": [9.92335, 10.53713, 7.76295],
			"to": [10.01617, 11.54715, 7.78714],
			"rotation": {"angle": -22.5, "axis": "z", "origin": [9.78699, 10.08454, 7.77505]},
			"faces": {
				"north": {"uv": [0, 0, 16, 16], "rotation": 270, "texture": "#160"},
				"east": {"uv": [0, 0, 16, 16], "rotation": 270, "texture": "#160"},
				"south": {"uv": [0, 0, 16, 16], "rotation": 270, "texture": "#160"},
				"west": {"uv": [0, 0, 16, 16], "rotation": 270, "texture": "#160"},
				"up": {"uv": [0, 0, 16, 16], "rotation": 270, "texture": "#160"},
				"down": {"uv": [0, 0, 16, 16], "rotation": 270, "texture": "#160"}
			}
		},
		{
			"from": [6.87471, 13.69679, 7.76295],
			"to": [7.88473, 13.82461, 7.78714],
			"rotation": {"angle": 22.5, "axis": "z", "origin": [6.11395, 13.12976, 7.77505]},
			"faces": {
				"north": {"uv": [0, 0, 16, 16], "rotation": 180, "texture": "#160"},
				"east": {"uv": [0, 0, 16, 16], "rotation": 180, "texture": "#160"},
				"south": {"uv": [0, 0, 16, 16], "rotation": 180, "texture": "#160"},
				"west": {"uv": [0, 0, 16, 16], "rotation": 180, "texture": "#160"},
				"up": {"uv": [0, 0, 16, 16], "rotation": 180, "texture": "#160"},
				"down": {"uv": [0, 0, 16, 16], "rotation": 180, "texture": "#160"}
			}
		},
		{
			"from": [8.11527, 13.69679, 7.76295],
			"to": [9.12529, 13.80711, 7.78714],
			"rotation": {"angle": -22.5, "axis": "z", "origin": [9.88605, 13.12976, 7.77505]},
			"faces": {
				"north": {"uv": [0, 0, 16, 16], "rotation": 180, "texture": "#160"},
				"east": {"uv": [0, 0, 16, 16], "rotation": 180, "texture": "#160"},
				"south": {"uv": [0, 0, 16, 16], "rotation": 180, "texture": "#160"},
				"west": {"uv": [0, 0, 16, 16], "rotation": 180, "texture": "#160"},
				"up": {"uv": [0, 0, 16, 16], "rotation": 180, "texture": "#160"},
				"down": {"uv": [0, 0, 16, 16], "rotation": 180, "texture": "#160"}
			}
		},
		{
			"from": [7.9475, 8.675, 7.7475],
			"to": [8.0525, 8.875, 7.8075],
			"rotation": {"angle": 0, "axis": "y", "origin": [8, 8.7, 7.7025]},
			"faces": {
				"north": {"uv": [0, 0, 16, 16], "texture": "#318"},
				"east": {"uv": [0, 0, 16, 16], "texture": "#318"},
				"south": {"uv": [0, 0, 16, 16], "texture": "#318"},
				"west": {"uv": [0, 0, 16, 16], "texture": "#318"},
				"up": {"uv": [0, 0, 16, 16], "texture": "#318"},
				"down": {"uv": [0, 0, 16, 16], "texture": "#318"}
			}
		},
		{
			"from": [8.15, 7.85, 7.5],
			"to": [8.5, 8.15, 7.9],
			"rotation": {"angle": 0, "axis": "z", "origin": [8, 8, 8]},
			"faces": {
				"north": {"uv": [0, 0, 16, 16], "rotation": 90, "texture": "#0"},
				"east": {"uv": [0, 0, 16, 16], "rotation": 90, "texture": "#0"},
				"south": {"uv": [0, 0, 16, 16], "rotation": 90, "texture": "#0"},
				"west": {"uv": [0, 0, 16, 16], "rotation": 90, "texture": "#0"},
				"up": {"uv": [0, 0, 16, 16], "rotation": 90, "texture": "#0"},
				"down": {"uv": [0, 0, 16, 16], "rotation": 90, "texture": "#0"}
			}
		},
		{
			"from": [8.18, 7.82, 7.65],
			"to": [8.6, 8.18, 7.755],
			"rotation": {"angle": 0, "axis": "z", "origin": [8, 9.6, 8]},
			"faces": {
				"north": {"uv": [0, 0, 16, 16], "rotation": 90, "texture": "#318"},
				"east": {"uv": [0, 0, 16, 16], "rotation": 90, "texture": "#318"},
				"south": {"uv": [0, 0, 16, 16], "rotation": 90, "texture": "#318"},
				"west": {"uv": [0, 0, 16, 16], "rotation": 90, "texture": "#318"},
				"up": {"uv": [0, 0, 16, 16], "rotation": 90, "texture": "#318"},
				"down": {"uv": [0, 0, 16, 16], "rotation": 90, "texture": "#318"}
			}
		},
		{
			"from": [7.5, 7.85, 7.5],
			"to": [7.85, 8.15, 7.9],
			"rotation": {"angle": 0, "axis": "z", "origin": [8, 8, 8]},
			"faces": {
				"north": {"uv": [0, 0, 16, 16], "rotation": 90, "texture": "#0"},
				"east": {"uv": [0, 0, 16, 16], "rotation": 90, "texture": "#0"},
				"south": {"uv": [0, 0, 16, 16], "rotation": 90, "texture": "#0"},
				"west": {"uv": [0, 0, 16, 16], "rotation": 90, "texture": "#0"},
				"up": {"uv": [0, 0, 16, 16], "rotation": 90, "texture": "#0"},
				"down": {"uv": [0, 0, 16, 16], "rotation": 90, "texture": "#0"}
			}
		},
		{
			"from": [7.4, 7.82, 7.65],
			"to": [7.82, 8.18, 7.755],
			"rotation": {"angle": 0, "axis": "z", "origin": [8, 9.6, 8]},
			"faces": {
				"north": {"uv": [0, 0, 16, 16], "rotation": 90, "texture": "#318"},
				"east": {"uv": [0, 0, 16, 16], "rotation": 90, "texture": "#318"},
				"south": {"uv": [0, 0, 16, 16], "rotation": 90, "texture": "#318"},
				"west": {"uv": [0, 0, 16, 16], "rotation": 90, "texture": "#318"},
				"up": {"uv": [0, 0, 16, 16], "rotation": 90, "texture": "#318"},
				"down": {"uv": [0, 0, 16, 16], "rotation": 90, "texture": "#318"}
			}
		},
		{
			"from": [7.6, 8.15, 7.5],
			"to": [7.85, 8.4, 7.9],
			"rotation": {"angle": 0, "axis": "z", "origin": [8, 8, 8]},
			"faces": {
				"north": {"uv": [0, 0, 16, 16], "rotation": 90, "texture": "#0"},
				"east": {"uv": [0, 0, 16, 16], "rotation": 90, "texture": "#0"},
				"south": {"uv": [0, 0, 16, 16], "rotation": 90, "texture": "#0"},
				"west": {"uv": [0, 0, 16, 16], "rotation": 90, "texture": "#0"},
				"up": {"uv": [0, 0, 16, 16], "rotation": 90, "texture": "#0"},
				"down": {"uv": [0, 0, 16, 16], "rotation": 90, "texture": "#0"}
			}
		},
		{
			"from": [7.52, 8.18, 7.65],
			"to": [7.82, 8.48, 7.755],
			"rotation": {"angle": 0, "axis": "z", "origin": [8, 9.6, 8]},
			"faces": {
				"north": {"uv": [0, 0, 16, 16], "rotation": 270, "texture": "#318"},
				"east": {"uv": [0, 0, 16, 16], "rotation": 270, "texture": "#318"},
				"south": {"uv": [0, 0, 16, 16], "rotation": 270, "texture": "#318"},
				"west": {"uv": [0, 0, 16, 16], "rotation": 270, "texture": "#318"},
				"up": {"uv": [0, 0, 16, 16], "rotation": 270, "texture": "#318"},
				"down": {"uv": [0, 0, 16, 16], "rotation": 270, "texture": "#318"}
			}
		},
		{
			"from": [8.15, 8.15, 7.5],
			"to": [8.4, 8.4, 7.9],
			"rotation": {"angle": 0, "axis": "z", "origin": [8, 8, 8]},
			"faces": {
				"north": {"uv": [0, 0, 16, 16], "rotation": 90, "texture": "#0"},
				"east": {"uv": [0, 0, 16, 16], "rotation": 90, "texture": "#0"},
				"south": {"uv": [0, 0, 16, 16], "rotation": 90, "texture": "#0"},
				"west": {"uv": [0, 0, 16, 16], "rotation": 90, "texture": "#0"},
				"up": {"uv": [0, 0, 16, 16], "rotation": 90, "texture": "#0"},
				"down": {"uv": [0, 0, 16, 16], "rotation": 90, "texture": "#0"}
			}
		},
		{
			"from": [8.18, 8.18, 7.65],
			"to": [8.48, 8.48, 7.755],
			"rotation": {"angle": 0, "axis": "z", "origin": [8, 9.6, 8]},
			"faces": {
				"north": {"uv": [0, 0, 16, 16], "rotation": 90, "texture": "#318"},
				"east": {"uv": [0, 0, 16, 16], "rotation": 90, "texture": "#318"},
				"south": {"uv": [0, 0, 16, 16], "rotation": 90, "texture": "#318"},
				"west": {"uv": [0, 0, 16, 16], "rotation": 90, "texture": "#318"},
				"up": {"uv": [0, 0, 16, 16], "rotation": 90, "texture": "#318"},
				"down": {"uv": [0, 0, 16, 16], "rotation": 90, "texture": "#318"}
			}
		},
		{
			"from": [7.6, 7.6, 7.5],
			"to": [7.85, 7.85, 7.9],
			"rotation": {"angle": 0, "axis": "z", "origin": [8, 8, 8]},
			"faces": {
				"north": {"uv": [0, 0, 16, 16], "rotation": 90, "texture": "#0"},
				"east": {"uv": [0, 0, 16, 16], "rotation": 90, "texture": "#0"},
				"south": {"uv": [0, 0, 16, 16], "rotation": 90, "texture": "#0"},
				"west": {"uv": [0, 0, 16, 16], "rotation": 90, "texture": "#0"},
				"up": {"uv": [0, 0, 16, 16], "rotation": 90, "texture": "#0"},
				"down": {"uv": [0, 0, 16, 16], "rotation": 90, "texture": "#0"}
			}
		},
		{
			"from": [7.52, 7.52, 7.65],
			"to": [7.82, 7.82, 7.755],
			"rotation": {"angle": 0, "axis": "z", "origin": [8, 9.6, 8]},
			"faces": {
				"north": {"uv": [0, 0, 16, 16], "rotation": 90, "texture": "#318"},
				"east": {"uv": [0, 0, 16, 16], "rotation": 90, "texture": "#318"},
				"south": {"uv": [0, 0, 16, 16], "rotation": 90, "texture": "#318"},
				"west": {"uv": [0, 0, 16, 16], "rotation": 90, "texture": "#318"},
				"up": {"uv": [0, 0, 16, 16], "rotation": 90, "texture": "#318"},
				"down": {"uv": [0, 0, 16, 16], "rotation": 90, "texture": "#318"}
			}
		},
		{
			"from": [8.15, 7.6, 7.5],
			"to": [8.4, 7.85, 7.9],
			"rotation": {"angle": 0, "axis": "z", "origin": [8, 8, 8]},
			"faces": {
				"north": {"uv": [0, 0, 16, 16], "rotation": 90, "texture": "#0"},
				"east": {"uv": [0, 0, 16, 16], "rotation": 90, "texture": "#0"},
				"south": {"uv": [0, 0, 16, 16], "rotation": 90, "texture": "#0"},
				"west": {"uv": [0, 0, 16, 16], "rotation": 90, "texture": "#0"},
				"up": {"uv": [0, 0, 16, 16], "rotation": 90, "texture": "#0"},
				"down": {"uv": [0, 0, 16, 16], "rotation": 90, "texture": "#0"}
			}
		},
		{
			"from": [8.18, 7.52, 7.65],
			"to": [8.48, 7.82, 7.755],
			"rotation": {"angle": 0, "axis": "z", "origin": [8, 9.6, 8]},
			"faces": {
				"north": {"uv": [0, 0, 16, 16], "rotation": 90, "texture": "#318"},
				"east": {"uv": [0, 0, 16, 16], "rotation": 90, "texture": "#318"},
				"south": {"uv": [0, 0, 16, 16], "rotation": 90, "texture": "#318"},
				"west": {"uv": [0, 0, 16, 16], "rotation": 90, "texture": "#318"},
				"up": {"uv": [0, 0, 16, 16], "rotation": 90, "texture": "#318"},
				"down": {"uv": [0, 0, 16, 16], "rotation": 90, "texture": "#318"}
			}
		},
		{
			"from": [7.55, 8.15, 7.5],
			"to": [7.6, 8.3, 7.9],
			"rotation": {"angle": 0, "axis": "z", "origin": [8, 8, 8]},
			"faces": {
				"north": {"uv": [0, 0, 16, 16], "rotation": 90, "texture": "#0"},
				"east": {"uv": [0, 0, 16, 16], "rotation": 90, "texture": "#0"},
				"south": {"uv": [0, 0, 16, 16], "rotation": 90, "texture": "#0"},
				"west": {"uv": [0, 0, 16, 16], "rotation": 90, "texture": "#0"},
				"up": {"uv": [0, 0, 16, 16], "rotation": 90, "texture": "#0"},
				"down": {"uv": [0, 0, 16, 16], "rotation": 90, "texture": "#0"}
			}
		},
		{
			"from": [7.46, 8.18, 7.65],
			"to": [7.52, 8.36, 7.755],
			"rotation": {"angle": 0, "axis": "z", "origin": [8, 9.6, 8]},
			"faces": {
				"north": {"uv": [0, 0, 16, 16], "rotation": 90, "texture": "#318"},
				"east": {"uv": [0, 0, 16, 16], "rotation": 90, "texture": "#318"},
				"south": {"uv": [0, 0, 16, 16], "rotation": 90, "texture": "#318"},
				"west": {"uv": [0, 0, 16, 16], "rotation": 90, "texture": "#318"},
				"up": {"uv": [0, 0, 16, 16], "rotation": 90, "texture": "#318"},
				"down": {"uv": [0, 0, 16, 16], "rotation": 90, "texture": "#318"}
			}
		},
		{
			"from": [8.4, 8.15, 7.5],
			"to": [8.45, 8.3, 7.9],
			"rotation": {"angle": 0, "axis": "z", "origin": [8, 8, 8]},
			"faces": {
				"north": {"uv": [0, 0, 16, 16], "rotation": 90, "texture": "#0"},
				"east": {"uv": [0, 0, 16, 16], "rotation": 90, "texture": "#0"},
				"south": {"uv": [0, 0, 16, 16], "rotation": 90, "texture": "#0"},
				"west": {"uv": [0, 0, 16, 16], "rotation": 90, "texture": "#0"},
				"up": {"uv": [0, 0, 16, 16], "rotation": 90, "texture": "#0"},
				"down": {"uv": [0, 0, 16, 16], "rotation": 90, "texture": "#0"}
			}
		},
		{
			"from": [8.48, 8.18, 7.65],
			"to": [8.54, 8.36, 7.755],
			"rotation": {"angle": 0, "axis": "z", "origin": [8, 9.6, 8]},
			"faces": {
				"north": {"uv": [0, 0, 16, 16], "rotation": 90, "texture": "#318"},
				"east": {"uv": [0, 0, 16, 16], "rotation": 90, "texture": "#318"},
				"south": {"uv": [0, 0, 16, 16], "rotation": 90, "texture": "#318"},
				"west": {"uv": [0, 0, 16, 16], "rotation": 90, "texture": "#318"},
				"up": {"uv": [0, 0, 16, 16], "rotation": 90, "texture": "#318"},
				"down": {"uv": [0, 0, 16, 16], "rotation": 90, "texture": "#318"}
			}
		},
		{
			"from": [7.55, 7.7, 7.5],
			"to": [7.6, 7.85, 7.9],
			"rotation": {"angle": 0, "axis": "z", "origin": [8, 8, 8]},
			"faces": {
				"north": {"uv": [0, 0, 16, 16], "rotation": 90, "texture": "#0"},
				"east": {"uv": [0, 0, 16, 16], "rotation": 90, "texture": "#0"},
				"south": {"uv": [0, 0, 16, 16], "rotation": 90, "texture": "#0"},
				"west": {"uv": [0, 0, 16, 16], "rotation": 90, "texture": "#0"},
				"up": {"uv": [0, 0, 16, 16], "rotation": 90, "texture": "#0"},
				"down": {"uv": [0, 0, 16, 16], "rotation": 90, "texture": "#0"}
			}
		},
		{
			"from": [7.46, 7.64, 7.65],
			"to": [7.52, 7.82, 7.755],
			"rotation": {"angle": 0, "axis": "z", "origin": [8, 9.6, 8]},
			"faces": {
				"north": {"uv": [0, 0, 16, 16], "rotation": 90, "texture": "#318"},
				"east": {"uv": [0, 0, 16, 16], "rotation": 90, "texture": "#318"},
				"south": {"uv": [0, 0, 16, 16], "rotation": 90, "texture": "#318"},
				"west": {"uv": [0, 0, 16, 16], "rotation": 90, "texture": "#318"},
				"up": {"uv": [0, 0, 16, 16], "rotation": 90, "texture": "#318"},
				"down": {"uv": [0, 0, 16, 16], "rotation": 90, "texture": "#318"}
			}
		},
		{
			"from": [8.4, 7.7, 7.5],
			"to": [8.45, 7.85, 7.9],
			"rotation": {"angle": 0, "axis": "z", "origin": [8, 8, 8]},
			"faces": {
				"north": {"uv": [0, 0, 16, 16], "rotation": 90, "texture": "#0"},
				"east": {"uv": [0, 0, 16, 16], "rotation": 90, "texture": "#0"},
				"south": {"uv": [0, 0, 16, 16], "rotation": 90, "texture": "#0"},
				"west": {"uv": [0, 0, 16, 16], "rotation": 90, "texture": "#0"},
				"up": {"uv": [0, 0, 16, 16], "rotation": 90, "texture": "#0"},
				"down": {"uv": [0, 0, 16, 16], "rotation": 90, "texture": "#0"}
			}
		},
		{
			"from": [8.48, 7.64, 7.65],
			"to": [8.54, 7.82, 7.755],
			"rotation": {"angle": 0, "axis": "z", "origin": [8, 9.6, 8]},
			"faces": {
				"north": {"uv": [0, 0, 16, 16], "rotation": 90, "texture": "#318"},
				"east": {"uv": [0, 0, 16, 16], "rotation": 90, "texture": "#318"},
				"south": {"uv": [0, 0, 16, 16], "rotation": 90, "texture": "#318"},
				"west": {"uv": [0, 0, 16, 16], "rotation": 90, "texture": "#318"},
				"up": {"uv": [0, 0, 16, 16], "rotation": 90, "texture": "#318"},
				"down": {"uv": [0, 0, 16, 16], "rotation": 90, "texture": "#318"}
			}
		},
		{
			"from": [7.7, 8.4, 7.5],
			"to": [7.85, 8.45, 7.9],
			"rotation": {"angle": 0, "axis": "z", "origin": [8, 8, 8]},
			"faces": {
				"north": {"uv": [0, 0, 16, 16], "rotation": 90, "texture": "#0"},
				"east": {"uv": [0, 0, 16, 16], "rotation": 90, "texture": "#0"},
				"south": {"uv": [0, 0, 16, 16], "rotation": 90, "texture": "#0"},
				"west": {"uv": [0, 0, 16, 16], "rotation": 90, "texture": "#0"},
				"up": {"uv": [0, 0, 16, 16], "rotation": 90, "texture": "#0"},
				"down": {"uv": [0, 0, 16, 16], "rotation": 90, "texture": "#0"}
			}
		},
		{
			"from": [7.64, 8.48, 7.65],
			"to": [7.82, 8.54, 7.755],
			"rotation": {"angle": 0, "axis": "z", "origin": [8, 9.6, 8]},
			"faces": {
				"north": {"uv": [0, 0, 16, 16], "rotation": 90, "texture": "#318"},
				"east": {"uv": [0, 0, 16, 16], "rotation": 90, "texture": "#318"},
				"south": {"uv": [0, 0, 16, 16], "rotation": 90, "texture": "#318"},
				"west": {"uv": [0, 0, 16, 16], "rotation": 90, "texture": "#318"},
				"up": {"uv": [0, 0, 16, 16], "rotation": 90, "texture": "#318"},
				"down": {"uv": [0, 0, 16, 16], "rotation": 90, "texture": "#318"}
			}
		},
		{
			"from": [8.15, 8.4, 7.5],
			"to": [8.3, 8.45, 7.9],
			"rotation": {"angle": 0, "axis": "z", "origin": [8, 8, 8]},
			"faces": {
				"north": {"uv": [0, 0, 16, 16], "rotation": 90, "texture": "#0"},
				"east": {"uv": [0, 0, 16, 16], "rotation": 90, "texture": "#0"},
				"south": {"uv": [0, 0, 16, 16], "rotation": 90, "texture": "#0"},
				"west": {"uv": [0, 0, 16, 16], "rotation": 90, "texture": "#0"},
				"up": {"uv": [0, 0, 16, 16], "rotation": 90, "texture": "#0"},
				"down": {"uv": [0, 0, 16, 16], "rotation": 90, "texture": "#0"}
			}
		},
		{
			"from": [8.18, 8.48, 7.65],
			"to": [8.36, 8.54, 7.755],
			"rotation": {"angle": 0, "axis": "z", "origin": [8, 9.6, 8]},
			"faces": {
				"north": {"uv": [0, 0, 16, 16], "rotation": 90, "texture": "#318"},
				"east": {"uv": [0, 0, 16, 16], "rotation": 90, "texture": "#318"},
				"south": {"uv": [0, 0, 16, 16], "rotation": 90, "texture": "#318"},
				"west": {"uv": [0, 0, 16, 16], "rotation": 90, "texture": "#318"},
				"up": {"uv": [0, 0, 16, 16], "rotation": 90, "texture": "#318"},
				"down": {"uv": [0, 0, 16, 16], "rotation": 90, "texture": "#318"}
			}
		},
		{
			"from": [7.7, 7.55, 7.5],
			"to": [7.85, 7.6, 7.9],
			"rotation": {"angle": 0, "axis": "z", "origin": [8, 8, 8]},
			"faces": {
				"north": {"uv": [0, 0, 16, 16], "rotation": 90, "texture": "#0"},
				"east": {"uv": [0, 0, 16, 16], "rotation": 90, "texture": "#0"},
				"south": {"uv": [0, 0, 16, 16], "rotation": 90, "texture": "#0"},
				"west": {"uv": [0, 0, 16, 16], "rotation": 90, "texture": "#0"},
				"up": {"uv": [0, 0, 16, 16], "rotation": 90, "texture": "#0"},
				"down": {"uv": [0, 0, 16, 16], "rotation": 90, "texture": "#0"}
			}
		},
		{
			"from": [7.64, 7.46, 7.65],
			"to": [7.82, 7.52, 7.755],
			"rotation": {"angle": 0, "axis": "z", "origin": [8, 9.6, 8]},
			"faces": {
				"north": {"uv": [0, 0, 16, 16], "rotation": 90, "texture": "#318"},
				"east": {"uv": [0, 0, 16, 16], "rotation": 90, "texture": "#318"},
				"south": {"uv": [0, 0, 16, 16], "rotation": 90, "texture": "#318"},
				"west": {"uv": [0, 0, 16, 16], "rotation": 90, "texture": "#318"},
				"up": {"uv": [0, 0, 16, 16], "rotation": 90, "texture": "#318"},
				"down": {"uv": [0, 0, 16, 16], "rotation": 90, "texture": "#318"}
			}
		},
		{
			"from": [8.15, 7.55, 7.5],
			"to": [8.3, 7.6, 7.9],
			"rotation": {"angle": 0, "axis": "z", "origin": [8, 8, 8]},
			"faces": {
				"north": {"uv": [0, 0, 16, 16], "rotation": 90, "texture": "#0"},
				"east": {"uv": [0, 0, 16, 16], "rotation": 90, "texture": "#0"},
				"south": {"uv": [0, 0, 16, 16], "rotation": 90, "texture": "#0"},
				"west": {"uv": [0, 0, 16, 16], "rotation": 90, "texture": "#0"},
				"up": {"uv": [0, 0, 16, 16], "rotation": 90, "texture": "#0"},
				"down": {"uv": [0, 0, 16, 16], "rotation": 90, "texture": "#0"}
			}
		},
		{
			"from": [8.18, 7.46, 7.65],
			"to": [8.36, 7.52, 7.755],
			"rotation": {"angle": 0, "axis": "z", "origin": [8, 9.6, 8]},
			"faces": {
				"north": {"uv": [0, 0, 16, 16], "rotation": 90, "texture": "#318"},
				"east": {"uv": [0, 0, 16, 16], "rotation": 90, "texture": "#318"},
				"south": {"uv": [0, 0, 16, 16], "rotation": 90, "texture": "#318"},
				"west": {"uv": [0, 0, 16, 16], "rotation": 90, "texture": "#318"},
				"up": {"uv": [0, 0, 16, 16], "rotation": 90, "texture": "#318"},
				"down": {"uv": [0, 0, 16, 16], "rotation": 90, "texture": "#318"}
			}
		}
	],
	"display": {
		"thirdperson_righthand": {
			"rotation": [62.5, 0, 0],
			"translation": [0, -4.5, -3.5]
		},
		"firstperson_righthand": {
			"translation": [0, -8.25, 0]
		},
		"gui": {
			"translation": [0, -5.25, 0],
			"scale": [1.88, 1.74, 1]
		},
		"fixed": {
			"translation": [0, -5.5, -1.25],
			"scale": [2, 2, 1]
		}
	}
}