{
	"credit": "Made with Blockbench",
	"textures": {
		"0": "block/gold_block",
		"8": "block/blue_glazed_terracotta",
		"16": "block/blue_ice",
		"17": "block/gray_shulker_box",
		"particle": "block/gold_block"
	},
	"gui_light": "front",
	"elements": [
		{
			"from": [8.65058, 7.74118, 7.425],
			"to": [9.50058, 8.19118, 8],
			"rotation": {"angle": 0, "axis": "y", "origin": [16.65058, 15.74118, 15.5]},
			"faces": {
				"north": {"uv": [1, 1, 14.85, 14.45], "texture": "#0"},
				"east": {"uv": [1, 1, 14.85, 14.45], "texture": "#0"},
				"south": {"uv": [1, 1, 14.85, 14.45], "texture": "#0"},
				"west": {"uv": [1, 1, 14.85, 14.45], "texture": "#0"},
				"up": {"uv": [1, 1, 14.85, 14.45], "texture": "#0"},
				"down": {"uv": [1, 1, 14.85, 14.45], "texture": "#0"}
			}
		},
		{
			"from": [8.65058, 11.54118, 7.425],
			"to": [9.50058, 11.99118, 8],
			"rotation": {"angle": 0, "axis": "y", "origin": [16.65058, 19.54118, 15.5]},
			"faces": {
				"north": {"uv": [1, 1, 14.85, 14.45], "texture": "#0"},
				"east": {"uv": [1, 1, 14.85, 14.45], "texture": "#0"},
				"south": {"uv": [1, 1, 14.85, 14.45], "texture": "#0"},
				"west": {"uv": [1, 1, 14.85, 14.45], "texture": "#0"},
				"up": {"uv": [1, 1, 14.85, 14.45], "texture": "#0"},
				"down": {"uv": [1, 1, 14.85, 14.45], "texture": "#0"}
			}
		},
		{
			"from": [7.91904, 7.8867, 7.425],
			"to": [8.76904, 8.3367, 8],
			"rotation": {"angle": -22.5, "axis": "z", "origin": [8.34404, 8.1117, 7.7125]},
			"faces": {
				"north": {"uv": [1, 1, 14.85, 14.45], "texture": "#0"},
				"east": {"uv": [1, 1, 14.85, 14.45], "texture": "#0"},
				"south": {"uv": [1, 1, 14.85, 14.45], "texture": "#0"},
				"west": {"uv": [1, 1, 14.85, 14.45], "texture": "#0"},
				"up": {"uv": [1, 1, 14.85, 14.45], "texture": "#0"},
				"down": {"uv": [1, 1, 14.85, 14.45], "texture": "#0"}
			}
		},
		{
			"from": [7.29886, 8.30108, 7.425],
			"to": [8.14886, 8.75108, 8],
			"rotation": {"angle": -45, "axis": "z", "origin": [7.72386, 8.52608, 7.7125]},
			"faces": {
				"north": {"uv": [1, 1, 14.85, 14.45], "texture": "#0"},
				"east": {"uv": [1, 1, 14.85, 14.45], "texture": "#0"},
				"south": {"uv": [1, 1, 14.85, 14.45], "texture": "#0"},
				"west": {"uv": [1, 1, 14.85, 14.45], "texture": "#0"},
				"up": {"uv": [1, 1, 14.85, 14.45], "texture": "#0"},
				"down": {"uv": [1, 1, 14.85, 14.45], "texture": "#0"}
			}
		},
		{
			"from": [7.08448, 8.72126, 7.425],
			"to": [7.53448, 9.57126, 8],
			"rotation": {"angle": 22.5, "axis": "z", "origin": [7.30948, 9.14626, 7.7125]},
			"faces": {
				"north": {"uv": [1, 1, 14.85, 14.45], "rotation": 270, "texture": "#0"},
				"east": {"uv": [1, 1, 14.85, 14.45], "rotation": 270, "texture": "#0"},
				"south": {"uv": [1, 1, 14.85, 14.45], "rotation": 270, "texture": "#0"},
				"west": {"uv": [1, 1, 14.85, 14.45], "rotation": 270, "texture": "#0"},
				"up": {"uv": [1, 1, 14.85, 14.45], "rotation": 270, "texture": "#0"},
				"down": {"uv": [1, 1, 14.85, 14.45], "rotation": 270, "texture": "#0"}
			}
		},
		{
			"from": [6.93896, 9.4528, 7.425],
			"to": [7.38896, 10.3028, 8],
			"rotation": {"angle": 0, "axis": "z", "origin": [7.16396, 9.8778, 7.7125]},
			"faces": {
				"north": {"uv": [1, 1, 14.85, 14.45], "rotation": 270, "texture": "#0"},
				"east": {"uv": [1, 1, 14.85, 14.45], "rotation": 270, "texture": "#0"},
				"south": {"uv": [1, 1, 14.85, 14.45], "rotation": 270, "texture": "#0"},
				"west": {"uv": [1, 1, 14.85, 14.45], "rotation": 270, "texture": "#0"},
				"up": {"uv": [1, 1, 14.85, 14.45], "rotation": 270, "texture": "#0"},
				"down": {"uv": [1, 1, 14.85, 14.45], "rotation": 270, "texture": "#0"}
			}
		},
		{
			"from": [7.08448, 10.18435, 7.425],
			"to": [7.53448, 11.03435, 8],
			"rotation": {"angle": -22.5, "axis": "z", "origin": [7.30948, 10.60935, 7.7125]},
			"faces": {
				"north": {"uv": [1, 1, 14.85, 14.45], "rotation": 270, "texture": "#0"},
				"east": {"uv": [1, 1, 14.85, 14.45], "rotation": 270, "texture": "#0"},
				"south": {"uv": [1, 1, 14.85, 14.45], "rotation": 270, "texture": "#0"},
				"west": {"uv": [1, 1, 14.85, 14.45], "rotation": 270, "texture": "#0"},
				"up": {"uv": [1, 1, 14.85, 14.45], "rotation": 270, "texture": "#0"},
				"down": {"uv": [1, 1, 14.85, 14.45], "rotation": 270, "texture": "#0"}
			}
		},
		{
			"from": [7.49886, 10.80452, 7.425],
			"to": [7.94886, 11.65452, 8],
			"rotation": {"angle": -45, "axis": "z", "origin": [7.72386, 11.22952, 7.7125]},
			"faces": {
				"north": {"uv": [1, 1, 14.85, 14.45], "rotation": 270, "texture": "#0"},
				"east": {"uv": [1, 1, 14.85, 14.45], "rotation": 270, "texture": "#0"},
				"south": {"uv": [1, 1, 14.85, 14.45], "rotation": 270, "texture": "#0"},
				"west": {"uv": [1, 1, 14.85, 14.45], "rotation": 270, "texture": "#0"},
				"up": {"uv": [1, 1, 14.85, 14.45], "rotation": 270, "texture": "#0"},
				"down": {"uv": [1, 1, 14.85, 14.45], "rotation": 270, "texture": "#0"}
			}
		},
		{
			"from": [7.91904, 11.41891, 7.425],
			"to": [8.76904, 11.86891, 8],
			"rotation": {"angle": 22.5, "axis": "z", "origin": [8.34404, 11.64391, 7.7125]},
			"faces": {
				"north": {"uv": [1, 1, 14.85, 14.45], "rotation": 180, "texture": "#0"},
				"east": {"uv": [1, 1, 14.85, 14.45], "rotation": 180, "texture": "#0"},
				"south": {"uv": [1, 1, 14.85, 14.45], "rotation": 180, "texture": "#0"},
				"west": {"uv": [1, 1, 14.85, 14.45], "rotation": 180, "texture": "#0"},
				"up": {"uv": [1, 1, 14.85, 14.45], "rotation": 180, "texture": "#0"},
				"down": {"uv": [1, 1, 14.85, 14.45], "rotation": 180, "texture": "#0"}
			}
		},
		{
			"from": [9.38213, 7.8867, 7.425],
			"to": [10.23213, 8.3367, 8],
			"rotation": {"angle": 22.5, "axis": "z", "origin": [9.80713, 8.1117, 7.7125]},
			"faces": {
				"north": {"uv": [1, 1, 14.85, 14.45], "texture": "#0"},
				"east": {"uv": [1, 1, 14.85, 14.45], "texture": "#0"},
				"south": {"uv": [1, 1, 14.85, 14.45], "texture": "#0"},
				"west": {"uv": [1, 1, 14.85, 14.45], "texture": "#0"},
				"up": {"uv": [1, 1, 14.85, 14.45], "texture": "#0"},
				"down": {"uv": [1, 1, 14.85, 14.45], "texture": "#0"}
			}
		},
		{
			"from": [10.0023, 8.30108, 7.425],
			"to": [10.8523, 8.75108, 8],
			"rotation": {"angle": 45, "axis": "z", "origin": [10.4273, 8.52608, 7.7125]},
			"faces": {
				"north": {"uv": [1, 1, 14.85, 14.45], "texture": "#0"},
				"east": {"uv": [1, 1, 14.85, 14.45], "texture": "#0"},
				"south": {"uv": [1, 1, 14.85, 14.45], "texture": "#0"},
				"west": {"uv": [1, 1, 14.85, 14.45], "texture": "#0"},
				"up": {"uv": [1, 1, 14.85, 14.45], "texture": "#0"},
				"down": {"uv": [1, 1, 14.85, 14.45], "texture": "#0"}
			}
		},
		{
			"from": [10.61669, 8.72126, 7.425],
			"to": [11.06669, 9.57126, 8],
			"rotation": {"angle": -22.5, "axis": "z", "origin": [10.84169, 9.14626, 7.7125]},
			"faces": {
				"north": {"uv": [1, 1, 14.85, 14.45], "rotation": 90, "texture": "#0"},
				"east": {"uv": [1, 1, 14.85, 14.45], "rotation": 90, "texture": "#0"},
				"south": {"uv": [1, 1, 14.85, 14.45], "rotation": 90, "texture": "#0"},
				"west": {"uv": [1, 1, 14.85, 14.45], "rotation": 90, "texture": "#0"},
				"up": {"uv": [1, 1, 14.85, 14.45], "rotation": 90, "texture": "#0"},
				"down": {"uv": [1, 1, 14.85, 14.45], "rotation": 90, "texture": "#0"}
			}
		},
		{
			"from": [10.7622, 9.4528, 7.425],
			"to": [11.2122, 10.3028, 8],
			"rotation": {"angle": 0, "axis": "z", "origin": [10.9872, 9.8778, 7.7125]},
			"faces": {
				"north": {"uv": [1, 1, 14.85, 14.45], "rotation": 90, "texture": "#0"},
				"east": {"uv": [1, 1, 14.85, 14.45], "rotation": 90, "texture": "#0"},
				"south": {"uv": [1, 1, 14.85, 14.45], "rotation": 90, "texture": "#0"},
				"west": {"uv": [1, 1, 14.85, 14.45], "rotation": 90, "texture": "#0"},
				"up": {"uv": [1, 1, 14.85, 14.45], "rotation": 90, "texture": "#0"},
				"down": {"uv": [1, 1, 14.85, 14.45], "rotation": 90, "texture": "#0"}
			}
		},
		{
			"from": [10.61669, 10.18435, 7.425],
			"to": [11.06669, 11.03435, 8],
			"rotation": {"angle": 22.5, "axis": "z", "origin": [10.84169, 10.60935, 7.7125]},
			"faces": {
				"north": {"uv": [1, 1, 14.85, 14.45], "rotation": 90, "texture": "#0"},
				"east": {"uv": [1, 1, 14.85, 14.45], "rotation": 90, "texture": "#0"},
				"south": {"uv": [1, 1, 14.85, 14.45], "rotation": 90, "texture": "#0"},
				"west": {"uv": [1, 1, 14.85, 14.45], "rotation": 90, "texture": "#0"},
				"up": {"uv": [1, 1, 14.85, 14.45], "rotation": 90, "texture": "#0"},
				"down": {"uv": [1, 1, 14.85, 14.45], "rotation": 90, "texture": "#0"}
			}
		},
		{
			"from": [10.2023, 10.80452, 7.425],
			"to": [10.6523, 11.65452, 8],
			"rotation": {"angle": 45, "axis": "z", "origin": [10.4273, 11.22952, 7.7125]},
			"faces": {
				"north": {"uv": [1, 1, 14.85, 14.45], "rotation": 90, "texture": "#0"},
				"east": {"uv": [1, 1, 14.85, 14.45], "rotation": 90, "texture": "#0"},
				"south": {"uv": [1, 1, 14.85, 14.45], "rotation": 90, "texture": "#0"},
				"west": {"uv": [1, 1, 14.85, 14.45], "rotation": 90, "texture": "#0"},
				"up": {"uv": [1, 1, 14.85, 14.45], "rotation": 90, "texture": "#0"},
				"down": {"uv": [1, 1, 14.85, 14.45], "rotation": 90, "texture": "#0"}
			}
		},
		{
			"from": [9.38213, 11.41891, 7.425],
			"to": [10.23213, 11.86891, 8],
			"rotation": {"angle": -22.5, "axis": "z", "origin": [9.80713, 11.64391, 7.7125]},
			"faces": {
				"north": {"uv": [1, 1, 14.85, 14.45], "rotation": 180, "texture": "#0"},
				"east": {"uv": [1, 1, 14.85, 14.45], "rotation": 180, "texture": "#0"},
				"south": {"uv": [1, 1, 14.85, 14.45], "rotation": 180, "texture": "#0"},
				"west": {"uv": [1, 1, 14.85, 14.45], "rotation": 180, "texture": "#0"},
				"up": {"uv": [1, 1, 14.85, 14.45], "rotation": 180, "texture": "#0"},
				"down": {"uv": [1, 1, 14.85, 14.45], "rotation": 180, "texture": "#0"}
			}
		},
		{
			"from": [8.77558, 11.94118, 7.425],
			"to": [9.37558, 12.16618, 8],
			"rotation": {"angle": 0, "axis": "y", "origin": [16.52558, 19.94118, 15.5]},
			"faces": {
				"north": {"uv": [13, 2, 16, 16], "texture": "#17"},
				"east": {"uv": [13, 2, 16, 16], "texture": "#17"},
				"south": {"uv": [13, 2, 16, 16], "texture": "#17"},
				"west": {"uv": [13, 2, 16, 16], "texture": "#17"},
				"up": {"uv": [13, 2, 16, 16], "texture": "#17"},
				"down": {"uv": [13, 2, 16, 16], "texture": "#17"}
			}
		},
		{
			"from": [8.92558, 11.99118, 6.875],
			"to": [9.22558, 12.16618, 7.45],
			"rotation": {"angle": 0, "axis": "y", "origin": [16.60058, 19.99118, 14.95]},
			"faces": {
				"north": {"uv": [13, 2, 16, 16], "texture": "#17"},
				"east": {"uv": [13, 2, 16, 16], "texture": "#17"},
				"south": {"uv": [13, 2, 16, 16], "texture": "#17"},
				"west": {"uv": [13, 2, 16, 16], "texture": "#17"},
				"up": {"uv": [13, 2, 16, 16], "texture": "#17"},
				"down": {"uv": [13, 2, 16, 16], "texture": "#17"}
			}
		},
		{
			"from": [9.28808, 11.99118, 7.5625],
			"to": [9.86308, 12.16618, 7.8625],
			"rotation": {"angle": 0, "axis": "y", "origin": [9.57558, 12.07868, 7.7125]},
			"faces": {
				"north": {"uv": [13, 2, 16, 16], "rotation": 270, "texture": "#17"},
				"east": {"uv": [13, 2, 16, 16], "rotation": 270, "texture": "#17"},
				"south": {"uv": [13, 2, 16, 16], "rotation": 270, "texture": "#17"},
				"west": {"uv": [13, 2, 16, 16], "rotation": 270, "texture": "#17"},
				"up": {"uv": [13, 2, 16, 16], "rotation": 270, "texture": "#17"},
				"down": {"uv": [13, 2, 16, 16], "rotation": 270, "texture": "#17"}
			}
		},
		{
			"from": [8.28808, 11.99118, 7.5625],
			"to": [8.86308, 12.16618, 7.8625],
			"rotation": {"angle": 0, "axis": "y", "origin": [16.28808, 20.16618, 15.5625]},
			"faces": {
				"north": {"uv": [13, 2, 16, 16], "rotation": 270, "texture": "#17"},
				"east": {"uv": [13, 2, 16, 16], "rotation": 270, "texture": "#17"},
				"south": {"uv": [13, 2, 16, 16], "rotation": 270, "texture": "#17"},
				"west": {"uv": [13, 2, 16, 16], "rotation": 270, "texture": "#17"},
				"up": {"uv": [13, 2, 16, 16], "rotation": 270, "texture": "#17"},
				"down": {"uv": [13, 2, 16, 16], "rotation": 270, "texture": "#17"}
			}
		},
		{
			"from": [8.95058, 11.99118, 8],
			"to": [9.25058, 12.16618, 8.575],
			"rotation": {"angle": 0, "axis": "y", "origin": [9.10058, 12.40972, 8.89056]},
			"faces": {
				"north": {"uv": [13, 2, 16, 16], "rotation": 180, "texture": "#17"},
				"east": {"uv": [13, 2, 16, 16], "rotation": 180, "texture": "#17"},
				"south": {"uv": [13, 2, 16, 16], "rotation": 180, "texture": "#17"},
				"west": {"uv": [13, 2, 16, 16], "rotation": 180, "texture": "#17"},
				"up": {"uv": [13, 2, 16, 16], "rotation": 180, "texture": "#17"},
				"down": {"uv": [13, 2, 16, 16], "rotation": 180, "texture": "#17"}
			}
		},
		{
			"from": [8.92558, 12.33884, 6.18352],
			"to": [9.22558, 12.46384, 6.35852],
			"rotation": {"angle": -22.5, "axis": "x", "origin": [9.07558, 12.62634, 6.27102]},
			"faces": {
				"north": {"uv": [13, 2, 16, 16], "rotation": 180, "texture": "#17"},
				"east": {"uv": [13, 2, 16, 16], "rotation": 180, "texture": "#17"},
				"south": {"uv": [13, 2, 16, 16], "rotation": 180, "texture": "#17"},
				"west": {"uv": [13, 2, 16, 16], "rotation": 180, "texture": "#17"},
				"up": {"uv": [13, 2, 16, 16], "rotation": 180, "texture": "#17"},
				"down": {"uv": [13, 2, 16, 16], "rotation": 180, "texture": "#17"}
			}
		},
		{
			"from": [8.95058, 12.3422, 9.08611],
			"to": [9.25058, 12.4672, 9.26111],
			"rotation": {"angle": 22.5, "axis": "x", "origin": [9.10058, 12.6297, 9.17361]},
			"faces": {
				"north": {"uv": [13, 2, 16, 16], "rotation": 180, "texture": "#17"},
				"east": {"uv": [13, 2, 16, 16], "rotation": 180, "texture": "#17"},
				"south": {"uv": [13, 2, 16, 16], "rotation": 180, "texture": "#17"},
				"west": {"uv": [13, 2, 16, 16], "rotation": 180, "texture": "#17"},
				"up": {"uv": [13, 2, 16, 16], "rotation": 180, "texture": "#17"},
				"down": {"uv": [13, 2, 16, 16], "rotation": 180, "texture": "#17"}
			}
		},
		{
			"from": [10.37419, 12.3422, 7.5625],
			"to": [10.54919, 12.4672, 7.8625],
			"rotation": {"angle": -22.5, "axis": "z", "origin": [10.46169, 12.6297, 7.7125]},
			"faces": {
				"north": {"uv": [13, 2, 16, 16], "rotation": 90, "texture": "#17"},
				"east": {"uv": [13, 2, 16, 16], "rotation": 90, "texture": "#17"},
				"south": {"uv": [13, 2, 16, 16], "rotation": 90, "texture": "#17"},
				"west": {"uv": [13, 2, 16, 16], "rotation": 90, "texture": "#17"},
				"up": {"uv": [13, 2, 16, 16], "rotation": 90, "texture": "#17"},
				"down": {"uv": [13, 2, 16, 16], "rotation": 90, "texture": "#17"}
			}
		},
		{
			"from": [7.68041, 12.34786, 7.5625],
			"to": [7.85541, 12.52286, 7.8625],
			"rotation": {"angle": 22.5, "axis": "z", "origin": [7.74291, 12.43536, 7.7125]},
			"faces": {
				"north": {"uv": [13, 2, 16, 16], "rotation": 270, "texture": "#17"},
				"east": {"uv": [13, 2, 16, 16], "rotation": 270, "texture": "#17"},
				"south": {"uv": [13, 2, 16, 16], "rotation": 270, "texture": "#17"},
				"west": {"uv": [13, 2, 16, 16], "rotation": 270, "texture": "#17"},
				"up": {"uv": [13, 2, 16, 16], "rotation": 270, "texture": "#17"},
				"down": {"uv": [13, 2, 16, 16], "rotation": 270, "texture": "#17"}
			}
		},
		{
			"from": [8.92558, 12.32813, 6.37306],
			"to": [9.22558, 12.50313, 6.62306],
			"rotation": {"angle": 45, "axis": "x", "origin": [9.07558, 12.41563, 6.33556]},
			"faces": {
				"north": {"uv": [13, 2, 16, 16], "texture": "#17"},
				"east": {"uv": [13, 2, 16, 16], "texture": "#17"},
				"south": {"uv": [13, 2, 16, 16], "texture": "#17"},
				"west": {"uv": [13, 2, 16, 16], "texture": "#17"},
				"up": {"uv": [13, 2, 16, 16], "texture": "#17"},
				"down": {"uv": [13, 2, 16, 16], "texture": "#17"}
			}
		},
		{
			"from": [9.73197, 12.38189, 7.5625],
			"to": [9.98197, 12.55689, 7.8625],
			"rotation": {"angle": 45, "axis": "z", "origin": [10.26915, 12.90009, 7.7125]},
			"faces": {
				"north": {"uv": [13, 2, 16, 16], "rotation": 90, "texture": "#17"},
				"east": {"uv": [13, 2, 16, 16], "rotation": 90, "texture": "#17"},
				"south": {"uv": [13, 2, 16, 16], "rotation": 90, "texture": "#17"},
				"west": {"uv": [13, 2, 16, 16], "rotation": 90, "texture": "#17"},
				"up": {"uv": [13, 2, 16, 16], "rotation": 90, "texture": "#17"},
				"down": {"uv": [13, 2, 16, 16], "rotation": 90, "texture": "#17"}
			}
		},
		{
			"from": [7.94672, 12.60436, 7.5625],
			"to": [8.12172, 12.85436, 7.8625],
			"rotation": {"angle": 45, "axis": "z", "origin": [8.46492, 12.31718, 7.7125]},
			"faces": {
				"north": {"uv": [13, 2, 16, 16], "rotation": 90, "texture": "#17"},
				"east": {"uv": [13, 2, 16, 16], "rotation": 90, "texture": "#17"},
				"south": {"uv": [13, 2, 16, 16], "rotation": 90, "texture": "#17"},
				"west": {"uv": [13, 2, 16, 16], "rotation": 90, "texture": "#17"},
				"up": {"uv": [13, 2, 16, 16], "rotation": 90, "texture": "#17"},
				"down": {"uv": [13, 2, 16, 16], "rotation": 90, "texture": "#17"}
			}
		},
		{
			"from": [8.95058, 12.10168, 8.91676],
			"to": [9.25058, 12.27668, 9.16676],
			"rotation": {"angle": -45, "axis": "x", "origin": [9.10058, 12.18918, 8.87926]},
			"faces": {
				"north": {"uv": [13, 2, 16, 16], "texture": "#17"},
				"east": {"uv": [13, 2, 16, 16], "texture": "#17"},
				"south": {"uv": [13, 2, 16, 16], "texture": "#17"},
				"west": {"uv": [13, 2, 16, 16], "texture": "#17"},
				"up": {"uv": [13, 2, 16, 16], "texture": "#17"},
				"down": {"uv": [13, 2, 16, 16], "texture": "#17"}
			}
		},
		{
			"from": [8.92558, 12.09118, 6.5],
			"to": [9.22558, 12.26618, 6.925],
			"rotation": {"angle": 22.5, "axis": "x", "origin": [9.07558, 12.17868, 6.6375]},
			"faces": {
				"north": {"uv": [13, 2, 16, 16], "texture": "#17"},
				"east": {"uv": [13, 2, 16, 16], "texture": "#17"},
				"south": {"uv": [13, 2, 16, 16], "texture": "#17"},
				"west": {"uv": [13, 2, 16, 16], "texture": "#17"},
				"up": {"uv": [13, 2, 16, 16], "texture": "#17"},
				"down": {"uv": [13, 2, 16, 16], "texture": "#17"}
			}
		},
		{
			"from": [9.81342, 12.06584, 7.5625],
			"to": [10.23842, 12.24084, 7.8625],
			"rotation": {"angle": 22.5, "axis": "z", "origin": [10.02592, 12.15334, 7.7125]},
			"faces": {
				"north": {"uv": [13, 2, 16, 16], "rotation": 90, "texture": "#17"},
				"east": {"uv": [13, 2, 16, 16], "rotation": 90, "texture": "#17"},
				"south": {"uv": [13, 2, 16, 16], "rotation": 90, "texture": "#17"},
				"west": {"uv": [13, 2, 16, 16], "rotation": 90, "texture": "#17"},
				"up": {"uv": [13, 2, 16, 16], "rotation": 90, "texture": "#17"},
				"down": {"uv": [13, 2, 16, 16], "rotation": 90, "texture": "#17"}
			}
		},
		{
			"from": [7.91274, 12.06584, 7.5625],
			"to": [8.33774, 12.24084, 7.8625],
			"rotation": {"angle": -22.5, "axis": "z", "origin": [8.12524, 12.15334, 7.7125]},
			"faces": {
				"north": {"uv": [13, 2, 16, 16], "rotation": 90, "texture": "#17"},
				"east": {"uv": [13, 2, 16, 16], "rotation": 90, "texture": "#17"},
				"south": {"uv": [13, 2, 16, 16], "rotation": 90, "texture": "#17"},
				"west": {"uv": [13, 2, 16, 16], "rotation": 90, "texture": "#17"},
				"up": {"uv": [13, 2, 16, 16], "rotation": 90, "texture": "#17"},
				"down": {"uv": [13, 2, 16, 16], "rotation": 90, "texture": "#17"}
			}
		},
		{
			"from": [8.95058, 12.03714, 8.53105],
			"to": [9.25058, 12.21214, 8.95605],
			"rotation": {"angle": -22.5, "axis": "x", "origin": [9.10058, 12.12464, 8.66855]},
			"faces": {
				"north": {"uv": [13, 2, 16, 16], "texture": "#17"},
				"east": {"uv": [13, 2, 16, 16], "texture": "#17"},
				"south": {"uv": [13, 2, 16, 16], "texture": "#17"},
				"west": {"uv": [13, 2, 16, 16], "texture": "#17"},
				"up": {"uv": [13, 2, 16, 16], "texture": "#17"},
				"down": {"uv": [13, 2, 16, 16], "texture": "#17"}
			}
		},
		{
			"from": [8.92558, 12.44272, 6.25237],
			"to": [9.22558, 12.99272, 6.42737],
			"rotation": {"angle": 0, "axis": "x", "origin": [9.07558, 12.73022, 6.33987]},
			"faces": {
				"north": {"uv": [13, 2, 16, 16], "rotation": 180, "texture": "#17"},
				"east": {"uv": [13, 2, 16, 16], "rotation": 180, "texture": "#17"},
				"south": {"uv": [13, 2, 16, 16], "rotation": 180, "texture": "#17"},
				"west": {"uv": [13, 2, 16, 16], "rotation": 180, "texture": "#17"},
				"up": {"uv": [13, 2, 16, 16], "rotation": 180, "texture": "#17"},
				"down": {"uv": [13, 2, 16, 16], "rotation": 180, "texture": "#17"}
			}
		},
		{
			"from": [8.95058, 12.44609, 9.01726],
			"to": [9.25058, 12.99609, 9.19226],
			"rotation": {"angle": 0, "axis": "x", "origin": [9.10058, 12.73359, 9.10476]},
			"faces": {
				"north": {"uv": [13, 2, 16, 16], "rotation": 180, "texture": "#17"},
				"east": {"uv": [13, 2, 16, 16], "rotation": 180, "texture": "#17"},
				"south": {"uv": [13, 2, 16, 16], "rotation": 180, "texture": "#17"},
				"west": {"uv": [13, 2, 16, 16], "rotation": 180, "texture": "#17"},
				"up": {"uv": [13, 2, 16, 16], "rotation": 180, "texture": "#17"},
				"down": {"uv": [13, 2, 16, 16], "rotation": 180, "texture": "#17"}
			}
		},
		{
			"from": [10.30534, 12.44609, 7.5625],
			"to": [10.48034, 12.99609, 7.8625],
			"rotation": {"angle": 0, "axis": "y", "origin": [10.40147, 12.57146, 7.7125]},
			"faces": {
				"north": {"uv": [13, 2, 16, 16], "rotation": 270, "texture": "#17"},
				"east": {"uv": [13, 2, 16, 16], "rotation": 270, "texture": "#17"},
				"south": {"uv": [13, 2, 16, 16], "rotation": 270, "texture": "#17"},
				"west": {"uv": [13, 2, 16, 16], "rotation": 270, "texture": "#17"},
				"up": {"uv": [13, 2, 16, 16], "rotation": 270, "texture": "#17"},
				"down": {"uv": [13, 2, 16, 16], "rotation": 270, "texture": "#17"}
			}
		},
		{
			"from": [7.65169, 12.49228, 7.5625],
			"to": [7.82669, 13.04228, 7.8625],
			"rotation": {"angle": 0, "axis": "y", "origin": [7.74782, 12.61765, 7.7125]},
			"faces": {
				"north": {"uv": [13, 2, 16, 16], "rotation": 270, "texture": "#17"},
				"east": {"uv": [13, 2, 16, 16], "rotation": 270, "texture": "#17"},
				"south": {"uv": [13, 2, 16, 16], "rotation": 270, "texture": "#17"},
				"west": {"uv": [13, 2, 16, 16], "rotation": 270, "texture": "#17"},
				"up": {"uv": [13, 2, 16, 16], "rotation": 270, "texture": "#17"},
				"down": {"uv": [13, 2, 16, 16], "rotation": 270, "texture": "#17"}
			}
		},
		{
			"from": [9.93034, 12.49609, 6.6125],
			"to": [10.40534, 12.92109, 6.9125],
			"rotation": {"angle": -45, "axis": "y", "origin": [10.04284, 12.60859, 6.7]},
			"faces": {
				"north": {"uv": [0, 0, 15.225, 15.175], "rotation": 90, "texture": "#8"},
				"east": {"uv": [0, 0, 15.225, 15.175], "rotation": 90, "texture": "#8"},
				"south": {"uv": [0, 0, 15.225, 15.175], "rotation": 90, "texture": "#8"},
				"west": {"uv": [0, 0, 15.225, 15.175], "rotation": 90, "texture": "#8"},
				"up": {"uv": [0, 0, 15.225, 15.175], "rotation": 90, "texture": "#8"},
				"down": {"uv": [0, 0, 15.225, 15.175], "rotation": 90, "texture": "#8"}
			}
		},
		{
			"from": [7.88034, 12.44609, 8.7125],
			"to": [8.35534, 12.87109, 9.0125],
			"rotation": {"angle": -45, "axis": "y", "origin": [8.11784, 12.60859, 8.8]},
			"faces": {
				"north": {"uv": [0, 0, 15.225, 15.175], "rotation": 90, "texture": "#8"},
				"east": {"uv": [0, 0, 15.225, 15.175], "rotation": 90, "texture": "#8"},
				"south": {"uv": [0, 0, 15.225, 15.175], "rotation": 90, "texture": "#8"},
				"west": {"uv": [0, 0, 15.225, 15.175], "rotation": 90, "texture": "#8"},
				"up": {"uv": [0, 0, 15.225, 15.175], "rotation": 90, "texture": "#8"},
				"down": {"uv": [0, 0, 15.225, 15.175], "rotation": 90, "texture": "#8"}
			}
		},
		{
			"from": [7.93034, 12.49609, 6.5625],
			"to": [8.40534, 12.92109, 6.8625],
			"rotation": {"angle": 45, "axis": "y", "origin": [8.04284, 12.60859, 6.65]},
			"faces": {
				"north": {"uv": [0, 0, 15.225, 15.175], "rotation": 90, "texture": "#8"},
				"east": {"uv": [0, 0, 15.225, 15.175], "rotation": 90, "texture": "#8"},
				"south": {"uv": [0, 0, 15.225, 15.175], "rotation": 90, "texture": "#8"},
				"west": {"uv": [0, 0, 15.225, 15.175], "rotation": 90, "texture": "#8"},
				"up": {"uv": [0, 0, 15.225, 15.175], "rotation": 90, "texture": "#8"},
				"down": {"uv": [0, 0, 15.225, 15.175], "rotation": 90, "texture": "#8"}
			}
		},
		{
			"from": [9.93034, 12.49609, 8.5875],
			"to": [10.40534, 12.92109, 8.8875],
			"rotation": {"angle": 45, "axis": "y", "origin": [10.04284, 12.60859, 8.675]},
			"faces": {
				"north": {"uv": [0, 0, 15.225, 15.175], "rotation": 90, "texture": "#8"},
				"east": {"uv": [0, 0, 15.225, 15.175], "rotation": 90, "texture": "#8"},
				"south": {"uv": [0, 0, 15.225, 15.175], "rotation": 90, "texture": "#8"},
				"west": {"uv": [0, 0, 15.225, 15.175], "rotation": 90, "texture": "#8"},
				"up": {"uv": [0, 0, 15.225, 15.175], "rotation": 90, "texture": "#8"},
				"down": {"uv": [0, 0, 15.225, 15.175], "rotation": 90, "texture": "#8"}
			}
		},
		{
			"from": [8.47558, 13.84118, 7.275],
			"to": [9.65058, 14.16618, 8.175],
			"rotation": {"angle": 0, "axis": "y", "origin": [16.65058, 21.84118, 15.5]},
			"faces": {
				"north": {"uv": [0, 0, 15.899, 15.325], "texture": "#16"},
				"east": {"uv": [0, 0, 15.899, 15.325], "texture": "#16"},
				"south": {"uv": [0, 0, 15.899, 15.325], "texture": "#16"},
				"west": {"uv": [0, 0, 15.899, 15.325], "texture": "#16"},
				"up": {"uv": [0, 0, 15.899, 15.325], "texture": "#16"},
				"down": {"uv": [0, 0, 15.899, 15.325], "texture": "#16"}
			}
		},
		{
			"from": [8.57558, 13.94118, 7.3],
			"to": [9.55058, 14.26618, 8.175],
			"rotation": {"angle": 0, "axis": "y", "origin": [16.65058, 21.94118, 15.5]},
			"faces": {
				"north": {"uv": [0, 0, 15.899, 15.325], "texture": "#16"},
				"east": {"uv": [0, 0, 15.899, 15.325], "texture": "#16"},
				"south": {"uv": [0, 0, 15.899, 15.325], "texture": "#16"},
				"west": {"uv": [0, 0, 15.899, 15.325], "texture": "#16"},
				"up": {"uv": [0, 0, 15.899, 15.325], "texture": "#16"},
				"down": {"uv": [0, 0, 15.899, 15.325], "texture": "#16"}
			}
		},
		{
			"from": [8.57558, 12.51618, 7.3],
			"to": [9.55058, 12.84118, 8.175],
			"rotation": {"angle": 0, "axis": "y", "origin": [16.65058, 20.51618, 15.5]},
			"faces": {
				"north": {"uv": [0, 0, 15.899, 15.325], "texture": "#16"},
				"east": {"uv": [0, 0, 15.899, 15.325], "texture": "#16"},
				"south": {"uv": [0, 0, 15.899, 15.325], "texture": "#16"},
				"west": {"uv": [0, 0, 15.899, 15.325], "texture": "#16"},
				"up": {"uv": [0, 0, 15.899, 15.325], "texture": "#16"},
				"down": {"uv": [0, 0, 15.899, 15.325], "texture": "#16"}
			}
		},
		{
			"from": [8.47558, 12.61618, 7.275],
			"to": [9.65058, 12.94118, 8.175],
			"rotation": {"angle": 0, "axis": "y", "origin": [16.65058, 20.61618, 15.5]},
			"faces": {
				"north": {"uv": [0, 0, 15.899, 15.325], "texture": "#16"},
				"east": {"uv": [0, 0, 15.899, 15.325], "texture": "#16"},
				"south": {"uv": [0, 0, 15.899, 15.325], "texture": "#16"},
				"west": {"uv": [0, 0, 15.899, 15.325], "texture": "#16"},
				"up": {"uv": [0, 0, 15.899, 15.325], "texture": "#16"},
				"down": {"uv": [0, 0, 15.899, 15.325], "texture": "#16"}
			}
		},
		{
			"from": [8.37558, 13.61618, 7.275],
			"to": [9.77558, 14.04118, 8.175],
			"rotation": {"angle": 0, "axis": "y", "origin": [16.67558, 21.71618, 15.5]},
			"faces": {
				"north": {"uv": [0, 0, 15.899, 15.325], "texture": "#16"},
				"east": {"uv": [0, 0, 15.899, 15.325], "texture": "#16"},
				"south": {"uv": [0, 0, 15.899, 15.325], "texture": "#16"},
				"west": {"uv": [0, 0, 15.899, 15.325], "texture": "#16"},
				"up": {"uv": [0, 0, 15.899, 15.325], "texture": "#16"},
				"down": {"uv": [0, 0, 15.899, 15.325], "texture": "#16"}
			}
		},
		{
			"from": [8.37558, 12.76618, 7.275],
			"to": [9.77558, 13.19118, 8.175],
			"rotation": {"angle": 0, "axis": "y", "origin": [16.67558, 20.86618, 15.5]},
			"faces": {
				"north": {"uv": [0, 0, 15.899, 15.325], "texture": "#16"},
				"east": {"uv": [0, 0, 15.899, 15.325], "texture": "#16"},
				"south": {"uv": [0, 0, 15.899, 15.325], "texture": "#16"},
				"west": {"uv": [0, 0, 15.899, 15.325], "texture": "#16"},
				"up": {"uv": [0, 0, 15.899, 15.325], "texture": "#16"},
				"down": {"uv": [0, 0, 15.899, 15.325], "texture": "#16"}
			}
		},
		{
			"from": [8.22558, 13.26618, 7.275],
			"to": [9.90058, 13.79118, 8.175],
			"rotation": {"angle": 0, "axis": "y", "origin": [16.65058, 21.46618, 15.5]},
			"faces": {
				"north": {"uv": [0, 0, 15.899, 15.325], "texture": "#16"},
				"east": {"uv": [0, 0, 15.899, 15.325], "texture": "#16"},
				"south": {"uv": [0, 0, 15.899, 15.325], "texture": "#16"},
				"west": {"uv": [0, 0, 15.899, 15.325], "texture": "#16"},
				"up": {"uv": [0, 0, 15.899, 15.325], "texture": "#16"},
				"down": {"uv": [0, 0, 15.899, 15.325], "texture": "#16"}
			}
		},
		{
			"from": [8.22558, 13.01618, 7.275],
			"to": [9.90058, 13.54118, 8.175],
			"rotation": {"angle": 0, "axis": "y", "origin": [16.65058, 21.21618, 15.5]},
			"faces": {
				"north": {"uv": [0, 0, 15.899, 15.325], "texture": "#16"},
				"east": {"uv": [0, 0, 15.899, 15.325], "texture": "#16"},
				"south": {"uv": [0, 0, 15.899, 15.325], "texture": "#16"},
				"west": {"uv": [0, 0, 15.899, 15.325], "texture": "#16"},
				"up": {"uv": [0, 0, 15.899, 15.325], "texture": "#16"},
				"down": {"uv": [0, 0, 15.899, 15.325], "texture": "#16"}
			}
		},
		{
			"from": [8.12558, 13.14118, 7.275],
			"to": [10.00058, 13.66618, 8.175],
			"rotation": {"angle": 0, "axis": "y", "origin": [16.65058, 21.34118, 15.5]},
			"faces": {
				"north": {"uv": [0, 0, 15.899, 15.325], "texture": "#16"},
				"east": {"uv": [0, 0, 15.899, 15.325], "texture": "#16"},
				"south": {"uv": [0, 0, 15.899, 15.325], "texture": "#16"},
				"west": {"uv": [0, 0, 15.899, 15.325], "texture": "#16"},
				"up": {"uv": [0, 0, 15.899, 15.325], "texture": "#16"},
				"down": {"uv": [0, 0, 15.899, 15.325], "texture": "#16"}
			}
		},
		{
			"from": [8.42558, 13.19118, 7.075],
			"to": [9.70058, 13.61618, 8.35],
			"rotation": {"angle": 0, "axis": "y", "origin": [16.37558, 21.34118, 15.325]},
			"faces": {
				"north": {"uv": [0, 0, 15.899, 15.325], "texture": "#16"},
				"east": {"uv": [0, 0, 15.899, 15.325], "texture": "#16"},
				"south": {"uv": [0, 0, 15.899, 15.325], "texture": "#16"},
				"west": {"uv": [0, 0, 15.899, 15.325], "texture": "#16"},
				"up": {"uv": [0, 0, 15.899, 15.325], "texture": "#16"},
				"down": {"uv": [0, 0, 15.899, 15.325], "texture": "#16"}
			}
		},
		{
			"from": [8.62558, 12.94118, 7],
			"to": [9.55058, 13.81618, 8.45],
			"rotation": {"angle": 0, "axis": "y", "origin": [16.37558, 21.34118, 15.325]},
			"faces": {
				"north": {"uv": [0, 0, 15.899, 15.325], "texture": "#16"},
				"east": {"uv": [0, 0, 15.899, 15.325], "texture": "#16"},
				"south": {"uv": [0, 0, 15.899, 15.325], "texture": "#16"},
				"west": {"uv": [0, 0, 15.899, 15.325], "texture": "#16"},
				"up": {"uv": [0, 0, 15.899, 15.325], "texture": "#16"},
				"down": {"uv": [0, 0, 15.899, 15.325], "texture": "#16"}
			}
		},
		{
			"from": [8.55058, 13.41618, 7.075],
			"to": [9.62558, 13.94118, 8.35],
			"rotation": {"angle": 0, "axis": "y", "origin": [16.37558, 21.56618, 15.325]},
			"faces": {
				"north": {"uv": [0, 0, 15.899, 15.325], "texture": "#16"},
				"east": {"uv": [0, 0, 15.899, 15.325], "texture": "#16"},
				"south": {"uv": [0, 0, 15.899, 15.325], "texture": "#16"},
				"west": {"uv": [0, 0, 15.899, 15.325], "texture": "#16"},
				"up": {"uv": [0, 0, 15.899, 15.325], "texture": "#16"},
				"down": {"uv": [0, 0, 15.899, 15.325], "texture": "#16"}
			}
		},
		{
			"from": [8.55058, 12.86618, 7.075],
			"to": [9.62558, 13.39118, 8.35],
			"rotation": {"angle": 0, "axis": "y", "origin": [16.37558, 21.01618, 15.325]},
			"faces": {
				"north": {"uv": [0, 0, 15.899, 15.325], "texture": "#16"},
				"east": {"uv": [0, 0, 15.899, 15.325], "texture": "#16"},
				"south": {"uv": [0, 0, 15.899, 15.325], "texture": "#16"},
				"west": {"uv": [0, 0, 15.899, 15.325], "texture": "#16"},
				"up": {"uv": [0, 0, 15.899, 15.325], "texture": "#16"},
				"down": {"uv": [0, 0, 15.899, 15.325], "texture": "#16"}
			}
		},
		{
			"from": [8.35058, 13.14118, 7.2],
			"to": [9.80058, 13.66618, 8.25],
			"rotation": {"angle": 0, "axis": "y", "origin": [16.37558, 21.34118, 15.325]},
			"faces": {
				"north": {"uv": [0, 0, 15.899, 15.325], "texture": "#16"},
				"east": {"uv": [0, 0, 15.899, 15.325], "texture": "#16"},
				"south": {"uv": [0, 0, 15.899, 15.325], "texture": "#16"},
				"west": {"uv": [0, 0, 15.899, 15.325], "texture": "#16"},
				"up": {"uv": [0, 0, 15.899, 15.325], "texture": "#16"},
				"down": {"uv": [0, 0, 15.899, 15.325], "texture": "#16"}
			}
		},
		{
			"from": [8.47558, 13.49118, 7.2],
			"to": [9.70058, 14.01618, 8.25],
			"rotation": {"angle": 0, "axis": "y", "origin": [16.37558, 21.69118, 15.325]},
			"faces": {
				"north": {"uv": [0, 0, 15.899, 15.325], "texture": "#16"},
				"east": {"uv": [0, 0, 15.899, 15.325], "texture": "#16"},
				"south": {"uv": [0, 0, 15.899, 15.325], "texture": "#16"},
				"west": {"uv": [0, 0, 15.899, 15.325], "texture": "#16"},
				"up": {"uv": [0, 0, 15.899, 15.325], "texture": "#16"},
				"down": {"uv": [0, 0, 15.899, 15.325], "texture": "#16"}
			}
		},
		{
			"from": [8.47558, 12.79118, 7.2],
			"to": [9.70058, 13.31618, 8.25],
			"rotation": {"angle": 0, "axis": "y", "origin": [16.37558, 20.99118, 15.325]},
			"faces": {
				"north": {"uv": [0, 0, 15.899, 15.325], "texture": "#16"},
				"east": {"uv": [0, 0, 15.899, 15.325], "texture": "#16"},
				"south": {"uv": [0, 0, 15.899, 15.325], "texture": "#16"},
				"west": {"uv": [0, 0, 15.899, 15.325], "texture": "#16"},
				"up": {"uv": [0, 0, 15.899, 15.325], "texture": "#16"},
				"down": {"uv": [0, 0, 15.899, 15.325], "texture": "#16"}
			}
		}
	],
	"display": {
		"thirdperson_righthand": {
			"translation": [-1, -0.25, 1.25],
			"scale": [0.5, 0.5, 0.5]
		},
		"thirdperson_lefthand": {
			"translation": [1, -0.25, 1.25],
			"scale": [0.5, 0.5, 0.5]
		},
		"firstperson_righthand": {
			"rotation": [-16, -97, 0],
			"translation": [0, -0.25, 0],
			"scale": [0.5, 0.5, 0.5]
		},
		"firstperson_lefthand": {
			"rotation": [-16, -97, 0],
			"translation": [1, -0.25, 0.5],
			"scale": [0.5, 0.5, 0.5]
		},
		"ground": {
			"translation": [-1.25, -2.25, 0]
		},
		"gui": {
			"translation": [-2, -6.75, 0],
			"scale": [2.2, 2.2, 1]
		},
		"fixed": {
			"rotation": [-3, 0, 0],
			"translation": [-2.25, -5.5, -0.25],
			"scale": [2, 2, 1]
		}
	},
	"groups": [
		{
			"name": "karika",
			"origin": [8, 8, 8],
			"children": [0, 1, 2, 3, 4, 5, 6, 7, 8, 9, 10, 11, 12, 13, 14, 15]
		},
		{
			"name": "kozep",
			"origin": [8, 8, 8],
			"children": [16, 17, 18, 19, 20, 21, 22, 23, 24, 25, 26, 27, 28, 29, 30, 31, 32, 33, 34, 35, 36,
				{
					"name": "disz",
					"origin": [8, 8, 8],
					"children": [37, 38, 39, 40]
				}
			]
		},
		{
			"name": "kavics",
			"origin": [16.65058, 24.54118, 15.5],
			"children": [41, 42, 43, 44, 45, 46, 47, 48, 49,
				{
					"name": "reszlet",
					"origin": [16.67558, 22.41618, 15.5],
					"children": [50, 51, 52, 53, 54, 55, 56]
				}
			]
		}
	]
}