{
	"credit": "Made with Blockbench",
	"textures": {
		"32": "block/beacon",
		"53": "block/birch_log",
		"252": "block/emerald_block",
		"289": "block/gold_block",
		"particle": "block/acacia_door_bottom"
	},
	"gui_light": "front",
	"elements": [
		{
			"from": [7.45982, 4.34, 5.52437],
			"to": [8.57982, 5.62, 5.80437],
			"rotation": {"angle": 0, "axis": "y", "origin": [7.99854, 4.48, 8.33244]},
			"faces": {
				"north": {"uv": [3, 3, 11, 11], "texture": "#289"},
				"east": {"uv": [3, 3, 11, 11], "texture": "#289"},
				"south": {"uv": [3, 3, 11, 11], "texture": "#289"},
				"west": {"uv": [3, 3, 11, 11], "texture": "#289"},
				"up": {"uv": [3, 3, 11, 11], "texture": "#289"},
				"down": {"uv": [3, 3, 11, 11], "texture": "#289"}
			}
		},
		{
			"from": [7.42741, 4.3254, 5.37584],
			"to": [8.61461, 4.4822, 5.67264],
			"rotation": {"angle": 0, "axis": "y", "origin": [7.99846, 4.4738, 8.35239]},
			"faces": {
				"north": {"uv": [1, 0, 16, 8], "texture": "#53"},
				"east": {"uv": [1, 0, 16, 8], "texture": "#53"},
				"south": {"uv": [1, 0, 16, 8], "texture": "#53"},
				"west": {"uv": [1, 0, 16, 8], "texture": "#53"},
				"up": {"uv": [1, 0, 16, 8], "texture": "#53"},
				"down": {"uv": [1, 0, 16, 8], "texture": "#53"}
			}
		},
		{
			"from": [7.41726, 4.34, 10.86051],
			"to": [8.53726, 5.62, 11.14051],
			"rotation": {"angle": 0, "axis": "y", "origin": [7.99854, 4.48, 8.33244]},
			"faces": {
				"north": {"uv": [3, 3, 11, 11], "texture": "#289"},
				"east": {"uv": [3, 3, 11, 11], "texture": "#289"},
				"south": {"uv": [3, 3, 11, 11], "texture": "#289"},
				"west": {"uv": [3, 3, 11, 11], "texture": "#289"},
				"up": {"uv": [3, 3, 11, 11], "texture": "#289"},
				"down": {"uv": [3, 3, 11, 11], "texture": "#289"}
			}
		},
		{
			"from": [7.3823, 4.3254, 11.03214],
			"to": [8.5695, 4.4822, 11.32894],
			"rotation": {"angle": 0, "axis": "y", "origin": [7.99846, 4.4738, 8.35239]},
			"faces": {
				"north": {"uv": [1, 0, 16, 8], "texture": "#53"},
				"east": {"uv": [1, 0, 16, 8], "texture": "#53"},
				"south": {"uv": [1, 0, 16, 8], "texture": "#53"},
				"west": {"uv": [1, 0, 16, 8], "texture": "#53"},
				"up": {"uv": [1, 0, 16, 8], "texture": "#53"},
				"down": {"uv": [1, 0, 16, 8], "texture": "#53"}
			}
		},
		{
			"from": [10.51961, 4.34, 7.80072],
			"to": [10.79961, 5.62, 8.92072],
			"rotation": {"angle": 0, "axis": "y", "origin": [7.99854, 4.48, 8.33244]},
			"faces": {
				"north": {"uv": [3, 3, 11, 11], "texture": "#289"},
				"east": {"uv": [3, 3, 11, 11], "texture": "#289"},
				"south": {"uv": [3, 3, 11, 11], "texture": "#289"},
				"west": {"uv": [3, 3, 11, 11], "texture": "#289"},
				"up": {"uv": [3, 3, 11, 11], "texture": "#289"},
				"down": {"uv": [3, 3, 11, 11], "texture": "#289"}
			}
		},
		{
			"from": [10.67079, 4.3254, 7.78876],
			"to": [10.96759, 4.4822, 8.97596],
			"rotation": {"angle": 0, "axis": "y", "origin": [7.99846, 4.4738, 8.35239]},
			"faces": {
				"north": {"uv": [1, 0, 16, 8], "texture": "#53"},
				"east": {"uv": [1, 0, 16, 8], "texture": "#53"},
				"south": {"uv": [1, 0, 16, 8], "texture": "#53"},
				"west": {"uv": [1, 0, 16, 8], "texture": "#53"},
				"up": {"uv": [1, 0, 16, 8], "texture": "#53"},
				"down": {"uv": [1, 0, 16, 8], "texture": "#53"}
			}
		},
		{
			"from": [10.54461, 5.615, 8.10072],
			"to": [10.77461, 6.17, 8.62072],
			"rotation": {"angle": 0, "axis": "y", "origin": [7.97836, 6.03392, 8.33572]},
			"faces": {
				"north": {"uv": [3, 5, 11, 13], "texture": "#289"},
				"east": {"uv": [3, 5, 11, 13], "texture": "#289"},
				"south": {"uv": [3, 5, 11, 13], "texture": "#289"},
				"west": {"uv": [3, 5, 11, 13], "texture": "#289"},
				"up": {"uv": [3, 5, 11, 13], "texture": "#289"},
				"down": {"uv": [3, 5, 11, 13], "texture": "#289"}
			}
		},
		{
			"from": [10.54461, 5.115, 8.10072],
			"to": [10.77461, 5.67, 8.62072],
			"rotation": {"angle": -45, "axis": "y", "origin": [7.97836, 6.03392, 8.33572]},
			"faces": {
				"north": {"uv": [3, 5, 11, 13], "texture": "#289"},
				"east": {"uv": [3, 5, 11, 13], "texture": "#289"},
				"south": {"uv": [3, 5, 11, 13], "texture": "#289"},
				"west": {"uv": [3, 5, 11, 13], "texture": "#289"},
				"up": {"uv": [3, 5, 11, 13], "texture": "#289"},
				"down": {"uv": [3, 5, 11, 13], "texture": "#289"}
			}
		},
		{
			"from": [5.21961, 5.615, 8.10072],
			"to": [5.44961, 6.17, 8.62072],
			"rotation": {"angle": 0, "axis": "y", "origin": [7.97836, 6.03392, 8.33572]},
			"faces": {
				"north": {"uv": [3, 5, 11, 13], "texture": "#289"},
				"east": {"uv": [3, 5, 11, 13], "texture": "#289"},
				"south": {"uv": [3, 5, 11, 13], "texture": "#289"},
				"west": {"uv": [3, 5, 11, 13], "texture": "#289"},
				"up": {"uv": [3, 5, 11, 13], "texture": "#289"},
				"down": {"uv": [3, 5, 11, 13], "texture": "#289"}
			}
		},
		{
			"from": [5.21961, 5.115, 8.10072],
			"to": [5.44961, 5.67, 8.62072],
			"rotation": {"angle": -45, "axis": "y", "origin": [7.97836, 6.03392, 8.33572]},
			"faces": {
				"north": {"uv": [3, 5, 11, 13], "texture": "#289"},
				"east": {"uv": [3, 5, 11, 13], "texture": "#289"},
				"south": {"uv": [3, 5, 11, 13], "texture": "#289"},
				"west": {"uv": [3, 5, 11, 13], "texture": "#289"},
				"up": {"uv": [3, 5, 11, 13], "texture": "#289"},
				"down": {"uv": [3, 5, 11, 13], "texture": "#289"}
			}
		},
		{
			"from": [7.74961, 5.615, 5.54572],
			"to": [8.26961, 6.17, 5.77572],
			"rotation": {"angle": 0, "axis": "y", "origin": [7.96961, 5.27025, 7.77822]},
			"faces": {
				"north": {"uv": [3, 5, 11, 13], "texture": "#289"},
				"east": {"uv": [3, 5, 11, 13], "texture": "#289"},
				"south": {"uv": [3, 5, 11, 13], "texture": "#289"},
				"west": {"uv": [3, 5, 11, 13], "texture": "#289"},
				"up": {"uv": [3, 5, 11, 13], "texture": "#289"},
				"down": {"uv": [3, 5, 11, 13], "texture": "#289"}
			}
		},
		{
			"from": [7.69961, 5.115, 5.54572],
			"to": [8.21961, 5.67, 5.77572],
			"rotation": {"angle": -45, "axis": "y", "origin": [7.97836, 6.03392, 8.33572]},
			"faces": {
				"north": {"uv": [3, 5, 11, 13], "texture": "#289"},
				"east": {"uv": [3, 5, 11, 13], "texture": "#289"},
				"south": {"uv": [3, 5, 11, 13], "texture": "#289"},
				"west": {"uv": [3, 5, 11, 13], "texture": "#289"},
				"up": {"uv": [3, 5, 11, 13], "texture": "#289"},
				"down": {"uv": [3, 5, 11, 13], "texture": "#289"}
			}
		},
		{
			"from": [7.69961, 5.615, 10.84572],
			"to": [8.21961, 6.17, 11.07572],
			"rotation": {"angle": 0, "axis": "y", "origin": [7.97836, 6.03392, 8.33572]},
			"faces": {
				"north": {"uv": [3, 5, 11, 13], "texture": "#289"},
				"east": {"uv": [3, 5, 11, 13], "texture": "#289"},
				"south": {"uv": [3, 5, 11, 13], "texture": "#289"},
				"west": {"uv": [3, 5, 11, 13], "texture": "#289"},
				"up": {"uv": [3, 5, 11, 13], "texture": "#289"},
				"down": {"uv": [3, 5, 11, 13], "texture": "#289"}
			}
		},
		{
			"from": [7.69961, 4.015, 11.04572],
			"to": [8.21961, 4.57, 11.27572],
			"rotation": {"angle": 0, "axis": "y", "origin": [7.97836, 6.03392, 8.33572]},
			"faces": {
				"north": {"uv": [0, 2, 16, 15], "texture": "#289"},
				"east": {"uv": [0, 2, 16, 15], "texture": "#289"},
				"south": {"uv": [0, 2, 16, 15], "texture": "#289"},
				"west": {"uv": [0, 2, 16, 15], "texture": "#289"},
				"up": {"uv": [0, 2, 16, 15], "texture": "#289"},
				"down": {"uv": [0, 2, 16, 15], "texture": "#289"}
			}
		},
		{
			"from": [7.79961, 3.49, 11.04572],
			"to": [8.11961, 4.02, 11.27572],
			"rotation": {"angle": 0, "axis": "y", "origin": [7.97836, 6.03392, 8.33572]},
			"faces": {
				"north": {"uv": [0, 2, 16, 16], "texture": "#289"},
				"east": {"uv": [0, 2, 16, 16], "texture": "#289"},
				"south": {"uv": [0, 2, 16, 16], "texture": "#289"},
				"west": {"uv": [0, 2, 16, 16], "texture": "#289"},
				"up": {"uv": [0, 2, 16, 16], "texture": "#289"},
				"down": {"uv": [0, 2, 16, 16], "texture": "#289"}
			}
		},
		{
			"from": [7.79961, 4.565, 11.04572],
			"to": [8.11961, 4.695, 11.27572],
			"rotation": {"angle": 0, "axis": "y", "origin": [7.97836, 6.03392, 8.33572]},
			"faces": {
				"north": {"uv": [0, 0, 16, 14], "texture": "#289"},
				"east": {"uv": [0, 0, 16, 14], "texture": "#289"},
				"south": {"uv": [0, 0, 16, 14], "texture": "#289"},
				"west": {"uv": [0, 0, 16, 14], "texture": "#289"},
				"up": {"uv": [0, 0, 16, 14], "texture": "#289"},
				"down": {"uv": [0, 0, 16, 14], "texture": "#289"}
			}
		},
		{
			"from": [7.69961, 5.115, 10.84572],
			"to": [8.21961, 5.67, 11.07572],
			"rotation": {"angle": -45, "axis": "y", "origin": [7.97836, 6.03392, 8.33572]},
			"faces": {
				"north": {"uv": [3, 5, 11, 13], "texture": "#289"},
				"east": {"uv": [3, 5, 11, 13], "texture": "#289"},
				"south": {"uv": [3, 5, 11, 13], "texture": "#289"},
				"west": {"uv": [3, 5, 11, 13], "texture": "#289"},
				"up": {"uv": [3, 5, 11, 13], "texture": "#289"},
				"down": {"uv": [3, 5, 11, 13], "texture": "#289"}
			}
		},
		{
			"from": [7.84961, 5.665, 10.84572],
			"to": [8.09461, 5.97, 11.07572],
			"rotation": {"angle": -45, "axis": "y", "origin": [7.97836, 6.03392, 8.33572]},
			"faces": {
				"north": {"uv": [3, 5, 11, 13], "texture": "#289"},
				"east": {"uv": [3, 5, 11, 13], "texture": "#289"},
				"south": {"uv": [3, 5, 11, 13], "texture": "#289"},
				"west": {"uv": [3, 5, 11, 13], "texture": "#289"},
				"up": {"uv": [3, 5, 11, 13], "texture": "#289"},
				"down": {"uv": [3, 5, 11, 13], "texture": "#289"}
			}
		},
		{
			"from": [5.25162, 5.665, 8.24112],
			"to": [5.48162, 5.97, 8.48612],
			"rotation": {"angle": -45, "axis": "y", "origin": [7.99162, 5.8175, 8.31362]},
			"faces": {
				"north": {"uv": [3, 5, 11, 13], "texture": "#289"},
				"east": {"uv": [3, 5, 11, 13], "texture": "#289"},
				"south": {"uv": [3, 5, 11, 13], "texture": "#289"},
				"west": {"uv": [3, 5, 11, 13], "texture": "#289"},
				"up": {"uv": [3, 5, 11, 13], "texture": "#289"},
				"down": {"uv": [3, 5, 11, 13], "texture": "#289"}
			}
		},
		{
			"from": [7.84961, 5.665, 5.54572],
			"to": [8.09461, 5.97, 5.77572],
			"rotation": {"angle": -45, "axis": "y", "origin": [7.97836, 6.03392, 8.33572]},
			"faces": {
				"north": {"uv": [3, 5, 11, 13], "texture": "#289"},
				"east": {"uv": [3, 5, 11, 13], "texture": "#289"},
				"south": {"uv": [3, 5, 11, 13], "texture": "#289"},
				"west": {"uv": [3, 5, 11, 13], "texture": "#289"},
				"up": {"uv": [3, 5, 11, 13], "texture": "#289"},
				"down": {"uv": [3, 5, 11, 13], "texture": "#289"}
			}
		},
		{
			"from": [10.57662, 5.665, 8.24112],
			"to": [10.80662, 5.97, 8.48612],
			"rotation": {"angle": -45, "axis": "y", "origin": [7.99162, 5.8175, 8.31362]},
			"faces": {
				"north": {"uv": [3, 5, 11, 13], "texture": "#289"},
				"east": {"uv": [3, 5, 11, 13], "texture": "#289"},
				"south": {"uv": [3, 5, 11, 13], "texture": "#289"},
				"west": {"uv": [3, 5, 11, 13], "texture": "#289"},
				"up": {"uv": [3, 5, 11, 13], "texture": "#289"},
				"down": {"uv": [3, 5, 11, 13], "texture": "#289"}
			}
		},
		{
			"from": [10.59461, 5.9666, 8.0759],
			"to": [10.72461, 6.3366, 8.4309],
			"rotation": {"angle": 45, "axis": "x", "origin": [7.97836, 6.03392, 8.33572]},
			"faces": {
				"north": {"uv": [3, 5, 11, 13], "rotation": 270, "texture": "#289"},
				"east": {"uv": [3, 5, 11, 13], "rotation": 270, "texture": "#289"},
				"south": {"uv": [3, 5, 11, 13], "rotation": 270, "texture": "#289"},
				"west": {"uv": [3, 5, 11, 13], "rotation": 270, "texture": "#289"},
				"up": {"uv": [3, 5, 11, 13], "rotation": 270, "texture": "#289"},
				"down": {"uv": [3, 5, 11, 13], "rotation": 270, "texture": "#289"}
			}
		},
		{
			"from": [5.24461, 5.9666, 8.0759],
			"to": [5.42461, 6.3366, 8.4309],
			"rotation": {"angle": 45, "axis": "x", "origin": [7.97836, 6.03392, 8.33572]},
			"faces": {
				"north": {"uv": [3, 5, 11, 13], "rotation": 270, "texture": "#289"},
				"east": {"uv": [3, 5, 11, 13], "rotation": 270, "texture": "#289"},
				"south": {"uv": [3, 5, 11, 13], "rotation": 270, "texture": "#289"},
				"west": {"uv": [3, 5, 11, 13], "rotation": 270, "texture": "#289"},
				"up": {"uv": [3, 5, 11, 13], "rotation": 270, "texture": "#289"},
				"down": {"uv": [3, 5, 11, 13], "rotation": 270, "texture": "#289"}
			}
		},
		{
			"from": [7.9376, 5.96218, 5.57072],
			"to": [8.2926, 6.33218, 5.75072],
			"rotation": {"angle": 45, "axis": "z", "origin": [8.02836, 6.03392, 8.33572]},
			"faces": {
				"north": {"uv": [3, 5, 11, 13], "rotation": 270, "texture": "#289"},
				"east": {"uv": [3, 5, 11, 13], "rotation": 270, "texture": "#289"},
				"south": {"uv": [3, 5, 11, 13], "rotation": 270, "texture": "#289"},
				"west": {"uv": [3, 5, 11, 13], "rotation": 270, "texture": "#289"},
				"up": {"uv": [3, 5, 11, 13], "rotation": 270, "texture": "#289"},
				"down": {"uv": [3, 5, 11, 13], "rotation": 270, "texture": "#289"}
			}
		},
		{
			"from": [7.8876, 5.96218, 10.87072],
			"to": [8.2426, 6.33218, 11.05072],
			"rotation": {"angle": 45, "axis": "z", "origin": [7.97836, 6.03392, 8.33572]},
			"faces": {
				"north": {"uv": [3, 5, 11, 13], "rotation": 270, "texture": "#289"},
				"east": {"uv": [3, 5, 11, 13], "rotation": 270, "texture": "#289"},
				"south": {"uv": [3, 5, 11, 13], "rotation": 270, "texture": "#289"},
				"west": {"uv": [3, 5, 11, 13], "rotation": 270, "texture": "#289"},
				"up": {"uv": [3, 5, 11, 13], "rotation": 270, "texture": "#289"},
				"down": {"uv": [3, 5, 11, 13], "rotation": 270, "texture": "#289"}
			}
		},
		{
			"from": [4.99774, 4.92968, 8.1801],
			"to": [5.32774, 5.29968, 8.5351],
			"rotation": {"angle": 45, "axis": "x", "origin": [7.96274, 5.11468, 8.3576]},
			"faces": {
				"north": {"uv": [3, 3, 13, 13], "texture": "#32"},
				"east": {"uv": [3, 3, 13, 13], "texture": "#32"},
				"south": {"uv": [3, 3, 13, 13], "texture": "#32"},
				"west": {"uv": [3, 3, 13, 13], "texture": "#32"},
				"up": {"uv": [3, 3, 13, 13], "texture": "#32"},
				"down": {"uv": [3, 3, 13, 13], "texture": "#32"}
			}
		},
		{
			"from": [7.67504, 4.98232, 5.34572],
			"to": [8.03004, 5.35232, 5.67572],
			"rotation": {"angle": 45, "axis": "z", "origin": [7.96961, 5.27025, 7.77822]},
			"faces": {
				"north": {"uv": [3, 3, 13, 13], "rotation": 90, "texture": "#32"},
				"east": {"uv": [3, 3, 13, 13], "rotation": 90, "texture": "#32"},
				"south": {"uv": [3, 3, 13, 13], "rotation": 90, "texture": "#32"},
				"west": {"uv": [3, 3, 13, 13], "rotation": 90, "texture": "#32"},
				"up": {"uv": [3, 3, 13, 13], "rotation": 90, "texture": "#32"},
				"down": {"uv": [3, 3, 13, 13], "rotation": 90, "texture": "#32"}
			}
		},
		{
			"from": [7.67504, 4.98232, 10.94572],
			"to": [8.03004, 5.35232, 11.27572],
			"rotation": {"angle": 45, "axis": "z", "origin": [7.96961, 5.27025, 7.77822]},
			"faces": {
				"north": {"uv": [3, 3, 13, 13], "rotation": 90, "texture": "#32"},
				"east": {"uv": [3, 3, 13, 13], "rotation": 90, "texture": "#32"},
				"south": {"uv": [3, 3, 13, 13], "rotation": 90, "texture": "#32"},
				"west": {"uv": [3, 3, 13, 13], "rotation": 90, "texture": "#32"},
				"up": {"uv": [3, 3, 13, 13], "rotation": 90, "texture": "#32"},
				"down": {"uv": [3, 3, 13, 13], "rotation": 90, "texture": "#32"}
			}
		},
		{
			"from": [10.59774, 4.92968, 8.1801],
			"to": [10.92774, 5.29968, 8.5351],
			"rotation": {"angle": 45, "axis": "x", "origin": [7.96274, 5.11468, 8.3576]},
			"faces": {
				"north": {"uv": [3, 3, 13, 13], "texture": "#32"},
				"east": {"uv": [3, 3, 13, 13], "texture": "#32"},
				"south": {"uv": [3, 3, 13, 13], "texture": "#32"},
				"west": {"uv": [3, 3, 13, 13], "texture": "#32"},
				"up": {"uv": [3, 3, 13, 13], "texture": "#32"},
				"down": {"uv": [3, 3, 13, 13], "texture": "#32"}
			}
		},
		{
			"from": [5.02274, 4.92968, 8.1801],
			"to": [5.30274, 5.29968, 8.5351],
			"rotation": {"angle": 0, "axis": "y", "origin": [7.95961, 5.11468, 8.3076]},
			"faces": {
				"north": {"uv": [3, 3, 13, 13], "texture": "#32"},
				"east": {"uv": [3, 3, 13, 13], "texture": "#32"},
				"south": {"uv": [3, 3, 13, 13], "texture": "#32"},
				"west": {"uv": [3, 3, 13, 13], "texture": "#32"},
				"up": {"uv": [3, 3, 13, 13], "texture": "#32"},
				"down": {"uv": [3, 3, 13, 13], "texture": "#32"}
			}
		},
		{
			"from": [5.09774, 4.67968, 8.2051],
			"to": [5.37774, 4.89968, 8.4101],
			"rotation": {"angle": -45, "axis": "y", "origin": [7.95805, 5.11468, 8.33103]},
			"faces": {
				"north": {"uv": [4, 4, 12, 12], "rotation": 90, "texture": "#252"},
				"east": {"uv": [4, 4, 12, 12], "rotation": 90, "texture": "#252"},
				"south": {"uv": [4, 4, 12, 12], "rotation": 90, "texture": "#252"},
				"west": {"uv": [4, 4, 12, 12], "rotation": 90, "texture": "#252"},
				"up": {"uv": [4, 4, 12, 12], "rotation": 90, "texture": "#252"},
				"down": {"uv": [4, 4, 12, 12], "rotation": 90, "texture": "#252"}
			}
		},
		{
			"from": [7.78211, 4.92968, 5.37072],
			"to": [8.13711, 5.29968, 5.65072],
			"rotation": {"angle": 0, "axis": "z", "origin": [7.96961, 5.27025, 7.77822]},
			"faces": {
				"north": {"uv": [3, 3, 13, 13], "rotation": 90, "texture": "#32"},
				"east": {"uv": [3, 3, 13, 13], "rotation": 90, "texture": "#32"},
				"south": {"uv": [3, 3, 13, 13], "rotation": 90, "texture": "#32"},
				"west": {"uv": [3, 3, 13, 13], "rotation": 90, "texture": "#32"},
				"up": {"uv": [3, 3, 13, 13], "rotation": 90, "texture": "#32"},
				"down": {"uv": [3, 3, 13, 13], "rotation": 90, "texture": "#32"}
			}
		},
		{
			"from": [7.88211, 4.67968, 5.39572],
			"to": [8.08711, 4.89968, 5.52572],
			"rotation": {"angle": -45, "axis": "y", "origin": [7.95805, 5.11468, 8.33103]},
			"faces": {
				"north": {"uv": [4, 4, 12, 12], "rotation": 270, "texture": "#252"},
				"east": {"uv": [4, 4, 12, 12], "rotation": 270, "texture": "#252"},
				"south": {"uv": [4, 4, 12, 12], "rotation": 270, "texture": "#252"},
				"west": {"uv": [4, 4, 12, 12], "rotation": 270, "texture": "#252"},
				"up": {"uv": [4, 4, 12, 12], "rotation": 270, "texture": "#252"},
				"down": {"uv": [4, 4, 12, 12], "rotation": 270, "texture": "#252"}
			}
		},
		{
			"from": [10.59774, 4.92968, 8.1801],
			"to": [10.90274, 5.29968, 8.5351],
			"rotation": {"angle": 0, "axis": "y", "origin": [7.95961, 5.11468, 8.3076]},
			"faces": {
				"north": {"uv": [3, 3, 13, 13], "texture": "#32"},
				"east": {"uv": [3, 3, 13, 13], "texture": "#32"},
				"south": {"uv": [3, 3, 13, 13], "texture": "#32"},
				"west": {"uv": [3, 3, 13, 13], "texture": "#32"},
				"up": {"uv": [3, 3, 13, 13], "texture": "#32"},
				"down": {"uv": [3, 3, 13, 13], "texture": "#32"}
			}
		},
		{
			"from": [10.59774, 4.67968, 8.2551],
			"to": [10.90274, 4.89968, 8.4601],
			"rotation": {"angle": -45, "axis": "y", "origin": [7.95805, 5.11468, 8.33103]},
			"faces": {
				"north": {"uv": [4, 4, 12, 12], "rotation": 90, "texture": "#252"},
				"east": {"uv": [4, 4, 12, 12], "rotation": 90, "texture": "#252"},
				"south": {"uv": [4, 4, 12, 12], "rotation": 90, "texture": "#252"},
				"west": {"uv": [4, 4, 12, 12], "rotation": 90, "texture": "#252"},
				"up": {"uv": [4, 4, 12, 12], "rotation": 90, "texture": "#252"},
				"down": {"uv": [4, 4, 12, 12], "rotation": 90, "texture": "#252"}
			}
		},
		{
			"from": [7.78211, 4.92968, 10.94572],
			"to": [8.13711, 5.29968, 11.25072],
			"rotation": {"angle": 0, "axis": "z", "origin": [7.96961, 5.27025, 7.77822]},
			"faces": {
				"north": {"uv": [3, 3, 13, 13], "rotation": 90, "texture": "#32"},
				"east": {"uv": [3, 3, 13, 13], "rotation": 90, "texture": "#32"},
				"south": {"uv": [3, 3, 13, 13], "rotation": 90, "texture": "#32"},
				"west": {"uv": [3, 3, 13, 13], "rotation": 90, "texture": "#32"},
				"up": {"uv": [3, 3, 13, 13], "rotation": 90, "texture": "#32"},
				"down": {"uv": [3, 3, 13, 13], "rotation": 90, "texture": "#32"}
			}
		},
		{
			"from": [7.85711, 4.67968, 11.07072],
			"to": [8.06211, 4.89968, 11.22572],
			"rotation": {"angle": -45, "axis": "y", "origin": [7.95805, 5.11468, 8.33103]},
			"faces": {
				"north": {"uv": [4, 4, 12, 12], "rotation": 270, "texture": "#252"},
				"east": {"uv": [4, 4, 12, 12], "rotation": 270, "texture": "#252"},
				"south": {"uv": [4, 4, 12, 12], "rotation": 270, "texture": "#252"},
				"west": {"uv": [4, 4, 12, 12], "rotation": 270, "texture": "#252"},
				"up": {"uv": [4, 4, 12, 12], "rotation": 270, "texture": "#252"},
				"down": {"uv": [4, 4, 12, 12], "rotation": 270, "texture": "#252"}
			}
		},
		{
			"from": [5.19748, 4.34, 7.74416],
			"to": [5.47748, 5.62, 8.86416],
			"rotation": {"angle": 0, "axis": "y", "origin": [7.99854, 4.48, 8.33244]},
			"faces": {
				"north": {"uv": [3, 3, 11, 11], "texture": "#289"},
				"east": {"uv": [3, 3, 11, 11], "texture": "#289"},
				"south": {"uv": [3, 3, 11, 11], "texture": "#289"},
				"west": {"uv": [3, 3, 11, 11], "texture": "#289"},
				"up": {"uv": [3, 3, 11, 11], "texture": "#289"},
				"down": {"uv": [3, 3, 11, 11], "texture": "#289"}
			}
		},
		{
			"from": [5.02933, 4.3254, 7.72881],
			"to": [5.32613, 4.4822, 8.91601],
			"rotation": {"angle": 0, "axis": "y", "origin": [7.99846, 4.4738, 8.35239]},
			"faces": {
				"north": {"uv": [1, 0, 16, 8], "texture": "#53"},
				"east": {"uv": [1, 0, 16, 8], "texture": "#53"},
				"south": {"uv": [1, 0, 16, 8], "texture": "#53"},
				"west": {"uv": [1, 0, 16, 8], "texture": "#53"},
				"up": {"uv": [1, 0, 16, 8], "texture": "#53"},
				"down": {"uv": [1, 0, 16, 8], "texture": "#53"}
			}
		},
		{
			"from": [7.44518, 4.34, 5.52333],
			"to": [8.56518, 5.32, 5.80333],
			"rotation": {"angle": -22.5, "axis": "y", "origin": [7.99854, 4.48, 8.33244]},
			"faces": {
				"north": {"uv": [3, 3, 11, 11], "texture": "#289"},
				"east": {"uv": [3, 3, 11, 11], "texture": "#289"},
				"south": {"uv": [3, 3, 11, 11], "texture": "#289"},
				"west": {"uv": [3, 3, 11, 11], "texture": "#289"},
				"up": {"uv": [3, 3, 11, 11], "texture": "#289"},
				"down": {"uv": [3, 3, 11, 11], "texture": "#289"}
			}
		},
		{
			"from": [7.41189, 4.3254, 5.37473],
			"to": [8.59909, 4.6642, 5.67153],
			"rotation": {"angle": -22.5, "axis": "y", "origin": [7.99846, 4.4738, 8.35239]},
			"faces": {
				"north": {"uv": [1, 0, 16, 8], "texture": "#53"},
				"east": {"uv": [1, 0, 16, 8], "texture": "#53"},
				"south": {"uv": [1, 0, 16, 8], "texture": "#53"},
				"west": {"uv": [1, 0, 16, 8], "texture": "#53"},
				"up": {"uv": [1, 0, 16, 8], "texture": "#53"},
				"down": {"uv": [1, 0, 16, 8], "texture": "#53"}
			}
		},
		{
			"from": [7.43191, 4.34, 10.86156],
			"to": [8.55191, 5.32, 11.14156],
			"rotation": {"angle": -22.5, "axis": "y", "origin": [7.99854, 4.48, 8.33244]},
			"faces": {
				"north": {"uv": [3, 3, 11, 11], "texture": "#289"},
				"east": {"uv": [3, 3, 11, 11], "texture": "#289"},
				"south": {"uv": [3, 3, 11, 11], "texture": "#289"},
				"west": {"uv": [3, 3, 11, 11], "texture": "#289"},
				"up": {"uv": [3, 3, 11, 11], "texture": "#289"},
				"down": {"uv": [3, 3, 11, 11], "texture": "#289"}
			}
		},
		{
			"from": [7.39782, 4.3254, 11.03325],
			"to": [8.58502, 4.6642, 11.33005],
			"rotation": {"angle": -22.5, "axis": "y", "origin": [7.99846, 4.4738, 8.35239]},
			"faces": {
				"north": {"uv": [1, 0, 16, 8], "texture": "#53"},
				"east": {"uv": [1, 0, 16, 8], "texture": "#53"},
				"south": {"uv": [1, 0, 16, 8], "texture": "#53"},
				"west": {"uv": [1, 0, 16, 8], "texture": "#53"},
				"up": {"uv": [1, 0, 16, 8], "texture": "#53"},
				"down": {"uv": [1, 0, 16, 8], "texture": "#53"}
			}
		},
		{
			"from": [10.52387, 4.34, 7.78822],
			"to": [10.80387, 5.32, 8.90822],
			"rotation": {"angle": -22.5, "axis": "y", "origin": [7.99854, 4.48, 8.33244]},
			"faces": {
				"north": {"uv": [3, 3, 11, 11], "texture": "#289"},
				"east": {"uv": [3, 3, 11, 11], "texture": "#289"},
				"south": {"uv": [3, 3, 11, 11], "texture": "#289"},
				"west": {"uv": [3, 3, 11, 11], "texture": "#289"},
				"up": {"uv": [3, 3, 11, 11], "texture": "#289"},
				"down": {"uv": [3, 3, 11, 11], "texture": "#289"}
			}
		},
		{
			"from": [10.6753, 4.3254, 7.77552],
			"to": [10.9721, 4.6642, 8.96272],
			"rotation": {"angle": -22.5, "axis": "y", "origin": [7.99846, 4.4738, 8.35239]},
			"faces": {
				"north": {"uv": [1, 0, 16, 8], "texture": "#53"},
				"east": {"uv": [1, 0, 16, 8], "texture": "#53"},
				"south": {"uv": [1, 0, 16, 8], "texture": "#53"},
				"west": {"uv": [1, 0, 16, 8], "texture": "#53"},
				"up": {"uv": [1, 0, 16, 8], "texture": "#53"},
				"down": {"uv": [1, 0, 16, 8], "texture": "#53"}
			}
		},
		{
			"from": [5.19322, 4.34, 7.75666],
			"to": [5.47322, 5.32, 8.87666],
			"rotation": {"angle": -22.5, "axis": "y", "origin": [7.99854, 4.48, 8.33244]},
			"faces": {
				"north": {"uv": [3, 3, 11, 11], "texture": "#289"},
				"east": {"uv": [3, 3, 11, 11], "texture": "#289"},
				"south": {"uv": [3, 3, 11, 11], "texture": "#289"},
				"west": {"uv": [3, 3, 11, 11], "texture": "#289"},
				"up": {"uv": [3, 3, 11, 11], "texture": "#289"},
				"down": {"uv": [3, 3, 11, 11], "texture": "#289"}
			}
		},
		{
			"from": [5.02481, 4.3254, 7.74206],
			"to": [5.32161, 4.6642, 8.92926],
			"rotation": {"angle": -22.5, "axis": "y", "origin": [7.99846, 4.4738, 8.35239]},
			"faces": {
				"north": {"uv": [1, 0, 16, 8], "texture": "#53"},
				"east": {"uv": [1, 0, 16, 8], "texture": "#53"},
				"south": {"uv": [1, 0, 16, 8], "texture": "#53"},
				"west": {"uv": [1, 0, 16, 8], "texture": "#53"},
				"up": {"uv": [1, 0, 16, 8], "texture": "#53"},
				"down": {"uv": [1, 0, 16, 8], "texture": "#53"}
			}
		},
		{
			"from": [7.44525, 4.34, 5.52796],
			"to": [8.56525, 5.12, 5.80796],
			"rotation": {"angle": -45, "axis": "y", "origin": [7.99854, 4.48, 8.33244]},
			"faces": {
				"north": {"uv": [3, 3, 11, 11], "texture": "#289"},
				"east": {"uv": [3, 3, 11, 11], "texture": "#289"},
				"south": {"uv": [3, 3, 11, 11], "texture": "#289"},
				"west": {"uv": [3, 3, 11, 11], "texture": "#289"},
				"up": {"uv": [3, 3, 11, 11], "texture": "#289"},
				"down": {"uv": [3, 3, 11, 11], "texture": "#289"}
			}
		},
		{
			"from": [7.41196, 4.3254, 5.37964],
			"to": [8.59916, 4.4522, 5.67644],
			"rotation": {"angle": -45, "axis": "y", "origin": [7.99846, 4.4738, 8.35239]},
			"faces": {
				"north": {"uv": [1, 0, 16, 8], "texture": "#53"},
				"east": {"uv": [1, 0, 16, 8], "texture": "#53"},
				"south": {"uv": [1, 0, 16, 8], "texture": "#53"},
				"west": {"uv": [1, 0, 16, 8], "texture": "#53"},
				"up": {"uv": [1, 0, 16, 8], "texture": "#53"},
				"down": {"uv": [1, 0, 16, 8], "texture": "#53"}
			}
		},
		{
			"from": [5.19406, 4.34, 7.76574],
			"to": [5.47406, 5.12, 8.88574],
			"rotation": {"angle": 45, "axis": "y", "origin": [7.99854, 4.48, 8.33244]},
			"faces": {
				"north": {"uv": [3, 3, 11, 11], "texture": "#289"},
				"east": {"uv": [3, 3, 11, 11], "texture": "#289"},
				"south": {"uv": [3, 3, 11, 11], "texture": "#289"},
				"west": {"uv": [3, 3, 11, 11], "texture": "#289"},
				"up": {"uv": [3, 3, 11, 11], "texture": "#289"},
				"down": {"uv": [3, 3, 11, 11], "texture": "#289"}
			}
		},
		{
			"from": [5.02571, 4.3254, 7.75168],
			"to": [5.32251, 4.4522, 8.93888],
			"rotation": {"angle": 45, "axis": "y", "origin": [7.99846, 4.4738, 8.35239]},
			"faces": {
				"north": {"uv": [1, 0, 16, 8], "texture": "#53"},
				"east": {"uv": [1, 0, 16, 8], "texture": "#53"},
				"south": {"uv": [1, 0, 16, 8], "texture": "#53"},
				"west": {"uv": [1, 0, 16, 8], "texture": "#53"},
				"up": {"uv": [1, 0, 16, 8], "texture": "#53"},
				"down": {"uv": [1, 0, 16, 8], "texture": "#53"}
			}
		},
		{
			"from": [10.52302, 4.34, 7.78904],
			"to": [10.80302, 5.12, 8.90904],
			"rotation": {"angle": -45, "axis": "y", "origin": [7.99854, 4.48, 8.33244]},
			"faces": {
				"north": {"uv": [3, 3, 11, 11], "texture": "#289"},
				"east": {"uv": [3, 3, 11, 11], "texture": "#289"},
				"south": {"uv": [3, 3, 11, 11], "texture": "#289"},
				"west": {"uv": [3, 3, 11, 11], "texture": "#289"},
				"up": {"uv": [3, 3, 11, 11], "texture": "#289"},
				"down": {"uv": [3, 3, 11, 11], "texture": "#289"}
			}
		},
		{
			"from": [10.67441, 4.3254, 7.77639],
			"to": [10.97121, 4.4522, 8.96359],
			"rotation": {"angle": -45, "axis": "y", "origin": [7.99846, 4.4738, 8.35239]},
			"faces": {
				"north": {"uv": [1, 0, 16, 8], "texture": "#53"},
				"east": {"uv": [1, 0, 16, 8], "texture": "#53"},
				"south": {"uv": [1, 0, 16, 8], "texture": "#53"},
				"west": {"uv": [1, 0, 16, 8], "texture": "#53"},
				"up": {"uv": [1, 0, 16, 8], "texture": "#53"},
				"down": {"uv": [1, 0, 16, 8], "texture": "#53"}
			}
		},
		{
			"from": [7.45515, 4.34, 5.52796],
			"to": [8.57515, 5.12, 5.80796],
			"rotation": {"angle": 45, "axis": "y", "origin": [7.99854, 4.48, 8.33244]},
			"faces": {
				"north": {"uv": [3, 3, 11, 11], "texture": "#289"},
				"east": {"uv": [3, 3, 11, 11], "texture": "#289"},
				"south": {"uv": [3, 3, 11, 11], "texture": "#289"},
				"west": {"uv": [3, 3, 11, 11], "texture": "#289"},
				"up": {"uv": [3, 3, 11, 11], "texture": "#289"},
				"down": {"uv": [3, 3, 11, 11], "texture": "#289"}
			}
		},
		{
			"from": [7.42245, 4.3254, 5.37964],
			"to": [8.60965, 4.4522, 5.67644],
			"rotation": {"angle": 45, "axis": "y", "origin": [7.99846, 4.4738, 8.35239]},
			"faces": {
				"north": {"uv": [1, 0, 16, 8], "texture": "#53"},
				"east": {"uv": [1, 0, 16, 8], "texture": "#53"},
				"south": {"uv": [1, 0, 16, 8], "texture": "#53"},
				"west": {"uv": [1, 0, 16, 8], "texture": "#53"},
				"up": {"uv": [1, 0, 16, 8], "texture": "#53"},
				"down": {"uv": [1, 0, 16, 8], "texture": "#53"}
			}
		},
		{
			"from": [10.51877, 4.34, 7.79498],
			"to": [10.79877, 5.32, 8.91498],
			"rotation": {"angle": 22.5, "axis": "y", "origin": [7.99854, 4.48, 8.33244]},
			"faces": {
				"north": {"uv": [3, 3, 11, 11], "texture": "#289"},
				"east": {"uv": [3, 3, 11, 11], "texture": "#289"},
				"south": {"uv": [3, 3, 11, 11], "texture": "#289"},
				"west": {"uv": [3, 3, 11, 11], "texture": "#289"},
				"up": {"uv": [3, 3, 11, 11], "texture": "#289"},
				"down": {"uv": [3, 3, 11, 11], "texture": "#289"}
			}
		},
		{
			"from": [10.66989, 4.3254, 7.78268],
			"to": [10.96669, 4.6642, 8.96988],
			"rotation": {"angle": 22.5, "axis": "y", "origin": [7.99846, 4.4738, 8.35239]},
			"faces": {
				"north": {"uv": [1, 0, 16, 8], "texture": "#53"},
				"east": {"uv": [1, 0, 16, 8], "texture": "#53"},
				"south": {"uv": [1, 0, 16, 8], "texture": "#53"},
				"west": {"uv": [1, 0, 16, 8], "texture": "#53"},
				"up": {"uv": [1, 0, 16, 8], "texture": "#53"},
				"down": {"uv": [1, 0, 16, 8], "texture": "#53"}
			}
		},
		{
			"from": [5.19832, 4.34, 7.7499],
			"to": [5.47832, 5.32, 8.8699],
			"rotation": {"angle": 22.5, "axis": "y", "origin": [7.99854, 4.48, 8.33244]},
			"faces": {
				"north": {"uv": [3, 3, 11, 11], "texture": "#289"},
				"east": {"uv": [3, 3, 11, 11], "texture": "#289"},
				"south": {"uv": [3, 3, 11, 11], "texture": "#289"},
				"west": {"uv": [3, 3, 11, 11], "texture": "#289"},
				"up": {"uv": [3, 3, 11, 11], "texture": "#289"},
				"down": {"uv": [3, 3, 11, 11], "texture": "#289"}
			}
		},
		{
			"from": [5.03022, 4.3254, 7.73489],
			"to": [5.32702, 4.6642, 8.92209],
			"rotation": {"angle": 22.5, "axis": "y", "origin": [7.99846, 4.4738, 8.35239]},
			"faces": {
				"north": {"uv": [1, 0, 16, 8], "texture": "#53"},
				"east": {"uv": [1, 0, 16, 8], "texture": "#53"},
				"south": {"uv": [1, 0, 16, 8], "texture": "#53"},
				"west": {"uv": [1, 0, 16, 8], "texture": "#53"},
				"up": {"uv": [1, 0, 16, 8], "texture": "#53"},
				"down": {"uv": [1, 0, 16, 8], "texture": "#53"}
			}
		},
		{
			"from": [7.40686, 4.34, 10.85645],
			"to": [8.52686, 5.32, 11.13645],
			"rotation": {"angle": 22.5, "axis": "y", "origin": [7.99854, 4.48, 8.33244]},
			"faces": {
				"north": {"uv": [3, 3, 11, 11], "texture": "#289"},
				"east": {"uv": [3, 3, 11, 11], "texture": "#289"},
				"south": {"uv": [3, 3, 11, 11], "texture": "#289"},
				"west": {"uv": [3, 3, 11, 11], "texture": "#289"},
				"up": {"uv": [3, 3, 11, 11], "texture": "#289"},
				"down": {"uv": [3, 3, 11, 11], "texture": "#289"}
			}
		},
		{
			"from": [7.37127, 4.3254, 11.02784],
			"to": [8.55847, 4.6642, 11.32464],
			"rotation": {"angle": 22.5, "axis": "y", "origin": [7.99846, 4.4738, 8.35239]},
			"faces": {
				"north": {"uv": [1, 0, 16, 8], "texture": "#53"},
				"east": {"uv": [1, 0, 16, 8], "texture": "#53"},
				"south": {"uv": [1, 0, 16, 8], "texture": "#53"},
				"west": {"uv": [1, 0, 16, 8], "texture": "#53"},
				"up": {"uv": [1, 0, 16, 8], "texture": "#53"},
				"down": {"uv": [1, 0, 16, 8], "texture": "#53"}
			}
		},
		{
			"from": [7.47023, 4.34, 5.52843],
			"to": [8.59023, 5.32, 5.80843],
			"rotation": {"angle": 22.5, "axis": "y", "origin": [7.99854, 4.48, 8.33244]},
			"faces": {
				"north": {"uv": [3, 3, 11, 11], "texture": "#289"},
				"east": {"uv": [3, 3, 11, 11], "texture": "#289"},
				"south": {"uv": [3, 3, 11, 11], "texture": "#289"},
				"west": {"uv": [3, 3, 11, 11], "texture": "#289"},
				"up": {"uv": [3, 3, 11, 11], "texture": "#289"},
				"down": {"uv": [3, 3, 11, 11], "texture": "#289"}
			}
		},
		{
			"from": [7.43844, 4.3254, 5.38013],
			"to": [8.62564, 4.6642, 5.67693],
			"rotation": {"angle": 22.5, "axis": "y", "origin": [7.99846, 4.4738, 8.35239]},
			"faces": {
				"north": {"uv": [1, 0, 16, 8], "texture": "#53"},
				"east": {"uv": [1, 0, 16, 8], "texture": "#53"},
				"south": {"uv": [1, 0, 16, 8], "texture": "#53"},
				"west": {"uv": [1, 0, 16, 8], "texture": "#53"},
				"up": {"uv": [1, 0, 16, 8], "texture": "#53"},
				"down": {"uv": [1, 0, 16, 8], "texture": "#53"}
			}
		}
	],
	"display": {
		"thirdperson_righthand": {
			"translation": [0, 3.5, 0]
		},
		"gui": {
			"rotation": [29, 8, 29.25],
			"translation": [-5, 7.75, 0],
			"scale": [2.63, 2.95, 2.83]
		},
		"head": {
			"rotation": [0, -179.5, 0],
			"translation": [0, 14.25, 0.5],
			"scale": [2.21, 2.17, 2.21]
		},
		"fixed": {
			"rotation": [-88, 0, 0],
			"translation": [0, -1, -11.5],
			"scale": [3, 3, 3]
		}
	}
}