{
	"credit": "Made with Blockbench",
	"textures": {
		"150": "block/composter_side",
		"300": "block/horn_coral_block",
		"471": "block/quartz_pillar",
		"583": "block/structure_block",
		"585": "block/structure_block_data",
		"586": "block/structure_block_load"
	},
	"elements": [
		{
			"from": [7, 7.5, 8],
			"to": [9, 7.75, 8.25],
			"faces": {
				"north": {"uv": [0, 0, 16, 16], "texture": "#300"},
				"east": {"uv": [0, 0, 16, 16], "texture": "#300"},
				"south": {"uv": [0, 0, 16, 16], "texture": "#300"},
				"west": {"uv": [0, 0, 16, 16], "texture": "#300"},
				"up": {"uv": [0, 0, 16, 16], "texture": "#300"},
				"down": {"uv": [0, 0, 16, 16], "texture": "#300"}
			}
		},
		{
			"from": [6.9, 16.45, 8],
			"to": [8.9, 16.7, 8.25],
			"rotation": {"angle": 0, "axis": "y", "origin": [7.9, 16.95, 8]},
			"faces": {
				"north": {"uv": [0, 0, 16, 16], "texture": "#150"},
				"east": {"uv": [0, 0, 16, 16], "texture": "#150"},
				"south": {"uv": [0, 0, 16, 16], "texture": "#150"},
				"west": {"uv": [0, 0, 16, 16], "texture": "#150"},
				"up": {"uv": [0, 0, 16, 16], "texture": "#150"},
				"down": {"uv": [0, 0, 16, 16], "texture": "#150"}
			}
		},
		{
			"from": [7.75, 7.325, 8.05],
			"to": [8.25, 7.575, 8.2],
			"rotation": {"angle": 0, "axis": "y", "origin": [8, 7.825, 8]},
			"faces": {
				"north": {"uv": [0, 0, 16, 16], "texture": "#300"},
				"east": {"uv": [0, 0, 16, 16], "texture": "#300"},
				"south": {"uv": [0, 0, 16, 16], "texture": "#300"},
				"west": {"uv": [0, 0, 16, 16], "texture": "#300"},
				"up": {"uv": [0, 0, 16, 16], "texture": "#300"},
				"down": {"uv": [0, 0, 16, 16], "texture": "#300"}
			}
		},
		{
			"from": [7.5, 5.975, 7.95],
			"to": [8.5, 6.975, 8.3],
			"rotation": {"angle": 45, "axis": "z", "origin": [8, 6.475, 8.125]},
			"faces": {
				"north": {"uv": [0, 0, 16, 16], "texture": "#583"},
				"east": {"uv": [0, 0, 16, 16], "texture": "#583"},
				"south": {"uv": [0, 0, 16, 16], "texture": "#583"},
				"west": {"uv": [0, 0, 16, 16], "texture": "#583"},
				"up": {"uv": [0, 0, 16, 16], "texture": "#583"},
				"down": {"uv": [0, 0, 16, 16], "texture": "#583"}
			}
		},
		{
			"from": [5.75, 6.65, 7.95],
			"to": [6.5, 7.4, 8.3],
			"rotation": {"angle": 45, "axis": "z", "origin": [6, 6.9, 8.125]},
			"faces": {
				"north": {"uv": [0, 0, 16, 16], "texture": "#586"},
				"east": {"uv": [0, 0, 16, 16], "texture": "#586"},
				"south": {"uv": [0, 0, 16, 16], "texture": "#586"},
				"west": {"uv": [0, 0, 16, 16], "texture": "#586"},
				"up": {"uv": [0, 0, 16, 16], "texture": "#586"},
				"down": {"uv": [0, 0, 16, 16], "texture": "#586"}
			}
		},
		{
			"from": [5.85, 6.75, 7.85],
			"to": [6.4, 7.3, 8.4],
			"rotation": {"angle": 45, "axis": "z", "origin": [6, 6.9, 8.125]},
			"faces": {
				"north": {"uv": [0, 0, 16, 16], "texture": "#586"},
				"east": {"uv": [0, 0, 16, 16], "texture": "#586"},
				"south": {"uv": [0, 0, 16, 16], "texture": "#586"},
				"west": {"uv": [0, 0, 16, 16], "texture": "#586"},
				"up": {"uv": [0, 0, 16, 16], "texture": "#586"},
				"down": {"uv": [0, 0, 16, 16], "texture": "#586"}
			}
		},
		{
			"from": [9.85, 6.75, 7.85],
			"to": [10.4, 7.3, 8.4],
			"rotation": {"angle": 45, "axis": "z", "origin": [10, 6.9, 8.125]},
			"faces": {
				"north": {"uv": [0, 0, 16, 16], "texture": "#585"},
				"east": {"uv": [0, 0, 16, 16], "texture": "#585"},
				"south": {"uv": [0, 0, 16, 16], "texture": "#585"},
				"west": {"uv": [0, 0, 16, 16], "texture": "#585"},
				"up": {"uv": [0, 0, 16, 16], "texture": "#585"},
				"down": {"uv": [0, 0, 16, 16], "texture": "#585"}
			}
		},
		{
			"from": [9.75, 6.65, 7.95],
			"to": [10.5, 7.4, 8.3],
			"rotation": {"angle": 45, "axis": "z", "origin": [10, 6.9, 8.125]},
			"faces": {
				"north": {"uv": [0, 0, 16, 16], "texture": "#585"},
				"east": {"uv": [0, 0, 16, 16], "texture": "#585"},
				"south": {"uv": [0, 0, 16, 16], "texture": "#585"},
				"west": {"uv": [0, 0, 16, 16], "texture": "#585"},
				"up": {"uv": [0, 0, 16, 16], "texture": "#585"},
				"down": {"uv": [0, 0, 16, 16], "texture": "#585"}
			}
		},
		{
			"from": [7.5, 5.975, 7.975],
			"to": [8.5, 6.975, 8.275],
			"rotation": {"angle": 0, "axis": "z", "origin": [8, 6.475, 8.125]},
			"faces": {
				"north": {"uv": [0, 0, 16, 16], "rotation": 90, "texture": "#583"},
				"east": {"uv": [0, 0, 16, 16], "rotation": 90, "texture": "#583"},
				"south": {"uv": [0, 0, 16, 16], "rotation": 90, "texture": "#583"},
				"west": {"uv": [0, 0, 16, 16], "rotation": 90, "texture": "#583"},
				"up": {"uv": [0, 0, 16, 16], "rotation": 90, "texture": "#583"},
				"down": {"uv": [0, 0, 16, 16], "rotation": 90, "texture": "#583"}
			}
		},
		{
			"from": [7.9125, 7.0375, 8.075],
			"to": [8.0875, 7.5375, 8.175],
			"rotation": {"angle": 0, "axis": "z", "origin": [8, 7.2875, 8.1375]},
			"faces": {
				"north": {"uv": [0, 0, 16, 16], "rotation": 270, "texture": "#300"},
				"east": {"uv": [0, 0, 16, 16], "rotation": 270, "texture": "#300"},
				"south": {"uv": [0, 0, 16, 16], "rotation": 270, "texture": "#300"},
				"west": {"uv": [0, 0, 16, 16], "rotation": 270, "texture": "#300"},
				"up": {"uv": [0, 0, 16, 16], "rotation": 270, "texture": "#300"},
				"down": {"uv": [0, 0, 16, 16], "rotation": 270, "texture": "#300"}
			}
		},
		{
			"from": [8.9625, 7.0375, 8.075],
			"to": [9.1375, 7.5375, 8.175],
			"rotation": {"angle": 0, "axis": "z", "origin": [9.05, 7.2875, 8.1375]},
			"faces": {
				"north": {"uv": [0, 0, 16, 16], "rotation": 270, "texture": "#471"},
				"east": {"uv": [0, 0, 16, 16], "rotation": 270, "texture": "#471"},
				"south": {"uv": [0, 0, 16, 16], "rotation": 270, "texture": "#471"},
				"west": {"uv": [0, 0, 16, 16], "rotation": 270, "texture": "#471"},
				"up": {"uv": [0, 0, 16, 16], "rotation": 270, "texture": "#471"},
				"down": {"uv": [0, 0, 16, 16], "rotation": 270, "texture": "#471"}
			}
		},
		{
			"from": [6.8625, 7.0375, 8.075],
			"to": [7.0375, 7.5375, 8.175],
			"rotation": {"angle": 0, "axis": "z", "origin": [6.95, 7.2875, 8.1375]},
			"faces": {
				"north": {"uv": [0, 0, 16, 16], "rotation": 270, "texture": "#471"},
				"east": {"uv": [0, 0, 16, 16], "rotation": 270, "texture": "#471"},
				"south": {"uv": [0, 0, 16, 16], "rotation": 270, "texture": "#471"},
				"west": {"uv": [0, 0, 16, 16], "rotation": 270, "texture": "#471"},
				"up": {"uv": [0, 0, 16, 16], "rotation": 270, "texture": "#471"},
				"down": {"uv": [0, 0, 16, 16], "rotation": 270, "texture": "#471"}
			}
		},
		{
			"from": [4.9625, 7.8625, 8.075],
			"to": [5.1375, 8.3625, 8.175],
			"rotation": {"angle": 0, "axis": "z", "origin": [5.05, 8.1125, 8.1375]},
			"faces": {
				"north": {"uv": [0, 0, 16, 16], "rotation": 270, "texture": "#471"},
				"east": {"uv": [0, 0, 16, 16], "rotation": 270, "texture": "#471"},
				"south": {"uv": [0, 0, 16, 16], "rotation": 270, "texture": "#471"},
				"west": {"uv": [0, 0, 16, 16], "rotation": 270, "texture": "#471"},
				"up": {"uv": [0, 0, 16, 16], "rotation": 270, "texture": "#471"},
				"down": {"uv": [0, 0, 16, 16], "rotation": 270, "texture": "#471"}
			}
		},
		{
			"from": [10.8375, 7.8625, 8.075],
			"to": [11.0125, 8.3625, 8.175],
			"rotation": {"angle": 0, "axis": "z", "origin": [10.925, 8.1125, 8.1375]},
			"faces": {
				"north": {"uv": [0, 0, 16, 16], "rotation": 270, "texture": "#471"},
				"east": {"uv": [0, 0, 16, 16], "rotation": 270, "texture": "#471"},
				"south": {"uv": [0, 0, 16, 16], "rotation": 270, "texture": "#471"},
				"west": {"uv": [0, 0, 16, 16], "rotation": 270, "texture": "#471"},
				"up": {"uv": [0, 0, 16, 16], "rotation": 270, "texture": "#471"},
				"down": {"uv": [0, 0, 16, 16], "rotation": 270, "texture": "#471"}
			}
		},
		{
			"from": [8.9625, 6.1375, 8.075],
			"to": [9.1375, 6.6375, 8.175],
			"rotation": {"angle": 0, "axis": "z", "origin": [9.05, 6.3875, 8.1375]},
			"faces": {
				"north": {"uv": [0, 0, 16, 16], "rotation": 270, "texture": "#471"},
				"east": {"uv": [0, 0, 16, 16], "rotation": 270, "texture": "#471"},
				"south": {"uv": [0, 0, 16, 16], "rotation": 270, "texture": "#471"},
				"west": {"uv": [0, 0, 16, 16], "rotation": 270, "texture": "#471"},
				"up": {"uv": [0, 0, 16, 16], "rotation": 270, "texture": "#471"},
				"down": {"uv": [0, 0, 16, 16], "rotation": 270, "texture": "#471"}
			}
		},
		{
			"from": [6.8625, 6.1375, 8.075],
			"to": [7.0375, 6.6375, 8.175],
			"rotation": {"angle": 0, "axis": "z", "origin": [6.95, 6.3875, 8.1375]},
			"faces": {
				"north": {"uv": [0, 0, 16, 16], "rotation": 270, "texture": "#471"},
				"east": {"uv": [0, 0, 16, 16], "rotation": 270, "texture": "#471"},
				"south": {"uv": [0, 0, 16, 16], "rotation": 270, "texture": "#471"},
				"west": {"uv": [0, 0, 16, 16], "rotation": 270, "texture": "#471"},
				"up": {"uv": [0, 0, 16, 16], "rotation": 270, "texture": "#471"},
				"down": {"uv": [0, 0, 16, 16], "rotation": 270, "texture": "#471"}
			}
		},
		{
			"from": [4.9625, 6.9625, 8.075],
			"to": [5.1375, 7.4625, 8.175],
			"rotation": {"angle": 0, "axis": "z", "origin": [5.05, 7.2125, 8.1375]},
			"faces": {
				"north": {"uv": [0, 0, 16, 16], "rotation": 270, "texture": "#471"},
				"east": {"uv": [0, 0, 16, 16], "rotation": 270, "texture": "#471"},
				"south": {"uv": [0, 0, 16, 16], "rotation": 270, "texture": "#471"},
				"west": {"uv": [0, 0, 16, 16], "rotation": 270, "texture": "#471"},
				"up": {"uv": [0, 0, 16, 16], "rotation": 270, "texture": "#471"},
				"down": {"uv": [0, 0, 16, 16], "rotation": 270, "texture": "#471"}
			}
		},
		{
			"from": [10.8375, 6.9625, 8.075],
			"to": [11.0125, 7.4625, 8.175],
			"rotation": {"angle": 0, "axis": "z", "origin": [10.925, 7.2125, 8.1375]},
			"faces": {
				"north": {"uv": [0, 0, 16, 16], "rotation": 270, "texture": "#471"},
				"east": {"uv": [0, 0, 16, 16], "rotation": 270, "texture": "#471"},
				"south": {"uv": [0, 0, 16, 16], "rotation": 270, "texture": "#471"},
				"west": {"uv": [0, 0, 16, 16], "rotation": 270, "texture": "#471"},
				"up": {"uv": [0, 0, 16, 16], "rotation": 270, "texture": "#471"},
				"down": {"uv": [0, 0, 16, 16], "rotation": 270, "texture": "#471"}
			}
		},
		{
			"from": [8.9625, 5.2625, 8.075],
			"to": [9.1375, 5.7625, 8.175],
			"rotation": {"angle": 0, "axis": "z", "origin": [9.05, 5.5125, 8.1375]},
			"faces": {
				"north": {"uv": [0, 0, 16, 16], "rotation": 270, "texture": "#471"},
				"east": {"uv": [0, 0, 16, 16], "rotation": 270, "texture": "#471"},
				"south": {"uv": [0, 0, 16, 16], "rotation": 270, "texture": "#471"},
				"west": {"uv": [0, 0, 16, 16], "rotation": 270, "texture": "#471"},
				"up": {"uv": [0, 0, 16, 16], "rotation": 270, "texture": "#471"},
				"down": {"uv": [0, 0, 16, 16], "rotation": 270, "texture": "#471"}
			}
		},
		{
			"from": [6.8625, 5.2625, 8.075],
			"to": [7.0375, 5.7625, 8.175],
			"rotation": {"angle": 0, "axis": "z", "origin": [6.95, 5.5125, 8.1375]},
			"faces": {
				"north": {"uv": [0, 0, 16, 16], "rotation": 270, "texture": "#471"},
				"east": {"uv": [0, 0, 16, 16], "rotation": 270, "texture": "#471"},
				"south": {"uv": [0, 0, 16, 16], "rotation": 270, "texture": "#471"},
				"west": {"uv": [0, 0, 16, 16], "rotation": 270, "texture": "#471"},
				"up": {"uv": [0, 0, 16, 16], "rotation": 270, "texture": "#471"},
				"down": {"uv": [0, 0, 16, 16], "rotation": 270, "texture": "#471"}
			}
		},
		{
			"from": [4.9625, 6.0875, 8.075],
			"to": [5.1375, 6.5875, 8.175],
			"rotation": {"angle": 0, "axis": "z", "origin": [5.05, 6.3375, 8.1375]},
			"faces": {
				"north": {"uv": [0, 0, 16, 16], "rotation": 270, "texture": "#471"},
				"east": {"uv": [0, 0, 16, 16], "rotation": 270, "texture": "#471"},
				"south": {"uv": [0, 0, 16, 16], "rotation": 270, "texture": "#471"},
				"west": {"uv": [0, 0, 16, 16], "rotation": 270, "texture": "#471"},
				"up": {"uv": [0, 0, 16, 16], "rotation": 270, "texture": "#471"},
				"down": {"uv": [0, 0, 16, 16], "rotation": 270, "texture": "#471"}
			}
		},
		{
			"from": [10.8375, 6.0875, 8.075],
			"to": [11.0125, 6.5875, 8.175],
			"rotation": {"angle": 0, "axis": "z", "origin": [10.925, 6.3375, 8.1375]},
			"faces": {
				"north": {"uv": [0, 0, 16, 16], "rotation": 270, "texture": "#471"},
				"east": {"uv": [0, 0, 16, 16], "rotation": 270, "texture": "#471"},
				"south": {"uv": [0, 0, 16, 16], "rotation": 270, "texture": "#471"},
				"west": {"uv": [0, 0, 16, 16], "rotation": 270, "texture": "#471"},
				"up": {"uv": [0, 0, 16, 16], "rotation": 270, "texture": "#471"},
				"down": {"uv": [0, 0, 16, 16], "rotation": 270, "texture": "#471"}
			}
		},
		{
			"from": [8.9125, 6.6375, 8.025],
			"to": [9.1875, 7.0375, 8.225],
			"rotation": {"angle": 0, "axis": "z", "origin": [9.05, 6.7875, 8.1375]},
			"faces": {
				"north": {"uv": [0, 0, 16, 16], "rotation": 270, "texture": "#300"},
				"east": {"uv": [0, 0, 16, 16], "rotation": 270, "texture": "#300"},
				"south": {"uv": [0, 0, 16, 16], "rotation": 270, "texture": "#300"},
				"west": {"uv": [0, 0, 16, 16], "rotation": 270, "texture": "#300"},
				"up": {"uv": [0, 0, 16, 16], "rotation": 270, "texture": "#300"},
				"down": {"uv": [0, 0, 16, 16], "rotation": 270, "texture": "#300"}
			}
		},
		{
			"from": [6.8125, 6.6375, 8.025],
			"to": [7.0875, 7.0375, 8.225],
			"rotation": {"angle": 0, "axis": "z", "origin": [6.95, 6.7875, 8.1375]},
			"faces": {
				"north": {"uv": [0, 0, 16, 16], "rotation": 270, "texture": "#300"},
				"east": {"uv": [0, 0, 16, 16], "rotation": 270, "texture": "#300"},
				"south": {"uv": [0, 0, 16, 16], "rotation": 270, "texture": "#300"},
				"west": {"uv": [0, 0, 16, 16], "rotation": 270, "texture": "#300"},
				"up": {"uv": [0, 0, 16, 16], "rotation": 270, "texture": "#300"},
				"down": {"uv": [0, 0, 16, 16], "rotation": 270, "texture": "#300"}
			}
		},
		{
			"from": [4.9125, 7.4625, 8.025],
			"to": [5.1875, 7.8625, 8.225],
			"rotation": {"angle": 0, "axis": "z", "origin": [5.05, 7.6125, 8.1375]},
			"faces": {
				"north": {"uv": [0, 0, 16, 16], "rotation": 270, "texture": "#300"},
				"east": {"uv": [0, 0, 16, 16], "rotation": 270, "texture": "#300"},
				"south": {"uv": [0, 0, 16, 16], "rotation": 270, "texture": "#300"},
				"west": {"uv": [0, 0, 16, 16], "rotation": 270, "texture": "#300"},
				"up": {"uv": [0, 0, 16, 16], "rotation": 270, "texture": "#300"},
				"down": {"uv": [0, 0, 16, 16], "rotation": 270, "texture": "#300"}
			}
		},
		{
			"from": [10.7875, 7.4625, 8.025],
			"to": [11.0625, 7.8625, 8.225],
			"rotation": {"angle": 0, "axis": "z", "origin": [10.925, 7.6125, 8.1375]},
			"faces": {
				"north": {"uv": [0, 0, 16, 16], "rotation": 270, "texture": "#300"},
				"east": {"uv": [0, 0, 16, 16], "rotation": 270, "texture": "#300"},
				"south": {"uv": [0, 0, 16, 16], "rotation": 270, "texture": "#300"},
				"west": {"uv": [0, 0, 16, 16], "rotation": 270, "texture": "#300"},
				"up": {"uv": [0, 0, 16, 16], "rotation": 270, "texture": "#300"},
				"down": {"uv": [0, 0, 16, 16], "rotation": 270, "texture": "#300"}
			}
		},
		{
			"from": [8.8875, 5.7625, 8],
			"to": [9.2125, 6.1625, 8.25],
			"rotation": {"angle": 0, "axis": "z", "origin": [9.05, 5.9125, 8.1375]},
			"faces": {
				"north": {"uv": [0, 0, 16, 16], "rotation": 270, "texture": "#300"},
				"east": {"uv": [0, 0, 16, 16], "rotation": 270, "texture": "#300"},
				"south": {"uv": [0, 0, 16, 16], "rotation": 270, "texture": "#300"},
				"west": {"uv": [0, 0, 16, 16], "rotation": 270, "texture": "#300"},
				"up": {"uv": [0, 0, 16, 16], "rotation": 270, "texture": "#300"},
				"down": {"uv": [0, 0, 16, 16], "rotation": 270, "texture": "#300"}
			}
		},
		{
			"from": [6.7875, 5.7625, 8],
			"to": [7.1125, 6.1625, 8.25],
			"rotation": {"angle": 0, "axis": "z", "origin": [6.95, 5.9125, 8.1375]},
			"faces": {
				"north": {"uv": [0, 0, 16, 16], "rotation": 270, "texture": "#300"},
				"east": {"uv": [0, 0, 16, 16], "rotation": 270, "texture": "#300"},
				"south": {"uv": [0, 0, 16, 16], "rotation": 270, "texture": "#300"},
				"west": {"uv": [0, 0, 16, 16], "rotation": 270, "texture": "#300"},
				"up": {"uv": [0, 0, 16, 16], "rotation": 270, "texture": "#300"},
				"down": {"uv": [0, 0, 16, 16], "rotation": 270, "texture": "#300"}
			}
		},
		{
			"from": [4.8875, 6.5875, 8],
			"to": [5.2125, 6.9875, 8.25],
			"rotation": {"angle": 0, "axis": "z", "origin": [5.05, 6.7375, 8.1375]},
			"faces": {
				"north": {"uv": [0, 0, 16, 16], "rotation": 270, "texture": "#300"},
				"east": {"uv": [0, 0, 16, 16], "rotation": 270, "texture": "#300"},
				"south": {"uv": [0, 0, 16, 16], "rotation": 270, "texture": "#300"},
				"west": {"uv": [0, 0, 16, 16], "rotation": 270, "texture": "#300"},
				"up": {"uv": [0, 0, 16, 16], "rotation": 270, "texture": "#300"},
				"down": {"uv": [0, 0, 16, 16], "rotation": 270, "texture": "#300"}
			}
		},
		{
			"from": [10.7625, 6.5875, 8],
			"to": [11.0875, 6.9875, 8.25],
			"rotation": {"angle": 0, "axis": "z", "origin": [10.925, 6.7375, 8.1375]},
			"faces": {
				"north": {"uv": [0, 0, 16, 16], "rotation": 270, "texture": "#300"},
				"east": {"uv": [0, 0, 16, 16], "rotation": 270, "texture": "#300"},
				"south": {"uv": [0, 0, 16, 16], "rotation": 270, "texture": "#300"},
				"west": {"uv": [0, 0, 16, 16], "rotation": 270, "texture": "#300"},
				"up": {"uv": [0, 0, 16, 16], "rotation": 270, "texture": "#300"},
				"down": {"uv": [0, 0, 16, 16], "rotation": 270, "texture": "#300"}
			}
		},
		{
			"from": [8.8625, 4.8875, 7.975],
			"to": [9.2375, 5.2875, 8.275],
			"rotation": {"angle": 0, "axis": "z", "origin": [9.05, 5.0375, 8.1375]},
			"faces": {
				"north": {"uv": [0, 0, 16, 16], "rotation": 270, "texture": "#300"},
				"east": {"uv": [0, 0, 16, 16], "rotation": 270, "texture": "#300"},
				"south": {"uv": [0, 0, 16, 16], "rotation": 270, "texture": "#300"},
				"west": {"uv": [0, 0, 16, 16], "rotation": 270, "texture": "#300"},
				"up": {"uv": [0, 0, 16, 16], "rotation": 270, "texture": "#300"},
				"down": {"uv": [0, 0, 16, 16], "rotation": 270, "texture": "#300"}
			}
		},
		{
			"from": [6.7625, 4.8875, 7.975],
			"to": [7.1375, 5.2875, 8.275],
			"rotation": {"angle": 0, "axis": "z", "origin": [6.95, 5.0375, 8.1375]},
			"faces": {
				"north": {"uv": [0, 0, 16, 16], "rotation": 270, "texture": "#300"},
				"east": {"uv": [0, 0, 16, 16], "rotation": 270, "texture": "#300"},
				"south": {"uv": [0, 0, 16, 16], "rotation": 270, "texture": "#300"},
				"west": {"uv": [0, 0, 16, 16], "rotation": 270, "texture": "#300"},
				"up": {"uv": [0, 0, 16, 16], "rotation": 270, "texture": "#300"},
				"down": {"uv": [0, 0, 16, 16], "rotation": 270, "texture": "#300"}
			}
		},
		{
			"from": [4.8625, 5.7125, 7.975],
			"to": [5.2375, 6.1125, 8.275],
			"rotation": {"angle": 0, "axis": "z", "origin": [5.05, 5.8625, 8.1375]},
			"faces": {
				"north": {"uv": [0, 0, 16, 16], "rotation": 270, "texture": "#300"},
				"east": {"uv": [0, 0, 16, 16], "rotation": 270, "texture": "#300"},
				"south": {"uv": [0, 0, 16, 16], "rotation": 270, "texture": "#300"},
				"west": {"uv": [0, 0, 16, 16], "rotation": 270, "texture": "#300"},
				"up": {"uv": [0, 0, 16, 16], "rotation": 270, "texture": "#300"},
				"down": {"uv": [0, 0, 16, 16], "rotation": 270, "texture": "#300"}
			}
		},
		{
			"from": [10.7375, 5.7125, 7.975],
			"to": [11.1125, 6.1125, 8.275],
			"rotation": {"angle": 0, "axis": "z", "origin": [10.925, 5.8625, 8.1375]},
			"faces": {
				"north": {"uv": [0, 0, 16, 16], "rotation": 270, "texture": "#300"},
				"east": {"uv": [0, 0, 16, 16], "rotation": 270, "texture": "#300"},
				"south": {"uv": [0, 0, 16, 16], "rotation": 270, "texture": "#300"},
				"west": {"uv": [0, 0, 16, 16], "rotation": 270, "texture": "#300"},
				"up": {"uv": [0, 0, 16, 16], "rotation": 270, "texture": "#300"},
				"down": {"uv": [0, 0, 16, 16], "rotation": 270, "texture": "#300"}
			}
		},
		{
			"from": [5.9125, 7.4625, 8.075],
			"to": [6.0875, 7.9625, 8.175],
			"rotation": {"angle": 0, "axis": "z", "origin": [6, 7.7125, 8.1375]},
			"faces": {
				"north": {"uv": [0, 0, 16, 16], "rotation": 270, "texture": "#300"},
				"east": {"uv": [0, 0, 16, 16], "rotation": 270, "texture": "#300"},
				"south": {"uv": [0, 0, 16, 16], "rotation": 270, "texture": "#300"},
				"west": {"uv": [0, 0, 16, 16], "rotation": 270, "texture": "#300"},
				"up": {"uv": [0, 0, 16, 16], "rotation": 270, "texture": "#300"},
				"down": {"uv": [0, 0, 16, 16], "rotation": 270, "texture": "#300"}
			}
		},
		{
			"from": [9.9125, 7.4625, 8.075],
			"to": [10.0875, 7.9625, 8.175],
			"rotation": {"angle": 0, "axis": "z", "origin": [10, 7.7125, 8.1375]},
			"faces": {
				"north": {"uv": [0, 0, 16, 16], "rotation": 270, "texture": "#300"},
				"east": {"uv": [0, 0, 16, 16], "rotation": 270, "texture": "#300"},
				"south": {"uv": [0, 0, 16, 16], "rotation": 270, "texture": "#300"},
				"west": {"uv": [0, 0, 16, 16], "rotation": 270, "texture": "#300"},
				"up": {"uv": [0, 0, 16, 16], "rotation": 270, "texture": "#300"},
				"down": {"uv": [0, 0, 16, 16], "rotation": 270, "texture": "#300"}
			}
		},
		{
			"from": [8.6, 7.525, 8.05],
			"to": [9.1, 7.7, 8.225],
			"rotation": {"angle": 0, "axis": "y", "origin": [9.6, 7.975, 8]},
			"color": 1,
			"faces": {
				"north": {"uv": [0, 0, 0.5, 0.175], "texture": "#missing"},
				"east": {"uv": [0, 0, 0.175, 0.175], "texture": "#missing"},
				"south": {"uv": [0, 0, 0.5, 0.175], "texture": "#missing"},
				"west": {"uv": [0, 0, 0.175, 0.175], "texture": "#missing"},
				"up": {"uv": [0, 0, 0.5, 0.175], "texture": "#missing"},
				"down": {"uv": [0, 0, 0.5, 0.175], "texture": "#missing"}
			}
		},
		{
			"from": [10.775, 8.275, 8.05],
			"to": [11.025, 8.45, 8.225],
			"rotation": {"angle": 22.5, "axis": "z", "origin": [10.9, 8.3625, 8.1375]},
			"faces": {
				"north": {"uv": [0, 0, 16, 16], "texture": "#300"},
				"east": {"uv": [0, 0, 16, 16], "texture": "#300"},
				"south": {"uv": [0, 0, 16, 16], "texture": "#300"},
				"west": {"uv": [0, 0, 16, 16], "texture": "#300"},
				"up": {"uv": [0, 0, 16, 16], "texture": "#300"},
				"down": {"uv": [0, 0, 16, 16], "texture": "#300"}
			}
		},
		{
			"from": [11.85, 9.375, 8.05],
			"to": [12.1, 9.55, 8.225],
			"rotation": {"angle": 45, "axis": "z", "origin": [11.975, 9.4625, 8.1375]},
			"faces": {
				"north": {"uv": [0, 0, 16, 16], "texture": "#300"},
				"east": {"uv": [0, 0, 16, 16], "texture": "#300"},
				"south": {"uv": [0, 0, 16, 16], "texture": "#300"},
				"west": {"uv": [0, 0, 16, 16], "texture": "#300"},
				"up": {"uv": [0, 0, 16, 16], "texture": "#300"},
				"down": {"uv": [0, 0, 16, 16], "texture": "#300"}
			}
		},
		{
			"from": [4.9, 15.575, 8.05],
			"to": [5.15, 15.75, 8.225],
			"rotation": {"angle": 45, "axis": "z", "origin": [5.025, 15.6625, 8.1375]},
			"faces": {
				"north": {"uv": [0, 0, 16, 16], "texture": "#300"},
				"east": {"uv": [0, 0, 16, 16], "texture": "#300"},
				"south": {"uv": [0, 0, 16, 16], "texture": "#300"},
				"west": {"uv": [0, 0, 16, 16], "texture": "#300"},
				"up": {"uv": [0, 0, 16, 16], "texture": "#300"},
				"down": {"uv": [0, 0, 16, 16], "texture": "#300"}
			}
		},
		{
			"from": [5.025, 8.275, 8.05],
			"to": [5.275, 8.45, 8.225],
			"rotation": {"angle": 0, "axis": "y", "origin": [5.775, 8.725, 8]},
			"faces": {
				"north": {"uv": [0, 0, 16, 16], "texture": "#300"},
				"east": {"uv": [0, 0, 16, 16], "texture": "#300"},
				"south": {"uv": [0, 0, 16, 16], "texture": "#300"},
				"west": {"uv": [0, 0, 16, 16], "texture": "#300"},
				"up": {"uv": [0, 0, 16, 16], "texture": "#300"},
				"down": {"uv": [0, 0, 16, 16], "texture": "#300"}
			}
		},
		{
			"from": [6.875, 7.525, 8.05],
			"to": [7.375, 7.7, 8.225],
			"rotation": {"angle": 0, "axis": "y", "origin": [7.875, 7.975, 8]},
			"color": 1,
			"faces": {
				"north": {"uv": [0, 0, 0.5, 0.175], "texture": "#missing"},
				"east": {"uv": [0, 0, 0.175, 0.175], "texture": "#missing"},
				"south": {"uv": [0, 0, 0.5, 0.175], "texture": "#missing"},
				"west": {"uv": [0, 0, 0.175, 0.175], "texture": "#missing"},
				"up": {"uv": [0, 0, 0.5, 0.175], "texture": "#missing"},
				"down": {"uv": [0, 0, 0.5, 0.175], "texture": "#missing"}
			}
		},
		{
			"from": [4.125, 8.875, 8],
			"to": [5.625, 9.125, 8.25],
			"rotation": {"angle": -45, "axis": "z", "origin": [4.625, 9.375, 8]},
			"faces": {
				"north": {"uv": [0, 0, 16, 16], "texture": "#300"},
				"east": {"uv": [0, 0, 16, 16], "texture": "#300"},
				"south": {"uv": [0, 0, 16, 16], "texture": "#300"},
				"west": {"uv": [0, 0, 16, 16], "texture": "#300"},
				"up": {"uv": [0, 0, 16, 16], "texture": "#300"},
				"down": {"uv": [0, 0, 16, 16], "texture": "#300"}
			}
		},
		{
			"from": [10.975, 15.175, 8],
			"to": [12.475, 15.425, 8.25],
			"rotation": {"angle": -45, "axis": "z", "origin": [11.475, 15.675, 8]},
			"faces": {
				"north": {"uv": [0, 0, 16, 16], "texture": "#300"},
				"east": {"uv": [0, 0, 16, 16], "texture": "#300"},
				"south": {"uv": [0, 0, 16, 16], "texture": "#300"},
				"west": {"uv": [0, 0, 16, 16], "texture": "#300"},
				"up": {"uv": [0, 0, 16, 16], "texture": "#300"},
				"down": {"uv": [0, 0, 16, 16], "texture": "#300"}
			}
		},
		{
			"from": [3.45, 9.55, 8],
			"to": [3.7, 11.05, 8.25],
			"rotation": {"angle": 22.5, "axis": "z", "origin": [3.95, 10.55, 8]},
			"faces": {
				"north": {"uv": [0, 0, 16, 16], "rotation": 270, "texture": "#150"},
				"east": {"uv": [0, 0, 16, 16], "rotation": 270, "texture": "#150"},
				"south": {"uv": [0, 0, 16, 16], "rotation": 270, "texture": "#150"},
				"west": {"uv": [0, 0, 16, 16], "rotation": 270, "texture": "#150"},
				"up": {"uv": [0, 0, 16, 16], "rotation": 270, "texture": "#150"},
				"down": {"uv": [0, 0, 16, 16], "rotation": 270, "texture": "#150"}
			}
		},
		{
			"from": [3.5, 9.475, 8.05],
			"to": [3.65, 9.975, 8.225],
			"rotation": {"angle": 22.5, "axis": "z", "origin": [3.95, 10.475, 8]},
			"faces": {
				"north": {"uv": [0, 0, 16, 16], "rotation": 270, "texture": "#300"},
				"east": {"uv": [0, 0, 16, 16], "rotation": 270, "texture": "#300"},
				"south": {"uv": [0, 0, 16, 16], "rotation": 270, "texture": "#300"},
				"west": {"uv": [0, 0, 16, 16], "rotation": 270, "texture": "#300"},
				"up": {"uv": [0, 0, 16, 16], "rotation": 270, "texture": "#300"},
				"down": {"uv": [0, 0, 16, 16], "rotation": 270, "texture": "#300"}
			}
		},
		{
			"from": [11.525, 14.475, 8.05],
			"to": [11.675, 14.975, 8.225],
			"rotation": {"angle": 22.5, "axis": "z", "origin": [11.975, 15.475, 8]},
			"faces": {
				"north": {"uv": [0, 0, 16, 16], "rotation": 270, "texture": "#300"},
				"east": {"uv": [0, 0, 16, 16], "rotation": 270, "texture": "#300"},
				"south": {"uv": [0, 0, 16, 16], "rotation": 270, "texture": "#300"},
				"west": {"uv": [0, 0, 16, 16], "rotation": 270, "texture": "#300"},
				"up": {"uv": [0, 0, 16, 16], "rotation": 270, "texture": "#300"},
				"down": {"uv": [0, 0, 16, 16], "rotation": 270, "texture": "#300"}
			}
		},
		{
			"from": [10.74056, 15.51358, 8.05],
			"to": [10.89056, 15.91358, 8.225],
			"rotation": {"angle": 45, "axis": "z", "origin": [10.81556, 15.76358, 8.1375]},
			"faces": {
				"north": {"uv": [0, 0, 16, 16], "rotation": 270, "texture": "#300"},
				"east": {"uv": [0, 0, 16, 16], "rotation": 270, "texture": "#300"},
				"south": {"uv": [0, 0, 16, 16], "rotation": 270, "texture": "#300"},
				"west": {"uv": [0, 0, 16, 16], "rotation": 270, "texture": "#300"},
				"up": {"uv": [0, 0, 16, 16], "rotation": 270, "texture": "#300"},
				"down": {"uv": [0, 0, 16, 16], "rotation": 270, "texture": "#300"}
			}
		},
		{
			"from": [8.81556, 16.46358, 8.05],
			"to": [9.21556, 16.61358, 8.225],
			"rotation": {"angle": -22.5, "axis": "z", "origin": [8.96556, 16.53858, 8.1375]},
			"faces": {
				"north": {"uv": [0, 0, 16, 16], "texture": "#300"},
				"east": {"uv": [0, 0, 16, 16], "texture": "#300"},
				"south": {"uv": [0, 0, 16, 16], "texture": "#300"},
				"west": {"uv": [0, 0, 16, 16], "texture": "#300"},
				"up": {"uv": [0, 0, 16, 16], "texture": "#300"},
				"down": {"uv": [0, 0, 16, 16], "texture": "#300"}
			}
		},
		{
			"from": [6.61556, 16.38858, 8.05],
			"to": [7.01556, 16.53858, 8.225],
			"rotation": {"angle": 22.5, "axis": "z", "origin": [6.76556, 16.46358, 8.1375]},
			"faces": {
				"north": {"uv": [0, 0, 16, 16], "texture": "#300"},
				"east": {"uv": [0, 0, 16, 16], "texture": "#300"},
				"south": {"uv": [0, 0, 16, 16], "texture": "#300"},
				"west": {"uv": [0, 0, 16, 16], "texture": "#300"},
				"up": {"uv": [0, 0, 16, 16], "texture": "#300"},
				"down": {"uv": [0, 0, 16, 16], "texture": "#300"}
			}
		},
		{
			"from": [11.975, 13.325, 8],
			"to": [12.225, 14.825, 8.25],
			"rotation": {"angle": 22.5, "axis": "z", "origin": [12.475, 14.325, 8]},
			"faces": {
				"north": {"uv": [0, 0, 16, 16], "rotation": 270, "texture": "#150"},
				"east": {"uv": [0, 0, 16, 16], "rotation": 270, "texture": "#150"},
				"south": {"uv": [0, 0, 16, 16], "rotation": 270, "texture": "#150"},
				"west": {"uv": [0, 0, 16, 16], "rotation": 270, "texture": "#150"},
				"up": {"uv": [0, 0, 16, 16], "rotation": 270, "texture": "#150"},
				"down": {"uv": [0, 0, 16, 16], "rotation": 270, "texture": "#150"}
			}
		},
		{
			"from": [3.275, 10.875, 8],
			"to": [3.525, 13.175, 8.25],
			"rotation": {"angle": 0, "axis": "z", "origin": [3.775, 11.875, 8]},
			"faces": {
				"north": {"uv": [0, 0, 16, 16], "rotation": 270, "texture": "#300"},
				"east": {"uv": [0, 0, 16, 16], "rotation": 270, "texture": "#300"},
				"south": {"uv": [0, 0, 16, 16], "rotation": 270, "texture": "#300"},
				"west": {"uv": [0, 0, 16, 16], "rotation": 270, "texture": "#300"},
				"up": {"uv": [0, 0, 16, 16], "rotation": 270, "texture": "#300"},
				"down": {"uv": [0, 0, 16, 16], "rotation": 270, "texture": "#300"}
			}
		},
		{
			"from": [3.325, 10.8, 8.05],
			"to": [3.475, 13.275, 8.2],
			"rotation": {"angle": 0, "axis": "z", "origin": [3.775, 11.875, 8]},
			"faces": {
				"north": {"uv": [0, 0, 16, 16], "rotation": 270, "texture": "#300"},
				"east": {"uv": [0, 0, 16, 16], "rotation": 270, "texture": "#300"},
				"south": {"uv": [0, 0, 16, 16], "rotation": 270, "texture": "#300"},
				"west": {"uv": [0, 0, 16, 16], "rotation": 270, "texture": "#300"},
				"up": {"uv": [0, 0, 16, 16], "rotation": 270, "texture": "#300"},
				"down": {"uv": [0, 0, 16, 16], "rotation": 270, "texture": "#300"}
			}
		},
		{
			"from": [12.45, 10.8, 8.05],
			"to": [12.6, 13.275, 8.2],
			"rotation": {"angle": 0, "axis": "z", "origin": [12.9, 11.875, 8]},
			"faces": {
				"north": {"uv": [0, 0, 16, 16], "rotation": 270, "texture": "#300"},
				"east": {"uv": [0, 0, 16, 16], "rotation": 270, "texture": "#300"},
				"south": {"uv": [0, 0, 16, 16], "rotation": 270, "texture": "#300"},
				"west": {"uv": [0, 0, 16, 16], "rotation": 270, "texture": "#300"},
				"up": {"uv": [0, 0, 16, 16], "rotation": 270, "texture": "#300"},
				"down": {"uv": [0, 0, 16, 16], "rotation": 270, "texture": "#300"}
			}
		},
		{
			"from": [12.425, 10.9, 8],
			"to": [12.675, 13.2, 8.25],
			"rotation": {"angle": 0, "axis": "z", "origin": [12.925, 11.9, 8]},
			"faces": {
				"north": {"uv": [0, 0, 16, 16], "rotation": 270, "texture": "#300"},
				"east": {"uv": [0, 0, 16, 16], "rotation": 270, "texture": "#300"},
				"south": {"uv": [0, 0, 16, 16], "rotation": 270, "texture": "#300"},
				"west": {"uv": [0, 0, 16, 16], "rotation": 270, "texture": "#300"},
				"up": {"uv": [0, 0, 16, 16], "rotation": 270, "texture": "#300"},
				"down": {"uv": [0, 0, 16, 16], "rotation": 270, "texture": "#300"}
			}
		},
		{
			"from": [10.375, 8.875, 8],
			"to": [11.875, 9.125, 8.25],
			"rotation": {"angle": 45, "axis": "z", "origin": [11.375, 9.375, 8]},
			"faces": {
				"north": {"uv": [0, 0, 16, 16], "texture": "#300"},
				"east": {"uv": [0, 0, 16, 16], "texture": "#300"},
				"south": {"uv": [0, 0, 16, 16], "texture": "#300"},
				"west": {"uv": [0, 0, 16, 16], "texture": "#300"},
				"up": {"uv": [0, 0, 16, 16], "texture": "#300"},
				"down": {"uv": [0, 0, 16, 16], "texture": "#300"}
			}
		},
		{
			"from": [3.4, 15.075, 8],
			"to": [4.9, 15.325, 8.25],
			"rotation": {"angle": 45, "axis": "z", "origin": [4.4, 15.575, 8]},
			"faces": {
				"north": {"uv": [0, 0, 16, 16], "texture": "#300"},
				"east": {"uv": [0, 0, 16, 16], "texture": "#300"},
				"south": {"uv": [0, 0, 16, 16], "texture": "#300"},
				"west": {"uv": [0, 0, 16, 16], "texture": "#300"},
				"up": {"uv": [0, 0, 16, 16], "texture": "#300"},
				"down": {"uv": [0, 0, 16, 16], "texture": "#300"}
			}
		},
		{
			"from": [12.3, 9.55, 8],
			"to": [12.55, 11.05, 8.25],
			"rotation": {"angle": -22.5, "axis": "z", "origin": [12.05, 10.55, 8]},
			"faces": {
				"north": {"uv": [0, 0, 16, 16], "rotation": 90, "texture": "#150"},
				"east": {"uv": [0, 0, 16, 16], "rotation": 90, "texture": "#150"},
				"south": {"uv": [0, 0, 16, 16], "rotation": 90, "texture": "#150"},
				"west": {"uv": [0, 0, 16, 16], "rotation": 90, "texture": "#150"},
				"up": {"uv": [0, 0, 16, 16], "rotation": 90, "texture": "#150"},
				"down": {"uv": [0, 0, 16, 16], "rotation": 90, "texture": "#150"}
			}
		},
		{
			"from": [3.675, 13.275, 8],
			"to": [3.925, 14.775, 8.25],
			"rotation": {"angle": -22.5, "axis": "z", "origin": [3.425, 14.275, 8]},
			"faces": {
				"north": {"uv": [0, 0, 16, 16], "rotation": 90, "texture": "#150"},
				"east": {"uv": [0, 0, 16, 16], "rotation": 90, "texture": "#150"},
				"south": {"uv": [0, 0, 16, 16], "rotation": 90, "texture": "#150"},
				"west": {"uv": [0, 0, 16, 16], "rotation": 90, "texture": "#150"},
				"up": {"uv": [0, 0, 16, 16], "rotation": 90, "texture": "#150"},
				"down": {"uv": [0, 0, 16, 16], "rotation": 90, "texture": "#150"}
			}
		},
		{
			"from": [5.175, 7.85, 8],
			"to": [7.175, 8.1, 8.25],
			"rotation": {"angle": -22.5, "axis": "z", "origin": [6.175, 8.35, 8]},
			"faces": {
				"north": {"uv": [0, 0, 16, 16], "texture": "#150"},
				"east": {"uv": [0, 0, 16, 16], "texture": "#150"},
				"south": {"uv": [0, 0, 16, 16], "texture": "#150"},
				"west": {"uv": [0, 0, 16, 16], "texture": "#150"},
				"up": {"uv": [0, 0, 16, 16], "texture": "#150"},
				"down": {"uv": [0, 0, 16, 16], "texture": "#150"}
			}
		},
		{
			"from": [9.025, 16.025, 8],
			"to": [11.025, 16.275, 8.25],
			"rotation": {"angle": -22.5, "axis": "z", "origin": [10.025, 16.525, 8]},
			"faces": {
				"north": {"uv": [0, 0, 16, 16], "texture": "#150"},
				"east": {"uv": [0, 0, 16, 16], "texture": "#150"},
				"south": {"uv": [0, 0, 16, 16], "texture": "#150"},
				"west": {"uv": [0, 0, 16, 16], "texture": "#150"},
				"up": {"uv": [0, 0, 16, 16], "texture": "#150"},
				"down": {"uv": [0, 0, 16, 16], "texture": "#150"}
			}
		},
		{
			"from": [8.825, 7.85, 8],
			"to": [10.825, 8.1, 8.25],
			"rotation": {"angle": 22.5, "axis": "z", "origin": [9.825, 8.35, 8]},
			"faces": {
				"north": {"uv": [0, 0, 16, 16], "texture": "#150"},
				"east": {"uv": [0, 0, 16, 16], "texture": "#150"},
				"south": {"uv": [0, 0, 16, 16], "texture": "#150"},
				"west": {"uv": [0, 0, 16, 16], "texture": "#150"},
				"up": {"uv": [0, 0, 16, 16], "texture": "#150"},
				"down": {"uv": [0, 0, 16, 16], "texture": "#150"}
			}
		},
		{
			"from": [4.8, 15.925, 8],
			"to": [6.8, 16.175, 8.25],
			"rotation": {"angle": 22.5, "axis": "z", "origin": [5.8, 16.425, 8]},
			"faces": {
				"north": {"uv": [0, 0, 16, 16], "texture": "#150"},
				"east": {"uv": [0, 0, 16, 16], "texture": "#150"},
				"south": {"uv": [0, 0, 16, 16], "texture": "#150"},
				"west": {"uv": [0, 0, 16, 16], "texture": "#150"},
				"up": {"uv": [0, 0, 16, 16], "texture": "#150"},
				"down": {"uv": [0, 0, 16, 16], "texture": "#150"}
			}
		}
	],
	"gui_light": "front",
	"display": {
		"thirdperson_righthand": {
			"rotation": [74, -5.25, 0],
			"translation": [0, -2.75, -2.25],
			"scale": [0.5, 0.5, 0.5]
		},
		"thirdperson_lefthand": {
			"rotation": [102, 0, 0],
			"translation": [0, -1.75, -2],
			"scale": [0.5, 0.5, 0.5]
		},
		"firstperson_righthand": {
			"rotation": [0, 89, 0],
			"translation": [0, -0.75, 0]
		},
		"firstperson_lefthand": {
			"rotation": [0, -89, 0]
		},
		"ground": {
			"rotation": [-33, 0, 0],
			"translation": [0, -2.25, 3]
		},
		"gui": {
			"rotation": [5, 67, 1],
			"translation": [-0.25, -3.75, 0],
			"scale": [4, 1.26, 4]
		},
		"fixed": {
			"translation": [-0.25, -1.75, -0.25]
		}
	}
}