{
	"credit": "Made with Blockbench",
	"textures": {
		"0": "block/bee_nest_front_honey",
		"1": "block/beacon",
		"particle": "block/bee_nest_front_honey"
	},
	"elements": [
		{
			"from": [7.94602, 9.40398, 8.15],
			"to": [8.57102, 9.62898, 8.575],
			"rotation": {"angle": 0, "axis": "y", "origin": [8.25, 9.52898, 8.3625]},
			"faces": {
				"north": {"uv": [2, 2, 14, 14], "rotation": 270, "texture": "#1"},
				"east": {"uv": [2, 2, 14, 14], "rotation": 270, "texture": "#1"},
				"south": {"uv": [2, 2, 14, 14], "rotation": 270, "texture": "#1"},
				"west": {"uv": [2, 2, 14, 14], "rotation": 270, "texture": "#1"},
				"up": {"uv": [2, 2, 14, 14], "rotation": 270, "texture": "#1"},
				"down": {"uv": [2, 2, 14, 14], "rotation": 270, "texture": "#1"}
			}
		},
		{
			"from": [8.59602, 9.40398, 8.2],
			"to": [8.62102, 9.62898, 8.525],
			"rotation": {"angle": 0, "axis": "y", "origin": [8.25, 9.52898, 8.3625]},
			"faces": {
				"north": {"uv": [10, 2, 14, 6], "rotation": 270, "texture": "#1"},
				"east": {"uv": [10, 2, 14, 6], "rotation": 270, "texture": "#1"},
				"south": {"uv": [10, 2, 14, 6], "rotation": 270, "texture": "#1"},
				"west": {"uv": [10, 2, 14, 6], "rotation": 270, "texture": "#1"},
				"up": {"uv": [10, 2, 14, 6], "rotation": 270, "texture": "#1"},
				"down": {"uv": [10, 2, 14, 6], "rotation": 270, "texture": "#1"}
			}
		},
		{
			"from": [8.62102, 9.40398, 8.225],
			"to": [8.64602, 9.62898, 8.5],
			"rotation": {"angle": 0, "axis": "y", "origin": [8.25, 9.52898, 8.3625]},
			"faces": {
				"north": {"uv": [10, 2, 14, 6], "rotation": 270, "texture": "#1"},
				"east": {"uv": [10, 2, 14, 6], "rotation": 270, "texture": "#1"},
				"south": {"uv": [10, 2, 14, 6], "rotation": 270, "texture": "#1"},
				"west": {"uv": [10, 2, 14, 6], "rotation": 270, "texture": "#1"},
				"up": {"uv": [10, 2, 14, 6], "rotation": 270, "texture": "#1"},
				"down": {"uv": [10, 2, 14, 6], "rotation": 270, "texture": "#1"}
			}
		},
		{
			"from": [7.87102, 9.40398, 8.225],
			"to": [7.89602, 9.62898, 8.5],
			"rotation": {"angle": 0, "axis": "y", "origin": [8.25, 9.52898, 8.3625]},
			"faces": {
				"north": {"uv": [10, 2, 14, 6], "rotation": 270, "texture": "#1"},
				"east": {"uv": [10, 2, 14, 6], "rotation": 270, "texture": "#1"},
				"south": {"uv": [10, 2, 14, 6], "rotation": 270, "texture": "#1"},
				"west": {"uv": [10, 2, 14, 6], "rotation": 270, "texture": "#1"},
				"up": {"uv": [10, 2, 14, 6], "rotation": 270, "texture": "#1"},
				"down": {"uv": [10, 2, 14, 6], "rotation": 270, "texture": "#1"}
			}
		},
		{
			"from": [8.02102, 9.40398, 8.1],
			"to": [8.47102, 9.62898, 8.125],
			"rotation": {"angle": 0, "axis": "y", "origin": [8.25, 9.52898, 8.3625]},
			"faces": {
				"north": {"uv": [10, 2, 14, 6], "rotation": 270, "texture": "#1"},
				"east": {"uv": [10, 2, 14, 6], "rotation": 270, "texture": "#1"},
				"south": {"uv": [10, 2, 14, 6], "rotation": 270, "texture": "#1"},
				"west": {"uv": [10, 2, 14, 6], "rotation": 270, "texture": "#1"},
				"up": {"uv": [10, 2, 14, 6], "rotation": 270, "texture": "#1"},
				"down": {"uv": [10, 2, 14, 6], "rotation": 270, "texture": "#1"}
			}
		},
		{
			"from": [7.97102, 9.40398, 8.125],
			"to": [8.52102, 9.62898, 8.15],
			"rotation": {"angle": 0, "axis": "y", "origin": [8.25, 9.52898, 8.3625]},
			"faces": {
				"north": {"uv": [10, 2, 14, 6], "rotation": 270, "texture": "#1"},
				"east": {"uv": [10, 2, 14, 6], "rotation": 270, "texture": "#1"},
				"south": {"uv": [10, 2, 14, 6], "rotation": 270, "texture": "#1"},
				"west": {"uv": [10, 2, 14, 6], "rotation": 270, "texture": "#1"},
				"up": {"uv": [10, 2, 14, 6], "rotation": 270, "texture": "#1"},
				"down": {"uv": [10, 2, 14, 6], "rotation": 270, "texture": "#1"}
			}
		},
		{
			"from": [7.92102, 9.40398, 8.175],
			"to": [7.94602, 9.62898, 8.55],
			"rotation": {"angle": 0, "axis": "y", "origin": [8.25, 9.52898, 8.3625]},
			"faces": {
				"north": {"uv": [10, 2, 14, 6], "rotation": 270, "texture": "#1"},
				"east": {"uv": [10, 2, 14, 6], "rotation": 270, "texture": "#1"},
				"south": {"uv": [10, 2, 14, 6], "rotation": 270, "texture": "#1"},
				"west": {"uv": [10, 2, 14, 6], "rotation": 270, "texture": "#1"},
				"up": {"uv": [10, 2, 14, 6], "rotation": 270, "texture": "#1"},
				"down": {"uv": [10, 2, 14, 6], "rotation": 270, "texture": "#1"}
			}
		},
		{
			"from": [7.89602, 9.40398, 8.2],
			"to": [7.92102, 9.62898, 8.525],
			"rotation": {"angle": 0, "axis": "y", "origin": [8.25, 9.52898, 8.3625]},
			"faces": {
				"north": {"uv": [10, 2, 14, 6], "rotation": 270, "texture": "#1"},
				"east": {"uv": [10, 2, 14, 6], "rotation": 270, "texture": "#1"},
				"south": {"uv": [10, 2, 14, 6], "rotation": 270, "texture": "#1"},
				"west": {"uv": [10, 2, 14, 6], "rotation": 270, "texture": "#1"},
				"up": {"uv": [10, 2, 14, 6], "rotation": 270, "texture": "#1"},
				"down": {"uv": [10, 2, 14, 6], "rotation": 270, "texture": "#1"}
			}
		},
		{
			"from": [7.97102, 9.40398, 8.575],
			"to": [8.52102, 9.62898, 8.6],
			"rotation": {"angle": 0, "axis": "y", "origin": [8.25, 9.52898, 8.3625]},
			"faces": {
				"north": {"uv": [10, 2, 14, 6], "rotation": 270, "texture": "#1"},
				"east": {"uv": [10, 2, 14, 6], "rotation": 270, "texture": "#1"},
				"south": {"uv": [10, 2, 14, 6], "rotation": 270, "texture": "#1"},
				"west": {"uv": [10, 2, 14, 6], "rotation": 270, "texture": "#1"},
				"up": {"uv": [10, 2, 14, 6], "rotation": 270, "texture": "#1"},
				"down": {"uv": [10, 2, 14, 6], "rotation": 270, "texture": "#1"}
			}
		},
		{
			"from": [8.02102, 9.40398, 8.6],
			"to": [8.47102, 9.62898, 8.625],
			"rotation": {"angle": 0, "axis": "y", "origin": [8.25, 9.52898, 8.3625]},
			"faces": {
				"north": {"uv": [10, 2, 14, 6], "rotation": 270, "texture": "#1"},
				"east": {"uv": [10, 2, 14, 6], "rotation": 270, "texture": "#1"},
				"south": {"uv": [10, 2, 14, 6], "rotation": 270, "texture": "#1"},
				"west": {"uv": [10, 2, 14, 6], "rotation": 270, "texture": "#1"},
				"up": {"uv": [10, 2, 14, 6], "rotation": 270, "texture": "#1"},
				"down": {"uv": [10, 2, 14, 6], "rotation": 270, "texture": "#1"}
			}
		},
		{
			"from": [8.57102, 9.40398, 8.175],
			"to": [8.59602, 9.62898, 8.55],
			"rotation": {"angle": 0, "axis": "y", "origin": [8.25, 9.52898, 8.3625]},
			"faces": {
				"north": {"uv": [10, 2, 14, 6], "rotation": 270, "texture": "#1"},
				"east": {"uv": [10, 2, 14, 6], "rotation": 270, "texture": "#1"},
				"south": {"uv": [10, 2, 14, 6], "rotation": 270, "texture": "#1"},
				"west": {"uv": [10, 2, 14, 6], "rotation": 270, "texture": "#1"},
				"up": {"uv": [10, 2, 14, 6], "rotation": 270, "texture": "#1"},
				"down": {"uv": [10, 2, 14, 6], "rotation": 270, "texture": "#1"}
			}
		},
		{
			"from": [8.64602, 9.37898, 8.175],
			"to": [8.67102, 9.52898, 8.55],
			"rotation": {"angle": 0, "axis": "y", "origin": [8.25, 9.52898, 8.3625]},
			"faces": {
				"north": {"uv": [2, 12, 4, 15], "rotation": 270, "texture": "#0"},
				"east": {"uv": [2, 12, 4, 15], "rotation": 270, "texture": "#0"},
				"south": {"uv": [2, 12, 4, 15], "rotation": 270, "texture": "#0"},
				"west": {"uv": [2, 12, 4, 15], "rotation": 270, "texture": "#0"},
				"up": {"uv": [2, 12, 4, 15], "rotation": 270, "texture": "#0"},
				"down": {"uv": [2, 12, 4, 15], "rotation": 270, "texture": "#0"}
			}
		},
		{
			"from": [7.82102, 9.37898, 8.175],
			"to": [7.84602, 9.52898, 8.55],
			"rotation": {"angle": 0, "axis": "y", "origin": [8.25, 9.52898, 8.3625]},
			"faces": {
				"north": {"uv": [2, 12, 4, 15], "rotation": 270, "texture": "#0"},
				"east": {"uv": [2, 12, 4, 15], "rotation": 270, "texture": "#0"},
				"south": {"uv": [2, 12, 4, 15], "rotation": 270, "texture": "#0"},
				"west": {"uv": [2, 12, 4, 15], "rotation": 270, "texture": "#0"},
				"up": {"uv": [2, 12, 4, 15], "rotation": 270, "texture": "#0"},
				"down": {"uv": [2, 12, 4, 15], "rotation": 270, "texture": "#0"}
			}
		},
		{
			"from": [7.84602, 9.37898, 8.15],
			"to": [7.89602, 9.52898, 8.575],
			"rotation": {"angle": 0, "axis": "y", "origin": [8.25, 9.52898, 8.3625]},
			"faces": {
				"north": {"uv": [2, 12, 4, 15], "rotation": 270, "texture": "#0"},
				"east": {"uv": [2, 12, 4, 15], "rotation": 270, "texture": "#0"},
				"south": {"uv": [2, 12, 4, 15], "rotation": 270, "texture": "#0"},
				"west": {"uv": [2, 12, 4, 15], "rotation": 270, "texture": "#0"},
				"up": {"uv": [2, 12, 4, 15], "rotation": 270, "texture": "#0"},
				"down": {"uv": [2, 12, 4, 15], "rotation": 270, "texture": "#0"}
			}
		},
		{
			"from": [7.89602, 9.37898, 8.125],
			"to": [7.94602, 9.52898, 8.6],
			"rotation": {"angle": 0, "axis": "y", "origin": [8.25, 9.52898, 8.3625]},
			"faces": {
				"north": {"uv": [2, 12, 4, 15], "rotation": 270, "texture": "#0"},
				"east": {"uv": [2, 12, 4, 15], "rotation": 270, "texture": "#0"},
				"south": {"uv": [2, 12, 4, 15], "rotation": 270, "texture": "#0"},
				"west": {"uv": [2, 12, 4, 15], "rotation": 270, "texture": "#0"},
				"up": {"uv": [2, 12, 4, 15], "rotation": 270, "texture": "#0"},
				"down": {"uv": [2, 12, 4, 15], "rotation": 270, "texture": "#0"}
			}
		},
		{
			"from": [7.94602, 9.37898, 8.1],
			"to": [7.99602, 9.52898, 8.625],
			"rotation": {"angle": 0, "axis": "y", "origin": [8.25, 9.52898, 8.3625]},
			"faces": {
				"north": {"uv": [2, 12, 4, 15], "rotation": 270, "texture": "#0"},
				"east": {"uv": [2, 12, 4, 15], "rotation": 270, "texture": "#0"},
				"south": {"uv": [2, 12, 4, 15], "rotation": 270, "texture": "#0"},
				"west": {"uv": [2, 12, 4, 15], "rotation": 270, "texture": "#0"},
				"up": {"uv": [2, 12, 4, 15], "rotation": 270, "texture": "#0"},
				"down": {"uv": [2, 12, 4, 15], "rotation": 270, "texture": "#0"}
			}
		},
		{
			"from": [7.99602, 9.37898, 8.075],
			"to": [8.49602, 9.52898, 8.65],
			"rotation": {"angle": 0, "axis": "y", "origin": [8.25, 9.52898, 8.3625]},
			"faces": {
				"north": {"uv": [2, 12, 4, 15], "rotation": 270, "texture": "#0"},
				"east": {"uv": [2, 12, 4, 15], "rotation": 270, "texture": "#0"},
				"south": {"uv": [2, 12, 4, 15], "rotation": 270, "texture": "#0"},
				"west": {"uv": [2, 12, 4, 15], "rotation": 270, "texture": "#0"},
				"up": {"uv": [2, 12, 4, 15], "rotation": 270, "texture": "#0"},
				"down": {"uv": [2, 12, 4, 15], "rotation": 270, "texture": "#0"}
			}
		},
		{
			"from": [8.02102, 9.37898, 8.65],
			"to": [8.47102, 9.52898, 8.675],
			"rotation": {"angle": 0, "axis": "y", "origin": [8.25, 9.52898, 8.3625]},
			"faces": {
				"north": {"uv": [2, 12, 4, 15], "rotation": 270, "texture": "#0"},
				"east": {"uv": [2, 12, 4, 15], "rotation": 270, "texture": "#0"},
				"south": {"uv": [2, 12, 4, 15], "rotation": 270, "texture": "#0"},
				"west": {"uv": [2, 12, 4, 15], "rotation": 270, "texture": "#0"},
				"up": {"uv": [2, 12, 4, 15], "rotation": 270, "texture": "#0"},
				"down": {"uv": [2, 12, 4, 15], "rotation": 270, "texture": "#0"}
			}
		},
		{
			"from": [8.02102, 9.37898, 8.05],
			"to": [8.47102, 9.52898, 8.075],
			"rotation": {"angle": 0, "axis": "y", "origin": [8.25, 9.52898, 8.3625]},
			"faces": {
				"north": {"uv": [2, 12, 4, 15], "rotation": 270, "texture": "#0"},
				"east": {"uv": [2, 12, 4, 15], "rotation": 270, "texture": "#0"},
				"south": {"uv": [2, 12, 4, 15], "rotation": 270, "texture": "#0"},
				"west": {"uv": [2, 12, 4, 15], "rotation": 270, "texture": "#0"},
				"up": {"uv": [2, 12, 4, 15], "rotation": 270, "texture": "#0"},
				"down": {"uv": [2, 12, 4, 15], "rotation": 270, "texture": "#0"}
			}
		},
		{
			"from": [8.49602, 9.37898, 8.1],
			"to": [8.54602, 9.52898, 8.625],
			"rotation": {"angle": 0, "axis": "y", "origin": [8.25, 9.52898, 8.3625]},
			"faces": {
				"north": {"uv": [2, 12, 4, 15], "rotation": 270, "texture": "#0"},
				"east": {"uv": [2, 12, 4, 15], "rotation": 270, "texture": "#0"},
				"south": {"uv": [2, 12, 4, 15], "rotation": 270, "texture": "#0"},
				"west": {"uv": [2, 12, 4, 15], "rotation": 270, "texture": "#0"},
				"up": {"uv": [2, 12, 4, 15], "rotation": 270, "texture": "#0"},
				"down": {"uv": [2, 12, 4, 15], "rotation": 270, "texture": "#0"}
			}
		},
		{
			"from": [8.54602, 9.37898, 8.125],
			"to": [8.59602, 9.52898, 8.6],
			"rotation": {"angle": 0, "axis": "y", "origin": [8.25, 9.52898, 8.3625]},
			"faces": {
				"north": {"uv": [2, 12, 4, 15], "rotation": 270, "texture": "#0"},
				"east": {"uv": [2, 12, 4, 15], "rotation": 270, "texture": "#0"},
				"south": {"uv": [2, 12, 4, 15], "rotation": 270, "texture": "#0"},
				"west": {"uv": [2, 12, 4, 15], "rotation": 270, "texture": "#0"},
				"up": {"uv": [2, 12, 4, 15], "rotation": 270, "texture": "#0"},
				"down": {"uv": [2, 12, 4, 15], "rotation": 270, "texture": "#0"}
			}
		},
		{
			"from": [8.59602, 9.37898, 8.15],
			"to": [8.64602, 9.52898, 8.575],
			"rotation": {"angle": 0, "axis": "y", "origin": [8.25, 9.52898, 8.3625]},
			"faces": {
				"north": {"uv": [2, 12, 4, 15], "rotation": 270, "texture": "#0"},
				"east": {"uv": [2, 12, 4, 15], "rotation": 270, "texture": "#0"},
				"south": {"uv": [2, 12, 4, 15], "rotation": 270, "texture": "#0"},
				"west": {"uv": [2, 12, 4, 15], "rotation": 270, "texture": "#0"},
				"up": {"uv": [2, 12, 4, 15], "rotation": 270, "texture": "#0"},
				"down": {"uv": [2, 12, 4, 15], "rotation": 270, "texture": "#0"}
			}
		},
		{
			"from": [7.975, 9.125, 8.125],
			"to": [8.55, 9.375, 8.675],
			"rotation": {"angle": 0, "axis": "y", "origin": [8.25, 9.25, 8.4]},
			"faces": {
				"north": {"uv": [11, 8, 14, 4], "rotation": 270, "texture": "#0"},
				"east": {"uv": [11, 8, 14, 4], "rotation": 270, "texture": "#0"},
				"south": {"uv": [11, 8, 14, 4], "rotation": 270, "texture": "#0"},
				"west": {"uv": [11, 8, 14, 4], "rotation": 270, "texture": "#0"},
				"up": {"uv": [11, 8, 14, 4], "rotation": 270, "texture": "#0"},
				"down": {"uv": [11, 8, 14, 4], "rotation": 270, "texture": "#0"}
			}
		},
		{
			"from": [7.95, 9.05, 8.6],
			"to": [8.575, 9.3, 9.15],
			"rotation": {"angle": 22.5, "axis": "x", "origin": [8.25, 9.175, 8.875]},
			"faces": {
				"north": {"uv": [11, 8, 14, 4], "rotation": 270, "texture": "#0"},
				"east": {"uv": [11, 8, 14, 4], "rotation": 270, "texture": "#0"},
				"south": {"uv": [11, 8, 14, 4], "rotation": 270, "texture": "#0"},
				"west": {"uv": [11, 8, 14, 4], "rotation": 270, "texture": "#0"},
				"up": {"uv": [11, 8, 14, 4], "rotation": 270, "texture": "#0"},
				"down": {"uv": [11, 8, 14, 4], "rotation": 270, "texture": "#0"}
			}
		},
		{
			"from": [7.975, 8.625, 9.15],
			"to": [8.55, 9.175, 9.4],
			"rotation": {"angle": -45, "axis": "x", "origin": [8.25, 8.9, 9.275]},
			"faces": {
				"north": {"uv": [11, 8, 14, 4], "rotation": 90, "texture": "#0"},
				"east": {"uv": [11, 8, 14, 4], "rotation": 90, "texture": "#0"},
				"south": {"uv": [11, 8, 14, 4], "rotation": 90, "texture": "#0"},
				"west": {"uv": [11, 8, 14, 4], "rotation": 90, "texture": "#0"},
				"up": {"uv": [11, 8, 14, 4], "rotation": 90, "texture": "#0"},
				"down": {"uv": [11, 8, 14, 4], "rotation": 90, "texture": "#0"}
			}
		},
		{
			"from": [7.95, 8.25, 9.425],
			"to": [8.575, 8.8, 9.675],
			"rotation": {"angle": -22.5, "axis": "x", "origin": [8.25, 8.525, 9.55]},
			"faces": {
				"north": {"uv": [11, 8, 14, 4], "rotation": 90, "texture": "#0"},
				"east": {"uv": [11, 8, 14, 4], "rotation": 90, "texture": "#0"},
				"south": {"uv": [11, 8, 14, 4], "rotation": 90, "texture": "#0"},
				"west": {"uv": [11, 8, 14, 4], "rotation": 90, "texture": "#0"},
				"up": {"uv": [11, 8, 14, 4], "rotation": 90, "texture": "#0"},
				"down": {"uv": [11, 8, 14, 4], "rotation": 90, "texture": "#0"}
			}
		},
		{
			"from": [7.975, 7.775, 9.525],
			"to": [8.55, 8.325, 9.775],
			"rotation": {"angle": 0, "axis": "y", "origin": [8.25, 8.05, 9.65]},
			"faces": {
				"north": {"uv": [11, 8, 14, 4], "rotation": 90, "texture": "#0"},
				"east": {"uv": [11, 8, 14, 4], "rotation": 90, "texture": "#0"},
				"south": {"uv": [11, 8, 14, 4], "rotation": 90, "texture": "#0"},
				"west": {"uv": [11, 8, 14, 4], "rotation": 90, "texture": "#0"},
				"up": {"uv": [11, 8, 14, 4], "rotation": 90, "texture": "#0"},
				"down": {"uv": [11, 8, 14, 4], "rotation": 90, "texture": "#0"}
			}
		},
		{
			"from": [7.95, 7.3, 9.425],
			"to": [8.575, 7.85, 9.675],
			"rotation": {"angle": 22.5, "axis": "x", "origin": [8.25, 7.575, 9.55]},
			"faces": {
				"north": {"uv": [11, 8, 14, 4], "rotation": 90, "texture": "#0"},
				"east": {"uv": [11, 8, 14, 4], "rotation": 90, "texture": "#0"},
				"south": {"uv": [11, 8, 14, 4], "rotation": 90, "texture": "#0"},
				"west": {"uv": [11, 8, 14, 4], "rotation": 90, "texture": "#0"},
				"up": {"uv": [11, 8, 14, 4], "rotation": 90, "texture": "#0"},
				"down": {"uv": [11, 8, 14, 4], "rotation": 90, "texture": "#0"}
			}
		},
		{
			"from": [7.975, 7.05, 9],
			"to": [8.55, 7.3, 9.55],
			"rotation": {"angle": -45, "axis": "x", "origin": [8.25, 7.175, 9.275]},
			"faces": {
				"north": {"uv": [11, 8, 14, 4], "rotation": 90, "texture": "#0"},
				"east": {"uv": [11, 8, 14, 4], "rotation": 90, "texture": "#0"},
				"south": {"uv": [11, 8, 14, 4], "rotation": 90, "texture": "#0"},
				"west": {"uv": [11, 8, 14, 4], "rotation": 90, "texture": "#0"},
				"up": {"uv": [11, 8, 14, 4], "rotation": 90, "texture": "#0"},
				"down": {"uv": [11, 8, 14, 4], "rotation": 90, "texture": "#0"}
			}
		},
		{
			"from": [7.95, 6.775, 8.6],
			"to": [8.575, 7.025, 9.15],
			"rotation": {"angle": -22.5, "axis": "x", "origin": [8.25, 6.9, 8.875]},
			"faces": {
				"north": {"uv": [11, 8, 14, 4], "rotation": 90, "texture": "#0"},
				"east": {"uv": [11, 8, 14, 4], "rotation": 90, "texture": "#0"},
				"south": {"uv": [11, 8, 14, 4], "rotation": 90, "texture": "#0"},
				"west": {"uv": [11, 8, 14, 4], "rotation": 90, "texture": "#0"},
				"up": {"uv": [11, 8, 14, 4], "rotation": 90, "texture": "#0"},
				"down": {"uv": [11, 8, 14, 4], "rotation": 90, "texture": "#0"}
			}
		},
		{
			"from": [7.975, 6.675, 8.125],
			"to": [8.55, 6.925, 8.675],
			"rotation": {"angle": 0, "axis": "y", "origin": [8, 6.425, 8.525]},
			"faces": {
				"north": {"uv": [11, 8, 14, 4], "rotation": 90, "texture": "#0"},
				"east": {"uv": [11, 8, 14, 4], "rotation": 90, "texture": "#0"},
				"south": {"uv": [11, 8, 14, 4], "rotation": 90, "texture": "#0"},
				"west": {"uv": [11, 8, 14, 4], "rotation": 90, "texture": "#0"},
				"up": {"uv": [11, 8, 14, 4], "rotation": 90, "texture": "#0"},
				"down": {"uv": [11, 8, 14, 4], "rotation": 90, "texture": "#0"}
			}
		},
		{
			"from": [7.95, 9.05, 7.65],
			"to": [8.575, 9.3, 8.2],
			"rotation": {"angle": -22.5, "axis": "x", "origin": [8.25, 9.175, 7.925]},
			"faces": {
				"north": {"uv": [11, 8, 14, 4], "rotation": 270, "texture": "#0"},
				"east": {"uv": [11, 8, 14, 4], "rotation": 270, "texture": "#0"},
				"south": {"uv": [11, 8, 14, 4], "rotation": 270, "texture": "#0"},
				"west": {"uv": [11, 8, 14, 4], "rotation": 270, "texture": "#0"},
				"up": {"uv": [11, 8, 14, 4], "rotation": 270, "texture": "#0"},
				"down": {"uv": [11, 8, 14, 4], "rotation": 270, "texture": "#0"}
			}
		},
		{
			"from": [7.975, 8.625, 7.4],
			"to": [8.55, 9.175, 7.65],
			"rotation": {"angle": 45, "axis": "x", "origin": [8.25, 8.9, 7.525]},
			"faces": {
				"north": {"uv": [11, 8, 14, 4], "rotation": 270, "texture": "#0"},
				"east": {"uv": [11, 8, 14, 4], "rotation": 270, "texture": "#0"},
				"south": {"uv": [11, 8, 14, 4], "rotation": 270, "texture": "#0"},
				"west": {"uv": [11, 8, 14, 4], "rotation": 270, "texture": "#0"},
				"up": {"uv": [11, 8, 14, 4], "rotation": 270, "texture": "#0"},
				"down": {"uv": [11, 8, 14, 4], "rotation": 270, "texture": "#0"}
			}
		},
		{
			"from": [7.95, 8.25, 7.125],
			"to": [8.575, 8.8, 7.375],
			"rotation": {"angle": 22.5, "axis": "x", "origin": [8.25, 8.525, 7.25]},
			"faces": {
				"north": {"uv": [11, 8, 14, 4], "rotation": 270, "texture": "#0"},
				"east": {"uv": [11, 8, 14, 4], "rotation": 270, "texture": "#0"},
				"south": {"uv": [11, 8, 14, 4], "rotation": 270, "texture": "#0"},
				"west": {"uv": [11, 8, 14, 4], "rotation": 270, "texture": "#0"},
				"up": {"uv": [11, 8, 14, 4], "rotation": 270, "texture": "#0"},
				"down": {"uv": [11, 8, 14, 4], "rotation": 270, "texture": "#0"}
			}
		},
		{
			"from": [7.975, 7.775, 7.025],
			"to": [8.55, 8.325, 7.275],
			"rotation": {"angle": 0, "axis": "y", "origin": [8.25, 8.05, 7.15]},
			"faces": {
				"north": {"uv": [11, 8, 14, 4], "rotation": 270, "texture": "#0"},
				"east": {"uv": [11, 8, 14, 4], "rotation": 270, "texture": "#0"},
				"south": {"uv": [11, 8, 14, 4], "rotation": 270, "texture": "#0"},
				"west": {"uv": [11, 8, 14, 4], "rotation": 270, "texture": "#0"},
				"up": {"uv": [11, 8, 14, 4], "rotation": 270, "texture": "#0"},
				"down": {"uv": [11, 8, 14, 4], "rotation": 270, "texture": "#0"}
			}
		},
		{
			"from": [7.95, 7.3, 7.125],
			"to": [8.575, 7.85, 7.375],
			"rotation": {"angle": -22.5, "axis": "x", "origin": [8.25, 7.575, 7.25]},
			"faces": {
				"north": {"uv": [11, 8, 14, 4], "rotation": 270, "texture": "#0"},
				"east": {"uv": [11, 8, 14, 4], "rotation": 270, "texture": "#0"},
				"south": {"uv": [11, 8, 14, 4], "rotation": 270, "texture": "#0"},
				"west": {"uv": [11, 8, 14, 4], "rotation": 270, "texture": "#0"},
				"up": {"uv": [11, 8, 14, 4], "rotation": 270, "texture": "#0"},
				"down": {"uv": [11, 8, 14, 4], "rotation": 270, "texture": "#0"}
			}
		},
		{
			"from": [7.975, 7.05, 7.25],
			"to": [8.55, 7.3, 7.8],
			"rotation": {"angle": 45, "axis": "x", "origin": [8.25, 7.175, 7.525]},
			"faces": {
				"north": {"uv": [11, 8, 14, 4], "rotation": 90, "texture": "#0"},
				"east": {"uv": [11, 8, 14, 4], "rotation": 90, "texture": "#0"},
				"south": {"uv": [11, 8, 14, 4], "rotation": 90, "texture": "#0"},
				"west": {"uv": [11, 8, 14, 4], "rotation": 90, "texture": "#0"},
				"up": {"uv": [11, 8, 14, 4], "rotation": 90, "texture": "#0"},
				"down": {"uv": [11, 8, 14, 4], "rotation": 90, "texture": "#0"}
			}
		},
		{
			"from": [7.95, 6.775, 7.65],
			"to": [8.575, 7.025, 8.2],
			"rotation": {"angle": 22.5, "axis": "x", "origin": [8.25, 6.9, 7.925]},
			"faces": {
				"north": {"uv": [11, 8, 14, 4], "rotation": 90, "texture": "#0"},
				"east": {"uv": [11, 8, 14, 4], "rotation": 90, "texture": "#0"},
				"south": {"uv": [11, 8, 14, 4], "rotation": 90, "texture": "#0"},
				"west": {"uv": [11, 8, 14, 4], "rotation": 90, "texture": "#0"},
				"up": {"uv": [11, 8, 14, 4], "rotation": 90, "texture": "#0"},
				"down": {"uv": [11, 8, 14, 4], "rotation": 90, "texture": "#0"}
			}
		},
		{
			"from": [8.12102, 9.17898, 7.65],
			"to": [8.39602, 9.40398, 7.875],
			"rotation": {"angle": -22.5, "axis": "x", "origin": [8.26105, 9.27273, 7.7625]},
			"faces": {
				"north": {"uv": [2, 2, 14, 14], "rotation": 270, "texture": "#1"},
				"east": {"uv": [2, 2, 14, 14], "rotation": 270, "texture": "#1"},
				"south": {"uv": [2, 2, 14, 14], "rotation": 270, "texture": "#1"},
				"west": {"uv": [2, 2, 14, 14], "rotation": 270, "texture": "#1"},
				"up": {"uv": [2, 2, 14, 14], "rotation": 270, "texture": "#1"},
				"down": {"uv": [2, 2, 14, 14], "rotation": 270, "texture": "#1"}
			}
		},
		{
			"from": [8.42102, 9.17898, 7.7],
			"to": [8.44602, 9.40398, 7.825],
			"rotation": {"angle": -22.5, "axis": "x", "origin": [8.26105, 9.27273, 7.7625]},
			"faces": {
				"north": {"uv": [10, 2, 14, 6], "rotation": 270, "texture": "#1"},
				"east": {"uv": [10, 2, 14, 6], "rotation": 270, "texture": "#1"},
				"south": {"uv": [10, 2, 14, 6], "rotation": 270, "texture": "#1"},
				"west": {"uv": [10, 2, 14, 6], "rotation": 270, "texture": "#1"},
				"up": {"uv": [10, 2, 14, 6], "rotation": 270, "texture": "#1"},
				"down": {"uv": [10, 2, 14, 6], "rotation": 270, "texture": "#1"}
			}
		},
		{
			"from": [8.07898, 9.17898, 7.7],
			"to": [8.10398, 9.40398, 7.825],
			"rotation": {"angle": -22.5, "axis": "x", "origin": [8.26105, 9.27273, 7.7625]},
			"faces": {
				"north": {"uv": [10, 6, 14, 2], "rotation": 270, "texture": "#1"},
				"east": {"uv": [10, 6, 14, 2], "rotation": 270, "texture": "#1"},
				"south": {"uv": [10, 6, 14, 2], "rotation": 270, "texture": "#1"},
				"west": {"uv": [10, 6, 14, 2], "rotation": 270, "texture": "#1"},
				"up": {"uv": [10, 6, 14, 2], "rotation": 270, "texture": "#1"},
				"down": {"uv": [10, 6, 14, 2], "rotation": 270, "texture": "#1"}
			}
		},
		{
			"from": [8.44602, 9.17898, 7.725],
			"to": [8.47102, 9.40398, 7.8],
			"rotation": {"angle": -22.5, "axis": "x", "origin": [8.26105, 9.27273, 7.7625]},
			"faces": {
				"north": {"uv": [10, 2, 14, 6], "rotation": 270, "texture": "#1"},
				"east": {"uv": [10, 2, 14, 6], "rotation": 270, "texture": "#1"},
				"south": {"uv": [10, 2, 14, 6], "rotation": 270, "texture": "#1"},
				"west": {"uv": [10, 2, 14, 6], "rotation": 270, "texture": "#1"},
				"up": {"uv": [10, 2, 14, 6], "rotation": 270, "texture": "#1"},
				"down": {"uv": [10, 2, 14, 6], "rotation": 270, "texture": "#1"}
			}
		},
		{
			"from": [8.05398, 9.17898, 7.725],
			"to": [8.07898, 9.40398, 7.8],
			"rotation": {"angle": -22.5, "axis": "x", "origin": [8.26105, 9.27273, 7.7625]},
			"faces": {
				"north": {"uv": [10, 6, 14, 2], "rotation": 270, "texture": "#1"},
				"east": {"uv": [10, 6, 14, 2], "rotation": 270, "texture": "#1"},
				"south": {"uv": [10, 6, 14, 2], "rotation": 270, "texture": "#1"},
				"west": {"uv": [10, 6, 14, 2], "rotation": 270, "texture": "#1"},
				"up": {"uv": [10, 6, 14, 2], "rotation": 270, "texture": "#1"},
				"down": {"uv": [10, 6, 14, 2], "rotation": 270, "texture": "#1"}
			}
		},
		{
			"from": [8.14602, 9.17898, 7.875],
			"to": [8.37102, 9.40398, 7.9],
			"rotation": {"angle": -22.5, "axis": "x", "origin": [8.26105, 9.27273, 7.7625]},
			"faces": {
				"north": {"uv": [10, 2, 14, 6], "rotation": 270, "texture": "#1"},
				"east": {"uv": [10, 2, 14, 6], "rotation": 270, "texture": "#1"},
				"south": {"uv": [10, 2, 14, 6], "rotation": 270, "texture": "#1"},
				"west": {"uv": [10, 2, 14, 6], "rotation": 270, "texture": "#1"},
				"up": {"uv": [10, 2, 14, 6], "rotation": 270, "texture": "#1"},
				"down": {"uv": [10, 2, 14, 6], "rotation": 270, "texture": "#1"}
			}
		},
		{
			"from": [8.14602, 9.17898, 7.625],
			"to": [8.37102, 9.40398, 7.65],
			"rotation": {"angle": -22.5, "axis": "x", "origin": [8.26105, 9.27273, 7.7625]},
			"faces": {
				"north": {"uv": [10, 6, 14, 2], "rotation": 270, "texture": "#1"},
				"east": {"uv": [10, 6, 14, 2], "rotation": 270, "texture": "#1"},
				"south": {"uv": [10, 6, 14, 2], "rotation": 270, "texture": "#1"},
				"west": {"uv": [10, 6, 14, 2], "rotation": 270, "texture": "#1"},
				"up": {"uv": [14, 2, 10, 6], "rotation": 270, "texture": "#1"},
				"down": {"uv": [14, 2, 10, 6], "rotation": 270, "texture": "#1"}
			}
		},
		{
			"from": [8.19602, 9.17898, 7.9],
			"to": [8.32102, 9.40398, 7.925],
			"rotation": {"angle": -22.5, "axis": "x", "origin": [8.26105, 9.27273, 7.7625]},
			"faces": {
				"north": {"uv": [10, 2, 14, 6], "rotation": 270, "texture": "#1"},
				"east": {"uv": [10, 2, 14, 6], "rotation": 270, "texture": "#1"},
				"south": {"uv": [10, 2, 14, 6], "rotation": 270, "texture": "#1"},
				"west": {"uv": [10, 2, 14, 6], "rotation": 270, "texture": "#1"},
				"up": {"uv": [10, 2, 14, 6], "rotation": 270, "texture": "#1"},
				"down": {"uv": [10, 2, 14, 6], "rotation": 270, "texture": "#1"}
			}
		},
		{
			"from": [8.19602, 9.17898, 7.6],
			"to": [8.32102, 9.40398, 7.625],
			"rotation": {"angle": -22.5, "axis": "x", "origin": [8.26105, 9.27273, 7.7625]},
			"faces": {
				"north": {"uv": [10, 6, 14, 2], "rotation": 270, "texture": "#1"},
				"east": {"uv": [10, 6, 14, 2], "rotation": 270, "texture": "#1"},
				"south": {"uv": [10, 6, 14, 2], "rotation": 270, "texture": "#1"},
				"west": {"uv": [10, 6, 14, 2], "rotation": 270, "texture": "#1"},
				"up": {"uv": [14, 2, 10, 6], "rotation": 270, "texture": "#1"},
				"down": {"uv": [14, 2, 10, 6], "rotation": 270, "texture": "#1"}
			}
		},
		{
			"from": [8.39602, 9.17898, 7.675],
			"to": [8.42102, 9.40398, 7.85],
			"rotation": {"angle": -22.5, "axis": "x", "origin": [8.26105, 9.27273, 7.7625]},
			"faces": {
				"north": {"uv": [10, 2, 14, 6], "rotation": 270, "texture": "#1"},
				"east": {"uv": [10, 2, 14, 6], "rotation": 270, "texture": "#1"},
				"south": {"uv": [10, 2, 14, 6], "rotation": 270, "texture": "#1"},
				"west": {"uv": [10, 2, 14, 6], "rotation": 270, "texture": "#1"},
				"up": {"uv": [10, 2, 14, 6], "rotation": 270, "texture": "#1"},
				"down": {"uv": [10, 2, 14, 6], "rotation": 270, "texture": "#1"}
			}
		},
		{
			"from": [8.10398, 9.17898, 7.675],
			"to": [8.12898, 9.40398, 7.85],
			"rotation": {"angle": -22.5, "axis": "x", "origin": [8.26105, 9.27273, 7.7625]},
			"faces": {
				"north": {"uv": [10, 6, 14, 2], "rotation": 270, "texture": "#1"},
				"east": {"uv": [10, 6, 14, 2], "rotation": 270, "texture": "#1"},
				"south": {"uv": [10, 6, 14, 2], "rotation": 270, "texture": "#1"},
				"west": {"uv": [10, 6, 14, 2], "rotation": 270, "texture": "#1"},
				"up": {"uv": [10, 6, 14, 2], "rotation": 270, "texture": "#1"},
				"down": {"uv": [10, 6, 14, 2], "rotation": 270, "texture": "#1"}
			}
		},
		{
			"from": [8.12102, 9.17898, 7.6],
			"to": [8.39602, 9.32898, 7.925],
			"rotation": {"angle": -22.5, "axis": "x", "origin": [8.26105, 9.27273, 7.7625]},
			"faces": {
				"north": {"uv": [2, 12, 4, 15], "rotation": 270, "texture": "#0"},
				"east": {"uv": [2, 12, 4, 15], "rotation": 270, "texture": "#0"},
				"south": {"uv": [2, 12, 4, 15], "rotation": 270, "texture": "#0"},
				"west": {"uv": [2, 12, 4, 15], "rotation": 270, "texture": "#0"},
				"up": {"uv": [2, 12, 4, 15], "rotation": 270, "texture": "#0"},
				"down": {"uv": [2, 12, 4, 15], "rotation": 270, "texture": "#0"}
			}
		},
		{
			"from": [8.14602, 9.17898, 7.925],
			"to": [8.37102, 9.32898, 7.95],
			"rotation": {"angle": -22.5, "axis": "x", "origin": [8.26105, 9.27273, 7.7625]},
			"faces": {
				"north": {"uv": [2, 12, 4, 15], "rotation": 270, "texture": "#0"},
				"east": {"uv": [2, 12, 4, 15], "rotation": 270, "texture": "#0"},
				"south": {"uv": [2, 12, 4, 15], "rotation": 270, "texture": "#0"},
				"west": {"uv": [2, 12, 4, 15], "rotation": 270, "texture": "#0"},
				"up": {"uv": [2, 12, 4, 15], "rotation": 270, "texture": "#0"},
				"down": {"uv": [2, 12, 4, 15], "rotation": 270, "texture": "#0"}
			}
		},
		{
			"from": [8.14602, 9.17898, 7.575],
			"to": [8.37102, 9.32898, 7.6],
			"rotation": {"angle": -22.5, "axis": "x", "origin": [8.26105, 9.27273, 7.7625]},
			"faces": {
				"north": {"uv": [2, 15, 4, 12], "rotation": 270, "texture": "#0"},
				"east": {"uv": [2, 15, 4, 12], "rotation": 270, "texture": "#0"},
				"south": {"uv": [2, 15, 4, 12], "rotation": 270, "texture": "#0"},
				"west": {"uv": [2, 15, 4, 12], "rotation": 270, "texture": "#0"},
				"up": {"uv": [4, 12, 2, 15], "rotation": 270, "texture": "#0"},
				"down": {"uv": [4, 12, 2, 15], "rotation": 270, "texture": "#0"}
			}
		},
		{
			"from": [8.39602, 9.17898, 7.625],
			"to": [8.42102, 9.32898, 7.9],
			"rotation": {"angle": -22.5, "axis": "x", "origin": [8.26105, 9.27273, 7.7625]},
			"faces": {
				"north": {"uv": [2, 12, 4, 15], "rotation": 270, "texture": "#0"},
				"east": {"uv": [2, 12, 4, 15], "rotation": 270, "texture": "#0"},
				"south": {"uv": [2, 12, 4, 15], "rotation": 270, "texture": "#0"},
				"west": {"uv": [2, 12, 4, 15], "rotation": 270, "texture": "#0"},
				"up": {"uv": [2, 12, 4, 15], "rotation": 270, "texture": "#0"},
				"down": {"uv": [2, 12, 4, 15], "rotation": 270, "texture": "#0"}
			}
		},
		{
			"from": [8.10398, 9.17898, 7.625],
			"to": [8.12898, 9.32898, 7.9],
			"rotation": {"angle": -22.5, "axis": "x", "origin": [8.26105, 9.27273, 7.7625]},
			"faces": {
				"north": {"uv": [2, 15, 4, 12], "rotation": 270, "texture": "#0"},
				"east": {"uv": [2, 15, 4, 12], "rotation": 270, "texture": "#0"},
				"south": {"uv": [2, 15, 4, 12], "rotation": 270, "texture": "#0"},
				"west": {"uv": [2, 15, 4, 12], "rotation": 270, "texture": "#0"},
				"up": {"uv": [2, 15, 4, 12], "rotation": 270, "texture": "#0"},
				"down": {"uv": [2, 15, 4, 12], "rotation": 270, "texture": "#0"}
			}
		},
		{
			"from": [8.42102, 9.17898, 7.65],
			"to": [8.44602, 9.32898, 7.875],
			"rotation": {"angle": -22.5, "axis": "x", "origin": [8.26105, 9.27273, 7.7625]},
			"faces": {
				"north": {"uv": [2, 12, 4, 15], "rotation": 270, "texture": "#0"},
				"east": {"uv": [2, 12, 4, 15], "rotation": 270, "texture": "#0"},
				"south": {"uv": [2, 12, 4, 15], "rotation": 270, "texture": "#0"},
				"west": {"uv": [2, 12, 4, 15], "rotation": 270, "texture": "#0"},
				"up": {"uv": [2, 12, 4, 15], "rotation": 270, "texture": "#0"},
				"down": {"uv": [2, 12, 4, 15], "rotation": 270, "texture": "#0"}
			}
		},
		{
			"from": [8.07898, 9.17898, 7.65],
			"to": [8.10398, 9.32898, 7.875],
			"rotation": {"angle": -22.5, "axis": "x", "origin": [8.26105, 9.27273, 7.7625]},
			"faces": {
				"north": {"uv": [2, 15, 4, 12], "rotation": 270, "texture": "#0"},
				"east": {"uv": [2, 15, 4, 12], "rotation": 270, "texture": "#0"},
				"south": {"uv": [2, 15, 4, 12], "rotation": 270, "texture": "#0"},
				"west": {"uv": [2, 15, 4, 12], "rotation": 270, "texture": "#0"},
				"up": {"uv": [2, 15, 4, 12], "rotation": 270, "texture": "#0"},
				"down": {"uv": [2, 15, 4, 12], "rotation": 270, "texture": "#0"}
			}
		},
		{
			"from": [8.44602, 9.17898, 7.675],
			"to": [8.47102, 9.32898, 7.85],
			"rotation": {"angle": -22.5, "axis": "x", "origin": [8.26105, 9.27273, 7.7625]},
			"faces": {
				"north": {"uv": [2, 12, 4, 15], "rotation": 270, "texture": "#0"},
				"east": {"uv": [2, 12, 4, 15], "rotation": 270, "texture": "#0"},
				"south": {"uv": [2, 12, 4, 15], "rotation": 270, "texture": "#0"},
				"west": {"uv": [2, 12, 4, 15], "rotation": 270, "texture": "#0"},
				"up": {"uv": [2, 12, 4, 15], "rotation": 270, "texture": "#0"},
				"down": {"uv": [2, 12, 4, 15], "rotation": 270, "texture": "#0"}
			}
		},
		{
			"from": [8.05398, 9.17898, 7.675],
			"to": [8.07898, 9.32898, 7.85],
			"rotation": {"angle": -22.5, "axis": "x", "origin": [8.26105, 9.27273, 7.7625]},
			"faces": {
				"north": {"uv": [2, 15, 4, 12], "rotation": 270, "texture": "#0"},
				"east": {"uv": [2, 15, 4, 12], "rotation": 270, "texture": "#0"},
				"south": {"uv": [2, 15, 4, 12], "rotation": 270, "texture": "#0"},
				"west": {"uv": [2, 15, 4, 12], "rotation": 270, "texture": "#0"},
				"up": {"uv": [2, 15, 4, 12], "rotation": 270, "texture": "#0"},
				"down": {"uv": [2, 15, 4, 12], "rotation": 270, "texture": "#0"}
			}
		},
		{
			"from": [8.47102, 9.17898, 7.7],
			"to": [8.49602, 9.32898, 7.825],
			"rotation": {"angle": -22.5, "axis": "x", "origin": [8.26105, 9.27273, 7.7625]},
			"faces": {
				"north": {"uv": [2, 12, 4, 15], "rotation": 270, "texture": "#0"},
				"east": {"uv": [2, 12, 4, 15], "rotation": 270, "texture": "#0"},
				"south": {"uv": [2, 12, 4, 15], "rotation": 270, "texture": "#0"},
				"west": {"uv": [2, 12, 4, 15], "rotation": 270, "texture": "#0"},
				"up": {"uv": [2, 12, 4, 15], "rotation": 270, "texture": "#0"},
				"down": {"uv": [2, 12, 4, 15], "rotation": 270, "texture": "#0"}
			}
		},
		{
			"from": [8.02898, 9.17898, 7.7],
			"to": [8.05398, 9.32898, 7.825],
			"rotation": {"angle": -22.5, "axis": "x", "origin": [8.26105, 9.27273, 7.7625]},
			"faces": {
				"north": {"uv": [2, 15, 4, 12], "rotation": 270, "texture": "#0"},
				"east": {"uv": [2, 15, 4, 12], "rotation": 270, "texture": "#0"},
				"south": {"uv": [2, 15, 4, 12], "rotation": 270, "texture": "#0"},
				"west": {"uv": [2, 15, 4, 12], "rotation": 270, "texture": "#0"},
				"up": {"uv": [2, 15, 4, 12], "rotation": 270, "texture": "#0"},
				"down": {"uv": [2, 15, 4, 12], "rotation": 270, "texture": "#0"}
			}
		},
		{
			"from": [8.12102, 9.20398, 8.85],
			"to": [8.39602, 9.42898, 9.075],
			"rotation": {"angle": 22.5, "axis": "x", "origin": [8.26105, 9.29773, 8.9625]},
			"faces": {
				"north": {"uv": [2, 14, 14, 2], "rotation": 270, "texture": "#1"},
				"east": {"uv": [2, 14, 14, 2], "rotation": 270, "texture": "#1"},
				"south": {"uv": [2, 14, 14, 2], "rotation": 270, "texture": "#1"},
				"west": {"uv": [2, 14, 14, 2], "rotation": 270, "texture": "#1"},
				"up": {"uv": [14, 2, 2, 14], "rotation": 270, "texture": "#1"},
				"down": {"uv": [14, 2, 2, 14], "rotation": 270, "texture": "#1"}
			}
		},
		{
			"from": [8.42102, 9.20398, 8.9],
			"to": [8.44602, 9.42898, 9.025],
			"rotation": {"angle": 22.5, "axis": "x", "origin": [8.26105, 9.29773, 8.9625]},
			"faces": {
				"north": {"uv": [10, 6, 14, 2], "rotation": 270, "texture": "#1"},
				"east": {"uv": [10, 6, 14, 2], "rotation": 270, "texture": "#1"},
				"south": {"uv": [10, 6, 14, 2], "rotation": 270, "texture": "#1"},
				"west": {"uv": [10, 6, 14, 2], "rotation": 270, "texture": "#1"},
				"up": {"uv": [14, 2, 10, 6], "rotation": 270, "texture": "#1"},
				"down": {"uv": [14, 2, 10, 6], "rotation": 270, "texture": "#1"}
			}
		},
		{
			"from": [8.07898, 9.20398, 8.9],
			"to": [8.10398, 9.42898, 9.025],
			"rotation": {"angle": 22.5, "axis": "x", "origin": [8.26105, 9.29773, 8.9625]},
			"faces": {
				"north": {"uv": [10, 2, 14, 6], "rotation": 270, "texture": "#1"},
				"east": {"uv": [10, 2, 14, 6], "rotation": 270, "texture": "#1"},
				"south": {"uv": [10, 2, 14, 6], "rotation": 270, "texture": "#1"},
				"west": {"uv": [10, 2, 14, 6], "rotation": 270, "texture": "#1"},
				"up": {"uv": [14, 6, 10, 2], "rotation": 270, "texture": "#1"},
				"down": {"uv": [14, 6, 10, 2], "rotation": 270, "texture": "#1"}
			}
		},
		{
			"from": [8.44602, 9.20398, 8.925],
			"to": [8.47102, 9.42898, 9],
			"rotation": {"angle": 22.5, "axis": "x", "origin": [8.26105, 9.29773, 8.9625]},
			"faces": {
				"north": {"uv": [10, 6, 14, 2], "rotation": 270, "texture": "#1"},
				"east": {"uv": [10, 6, 14, 2], "rotation": 270, "texture": "#1"},
				"south": {"uv": [10, 6, 14, 2], "rotation": 270, "texture": "#1"},
				"west": {"uv": [10, 6, 14, 2], "rotation": 270, "texture": "#1"},
				"up": {"uv": [14, 2, 10, 6], "rotation": 270, "texture": "#1"},
				"down": {"uv": [14, 2, 10, 6], "rotation": 270, "texture": "#1"}
			}
		},
		{
			"from": [8.05398, 9.20398, 8.925],
			"to": [8.07898, 9.42898, 9],
			"rotation": {"angle": 22.5, "axis": "x", "origin": [8.26105, 9.29773, 8.9625]},
			"faces": {
				"north": {"uv": [10, 2, 14, 6], "rotation": 270, "texture": "#1"},
				"east": {"uv": [10, 2, 14, 6], "rotation": 270, "texture": "#1"},
				"south": {"uv": [10, 2, 14, 6], "rotation": 270, "texture": "#1"},
				"west": {"uv": [10, 2, 14, 6], "rotation": 270, "texture": "#1"},
				"up": {"uv": [14, 6, 10, 2], "rotation": 270, "texture": "#1"},
				"down": {"uv": [14, 6, 10, 2], "rotation": 270, "texture": "#1"}
			}
		},
		{
			"from": [8.14602, 9.20398, 8.825],
			"to": [8.37102, 9.42898, 8.85],
			"rotation": {"angle": 22.5, "axis": "x", "origin": [8.26105, 9.29773, 8.9625]},
			"faces": {
				"north": {"uv": [10, 6, 14, 2], "rotation": 270, "texture": "#1"},
				"east": {"uv": [10, 6, 14, 2], "rotation": 270, "texture": "#1"},
				"south": {"uv": [10, 6, 14, 2], "rotation": 270, "texture": "#1"},
				"west": {"uv": [10, 6, 14, 2], "rotation": 270, "texture": "#1"},
				"up": {"uv": [14, 2, 10, 6], "rotation": 270, "texture": "#1"},
				"down": {"uv": [14, 2, 10, 6], "rotation": 270, "texture": "#1"}
			}
		},
		{
			"from": [8.14602, 9.20398, 9.075],
			"to": [8.37102, 9.42898, 9.1],
			"rotation": {"angle": 22.5, "axis": "x", "origin": [8.26105, 9.29773, 8.9625]},
			"faces": {
				"north": {"uv": [10, 2, 14, 6], "rotation": 270, "texture": "#1"},
				"east": {"uv": [10, 2, 14, 6], "rotation": 270, "texture": "#1"},
				"south": {"uv": [10, 2, 14, 6], "rotation": 270, "texture": "#1"},
				"west": {"uv": [10, 2, 14, 6], "rotation": 270, "texture": "#1"},
				"up": {"uv": [10, 2, 14, 6], "rotation": 270, "texture": "#1"},
				"down": {"uv": [10, 2, 14, 6], "rotation": 270, "texture": "#1"}
			}
		},
		{
			"from": [8.19602, 9.20398, 8.8],
			"to": [8.32102, 9.42898, 8.825],
			"rotation": {"angle": 22.5, "axis": "x", "origin": [8.26105, 9.29773, 8.9625]},
			"faces": {
				"north": {"uv": [10, 6, 14, 2], "rotation": 270, "texture": "#1"},
				"east": {"uv": [10, 6, 14, 2], "rotation": 270, "texture": "#1"},
				"south": {"uv": [10, 6, 14, 2], "rotation": 270, "texture": "#1"},
				"west": {"uv": [10, 6, 14, 2], "rotation": 270, "texture": "#1"},
				"up": {"uv": [14, 2, 10, 6], "rotation": 270, "texture": "#1"},
				"down": {"uv": [14, 2, 10, 6], "rotation": 270, "texture": "#1"}
			}
		},
		{
			"from": [8.19602, 9.20398, 9.1],
			"to": [8.32102, 9.42898, 9.125],
			"rotation": {"angle": 22.5, "axis": "x", "origin": [8.26105, 9.29773, 8.9625]},
			"faces": {
				"north": {"uv": [10, 2, 14, 6], "rotation": 270, "texture": "#1"},
				"east": {"uv": [10, 2, 14, 6], "rotation": 270, "texture": "#1"},
				"south": {"uv": [10, 2, 14, 6], "rotation": 270, "texture": "#1"},
				"west": {"uv": [10, 2, 14, 6], "rotation": 270, "texture": "#1"},
				"up": {"uv": [10, 2, 14, 6], "rotation": 270, "texture": "#1"},
				"down": {"uv": [10, 2, 14, 6], "rotation": 270, "texture": "#1"}
			}
		},
		{
			"from": [8.39602, 9.20398, 8.875],
			"to": [8.42102, 9.42898, 9.05],
			"rotation": {"angle": 22.5, "axis": "x", "origin": [8.26105, 9.29773, 8.9625]},
			"faces": {
				"north": {"uv": [10, 6, 14, 2], "rotation": 270, "texture": "#1"},
				"east": {"uv": [10, 6, 14, 2], "rotation": 270, "texture": "#1"},
				"south": {"uv": [10, 6, 14, 2], "rotation": 270, "texture": "#1"},
				"west": {"uv": [10, 6, 14, 2], "rotation": 270, "texture": "#1"},
				"up": {"uv": [14, 2, 10, 6], "rotation": 270, "texture": "#1"},
				"down": {"uv": [14, 2, 10, 6], "rotation": 270, "texture": "#1"}
			}
		},
		{
			"from": [8.10398, 9.20398, 8.875],
			"to": [8.12898, 9.42898, 9.05],
			"rotation": {"angle": 22.5, "axis": "x", "origin": [8.26105, 9.29773, 8.9625]},
			"faces": {
				"north": {"uv": [10, 2, 14, 6], "rotation": 270, "texture": "#1"},
				"east": {"uv": [10, 2, 14, 6], "rotation": 270, "texture": "#1"},
				"south": {"uv": [10, 2, 14, 6], "rotation": 270, "texture": "#1"},
				"west": {"uv": [10, 2, 14, 6], "rotation": 270, "texture": "#1"},
				"up": {"uv": [14, 6, 10, 2], "rotation": 270, "texture": "#1"},
				"down": {"uv": [14, 6, 10, 2], "rotation": 270, "texture": "#1"}
			}
		},
		{
			"from": [8.12102, 9.20398, 8.8],
			"to": [8.39602, 9.35398, 9.125],
			"rotation": {"angle": 22.5, "axis": "x", "origin": [8.26105, 9.29773, 8.9625]},
			"faces": {
				"north": {"uv": [2, 15, 4, 12], "rotation": 270, "texture": "#0"},
				"east": {"uv": [2, 15, 4, 12], "rotation": 270, "texture": "#0"},
				"south": {"uv": [2, 15, 4, 12], "rotation": 270, "texture": "#0"},
				"west": {"uv": [2, 15, 4, 12], "rotation": 270, "texture": "#0"},
				"up": {"uv": [4, 12, 2, 15], "rotation": 270, "texture": "#0"},
				"down": {"uv": [4, 12, 2, 15], "rotation": 270, "texture": "#0"}
			}
		},
		{
			"from": [8.14602, 9.20398, 8.775],
			"to": [8.37102, 9.35398, 8.8],
			"rotation": {"angle": 22.5, "axis": "x", "origin": [8.26105, 9.29773, 8.9625]},
			"faces": {
				"north": {"uv": [2, 15, 4, 12], "rotation": 270, "texture": "#0"},
				"east": {"uv": [2, 15, 4, 12], "rotation": 270, "texture": "#0"},
				"south": {"uv": [2, 15, 4, 12], "rotation": 270, "texture": "#0"},
				"west": {"uv": [2, 15, 4, 12], "rotation": 270, "texture": "#0"},
				"up": {"uv": [4, 12, 2, 15], "rotation": 270, "texture": "#0"},
				"down": {"uv": [4, 12, 2, 15], "rotation": 270, "texture": "#0"}
			}
		},
		{
			"from": [8.14602, 9.20398, 9.125],
			"to": [8.37102, 9.35398, 9.15],
			"rotation": {"angle": 22.5, "axis": "x", "origin": [8.26105, 9.29773, 8.9625]},
			"faces": {
				"north": {"uv": [2, 12, 4, 15], "rotation": 270, "texture": "#0"},
				"east": {"uv": [2, 12, 4, 15], "rotation": 270, "texture": "#0"},
				"south": {"uv": [2, 12, 4, 15], "rotation": 270, "texture": "#0"},
				"west": {"uv": [2, 12, 4, 15], "rotation": 270, "texture": "#0"},
				"up": {"uv": [2, 12, 4, 15], "rotation": 270, "texture": "#0"},
				"down": {"uv": [2, 12, 4, 15], "rotation": 270, "texture": "#0"}
			}
		},
		{
			"from": [8.39602, 9.20398, 8.825],
			"to": [8.42102, 9.35398, 9.1],
			"rotation": {"angle": 22.5, "axis": "x", "origin": [8.26105, 9.29773, 8.9625]},
			"faces": {
				"north": {"uv": [2, 15, 4, 12], "rotation": 270, "texture": "#0"},
				"east": {"uv": [2, 15, 4, 12], "rotation": 270, "texture": "#0"},
				"south": {"uv": [2, 15, 4, 12], "rotation": 270, "texture": "#0"},
				"west": {"uv": [2, 15, 4, 12], "rotation": 270, "texture": "#0"},
				"up": {"uv": [4, 12, 2, 15], "rotation": 270, "texture": "#0"},
				"down": {"uv": [4, 12, 2, 15], "rotation": 270, "texture": "#0"}
			}
		},
		{
			"from": [8.10398, 9.20398, 8.825],
			"to": [8.12898, 9.35398, 9.1],
			"rotation": {"angle": 22.5, "axis": "x", "origin": [8.26105, 9.29773, 8.9625]},
			"faces": {
				"north": {"uv": [2, 12, 4, 15], "rotation": 270, "texture": "#0"},
				"east": {"uv": [2, 12, 4, 15], "rotation": 270, "texture": "#0"},
				"south": {"uv": [2, 12, 4, 15], "rotation": 270, "texture": "#0"},
				"west": {"uv": [2, 12, 4, 15], "rotation": 270, "texture": "#0"},
				"up": {"uv": [4, 15, 2, 12], "rotation": 270, "texture": "#0"},
				"down": {"uv": [4, 15, 2, 12], "rotation": 270, "texture": "#0"}
			}
		},
		{
			"from": [8.42102, 9.20398, 8.85],
			"to": [8.44602, 9.35398, 9.075],
			"rotation": {"angle": 22.5, "axis": "x", "origin": [8.26105, 9.29773, 8.9625]},
			"faces": {
				"north": {"uv": [2, 15, 4, 12], "rotation": 270, "texture": "#0"},
				"east": {"uv": [2, 15, 4, 12], "rotation": 270, "texture": "#0"},
				"south": {"uv": [2, 15, 4, 12], "rotation": 270, "texture": "#0"},
				"west": {"uv": [2, 15, 4, 12], "rotation": 270, "texture": "#0"},
				"up": {"uv": [4, 12, 2, 15], "rotation": 270, "texture": "#0"},
				"down": {"uv": [4, 12, 2, 15], "rotation": 270, "texture": "#0"}
			}
		},
		{
			"from": [8.07898, 9.20398, 8.85],
			"to": [8.10398, 9.35398, 9.075],
			"rotation": {"angle": 22.5, "axis": "x", "origin": [8.26105, 9.29773, 8.9625]},
			"faces": {
				"north": {"uv": [2, 12, 4, 15], "rotation": 270, "texture": "#0"},
				"east": {"uv": [2, 12, 4, 15], "rotation": 270, "texture": "#0"},
				"south": {"uv": [2, 12, 4, 15], "rotation": 270, "texture": "#0"},
				"west": {"uv": [2, 12, 4, 15], "rotation": 270, "texture": "#0"},
				"up": {"uv": [4, 15, 2, 12], "rotation": 270, "texture": "#0"},
				"down": {"uv": [4, 15, 2, 12], "rotation": 270, "texture": "#0"}
			}
		},
		{
			"from": [8.44602, 9.20398, 8.875],
			"to": [8.47102, 9.35398, 9.05],
			"rotation": {"angle": 22.5, "axis": "x", "origin": [8.26105, 9.29773, 8.9625]},
			"faces": {
				"north": {"uv": [2, 15, 4, 12], "rotation": 270, "texture": "#0"},
				"east": {"uv": [2, 15, 4, 12], "rotation": 270, "texture": "#0"},
				"south": {"uv": [2, 15, 4, 12], "rotation": 270, "texture": "#0"},
				"west": {"uv": [2, 15, 4, 12], "rotation": 270, "texture": "#0"},
				"up": {"uv": [4, 12, 2, 15], "rotation": 270, "texture": "#0"},
				"down": {"uv": [4, 12, 2, 15], "rotation": 270, "texture": "#0"}
			}
		},
		{
			"from": [8.05398, 9.20398, 8.875],
			"to": [8.07898, 9.35398, 9.05],
			"rotation": {"angle": 22.5, "axis": "x", "origin": [8.26105, 9.29773, 8.9625]},
			"faces": {
				"north": {"uv": [2, 12, 4, 15], "rotation": 270, "texture": "#0"},
				"east": {"uv": [2, 12, 4, 15], "rotation": 270, "texture": "#0"},
				"south": {"uv": [2, 12, 4, 15], "rotation": 270, "texture": "#0"},
				"west": {"uv": [2, 12, 4, 15], "rotation": 270, "texture": "#0"},
				"up": {"uv": [4, 15, 2, 12], "rotation": 270, "texture": "#0"},
				"down": {"uv": [4, 15, 2, 12], "rotation": 270, "texture": "#0"}
			}
		},
		{
			"from": [8.47102, 9.20398, 8.9],
			"to": [8.49602, 9.35398, 9.025],
			"rotation": {"angle": 22.5, "axis": "x", "origin": [8.26105, 9.29773, 8.9625]},
			"faces": {
				"north": {"uv": [2, 15, 4, 12], "rotation": 270, "texture": "#0"},
				"east": {"uv": [2, 15, 4, 12], "rotation": 270, "texture": "#0"},
				"south": {"uv": [2, 15, 4, 12], "rotation": 270, "texture": "#0"},
				"west": {"uv": [2, 15, 4, 12], "rotation": 270, "texture": "#0"},
				"up": {"uv": [4, 12, 2, 15], "rotation": 270, "texture": "#0"},
				"down": {"uv": [4, 12, 2, 15], "rotation": 270, "texture": "#0"}
			}
		},
		{
			"from": [8.02898, 9.20398, 8.9],
			"to": [8.05398, 9.35398, 9.025],
			"rotation": {"angle": 22.5, "axis": "x", "origin": [8.26105, 9.29773, 8.9625]},
			"faces": {
				"north": {"uv": [2, 12, 4, 15], "rotation": 270, "texture": "#0"},
				"east": {"uv": [2, 12, 4, 15], "rotation": 270, "texture": "#0"},
				"south": {"uv": [2, 12, 4, 15], "rotation": 270, "texture": "#0"},
				"west": {"uv": [2, 12, 4, 15], "rotation": 270, "texture": "#0"},
				"up": {"uv": [4, 15, 2, 12], "rotation": 270, "texture": "#0"},
				"down": {"uv": [4, 15, 2, 12], "rotation": 270, "texture": "#0"}
			}
		}
	],
	"gui_light": "front",
	"display": {
		"thirdperson_righthand": {
			"rotation": [1.75, 0, 0],
			"translation": [0, -0.5, 0]
		},
		"firstperson_righthand": {
			"rotation": [0, 18, 0],
			"translation": [0, 0.75, 0],
			"scale": [1.1, 1.1, 1.1]
		},
		"firstperson_lefthand": {
			"rotation": [0, 14, 0],
			"translation": [-5, 4.5, 5.75]
		},
		"ground": {
			"translation": [0, 3.75, 0],
			"scale": [1.05, 1.05, 1.05]
		},
		"gui": {
			"rotation": [-25.25, 69, 60],
			"translation": [-1, -1.5, 0],
			"scale": [4, 4, 2.55]
		},
		"fixed": {
			"rotation": [0, -90, 0],
			"translation": [0.75, -0.5, -2.75],
			"scale": [3, 3, 3]
		}
	},
	"groups": [
		{
			"name": "crystal",
			"origin": [7.6, 18.725, 8.95],
			"children": [0, 1, 2, 3, 4, 5, 6, 7, 8, 9, 10]
		},
		{
			"name": "crystal_border",
			"origin": [7.6, 18.85, 8.55],
			"children": [11, 12, 13, 14, 15, 16, 17, 18, 19, 20, 21]
		},
		{
			"name": "gyuru",
			"origin": [8, 8, 8],
			"children": [
				{
					"name": "group",
					"origin": [8, 6.425, 8.525],
					"children": [22, 23, 24, 25, 26, 27, 28, 29, 30]
				},
				{
					"name": "group",
					"origin": [8, 6.425, 8.525],
					"children": [31, 32, 33, 34, 35, 36, 37]
				}
			]
		},
		{
			"name": "crystal",
			"origin": [7.6, 18.725, 8.95],
			"children": [38, 39, 40, 41, 42, 43, 44, 45, 46, 47, 48]
		},
		{
			"name": "crystal_border",
			"origin": [7.6, 18.85, 8.55],
			"children": [49, 50, 51, 52, 53, 54, 55, 56, 57, 58, 59]
		},
		{
			"name": "crystal",
			"origin": [7.6, 18.725, 8.95],
			"children": [60, 61, 62, 63, 64, 65, 66, 67, 68, 69, 70]
		},
		{
			"name": "crystal_border",
			"origin": [7.6, 18.85, 8.55],
			"children": [71, 72, 73, 74, 75, 76, 77, 78, 79, 80, 81]
		}
	]
}