{
	"credit": "Made with Blockbench",
	"textures": {
		"texture": "block/skill_214"
	},
	"gui_light": "front",
	"elements": [
		{
			"from": [0, 0, 8],
			"to": [16, 16, 9],
			"faces": {
				"north": {"uv": [0, 0, 16, 16], "texture": "#texture"},
				"east": {"uv": [7, 0, 7, 15.5], "texture": "#texture"},
				"south": {"uv": [0, 0, 16, 16], "texture": "#texture"},
				"west": {"uv": [7, 0, 7, 16], "texture": "#texture"},
				"up": {"uv": [0, 7, 16, 7], "texture": "#texture"},
				"down": {"uv": [0, 7, 16, 7], "texture": "#texture"}
			}
		}
	],
	"display": {
		"thirdperson_righthand": {
			"scale": [0, 0, 0]
		},
		"thirdperson_lefthand": {
			"scale": [0, 0, 0]
		},
		"firstperson_righthand": {
			"scale": [0, 0, 0]
		},
		"firstperson_lefthand": {
			"scale": [0, 0, 0]
		}
	}
}