{"file_name":"chest","texture_size":[64,64],"textures":{"687bcb0a-bae0-a33c-9153-feb5a7cbd76c":"modelengine:entity/goblintreasure"},"elements":[{"name":"cube","from":[3.4999998,7.56875,2.11625],"to":[12.5,8.01875,7.96625],"rotation":{"angle":0.0,"axis":"x","origin":[8.0,6.14375,5.0412498]},"faces":{"down":{"uv":[2.5,6.25,5.0,10.0],"rotation":270,"texture":"#687bcb0a-bae0-a33c-9153-feb5a7cbd76c","tintindex":0},"east":{"uv":[7.5,11.5,10.0,11.75],"rotation":0,"texture":"#687bcb0a-bae0-a33c-9153-feb5a7cbd76c","tintindex":0},"north":{"uv":[7.5,11.0,11.25,11.25],"rotation":0,"texture":"#687bcb0a-bae0-a33c-9153-feb5a7cbd76c","tintindex":0},"south":{"uv":[0.0,11.0,3.75,11.25],"rotation":0,"texture":"#687bcb0a-bae0-a33c-9153-feb5a7cbd76c","tintindex":0},"up":{"uv":[7.5,3.75,5.0,0.0],"rotation":90,"texture":"#687bcb0a-bae0-a33c-9153-feb5a7cbd76c","tintindex":0},"west":{"uv":[10.0,11.5,12.5,11.75],"rotation":0,"texture":"#687bcb0a-bae0-a33c-9153-feb5a7cbd76c","tintindex":0}}},{"name":"cube","from":[3.4999998,3.9687498,2.11625],"to":[12.5,4.8687496,7.96625],"rotation":{"angle":0.0,"axis":"x","origin":[8.0,6.14375,5.0412498]},"faces":{"down":{"uv":[5.0,5.0,7.5,8.75],"rotation":270,"texture":"#687bcb0a-bae0-a33c-9153-feb5a7cbd76c","tintindex":0},"east":{"uv":[5.0,3.75,7.5,4.25],"rotation":0,"texture":"#687bcb0a-bae0-a33c-9153-feb5a7cbd76c","tintindex":0},"north":{"uv":[9.5,1.25,13.25,1.75],"rotation":0,"texture":"#687bcb0a-bae0-a33c-9153-feb5a7cbd76c","tintindex":0},"south":{"uv":[7.5,7.0,11.25,7.5],"rotation":0,"texture":"#687bcb0a-bae0-a33c-9153-feb5a7cbd76c","tintindex":0},"up":{"uv":[2.5,7.5,0.0,3.75],"rotation":90,"texture":"#687bcb0a-bae0-a33c-9153-feb5a7cbd76c","tintindex":0},"west":{"uv":[5.0,4.25,7.5,4.75],"rotation":0,"texture":"#687bcb0a-bae0-a33c-9153-feb5a7cbd76c","tintindex":0}}},{"name":"cube","from":[3.725,4.8687496,2.56625],"to":[12.275001,7.56875,7.51625],"rotation":{"angle":0.0,"axis":"x","origin":[8.0,6.14375,5.0412498]},"faces":{"down":{"uv":[7.5,7.5,9.5,11.0],"rotation":270,"texture":"#687bcb0a-bae0-a33c-9153-feb5a7cbd76c","tintindex":0},"east":{"uv":[2.5,0.0,4.5,1.25],"rotation":0,"texture":"#687bcb0a-bae0-a33c-9153-feb5a7cbd76c","tintindex":0},"north":{"uv":[9.5,0.0,13.0,1.25],"rotation":0,"texture":"#687bcb0a-bae0-a33c-9153-feb5a7cbd76c","tintindex":0},"south":{"uv":[9.5,9.5,13.0,10.75],"rotation":0,"texture":"#687bcb0a-bae0-a33c-9153-feb5a7cbd76c","tintindex":0},"up":{"uv":[2.0,11.0,0.0,7.5],"rotation":90,"texture":"#687bcb0a-bae0-a33c-9153-feb5a7cbd76c","tintindex":0},"west":{"uv":[2.5,1.25,4.5,2.5],"rotation":0,"texture":"#687bcb0a-bae0-a33c-9153-feb5a7cbd76c","tintindex":0}}}],"display":{"head":{"translation":[0.0,-6.4,0.0],"rotation":[0.0,0.0,0.0],"scale":[3.8095,3.8095,3.8095]},"gui":{"translation":[0.0,0.0,0.0],"rotation":[35.0,225.0,0.0],"scale":[0.625,0.625,0.625]}}}