{"file_name":"lid","texture_size":[64,64],"textures":{"687bcb0a-bae0-a33c-9153-feb5a7cbd76c":"modelengine:entity/goblintreasure"},"elements":[{"name":"cube","from":[6.2743607,8.406054,7.484876],"to":[7.1743608,9.531054,7.934876],"rotation":{"angle":0.0,"axis":"x","origin":[8.074361,7.956053,8.009876]},"faces":{"down":{"uv":[11.0,13.75,11.25,14.25],"rotation":270,"texture":"#687bcb0a-bae0-a33c-9153-feb5a7cbd76c","tintindex":0},"east":{"uv":[10.0,13.75,10.25,14.25],"rotation":0,"texture":"#687bcb0a-bae0-a33c-9153-feb5a7cbd76c","tintindex":0},"north":{"uv":[7.0,13.0,7.5,13.5],"rotation":0,"texture":"#687bcb0a-bae0-a33c-9153-feb5a7cbd76c","tintindex":0},"south":{"uv":[6.5,13.0,7.0,13.5],"rotation":0,"texture":"#687bcb0a-bae0-a33c-9153-feb5a7cbd76c","tintindex":0},"up":{"uv":[10.75,14.25,10.5,13.75],"rotation":90,"texture":"#687bcb0a-bae0-a33c-9153-feb5a7cbd76c","tintindex":0},"west":{"uv":[10.25,13.75,10.5,14.25],"rotation":0,"texture":"#687bcb0a-bae0-a33c-9153-feb5a7cbd76c","tintindex":0}}},{"name":"cube","from":[8.974361,8.406054,7.484876],"to":[9.874361,9.531054,7.934876],"rotation":{"angle":0.0,"axis":"x","origin":[8.074361,7.956053,8.009876]},"faces":{"down":{"uv":[13.5,0.5,13.75,1.0],"rotation":270,"texture":"#687bcb0a-bae0-a33c-9153-feb5a7cbd76c","tintindex":0},"east":{"uv":[13.25,13.5,13.5,14.0],"rotation":0,"texture":"#687bcb0a-bae0-a33c-9153-feb5a7cbd76c","tintindex":0},"north":{"uv":[12.5,11.5,13.0,12.0],"rotation":0,"texture":"#687bcb0a-bae0-a33c-9153-feb5a7cbd76c","tintindex":0},"south":{"uv":[12.5,6.25,13.0,6.75],"rotation":0,"texture":"#687bcb0a-bae0-a33c-9153-feb5a7cbd76c","tintindex":0},"up":{"uv":[13.75,0.5,13.5,0.0],"rotation":90,"texture":"#687bcb0a-bae0-a33c-9153-feb5a7cbd76c","tintindex":0},"west":{"uv":[13.5,13.5,13.75,14.0],"rotation":0,"texture":"#687bcb0a-bae0-a33c-9153-feb5a7cbd76c","tintindex":0}}},{"name":"cube","from":[3.5743608,8.406054,2.2791224],"to":[4.474361,9.531054,2.7291229],"rotation":{"angle":0.0,"axis":"x","origin":[8.074361,7.956053,8.009876]},"faces":{"down":{"uv":[6.5,14.0,6.75,14.5],"rotation":270,"texture":"#687bcb0a-bae0-a33c-9153-feb5a7cbd76c","tintindex":0},"east":{"uv":[5.75,14.0,6.0,14.5],"rotation":0,"texture":"#687bcb0a-bae0-a33c-9153-feb5a7cbd76c","tintindex":0},"north":{"uv":[13.0,5.25,13.5,5.75],"rotation":0,"texture":"#687bcb0a-bae0-a33c-9153-feb5a7cbd76c","tintindex":0},"south":{"uv":[13.0,4.75,13.5,5.25],"rotation":0,"texture":"#687bcb0a-bae0-a33c-9153-feb5a7cbd76c","tintindex":0},"up":{"uv":[6.5,14.5,6.25,14.0],"rotation":90,"texture":"#687bcb0a-bae0-a33c-9153-feb5a7cbd76c","tintindex":0},"west":{"uv":[6.0,14.0,6.25,14.5],"rotation":0,"texture":"#687bcb0a-bae0-a33c-9153-feb5a7cbd76c","tintindex":0}}},{"name":"cube","from":[6.2743607,8.406054,2.2791224],"to":[7.1743608,9.531054,2.7291229],"rotation":{"angle":0.0,"axis":"x","origin":[8.074361,7.956053,8.009876]},"faces":{"down":{"uv":[13.5,5.25,13.75,5.75],"rotation":270,"texture":"#687bcb0a-bae0-a33c-9153-feb5a7cbd76c","tintindex":0},"east":{"uv":[13.5,3.75,13.75,4.25],"rotation":0,"texture":"#687bcb0a-bae0-a33c-9153-feb5a7cbd76c","tintindex":0},"north":{"uv":[12.0,12.75,12.5,13.25],"rotation":0,"texture":"#687bcb0a-bae0-a33c-9153-feb5a7cbd76c","tintindex":0},"south":{"uv":[11.5,12.75,12.0,13.25],"rotation":0,"texture":"#687bcb0a-bae0-a33c-9153-feb5a7cbd76c","tintindex":0},"up":{"uv":[13.75,5.25,13.5,4.75],"rotation":90,"texture":"#687bcb0a-bae0-a33c-9153-feb5a7cbd76c","tintindex":0},"west":{"uv":[13.5,4.25,13.75,4.75],"rotation":0,"texture":"#687bcb0a-bae0-a33c-9153-feb5a7cbd76c","tintindex":0}}},{"name":"cube","from":[8.974361,8.406054,2.2791224],"to":[9.874361,9.531054,2.7291229],"rotation":{"angle":0.0,"axis":"x","origin":[8.074361,7.956053,8.009876]},"faces":{"down":{"uv":[13.5,3.25,13.75,3.75],"rotation":270,"texture":"#687bcb0a-bae0-a33c-9153-feb5a7cbd76c","tintindex":0},"east":{"uv":[13.5,1.75,13.75,2.25],"rotation":0,"texture":"#687bcb0a-bae0-a33c-9153-feb5a7cbd76c","tintindex":0},"north":{"uv":[11.0,12.75,11.5,13.25],"rotation":0,"texture":"#687bcb0a-bae0-a33c-9153-feb5a7cbd76c","tintindex":0},"south":{"uv":[2.5,12.75,3.0,13.25],"rotation":0,"texture":"#687bcb0a-bae0-a33c-9153-feb5a7cbd76c","tintindex":0},"up":{"uv":[13.75,3.25,13.5,2.75],"rotation":90,"texture":"#687bcb0a-bae0-a33c-9153-feb5a7cbd76c","tintindex":0},"west":{"uv":[13.5,2.25,13.75,2.75],"rotation":0,"texture":"#687bcb0a-bae0-a33c-9153-feb5a7cbd76c","tintindex":0}}},{"name":"cube","from":[11.674361,8.406054,2.2791224],"to":[12.574362,9.531054,2.7291229],"rotation":{"angle":0.0,"axis":"x","origin":[8.074361,7.956053,8.009876]},"faces":{"down":{"uv":[1.0,13.5,1.25,14.0],"rotation":270,"texture":"#687bcb0a-bae0-a33c-9153-feb5a7cbd76c","tintindex":0},"east":{"uv":[0.25,13.5,0.5,14.0],"rotation":0,"texture":"#687bcb0a-bae0-a33c-9153-feb5a7cbd76c","tintindex":0},"north":{"uv":[7.0,12.5,7.5,13.0],"rotation":0,"texture":"#687bcb0a-bae0-a33c-9153-feb5a7cbd76c","tintindex":0},"south":{"uv":[6.5,12.5,7.0,13.0],"rotation":0,"texture":"#687bcb0a-bae0-a33c-9153-feb5a7cbd76c","tintindex":0},"up":{"uv":[1.0,14.0,0.75,13.5],"rotation":90,"texture":"#687bcb0a-bae0-a33c-9153-feb5a7cbd76c","tintindex":0},"west":{"uv":[0.5,13.5,0.75,14.0],"rotation":0,"texture":"#687bcb0a-bae0-a33c-9153-feb5a7cbd76c","tintindex":0}}},{"name":"cube","from":[11.674361,7.218099,2.112621],"to":[12.574362,8.3431,2.562621],"rotation":{"angle":22.5,"axis":"x","origin":[8.074361,7.956053,8.009876]},"faces":{"down":{"uv":[13.25,9.5,13.5,10.0],"rotation":270,"texture":"#687bcb0a-bae0-a33c-9153-feb5a7cbd76c","tintindex":0},"east":{"uv":[13.25,7.5,13.5,8.0],"rotation":0,"texture":"#687bcb0a-bae0-a33c-9153-feb5a7cbd76c","tintindex":0},"north":{"uv":[5.0,12.5,5.5,13.0],"rotation":0,"texture":"#687bcb0a-bae0-a33c-9153-feb5a7cbd76c","tintindex":0},"south":{"uv":[2.0,12.5,2.5,13.0],"rotation":0,"texture":"#687bcb0a-bae0-a33c-9153-feb5a7cbd76c","tintindex":0},"up":{"uv":[13.5,9.0,13.25,8.5],"rotation":90,"texture":"#687bcb0a-bae0-a33c-9153-feb5a7cbd76c","tintindex":0},"west":{"uv":[13.25,8.0,13.5,8.5],"rotation":0,"texture":"#687bcb0a-bae0-a33c-9153-feb5a7cbd76c","tintindex":0}}},{"name":"cube","from":[11.674361,6.056858,2.4134107],"to":[12.574362,7.181858,2.8634107],"rotation":{"angle":45.0,"axis":"x","origin":[8.074361,7.956053,8.009876]},"faces":{"down":{"uv":[11.25,13.25,11.5,13.75],"rotation":270,"texture":"#687bcb0a-bae0-a33c-9153-feb5a7cbd76c","tintindex":0},"east":{"uv":[2.5,13.25,2.75,13.75],"rotation":0,"texture":"#687bcb0a-bae0-a33c-9153-feb5a7cbd76c","tintindex":0},"north":{"uv":[12.25,7.5,12.75,8.0],"rotation":0,"texture":"#687bcb0a-bae0-a33c-9153-feb5a7cbd76c","tintindex":0},"south":{"uv":[12.25,12.25,12.75,12.75],"rotation":0,"texture":"#687bcb0a-bae0-a33c-9153-feb5a7cbd76c","tintindex":0},"up":{"uv":[11.25,13.75,11.0,13.25],"rotation":90,"texture":"#687bcb0a-bae0-a33c-9153-feb5a7cbd76c","tintindex":0},"west":{"uv":[2.75,13.25,3.0,13.75],"rotation":0,"texture":"#687bcb0a-bae0-a33c-9153-feb5a7cbd76c","tintindex":0}}},{"name":"cube","from":[11.674361,11.346434,4.5445037],"to":[12.574362,11.796434,5.669504],"rotation":{"angle":0.0,"axis":"x","origin":[8.074361,7.956053,8.009876]},"faces":{"down":{"uv":[2.5,12.25,3.0,12.75],"rotation":270,"texture":"#687bcb0a-bae0-a33c-9153-feb5a7cbd76c","tintindex":0},"east":{"uv":[4.5,2.25,5.0,2.5],"rotation":0,"texture":"#687bcb0a-bae0-a33c-9153-feb5a7cbd76c","tintindex":0},"north":{"uv":[13.0,6.0,13.5,6.25],"rotation":0,"texture":"#687bcb0a-bae0-a33c-9153-feb5a7cbd76c","tintindex":0},"south":{"uv":[13.0,1.0,13.5,1.25],"rotation":0,"texture":"#687bcb0a-bae0-a33c-9153-feb5a7cbd76c","tintindex":0},"up":{"uv":[2.5,12.25,2.0,11.75],"rotation":90,"texture":"#687bcb0a-bae0-a33c-9153-feb5a7cbd76c","tintindex":0},"west":{"uv":[13.0,5.75,13.5,6.0],"rotation":0,"texture":"#687bcb0a-bae0-a33c-9153-feb5a7cbd76c","tintindex":0}}},{"name":"cube","from":[11.674361,12.380238,5.1529365],"to":[12.574362,12.830237,6.2779365],"rotation":{"angle":-22.5,"axis":"x","origin":[8.074361,7.956053,8.009876]},"faces":{"down":{"uv":[0.5,12.5,1.0,13.0],"rotation":270,"texture":"#687bcb0a-bae0-a33c-9153-feb5a7cbd76c","tintindex":0},"east":{"uv":[13.0,10.5,13.5,10.75],"rotation":0,"texture":"#687bcb0a-bae0-a33c-9153-feb5a7cbd76c","tintindex":0},"north":{"uv":[13.25,1.25,13.75,1.5],"rotation":0,"texture":"#687bcb0a-bae0-a33c-9153-feb5a7cbd76c","tintindex":0},"south":{"uv":[13.0,12.75,13.5,13.0],"rotation":0,"texture":"#687bcb0a-bae0-a33c-9153-feb5a7cbd76c","tintindex":0},"up":{"uv":[0.5,13.0,0.0,12.5],"rotation":90,"texture":"#687bcb0a-bae0-a33c-9153-feb5a7cbd76c","tintindex":0},"west":{"uv":[12.5,13.25,13.0,13.5],"rotation":0,"texture":"#687bcb0a-bae0-a33c-9153-feb5a7cbd76c","tintindex":0}}},{"name":"cube","from":[11.674361,10.158476,4.378007],"to":[12.574362,10.608477,5.503007],"rotation":{"angle":22.5,"axis":"x","origin":[8.074361,7.956053,8.009876]},"faces":{"down":{"uv":[1.5,12.5,2.0,13.0],"rotation":270,"texture":"#687bcb0a-bae0-a33c-9153-feb5a7cbd76c","tintindex":0},"east":{"uv":[13.25,1.5,13.75,1.75],"rotation":0,"texture":"#687bcb0a-bae0-a33c-9153-feb5a7cbd76c","tintindex":0},"north":{"uv":[13.25,6.75,13.75,7.0],"rotation":0,"texture":"#687bcb0a-bae0-a33c-9153-feb5a7cbd76c","tintindex":0},"south":{"uv":[13.25,6.25,13.75,6.5],"rotation":0,"texture":"#687bcb0a-bae0-a33c-9153-feb5a7cbd76c","tintindex":0},"up":{"uv":[1.5,13.0,1.0,12.5],"rotation":90,"texture":"#687bcb0a-bae0-a33c-9153-feb5a7cbd76c","tintindex":0},"west":{"uv":[13.25,6.5,13.75,6.75],"rotation":0,"texture":"#687bcb0a-bae0-a33c-9153-feb5a7cbd76c","tintindex":0}}},{"name":"cube","from":[11.674361,10.16214,9.05106],"to":[12.574362,11.287139,9.5010605],"rotation":{"angle":-45.0,"axis":"x","origin":[8.074361,7.956053,8.009876]},"faces":{"down":{"uv":[12.25,13.25,12.5,13.75],"rotation":270,"texture":"#687bcb0a-bae0-a33c-9153-feb5a7cbd76c","tintindex":0},"east":{"uv":[11.5,13.25,11.75,13.75],"rotation":0,"texture":"#687bcb0a-bae0-a33c-9153-feb5a7cbd76c","tintindex":0},"north":{"uv":[12.25,8.5,12.75,9.0],"rotation":0,"texture":"#687bcb0a-bae0-a33c-9153-feb5a7cbd76c","tintindex":0},"south":{"uv":[12.25,8.0,12.75,8.5],"rotation":0,"texture":"#687bcb0a-bae0-a33c-9153-feb5a7cbd76c","tintindex":0},"up":{"uv":[12.25,13.75,12.0,13.25],"rotation":90,"texture":"#687bcb0a-bae0-a33c-9153-feb5a7cbd76c","tintindex":0},"west":{"uv":[11.75,13.25,12.0,13.75],"rotation":0,"texture":"#687bcb0a-bae0-a33c-9153-feb5a7cbd76c","tintindex":0}}},{"name":"cube","from":[11.674361,9.439865,8.093314],"to":[12.574362,10.564865,8.543314],"rotation":{"angle":-22.5,"axis":"x","origin":[8.074361,7.956053,8.009876]},"faces":{"down":{"uv":[13.0,11.5,13.25,12.0],"rotation":270,"texture":"#687bcb0a-bae0-a33c-9153-feb5a7cbd76c","tintindex":0},"east":{"uv":[13.0,6.25,13.25,6.75],"rotation":0,"texture":"#687bcb0a-bae0-a33c-9153-feb5a7cbd76c","tintindex":0},"north":{"uv":[11.75,12.25,12.25,12.75],"rotation":0,"texture":"#687bcb0a-bae0-a33c-9153-feb5a7cbd76c","tintindex":0},"south":{"uv":[11.25,12.25,11.75,12.75],"rotation":0,"texture":"#687bcb0a-bae0-a33c-9153-feb5a7cbd76c","tintindex":0},"up":{"uv":[13.25,10.5,13.0,10.0],"rotation":90,"texture":"#687bcb0a-bae0-a33c-9153-feb5a7cbd76c","tintindex":0},"west":{"uv":[13.0,9.5,13.25,10.0],"rotation":0,"texture":"#687bcb0a-bae0-a33c-9153-feb5a7cbd76c","tintindex":0}}},{"name":"cube","from":[11.674361,8.406054,7.484876],"to":[12.574362,9.531054,7.934876],"rotation":{"angle":0.0,"axis":"x","origin":[8.074361,7.956053,8.009876]},"faces":{"down":{"uv":[0.0,13.5,0.25,14.0],"rotation":270,"texture":"#687bcb0a-bae0-a33c-9153-feb5a7cbd76c","tintindex":0},"east":{"uv":[13.25,10.0,13.5,10.5],"rotation":0,"texture":"#687bcb0a-bae0-a33c-9153-feb5a7cbd76c","tintindex":0},"north":{"uv":[6.0,12.5,6.5,13.0],"rotation":0,"texture":"#687bcb0a-bae0-a33c-9153-feb5a7cbd76c","tintindex":0},"south":{"uv":[5.5,12.5,6.0,13.0],"rotation":0,"texture":"#687bcb0a-bae0-a33c-9153-feb5a7cbd76c","tintindex":0},"up":{"uv":[13.5,12.5,13.25,12.0],"rotation":90,"texture":"#687bcb0a-bae0-a33c-9153-feb5a7cbd76c","tintindex":0},"west":{"uv":[13.25,11.5,13.5,12.0],"rotation":0,"texture":"#687bcb0a-bae0-a33c-9153-feb5a7cbd76c","tintindex":0}}},{"name":"cube","from":[8.974361,9.439865,8.093314],"to":[9.874361,10.564865,8.543314],"rotation":{"angle":-22.5,"axis":"x","origin":[8.074361,7.956053,8.009876]},"faces":{"down":{"uv":[4.5,13.5,4.75,14.0],"rotation":270,"texture":"#687bcb0a-bae0-a33c-9153-feb5a7cbd76c","tintindex":0},"east":{"uv":[2.25,13.5,2.5,14.0],"rotation":0,"texture":"#687bcb0a-bae0-a33c-9153-feb5a7cbd76c","tintindex":0},"north":{"uv":[9.0,12.5,9.5,13.0],"rotation":0,"texture":"#687bcb0a-bae0-a33c-9153-feb5a7cbd76c","tintindex":0},"south":{"uv":[8.5,12.5,9.0,13.0],"rotation":0,"texture":"#687bcb0a-bae0-a33c-9153-feb5a7cbd76c","tintindex":0},"up":{"uv":[4.5,14.0,4.25,13.5],"rotation":90,"texture":"#687bcb0a-bae0-a33c-9153-feb5a7cbd76c","tintindex":0},"west":{"uv":[4.0,13.5,4.25,14.0],"rotation":0,"texture":"#687bcb0a-bae0-a33c-9153-feb5a7cbd76c","tintindex":0}}},{"name":"cube","from":[6.2743607,9.439865,8.093314],"to":[7.1743608,10.564865,8.543314],"rotation":{"angle":-22.5,"axis":"x","origin":[8.074361,7.956053,8.009876]},"faces":{"down":{"uv":[13.5,9.25,13.75,9.75],"rotation":270,"texture":"#687bcb0a-bae0-a33c-9153-feb5a7cbd76c","tintindex":0},"east":{"uv":[13.5,7.75,13.75,8.25],"rotation":0,"texture":"#687bcb0a-bae0-a33c-9153-feb5a7cbd76c","tintindex":0},"north":{"uv":[12.75,8.5,13.25,9.0],"rotation":0,"texture":"#687bcb0a-bae0-a33c-9153-feb5a7cbd76c","tintindex":0},"south":{"uv":[12.75,8.0,13.25,8.5],"rotation":0,"texture":"#687bcb0a-bae0-a33c-9153-feb5a7cbd76c","tintindex":0},"up":{"uv":[13.75,9.25,13.5,8.75],"rotation":90,"texture":"#687bcb0a-bae0-a33c-9153-feb5a7cbd76c","tintindex":0},"west":{"uv":[13.5,8.25,13.75,8.75],"rotation":0,"texture":"#687bcb0a-bae0-a33c-9153-feb5a7cbd76c","tintindex":0}}},{"name":"cube","from":[3.5743608,9.439865,8.093314],"to":[4.474361,10.564865,8.543314],"rotation":{"angle":-22.5,"axis":"x","origin":[8.074361,7.956053,8.009876]},"faces":{"down":{"uv":[13.75,2.25,14.0,2.75],"rotation":270,"texture":"#687bcb0a-bae0-a33c-9153-feb5a7cbd76c","tintindex":0},"east":{"uv":[12.25,13.75,12.5,14.25],"rotation":0,"texture":"#687bcb0a-bae0-a33c-9153-feb5a7cbd76c","tintindex":0},"north":{"uv":[9.0,13.0,9.5,13.5],"rotation":0,"texture":"#687bcb0a-bae0-a33c-9153-feb5a7cbd76c","tintindex":0},"south":{"uv":[8.5,13.0,9.0,13.5],"rotation":0,"texture":"#687bcb0a-bae0-a33c-9153-feb5a7cbd76c","tintindex":0},"up":{"uv":[14.0,2.25,13.75,1.75],"rotation":90,"texture":"#687bcb0a-bae0-a33c-9153-feb5a7cbd76c","tintindex":0},"west":{"uv":[13.75,1.25,14.0,1.75],"rotation":0,"texture":"#687bcb0a-bae0-a33c-9153-feb5a7cbd76c","tintindex":0}}},{"name":"cube","from":[3.5743608,8.406054,7.484876],"to":[4.474361,9.531054,7.934876],"rotation":{"angle":0.0,"axis":"x","origin":[8.074361,7.956053,8.009876]},"faces":{"down":{"uv":[5.5,14.0,5.75,14.5],"rotation":270,"texture":"#687bcb0a-bae0-a33c-9153-feb5a7cbd76c","tintindex":0},"east":{"uv":[4.75,14.0,5.0,14.5],"rotation":0,"texture":"#687bcb0a-bae0-a33c-9153-feb5a7cbd76c","tintindex":0},"north":{"uv":[13.0,4.25,13.5,4.75],"rotation":0,"texture":"#687bcb0a-bae0-a33c-9153-feb5a7cbd76c","tintindex":0},"south":{"uv":[13.0,3.75,13.5,4.25],"rotation":0,"texture":"#687bcb0a-bae0-a33c-9153-feb5a7cbd76c","tintindex":0},"up":{"uv":[5.5,14.5,5.25,14.0],"rotation":90,"texture":"#687bcb0a-bae0-a33c-9153-feb5a7cbd76c","tintindex":0},"west":{"uv":[5.0,14.0,5.25,14.5],"rotation":0,"texture":"#687bcb0a-bae0-a33c-9153-feb5a7cbd76c","tintindex":0}}},{"name":"cube","from":[3.5743608,7.218099,2.112621],"to":[4.474361,8.3431,2.562621],"rotation":{"angle":22.5,"axis":"x","origin":[8.074361,7.956053,8.009876]},"faces":{"down":{"uv":[4.0,14.0,4.25,14.5],"rotation":270,"texture":"#687bcb0a-bae0-a33c-9153-feb5a7cbd76c","tintindex":0},"east":{"uv":[1.0,14.0,1.25,14.5],"rotation":0,"texture":"#687bcb0a-bae0-a33c-9153-feb5a7cbd76c","tintindex":0},"north":{"uv":[13.0,3.25,13.5,3.75],"rotation":0,"texture":"#687bcb0a-bae0-a33c-9153-feb5a7cbd76c","tintindex":0},"south":{"uv":[13.0,2.75,13.5,3.25],"rotation":0,"texture":"#687bcb0a-bae0-a33c-9153-feb5a7cbd76c","tintindex":0},"up":{"uv":[4.0,14.5,3.75,14.0],"rotation":90,"texture":"#687bcb0a-bae0-a33c-9153-feb5a7cbd76c","tintindex":0},"west":{"uv":[2.75,14.0,3.0,14.5],"rotation":0,"texture":"#687bcb0a-bae0-a33c-9153-feb5a7cbd76c","tintindex":0}}},{"name":"cube","from":[3.5743608,6.056858,2.4134107],"to":[4.474361,7.181858,2.8634107],"rotation":{"angle":45.0,"axis":"x","origin":[8.074361,7.956053,8.009876]},"faces":{"down":{"uv":[13.75,5.25,14.0,5.75],"rotation":270,"texture":"#687bcb0a-bae0-a33c-9153-feb5a7cbd76c","tintindex":0},"east":{"uv":[13.75,3.75,14.0,4.25],"rotation":0,"texture":"#687bcb0a-bae0-a33c-9153-feb5a7cbd76c","tintindex":0},"north":{"uv":[10.0,13.0,10.5,13.5],"rotation":0,"texture":"#687bcb0a-bae0-a33c-9153-feb5a7cbd76c","tintindex":0},"south":{"uv":[9.5,13.0,10.0,13.5],"rotation":0,"texture":"#687bcb0a-bae0-a33c-9153-feb5a7cbd76c","tintindex":0},"up":{"uv":[14.0,5.25,13.75,4.75],"rotation":90,"texture":"#687bcb0a-bae0-a33c-9153-feb5a7cbd76c","tintindex":0},"west":{"uv":[13.75,4.25,14.0,4.75],"rotation":0,"texture":"#687bcb0a-bae0-a33c-9153-feb5a7cbd76c","tintindex":0}}},{"name":"cube","from":[3.5743608,12.380238,5.1529365],"to":[4.474361,12.830237,6.2779365],"rotation":{"angle":-22.5,"axis":"x","origin":[8.074361,7.956053,8.009876]},"faces":{"down":{"uv":[13.0,0.5,13.5,1.0],"rotation":270,"texture":"#687bcb0a-bae0-a33c-9153-feb5a7cbd76c","tintindex":0},"east":{"uv":[13.75,0.75,14.25,1.0],"rotation":0,"texture":"#687bcb0a-bae0-a33c-9153-feb5a7cbd76c","tintindex":0},"north":{"uv":[13.75,11.75,14.25,12.0],"rotation":0,"texture":"#687bcb0a-bae0-a33c-9153-feb5a7cbd76c","tintindex":0},"south":{"uv":[13.75,6.75,14.25,7.0],"rotation":0,"texture":"#687bcb0a-bae0-a33c-9153-feb5a7cbd76c","tintindex":0},"up":{"uv":[13.5,0.5,13.0,0.0],"rotation":90,"texture":"#687bcb0a-bae0-a33c-9153-feb5a7cbd76c","tintindex":0},"west":{"uv":[13.75,10.75,14.25,11.0],"rotation":0,"texture":"#687bcb0a-bae0-a33c-9153-feb5a7cbd76c","tintindex":0}}},{"name":"cube","from":[3.5743608,10.158476,4.378007],"to":[4.474361,10.608477,5.503007],"rotation":{"angle":22.5,"axis":"x","origin":[8.074361,7.956053,8.009876]},"faces":{"down":{"uv":[13.0,2.25,13.5,2.75],"rotation":270,"texture":"#687bcb0a-bae0-a33c-9153-feb5a7cbd76c","tintindex":0},"east":{"uv":[13.75,12.75,14.25,13.0],"rotation":0,"texture":"#687bcb0a-bae0-a33c-9153-feb5a7cbd76c","tintindex":0},"north":{"uv":[0.0,14.0,0.5,14.25],"rotation":0,"texture":"#687bcb0a-bae0-a33c-9153-feb5a7cbd76c","tintindex":0},"south":{"uv":[13.75,13.0,14.25,13.25],"rotation":0,"texture":"#687bcb0a-bae0-a33c-9153-feb5a7cbd76c","tintindex":0},"up":{"uv":[13.5,2.25,13.0,1.75],"rotation":90,"texture":"#687bcb0a-bae0-a33c-9153-feb5a7cbd76c","tintindex":0},"west":{"uv":[13.75,13.5,14.25,13.75],"rotation":0,"texture":"#687bcb0a-bae0-a33c-9153-feb5a7cbd76c","tintindex":0}}},{"name":"cube","from":[3.5743608,11.346434,4.5445037],"to":[4.474361,11.796434,5.669504],"rotation":{"angle":0.0,"axis":"x","origin":[8.074361,7.956053,8.009876]},"faces":{"down":{"uv":[8.0,13.0,8.5,13.5],"rotation":270,"texture":"#687bcb0a-bae0-a33c-9153-feb5a7cbd76c","tintindex":0},"east":{"uv":[11.25,13.75,11.75,14.0],"rotation":0,"texture":"#687bcb0a-bae0-a33c-9153-feb5a7cbd76c","tintindex":0},"north":{"uv":[13.75,0.0,14.25,0.25],"rotation":0,"texture":"#687bcb0a-bae0-a33c-9153-feb5a7cbd76c","tintindex":0},"south":{"uv":[11.75,13.75,12.25,14.0],"rotation":0,"texture":"#687bcb0a-bae0-a33c-9153-feb5a7cbd76c","tintindex":0},"up":{"uv":[8.0,13.5,7.5,13.0],"rotation":90,"texture":"#687bcb0a-bae0-a33c-9153-feb5a7cbd76c","tintindex":0},"west":{"uv":[13.75,13.75,14.25,14.0],"rotation":0,"texture":"#687bcb0a-bae0-a33c-9153-feb5a7cbd76c","tintindex":0}}},{"name":"cube","from":[3.5743608,10.16214,9.05106],"to":[4.474361,11.287139,9.5010605],"rotation":{"angle":-45.0,"axis":"x","origin":[8.074361,7.956053,8.009876]},"faces":{"down":{"uv":[13.75,9.75,14.0,10.25],"rotation":270,"texture":"#687bcb0a-bae0-a33c-9153-feb5a7cbd76c","tintindex":0},"east":{"uv":[13.75,8.25,14.0,8.75],"rotation":0,"texture":"#687bcb0a-bae0-a33c-9153-feb5a7cbd76c","tintindex":0},"north":{"uv":[13.0,13.0,13.5,13.5],"rotation":0,"texture":"#687bcb0a-bae0-a33c-9153-feb5a7cbd76c","tintindex":0},"south":{"uv":[10.5,13.0,11.0,13.5],"rotation":0,"texture":"#687bcb0a-bae0-a33c-9153-feb5a7cbd76c","tintindex":0},"up":{"uv":[14.0,9.75,13.75,9.25],"rotation":90,"texture":"#687bcb0a-bae0-a33c-9153-feb5a7cbd76c","tintindex":0},"west":{"uv":[13.75,8.75,14.0,9.25],"rotation":0,"texture":"#687bcb0a-bae0-a33c-9153-feb5a7cbd76c","tintindex":0}}},{"name":"cube","from":[6.2743607,7.218099,2.112621],"to":[7.1743608,8.3431,2.562621],"rotation":{"angle":22.5,"axis":"x","origin":[8.074361,7.956053,8.009876]},"faces":{"down":{"uv":[9.75,13.75,10.0,14.25],"rotation":270,"texture":"#687bcb0a-bae0-a33c-9153-feb5a7cbd76c","tintindex":0},"east":{"uv":[2.0,13.75,2.25,14.25],"rotation":0,"texture":"#687bcb0a-bae0-a33c-9153-feb5a7cbd76c","tintindex":0},"north":{"uv":[6.0,13.0,6.5,13.5],"rotation":0,"texture":"#687bcb0a-bae0-a33c-9153-feb5a7cbd76c","tintindex":0},"south":{"uv":[5.5,13.0,6.0,13.5],"rotation":0,"texture":"#687bcb0a-bae0-a33c-9153-feb5a7cbd76c","tintindex":0},"up":{"uv":[9.75,14.25,9.5,13.75],"rotation":90,"texture":"#687bcb0a-bae0-a33c-9153-feb5a7cbd76c","tintindex":0},"west":{"uv":[9.25,13.75,9.5,14.25],"rotation":0,"texture":"#687bcb0a-bae0-a33c-9153-feb5a7cbd76c","tintindex":0}}},{"name":"cube","from":[6.2743607,6.056858,2.4134107],"to":[7.1743608,7.181858,2.8634107],"rotation":{"angle":45.0,"axis":"x","origin":[8.074361,7.956053,8.009876]},"faces":{"down":{"uv":[13.5,11.75,13.75,12.25],"rotation":270,"texture":"#687bcb0a-bae0-a33c-9153-feb5a7cbd76c","tintindex":0},"east":{"uv":[13.5,9.75,13.75,10.25],"rotation":0,"texture":"#687bcb0a-bae0-a33c-9153-feb5a7cbd76c","tintindex":0},"north":{"uv":[0.0,13.0,0.5,13.5],"rotation":0,"texture":"#687bcb0a-bae0-a33c-9153-feb5a7cbd76c","tintindex":0},"south":{"uv":[12.75,12.25,13.25,12.75],"rotation":0,"texture":"#687bcb0a-bae0-a33c-9153-feb5a7cbd76c","tintindex":0},"up":{"uv":[13.75,11.75,13.5,11.25],"rotation":90,"texture":"#687bcb0a-bae0-a33c-9153-feb5a7cbd76c","tintindex":0},"west":{"uv":[13.5,10.25,13.75,10.75],"rotation":0,"texture":"#687bcb0a-bae0-a33c-9153-feb5a7cbd76c","tintindex":0}}},{"name":"cube","from":[8.974361,6.056858,2.4134107],"to":[9.874361,7.181858,2.8634107],"rotation":{"angle":45.0,"axis":"x","origin":[8.074361,7.956053,8.009876]},"faces":{"down":{"uv":[5.5,13.5,5.75,14.0],"rotation":270,"texture":"#687bcb0a-bae0-a33c-9153-feb5a7cbd76c","tintindex":0},"east":{"uv":[4.75,13.5,5.0,14.0],"rotation":0,"texture":"#687bcb0a-bae0-a33c-9153-feb5a7cbd76c","tintindex":0},"north":{"uv":[10.0,12.5,10.5,13.0],"rotation":0,"texture":"#687bcb0a-bae0-a33c-9153-feb5a7cbd76c","tintindex":0},"south":{"uv":[9.5,12.5,10.0,13.0],"rotation":0,"texture":"#687bcb0a-bae0-a33c-9153-feb5a7cbd76c","tintindex":0},"up":{"uv":[5.5,14.0,5.25,13.5],"rotation":90,"texture":"#687bcb0a-bae0-a33c-9153-feb5a7cbd76c","tintindex":0},"west":{"uv":[5.0,13.5,5.25,14.0],"rotation":0,"texture":"#687bcb0a-bae0-a33c-9153-feb5a7cbd76c","tintindex":0}}},{"name":"cube","from":[8.974361,7.218099,2.112621],"to":[9.874361,8.3431,2.562621],"rotation":{"angle":22.5,"axis":"x","origin":[8.074361,7.956053,8.009876]},"faces":{"down":{"uv":[13.0,13.5,13.25,14.0],"rotation":270,"texture":"#687bcb0a-bae0-a33c-9153-feb5a7cbd76c","tintindex":0},"east":{"uv":[10.75,13.5,11.0,14.0],"rotation":0,"texture":"#687bcb0a-bae0-a33c-9153-feb5a7cbd76c","tintindex":0},"north":{"uv":[12.5,5.75,13.0,6.25],"rotation":0,"texture":"#687bcb0a-bae0-a33c-9153-feb5a7cbd76c","tintindex":0},"south":{"uv":[12.5,5.25,13.0,5.75],"rotation":0,"texture":"#687bcb0a-bae0-a33c-9153-feb5a7cbd76c","tintindex":0},"up":{"uv":[13.0,14.0,12.75,13.5],"rotation":90,"texture":"#687bcb0a-bae0-a33c-9153-feb5a7cbd76c","tintindex":0},"west":{"uv":[12.5,13.5,12.75,14.0],"rotation":0,"texture":"#687bcb0a-bae0-a33c-9153-feb5a7cbd76c","tintindex":0}}},{"name":"cube","from":[8.974361,12.380238,5.1529365],"to":[9.874361,12.830237,6.2779365],"rotation":{"angle":-22.5,"axis":"x","origin":[8.074361,7.956053,8.009876]},"faces":{"down":{"uv":[12.5,3.75,13.0,4.25],"rotation":270,"texture":"#687bcb0a-bae0-a33c-9153-feb5a7cbd76c","tintindex":0},"east":{"uv":[6.75,13.5,7.25,13.75],"rotation":0,"texture":"#687bcb0a-bae0-a33c-9153-feb5a7cbd76c","tintindex":0},"north":{"uv":[8.25,13.5,8.75,13.75],"rotation":0,"texture":"#687bcb0a-bae0-a33c-9153-feb5a7cbd76c","tintindex":0},"south":{"uv":[7.25,13.5,7.75,13.75],"rotation":0,"texture":"#687bcb0a-bae0-a33c-9153-feb5a7cbd76c","tintindex":0},"up":{"uv":[13.0,3.75,12.5,3.25],"rotation":90,"texture":"#687bcb0a-bae0-a33c-9153-feb5a7cbd76c","tintindex":0},"west":{"uv":[7.75,13.5,8.25,13.75],"rotation":0,"texture":"#687bcb0a-bae0-a33c-9153-feb5a7cbd76c","tintindex":0}}},{"name":"cube","from":[8.974361,11.346434,4.5445037],"to":[9.874361,11.796434,5.669504],"rotation":{"angle":0.0,"axis":"x","origin":[8.074361,7.956053,8.009876]},"faces":{"down":{"uv":[8.0,12.5,8.5,13.0],"rotation":270,"texture":"#687bcb0a-bae0-a33c-9153-feb5a7cbd76c","tintindex":0},"east":{"uv":[13.25,10.75,13.75,11.0],"rotation":0,"texture":"#687bcb0a-bae0-a33c-9153-feb5a7cbd76c","tintindex":0},"north":{"uv":[1.75,13.5,2.25,13.75],"rotation":0,"texture":"#687bcb0a-bae0-a33c-9153-feb5a7cbd76c","tintindex":0},"south":{"uv":[13.25,12.5,13.75,12.75],"rotation":0,"texture":"#687bcb0a-bae0-a33c-9153-feb5a7cbd76c","tintindex":0},"up":{"uv":[8.0,13.0,7.5,12.5],"rotation":90,"texture":"#687bcb0a-bae0-a33c-9153-feb5a7cbd76c","tintindex":0},"west":{"uv":[1.25,13.5,1.75,13.75],"rotation":0,"texture":"#687bcb0a-bae0-a33c-9153-feb5a7cbd76c","tintindex":0}}},{"name":"cube","from":[6.2743607,12.380238,5.1529365],"to":[7.1743608,12.830237,6.2779365],"rotation":{"angle":-22.5,"axis":"x","origin":[8.074361,7.956053,8.009876]},"faces":{"down":{"uv":[2.0,13.0,2.5,13.5],"rotation":270,"texture":"#687bcb0a-bae0-a33c-9153-feb5a7cbd76c","tintindex":0},"east":{"uv":[13.5,12.25,14.0,12.5],"rotation":0,"texture":"#687bcb0a-bae0-a33c-9153-feb5a7cbd76c","tintindex":0},"north":{"uv":[6.75,13.75,7.25,14.0],"rotation":0,"texture":"#687bcb0a-bae0-a33c-9153-feb5a7cbd76c","tintindex":0},"south":{"uv":[13.5,13.25,14.0,13.5],"rotation":0,"texture":"#687bcb0a-bae0-a33c-9153-feb5a7cbd76c","tintindex":0},"up":{"uv":[2.0,13.5,1.5,13.0],"rotation":90,"texture":"#687bcb0a-bae0-a33c-9153-feb5a7cbd76c","tintindex":0},"west":{"uv":[2.5,13.75,3.0,14.0],"rotation":0,"texture":"#687bcb0a-bae0-a33c-9153-feb5a7cbd76c","tintindex":0}}},{"name":"cube","from":[6.2743607,11.346434,4.5445037],"to":[7.1743608,11.796434,5.669504],"rotation":{"angle":0.0,"axis":"x","origin":[8.074361,7.956053,8.009876]},"faces":{"down":{"uv":[12.75,7.5,13.25,8.0],"rotation":270,"texture":"#687bcb0a-bae0-a33c-9153-feb5a7cbd76c","tintindex":0},"east":{"uv":[13.5,1.0,14.0,1.25],"rotation":0,"texture":"#687bcb0a-bae0-a33c-9153-feb5a7cbd76c","tintindex":0},"north":{"uv":[13.5,7.5,14.0,7.75],"rotation":0,"texture":"#687bcb0a-bae0-a33c-9153-feb5a7cbd76c","tintindex":0},"south":{"uv":[13.5,5.75,14.0,6.0],"rotation":0,"texture":"#687bcb0a-bae0-a33c-9153-feb5a7cbd76c","tintindex":0},"up":{"uv":[13.0,13.25,12.5,12.75],"rotation":90,"texture":"#687bcb0a-bae0-a33c-9153-feb5a7cbd76c","tintindex":0},"west":{"uv":[13.5,6.0,14.0,6.25],"rotation":0,"texture":"#687bcb0a-bae0-a33c-9153-feb5a7cbd76c","tintindex":0}}},{"name":"cube","from":[6.2743607,10.158476,4.378007],"to":[7.1743608,10.608477,5.503007],"rotation":{"angle":22.5,"axis":"x","origin":[8.074361,7.956053,8.009876]},"faces":{"down":{"uv":[5.0,13.0,5.5,13.5],"rotation":270,"texture":"#687bcb0a-bae0-a33c-9153-feb5a7cbd76c","tintindex":0},"east":{"uv":[7.25,13.75,7.75,14.0],"rotation":0,"texture":"#687bcb0a-bae0-a33c-9153-feb5a7cbd76c","tintindex":0},"north":{"uv":[8.75,13.75,9.25,14.0],"rotation":0,"texture":"#687bcb0a-bae0-a33c-9153-feb5a7cbd76c","tintindex":0},"south":{"uv":[7.75,13.75,8.25,14.0],"rotation":0,"texture":"#687bcb0a-bae0-a33c-9153-feb5a7cbd76c","tintindex":0},"up":{"uv":[5.0,13.5,4.5,13.0],"rotation":90,"texture":"#687bcb0a-bae0-a33c-9153-feb5a7cbd76c","tintindex":0},"west":{"uv":[8.25,13.75,8.75,14.0],"rotation":0,"texture":"#687bcb0a-bae0-a33c-9153-feb5a7cbd76c","tintindex":0}}},{"name":"cube","from":[6.2743607,10.16214,9.05106],"to":[7.1743608,11.287139,9.5010605],"rotation":{"angle":-45.0,"axis":"x","origin":[8.074361,7.956053,8.009876]},"faces":{"down":{"uv":[1.75,13.75,2.0,14.25],"rotation":270,"texture":"#687bcb0a-bae0-a33c-9153-feb5a7cbd76c","tintindex":0},"east":{"uv":[13.5,12.75,13.75,13.25],"rotation":0,"texture":"#687bcb0a-bae0-a33c-9153-feb5a7cbd76c","tintindex":0},"north":{"uv":[1.0,13.0,1.5,13.5],"rotation":0,"texture":"#687bcb0a-bae0-a33c-9153-feb5a7cbd76c","tintindex":0},"south":{"uv":[0.5,13.0,1.0,13.5],"rotation":0,"texture":"#687bcb0a-bae0-a33c-9153-feb5a7cbd76c","tintindex":0},"up":{"uv":[1.75,14.25,1.5,13.75],"rotation":90,"texture":"#687bcb0a-bae0-a33c-9153-feb5a7cbd76c","tintindex":0},"west":{"uv":[1.25,13.75,1.5,14.25],"rotation":0,"texture":"#687bcb0a-bae0-a33c-9153-feb5a7cbd76c","tintindex":0}}},{"name":"cube","from":[8.974361,10.16214,9.05106],"to":[9.874361,11.287139,9.5010605],"rotation":{"angle":-45.0,"axis":"x","origin":[8.074361,7.956053,8.009876]},"faces":{"down":{"uv":[6.5,13.5,6.75,14.0],"rotation":270,"texture":"#687bcb0a-bae0-a33c-9153-feb5a7cbd76c","tintindex":0},"east":{"uv":[5.75,13.5,6.0,14.0],"rotation":0,"texture":"#687bcb0a-bae0-a33c-9153-feb5a7cbd76c","tintindex":0},"north":{"uv":[12.5,2.75,13.0,3.25],"rotation":0,"texture":"#687bcb0a-bae0-a33c-9153-feb5a7cbd76c","tintindex":0},"south":{"uv":[10.5,12.5,11.0,13.0],"rotation":0,"texture":"#687bcb0a-bae0-a33c-9153-feb5a7cbd76c","tintindex":0},"up":{"uv":[6.5,14.0,6.25,13.5],"rotation":90,"texture":"#687bcb0a-bae0-a33c-9153-feb5a7cbd76c","tintindex":0},"west":{"uv":[6.0,13.5,6.25,14.0],"rotation":0,"texture":"#687bcb0a-bae0-a33c-9153-feb5a7cbd76c","tintindex":0}}},{"name":"cube","from":[8.974361,10.158476,4.378007],"to":[9.874361,10.608477,5.503007],"rotation":{"angle":22.5,"axis":"x","origin":[8.074361,7.956053,8.009876]},"faces":{"down":{"uv":[12.5,4.75,13.0,5.25],"rotation":270,"texture":"#687bcb0a-bae0-a33c-9153-feb5a7cbd76c","tintindex":0},"east":{"uv":[8.75,13.5,9.25,13.75],"rotation":0,"texture":"#687bcb0a-bae0-a33c-9153-feb5a7cbd76c","tintindex":0},"north":{"uv":[10.25,13.5,10.75,13.75],"rotation":0,"texture":"#687bcb0a-bae0-a33c-9153-feb5a7cbd76c","tintindex":0},"south":{"uv":[9.25,13.5,9.75,13.75],"rotation":0,"texture":"#687bcb0a-bae0-a33c-9153-feb5a7cbd76c","tintindex":0},"up":{"uv":[13.0,4.75,12.5,4.25],"rotation":90,"texture":"#687bcb0a-bae0-a33c-9153-feb5a7cbd76c","tintindex":0},"west":{"uv":[9.75,13.5,10.25,13.75],"rotation":0,"texture":"#687bcb0a-bae0-a33c-9153-feb5a7cbd76c","tintindex":0}}},{"name":"cube","from":[3.8272338,10.832552,3.591512],"to":[4.277234,11.377448,6.6515117],"rotation":{"angle":0.0,"axis":"x","origin":[8.074361,7.956053,8.009876]},"faces":{"down":{"uv":[10.0,12.25,11.25,12.5],"rotation":270,"texture":"#687bcb0a-bae0-a33c-9153-feb5a7cbd76c","tintindex":0},"east":{"uv":[6.25,12.25,7.5,12.5],"rotation":0,"texture":"#687bcb0a-bae0-a33c-9153-feb5a7cbd76c","tintindex":0},"north":{"uv":[8.75,14.0,9.0,14.25],"rotation":0,"texture":"#687bcb0a-bae0-a33c-9153-feb5a7cbd76c","tintindex":0},"south":{"uv":[8.5,14.0,8.75,14.25],"rotation":0,"texture":"#687bcb0a-bae0-a33c-9153-feb5a7cbd76c","tintindex":0},"up":{"uv":[10.0,12.5,8.75,12.25],"rotation":90,"texture":"#687bcb0a-bae0-a33c-9153-feb5a7cbd76c","tintindex":0},"west":{"uv":[7.5,12.25,8.75,12.5],"rotation":0,"texture":"#687bcb0a-bae0-a33c-9153-feb5a7cbd76c","tintindex":0}}},{"name":"cube","from":[3.8272338,10.382551,3.0515115],"to":[4.277234,10.837448,7.101512],"rotation":{"angle":0.0,"axis":"x","origin":[8.074361,7.956053,8.009876]},"faces":{"down":{"uv":[10.25,12.0,12.0,12.25],"rotation":270,"texture":"#687bcb0a-bae0-a33c-9153-feb5a7cbd76c","tintindex":0},"east":{"uv":[5.0,12.0,6.75,12.25],"rotation":0,"texture":"#687bcb0a-bae0-a33c-9153-feb5a7cbd76c","tintindex":0},"north":{"uv":[7.75,14.0,8.0,14.25],"rotation":0,"texture":"#687bcb0a-bae0-a33c-9153-feb5a7cbd76c","tintindex":0},"south":{"uv":[11.0,12.5,11.25,12.75],"rotation":0,"texture":"#687bcb0a-bae0-a33c-9153-feb5a7cbd76c","tintindex":0},"up":{"uv":[10.25,12.25,8.5,12.0],"rotation":90,"texture":"#687bcb0a-bae0-a33c-9153-feb5a7cbd76c","tintindex":0},"west":{"uv":[6.75,12.0,8.5,12.25],"rotation":0,"texture":"#687bcb0a-bae0-a33c-9153-feb5a7cbd76c","tintindex":0}}},{"name":"cube","from":[3.8272338,9.392551,2.6915119],"to":[4.277234,10.387448,7.5515122],"rotation":{"angle":0.0,"axis":"x","origin":[8.074361,7.956053,8.009876]},"faces":{"down":{"uv":[5.0,11.75,7.0,12.0],"rotation":270,"texture":"#687bcb0a-bae0-a33c-9153-feb5a7cbd76c","tintindex":0},"east":{"uv":[2.5,10.0,4.5,10.5],"rotation":0,"texture":"#687bcb0a-bae0-a33c-9153-feb5a7cbd76c","tintindex":0},"north":{"uv":[7.5,14.0,7.75,14.5],"rotation":0,"texture":"#687bcb0a-bae0-a33c-9153-feb5a7cbd76c","tintindex":0},"south":{"uv":[7.25,14.0,7.5,14.5],"rotation":0,"texture":"#687bcb0a-bae0-a33c-9153-feb5a7cbd76c","tintindex":0},"up":{"uv":[2.0,12.0,0.0,11.75],"rotation":90,"texture":"#687bcb0a-bae0-a33c-9153-feb5a7cbd76c","tintindex":0},"west":{"uv":[2.0,10.5,4.0,11.0],"rotation":0,"texture":"#687bcb0a-bae0-a33c-9153-feb5a7cbd76c","tintindex":0}}},{"name":"cube","from":[3.8272338,8.402552,2.6015115],"to":[12.377234,9.397448,7.6055117],"rotation":{"angle":0.0,"axis":"x","origin":[8.074361,7.956053,8.009876]},"faces":{"down":{"uv":[7.5,3.5,9.5,7.0],"rotation":270,"texture":"#687bcb0a-bae0-a33c-9153-feb5a7cbd76c","tintindex":0},"east":{"uv":[9.5,7.5,11.5,8.0],"rotation":0,"texture":"#687bcb0a-bae0-a33c-9153-feb5a7cbd76c","tintindex":0},"north":{"uv":[9.5,2.25,13.0,2.75],"rotation":0,"texture":"#687bcb0a-bae0-a33c-9153-feb5a7cbd76c","tintindex":0},"south":{"uv":[9.5,1.75,13.0,2.25],"rotation":0,"texture":"#687bcb0a-bae0-a33c-9153-feb5a7cbd76c","tintindex":0},"up":{"uv":[9.5,3.5,7.5,0.0],"rotation":90,"texture":"#687bcb0a-bae0-a33c-9153-feb5a7cbd76c","tintindex":0},"west":{"uv":[9.5,8.0,11.5,8.5],"rotation":0,"texture":"#687bcb0a-bae0-a33c-9153-feb5a7cbd76c","tintindex":0}}},{"name":"cube","from":[4.457234,9.443359,7.7877903],"to":[11.657234,10.438255,8.185743],"rotation":{"angle":-22.5,"axis":"x","origin":[8.074361,7.956053,8.009876]},"faces":{"down":{"uv":[4.75,10.0,5.0,13.0],"rotation":270,"texture":"#687bcb0a-bae0-a33c-9153-feb5a7cbd76c","tintindex":0},"east":{"uv":[13.75,2.75,14.0,3.25],"rotation":0,"texture":"#687bcb0a-bae0-a33c-9153-feb5a7cbd76c","tintindex":0},"north":{"uv":[9.5,3.25,12.5,3.75],"rotation":0,"texture":"#687bcb0a-bae0-a33c-9153-feb5a7cbd76c","tintindex":0},"south":{"uv":[9.5,2.75,12.5,3.25],"rotation":0,"texture":"#687bcb0a-bae0-a33c-9153-feb5a7cbd76c","tintindex":0},"up":{"uv":[4.75,13.0,4.5,10.0],"rotation":90,"texture":"#687bcb0a-bae0-a33c-9153-feb5a7cbd76c","tintindex":0},"west":{"uv":[13.75,3.25,14.0,3.75],"rotation":0,"texture":"#687bcb0a-bae0-a33c-9153-feb5a7cbd76c","tintindex":0}}},{"name":"cube","from":[4.457234,10.182009,8.724296],"to":[11.657234,11.176905,9.122258],"rotation":{"angle":-45.0,"axis":"x","origin":[8.074361,7.956053,8.009876]},"faces":{"down":{"uv":[3.0,11.25,3.25,14.25],"rotation":270,"texture":"#687bcb0a-bae0-a33c-9153-feb5a7cbd76c","tintindex":0},"east":{"uv":[13.75,10.25,14.0,10.75],"rotation":0,"texture":"#687bcb0a-bae0-a33c-9153-feb5a7cbd76c","tintindex":0},"north":{"uv":[9.5,5.25,12.5,5.75],"rotation":0,"texture":"#687bcb0a-bae0-a33c-9153-feb5a7cbd76c","tintindex":0},"south":{"uv":[9.5,4.75,12.5,5.25],"rotation":0,"texture":"#687bcb0a-bae0-a33c-9153-feb5a7cbd76c","tintindex":0},"up":{"uv":[4.0,14.0,3.75,11.0],"rotation":90,"texture":"#687bcb0a-bae0-a33c-9153-feb5a7cbd76c","tintindex":0},"west":{"uv":[13.75,11.25,14.0,11.75],"rotation":0,"texture":"#687bcb0a-bae0-a33c-9153-feb5a7cbd76c","tintindex":0}}},{"name":"cube","from":[4.457234,9.818369,4.4649935],"to":[11.657234,10.216323,5.4598894],"rotation":{"angle":22.5,"axis":"x","origin":[8.074361,7.956053,8.009876]},"faces":{"down":{"uv":[7.0,8.75,7.5,11.75],"rotation":270,"texture":"#687bcb0a-bae0-a33c-9153-feb5a7cbd76c","tintindex":0},"east":{"uv":[0.5,14.0,1.0,14.25],"rotation":0,"texture":"#687bcb0a-bae0-a33c-9153-feb5a7cbd76c","tintindex":0},"north":{"uv":[11.25,11.0,14.25,11.25],"rotation":0,"texture":"#687bcb0a-bae0-a33c-9153-feb5a7cbd76c","tintindex":0},"south":{"uv":[11.25,7.25,14.25,7.5],"rotation":0,"texture":"#687bcb0a-bae0-a33c-9153-feb5a7cbd76c","tintindex":0},"up":{"uv":[7.0,11.75,6.5,8.75],"rotation":90,"texture":"#687bcb0a-bae0-a33c-9153-feb5a7cbd76c","tintindex":0},"west":{"uv":[2.25,14.0,2.75,14.25],"rotation":0,"texture":"#687bcb0a-bae0-a33c-9153-feb5a7cbd76c","tintindex":0}}},{"name":"cube","from":[4.457234,11.002886,4.6049027],"to":[11.657234,11.400839,5.5997987],"rotation":{"angle":0.0,"axis":"x","origin":[8.074361,7.956053,8.009876]},"faces":{"down":{"uv":[5.0,8.75,5.5,11.75],"rotation":270,"texture":"#687bcb0a-bae0-a33c-9153-feb5a7cbd76c","tintindex":0},"east":{"uv":[13.75,0.25,14.25,0.5],"rotation":0,"texture":"#687bcb0a-bae0-a33c-9153-feb5a7cbd76c","tintindex":0},"north":{"uv":[7.5,11.25,10.5,11.5],"rotation":0,"texture":"#687bcb0a-bae0-a33c-9153-feb5a7cbd76c","tintindex":0},"south":{"uv":[0.0,11.25,3.0,11.5],"rotation":0,"texture":"#687bcb0a-bae0-a33c-9153-feb5a7cbd76c","tintindex":0},"up":{"uv":[2.5,10.5,2.0,7.5],"rotation":90,"texture":"#687bcb0a-bae0-a33c-9153-feb5a7cbd76c","tintindex":0},"west":{"uv":[13.75,0.5,14.25,0.75],"rotation":0,"texture":"#687bcb0a-bae0-a33c-9153-feb5a7cbd76c","tintindex":0}}},{"name":"cube","from":[4.457234,6.0701475,2.7856326],"to":[11.657234,7.0650434,3.1835947],"rotation":{"angle":45.0,"axis":"x","origin":[8.074361,7.956053,8.009876]},"faces":{"down":{"uv":[4.25,10.5,4.5,13.5],"rotation":270,"texture":"#687bcb0a-bae0-a33c-9153-feb5a7cbd76c","tintindex":0},"east":{"uv":[13.75,6.25,14.0,6.75],"rotation":0,"texture":"#687bcb0a-bae0-a33c-9153-feb5a7cbd76c","tintindex":0},"north":{"uv":[9.5,4.25,12.5,4.75],"rotation":0,"texture":"#687bcb0a-bae0-a33c-9153-feb5a7cbd76c","tintindex":0},"south":{"uv":[9.5,3.75,12.5,4.25],"rotation":0,"texture":"#687bcb0a-bae0-a33c-9153-feb5a7cbd76c","tintindex":0},"up":{"uv":[4.25,13.5,4.0,10.5],"rotation":90,"texture":"#687bcb0a-bae0-a33c-9153-feb5a7cbd76c","tintindex":0},"west":{"uv":[13.75,7.75,14.0,8.25],"rotation":0,"texture":"#687bcb0a-bae0-a33c-9153-feb5a7cbd76c","tintindex":0}}},{"name":"cube","from":[4.457234,12.043694,5.187456],"to":[11.657234,12.441647,6.1823525],"rotation":{"angle":-22.5,"axis":"x","origin":[8.074361,7.956053,8.009876]},"faces":{"down":{"uv":[6.0,8.75,6.5,11.75],"rotation":270,"texture":"#687bcb0a-bae0-a33c-9153-feb5a7cbd76c","tintindex":0},"east":{"uv":[13.75,12.0,14.25,12.25],"rotation":0,"texture":"#687bcb0a-bae0-a33c-9153-feb5a7cbd76c","tintindex":0},"north":{"uv":[11.25,7.0,14.25,7.25],"rotation":0,"texture":"#687bcb0a-bae0-a33c-9153-feb5a7cbd76c","tintindex":0},"south":{"uv":[10.5,11.25,13.5,11.5],"rotation":0,"texture":"#687bcb0a-bae0-a33c-9153-feb5a7cbd76c","tintindex":0},"up":{"uv":[6.0,11.75,5.5,8.75],"rotation":90,"texture":"#687bcb0a-bae0-a33c-9153-feb5a7cbd76c","tintindex":0},"west":{"uv":[13.75,12.5,14.25,12.75],"rotation":0,"texture":"#687bcb0a-bae0-a33c-9153-feb5a7cbd76c","tintindex":0}}},{"name":"cube","from":[4.457234,7.2180357,2.4616024],"to":[11.657234,8.212932,2.8595552],"rotation":{"angle":22.5,"axis":"x","origin":[8.074361,7.956053,8.009876]},"faces":{"down":{"uv":[3.5,11.25,3.75,14.25],"rotation":270,"texture":"#687bcb0a-bae0-a33c-9153-feb5a7cbd76c","tintindex":0},"east":{"uv":[4.25,14.0,4.5,14.5],"rotation":0,"texture":"#687bcb0a-bae0-a33c-9153-feb5a7cbd76c","tintindex":0},"north":{"uv":[9.5,6.25,12.5,6.75],"rotation":0,"texture":"#687bcb0a-bae0-a33c-9153-feb5a7cbd76c","tintindex":0},"south":{"uv":[9.5,5.75,12.5,6.25],"rotation":0,"texture":"#687bcb0a-bae0-a33c-9153-feb5a7cbd76c","tintindex":0},"up":{"uv":[3.5,14.25,3.25,11.25],"rotation":90,"texture":"#687bcb0a-bae0-a33c-9153-feb5a7cbd76c","tintindex":0},"west":{"uv":[4.5,14.0,4.75,14.5],"rotation":0,"texture":"#687bcb0a-bae0-a33c-9153-feb5a7cbd76c","tintindex":0}}},{"name":"cube","from":[7.1743608,7.191053,1.784123],"to":[8.974361,8.991053,2.684123],"rotation":{"angle":0.0,"axis":"x","origin":[8.074361,7.956053,8.009876]},"faces":{"down":{"uv":[2.5,11.5,3.0,12.25],"rotation":270,"texture":"#687bcb0a-bae0-a33c-9153-feb5a7cbd76c","tintindex":0},"east":{"uv":[4.5,0.0,5.0,0.75],"rotation":0,"texture":"#687bcb0a-bae0-a33c-9153-feb5a7cbd76c","tintindex":0},"north":{"uv":[11.5,8.25,12.25,9.0],"rotation":0,"texture":"#687bcb0a-bae0-a33c-9153-feb5a7cbd76c","tintindex":0},"south":{"uv":[11.5,7.5,12.25,8.25],"rotation":0,"texture":"#687bcb0a-bae0-a33c-9153-feb5a7cbd76c","tintindex":0},"up":{"uv":[5.0,2.25,4.5,1.5],"rotation":90,"texture":"#687bcb0a-bae0-a33c-9153-feb5a7cbd76c","tintindex":0},"west":{"uv":[4.5,0.75,5.0,1.5],"rotation":0,"texture":"#687bcb0a-bae0-a33c-9153-feb5a7cbd76c","tintindex":0}}},{"name":"cube","from":[3.5743608,7.956053,2.1441226],"to":[12.574362,8.406054,7.994123],"rotation":{"angle":0.0,"axis":"x","origin":[8.074361,7.956053,8.009876]},"faces":{"down":{"uv":[2.5,2.5,5.0,6.25],"rotation":270,"texture":"#687bcb0a-bae0-a33c-9153-feb5a7cbd76c","tintindex":0},"east":{"uv":[5.0,4.75,7.5,5.0],"rotation":0,"texture":"#687bcb0a-bae0-a33c-9153-feb5a7cbd76c","tintindex":0},"north":{"uv":[9.5,10.75,13.25,11.0],"rotation":0,"texture":"#687bcb0a-bae0-a33c-9153-feb5a7cbd76c","tintindex":0},"south":{"uv":[9.5,6.75,13.25,7.0],"rotation":0,"texture":"#687bcb0a-bae0-a33c-9153-feb5a7cbd76c","tintindex":0},"up":{"uv":[2.5,3.75,0.0,0.0],"rotation":90,"texture":"#687bcb0a-bae0-a33c-9153-feb5a7cbd76c","tintindex":0},"west":{"uv":[0.0,11.5,2.5,11.75],"rotation":0,"texture":"#687bcb0a-bae0-a33c-9153-feb5a7cbd76c","tintindex":0}}},{"name":"cube","from":[11.927235,9.392551,2.6915119],"to":[12.377234,10.387448,7.5515122],"rotation":{"angle":0.0,"axis":"x","origin":[8.074361,7.956053,8.009876]},"faces":{"down":{"uv":[11.5,9.25,13.5,9.5],"rotation":270,"texture":"#687bcb0a-bae0-a33c-9153-feb5a7cbd76c","tintindex":0},"east":{"uv":[9.5,8.5,11.5,9.0],"rotation":0,"texture":"#687bcb0a-bae0-a33c-9153-feb5a7cbd76c","tintindex":0},"north":{"uv":[7.0,14.0,7.25,14.5],"rotation":0,"texture":"#687bcb0a-bae0-a33c-9153-feb5a7cbd76c","tintindex":0},"south":{"uv":[6.75,14.0,7.0,14.5],"rotation":0,"texture":"#687bcb0a-bae0-a33c-9153-feb5a7cbd76c","tintindex":0},"up":{"uv":[13.5,9.25,11.5,9.0],"rotation":90,"texture":"#687bcb0a-bae0-a33c-9153-feb5a7cbd76c","tintindex":0},"west":{"uv":[9.5,9.0,11.5,9.5],"rotation":0,"texture":"#687bcb0a-bae0-a33c-9153-feb5a7cbd76c","tintindex":0}}},{"name":"cube","from":[11.927235,10.382551,3.0515115],"to":[12.377234,10.837448,7.101512],"rotation":{"angle":0.0,"axis":"x","origin":[8.074361,7.956053,8.009876]},"faces":{"down":{"uv":[0.0,12.0,1.75,12.25],"rotation":270,"texture":"#687bcb0a-bae0-a33c-9153-feb5a7cbd76c","tintindex":0},"east":{"uv":[7.0,11.75,8.75,12.0],"rotation":0,"texture":"#687bcb0a-bae0-a33c-9153-feb5a7cbd76c","tintindex":0},"north":{"uv":[12.25,11.75,12.5,12.0],"rotation":0,"texture":"#687bcb0a-bae0-a33c-9153-feb5a7cbd76c","tintindex":0},"south":{"uv":[1.75,12.0,2.0,12.25],"rotation":0,"texture":"#687bcb0a-bae0-a33c-9153-feb5a7cbd76c","tintindex":0},"up":{"uv":[12.25,12.0,10.5,11.75],"rotation":90,"texture":"#687bcb0a-bae0-a33c-9153-feb5a7cbd76c","tintindex":0},"west":{"uv":[8.75,11.75,10.5,12.0],"rotation":0,"texture":"#687bcb0a-bae0-a33c-9153-feb5a7cbd76c","tintindex":0}}},{"name":"cube","from":[11.927235,10.832552,3.591512],"to":[12.377234,11.377448,6.6515117],"rotation":{"angle":0.0,"axis":"x","origin":[8.074361,7.956053,8.009876]},"faces":{"down":{"uv":[5.0,12.25,6.25,12.5],"rotation":270,"texture":"#687bcb0a-bae0-a33c-9153-feb5a7cbd76c","tintindex":0},"east":{"uv":[12.0,12.0,13.25,12.25],"rotation":0,"texture":"#687bcb0a-bae0-a33c-9153-feb5a7cbd76c","tintindex":0},"north":{"uv":[8.25,14.0,8.5,14.25],"rotation":0,"texture":"#687bcb0a-bae0-a33c-9153-feb5a7cbd76c","tintindex":0},"south":{"uv":[8.0,14.0,8.25,14.25],"rotation":0,"texture":"#687bcb0a-bae0-a33c-9153-feb5a7cbd76c","tintindex":0},"up":{"uv":[2.5,12.5,1.25,12.25],"rotation":90,"texture":"#687bcb0a-bae0-a33c-9153-feb5a7cbd76c","tintindex":0},"west":{"uv":[0.0,12.25,1.25,12.5],"rotation":0,"texture":"#687bcb0a-bae0-a33c-9153-feb5a7cbd76c","tintindex":0}}}],"display":{"head":{"translation":[0.0,-6.4,0.0],"rotation":[0.0,0.0,0.0],"scale":[3.8095,3.8095,3.8095]},"gui":{"translation":[0.0,0.0,0.0],"rotation":[35.0,225.0,0.0],"scale":[0.625,0.625,0.625]}}}