{
	"credit": "Made with Blockbench",
	"textures": {
		"44": "block/birch_door_bottom",
		"47": "block/birch_log",
		"48": "block/birch_log_top",
		"51": "block/birch_trapdoor",
		"181": "block/daylight_detector_top",
		"224": "block/emerald_block",
		"280": "block/green_glazed_terracotta",
		"285": "block/green_wool",
		"particle": "block/acacia_door_bottom"
	},
	"gui_light": "front",
	"elements": [
		{
			"from": [7.5, 13.5, 7.5],
			"to": [8.5, 14.5, 8.5],
			"faces": {
				"north": {"uv": [0, 0, 16, 16], "texture": "#48"},
				"east": {"uv": [0, 0, 16, 16], "texture": "#48"},
				"south": {"uv": [0, 0, 16, 16], "texture": "#48"},
				"west": {"uv": [0, 0, 16, 16], "texture": "#48"},
				"up": {"uv": [0, 0, 16, 16], "texture": "#48"},
				"down": {"uv": [0, 0, 16, 16], "texture": "#48"}
			}
		},
		{
			"from": [7.5, 8.5, 7.5],
			"to": [8.5, 9.5, 8.5],
			"rotation": {"angle": 0, "axis": "y", "origin": [8, 15, 8]},
			"faces": {
				"north": {"uv": [0, 0, 16, 16], "texture": "#48"},
				"east": {"uv": [0, 0, 16, 16], "texture": "#48"},
				"south": {"uv": [0, 0, 16, 16], "texture": "#48"},
				"west": {"uv": [0, 0, 16, 16], "texture": "#48"},
				"up": {"uv": [0, 0, 16, 16], "texture": "#48"},
				"down": {"uv": [0, 0, 16, 16], "texture": "#48"}
			}
		},
		{
			"from": [7.7, 13.7, 7.35],
			"to": [8.3, 14.3, 8.65],
			"rotation": {"angle": -45, "axis": "z", "origin": [8, 14, 8]},
			"faces": {
				"north": {"uv": [0, 0, 16, 16], "texture": "#224"},
				"east": {"uv": [0, 0, 16, 16], "texture": "#224"},
				"south": {"uv": [0, 0, 16, 16], "texture": "#224"},
				"west": {"uv": [0, 0, 16, 16], "texture": "#224"},
				"up": {"uv": [0, 0, 16, 16], "texture": "#224"},
				"down": {"uv": [0, 0, 16, 16], "texture": "#224"}
			}
		},
		{
			"from": [7.7, 8.7, 7.35],
			"to": [8.3, 9.3, 8.65],
			"rotation": {"angle": 45, "axis": "z", "origin": [8, 9, 8]},
			"faces": {
				"north": {"uv": [0, 0, 16, 16], "texture": "#224"},
				"east": {"uv": [0, 0, 16, 16], "texture": "#224"},
				"south": {"uv": [0, 0, 16, 16], "texture": "#224"},
				"west": {"uv": [0, 0, 16, 16], "texture": "#224"},
				"up": {"uv": [0, 0, 16, 16], "texture": "#224"},
				"down": {"uv": [0, 0, 16, 16], "texture": "#224"}
			}
		},
		{
			"from": [7.35, 13.7, 7.7],
			"to": [8.65, 14.3, 8.3],
			"rotation": {"angle": 45, "axis": "x", "origin": [8, 14, 8]},
			"faces": {
				"north": {"uv": [0, 0, 16, 16], "texture": "#224"},
				"east": {"uv": [0, 0, 16, 16], "texture": "#224"},
				"south": {"uv": [0, 0, 16, 16], "texture": "#224"},
				"west": {"uv": [0, 0, 16, 16], "texture": "#224"},
				"up": {"uv": [0, 0, 16, 16], "texture": "#224"},
				"down": {"uv": [0, 0, 16, 16], "texture": "#224"}
			}
		},
		{
			"from": [7.35, 8.7, 7.7],
			"to": [8.65, 9.3, 8.3],
			"rotation": {"angle": -45, "axis": "x", "origin": [8, 9, 8]},
			"faces": {
				"north": {"uv": [0, 0, 16, 16], "texture": "#224"},
				"east": {"uv": [0, 0, 16, 16], "texture": "#224"},
				"south": {"uv": [0, 0, 16, 16], "texture": "#224"},
				"west": {"uv": [0, 0, 16, 16], "texture": "#224"},
				"up": {"uv": [0, 0, 16, 16], "texture": "#224"},
				"down": {"uv": [0, 0, 16, 16], "texture": "#224"}
			}
		},
		{
			"from": [7.6, 14.275, 7.35],
			"to": [8.4, 16.275, 8.25],
			"rotation": {"angle": -22.5, "axis": "x", "origin": [8, 14.775, 7.85]},
			"faces": {
				"north": {"uv": [0, 0, 16, 16], "texture": "#47"},
				"east": {"uv": [0, 0, 16, 16], "texture": "#47"},
				"south": {"uv": [0, 0, 16, 16], "texture": "#47"},
				"west": {"uv": [0, 0, 16, 16], "texture": "#47"},
				"up": {"uv": [0, 0, 16, 16], "texture": "#47"},
				"down": {"uv": [0, 0, 16, 16], "texture": "#47"}
			}
		},
		{
			"from": [7.6, 6.725, 7.35],
			"to": [8.4, 8.725, 8.25],
			"rotation": {"angle": 22.5, "axis": "x", "origin": [8, 8.225, 7.85]},
			"faces": {
				"north": {"uv": [0, 0, 16, 16], "texture": "#47"},
				"east": {"uv": [0, 0, 16, 16], "texture": "#47"},
				"south": {"uv": [0, 0, 16, 16], "texture": "#47"},
				"west": {"uv": [0, 0, 16, 16], "texture": "#47"},
				"up": {"uv": [0, 0, 16, 16], "texture": "#47"},
				"down": {"uv": [0, 0, 16, 16], "texture": "#47"}
			}
		},
		{
			"from": [7.625, 15.875, 6.525],
			"to": [8.35, 17.275, 7.4],
			"rotation": {"angle": -45, "axis": "x", "origin": [8, 16.375, 7.025]},
			"faces": {
				"north": {"uv": [0, 0, 16, 16], "texture": "#47"},
				"east": {"uv": [0, 0, 16, 16], "texture": "#47"},
				"south": {"uv": [0, 0, 16, 16], "texture": "#47"},
				"west": {"uv": [0, 0, 16, 16], "texture": "#47"},
				"up": {"uv": [0, 0, 16, 16], "texture": "#47"},
				"down": {"uv": [0, 0, 16, 16], "texture": "#47"}
			}
		},
		{
			"from": [7.625, 5.725, 6.525],
			"to": [8.35, 7.125, 7.4],
			"rotation": {"angle": 45, "axis": "x", "origin": [8, 6.625, 7.025]},
			"faces": {
				"north": {"uv": [0, 0, 16, 16], "texture": "#47"},
				"east": {"uv": [0, 0, 16, 16], "texture": "#47"},
				"south": {"uv": [0, 0, 16, 16], "texture": "#47"},
				"west": {"uv": [0, 0, 16, 16], "texture": "#47"},
				"up": {"uv": [0, 0, 16, 16], "texture": "#47"},
				"down": {"uv": [0, 0, 16, 16], "texture": "#47"}
			}
		},
		{
			"from": [7.875, 16.08356, 8.33822],
			"to": [8.1, 20.15856, 8.53822],
			"rotation": {"angle": 22.5, "axis": "x", "origin": [7.9875, 18.47106, 8.43822]},
			"faces": {
				"north": {"uv": [5, 5, 15, 15], "rotation": 90, "texture": "#280"},
				"east": {"uv": [5, 5, 15, 15], "rotation": 90, "texture": "#280"},
				"south": {"uv": [5, 5, 15, 15], "rotation": 90, "texture": "#280"},
				"west": {"uv": [5, 5, 15, 15], "rotation": 90, "texture": "#280"},
				"up": {"uv": [5, 5, 15, 15], "rotation": 90, "texture": "#280"},
				"down": {"uv": [5, 5, 15, 15], "rotation": 90, "texture": "#280"}
			}
		},
		{
			"from": [7.875, 2.84144, 8.33822],
			"to": [8.1, 6.91644, 8.53822],
			"rotation": {"angle": -22.5, "axis": "x", "origin": [7.9875, 4.52894, 8.43822]},
			"faces": {
				"north": {"uv": [5, 5, 15, 15], "rotation": 90, "texture": "#280"},
				"east": {"uv": [5, 5, 15, 15], "rotation": 90, "texture": "#280"},
				"south": {"uv": [5, 5, 15, 15], "rotation": 90, "texture": "#280"},
				"west": {"uv": [5, 5, 15, 15], "rotation": 90, "texture": "#280"},
				"up": {"uv": [5, 5, 15, 15], "rotation": 90, "texture": "#280"},
				"down": {"uv": [5, 5, 15, 15], "rotation": 90, "texture": "#280"}
			}
		},
		{
			"from": [7.775, 16.625, 5.125],
			"to": [8.2, 17.05, 6.525],
			"rotation": {"angle": 22.5, "axis": "x", "origin": [8, 17.125, 6.025]},
			"faces": {
				"north": {"uv": [5, 5, 15, 15], "rotation": 90, "texture": "#280"},
				"east": {"uv": [5, 5, 15, 15], "rotation": 90, "texture": "#280"},
				"south": {"uv": [5, 5, 15, 15], "rotation": 90, "texture": "#280"},
				"west": {"uv": [5, 5, 15, 15], "rotation": 90, "texture": "#280"},
				"up": {"uv": [5, 5, 15, 15], "rotation": 90, "texture": "#280"},
				"down": {"uv": [5, 5, 15, 15], "rotation": 90, "texture": "#280"}
			}
		},
		{
			"from": [7.775, 5.95, 5.125],
			"to": [8.2, 6.375, 6.525],
			"rotation": {"angle": -22.5, "axis": "x", "origin": [8, 5.875, 6.025]},
			"faces": {
				"north": {"uv": [5, 5, 15, 15], "rotation": 90, "texture": "#280"},
				"east": {"uv": [5, 5, 15, 15], "rotation": 90, "texture": "#280"},
				"south": {"uv": [5, 5, 15, 15], "rotation": 90, "texture": "#280"},
				"west": {"uv": [5, 5, 15, 15], "rotation": 90, "texture": "#280"},
				"up": {"uv": [5, 5, 15, 15], "rotation": 90, "texture": "#280"},
				"down": {"uv": [5, 5, 15, 15], "rotation": 90, "texture": "#280"}
			}
		},
		{
			"from": [7.775, 18.37157, 5.94691],
			"to": [8.2, 19.77157, 6.37191],
			"rotation": {"angle": -22.5, "axis": "x", "origin": [7.9875, 19.4188, 6.15941]},
			"faces": {
				"north": {"uv": [5, 5, 15, 15], "texture": "#280"},
				"east": {"uv": [5, 5, 15, 15], "texture": "#280"},
				"south": {"uv": [5, 5, 15, 15], "texture": "#280"},
				"west": {"uv": [5, 5, 15, 15], "texture": "#280"},
				"up": {"uv": [5, 5, 15, 15], "texture": "#280"},
				"down": {"uv": [5, 5, 15, 15], "texture": "#280"}
			}
		},
		{
			"from": [7.775, 3.22843, 5.94691],
			"to": [8.2, 4.62843, 6.37191],
			"rotation": {"angle": 22.5, "axis": "x", "origin": [7.9875, 3.5812, 6.15941]},
			"faces": {
				"north": {"uv": [5, 5, 15, 15], "texture": "#280"},
				"east": {"uv": [5, 5, 15, 15], "texture": "#280"},
				"south": {"uv": [5, 5, 15, 15], "texture": "#280"},
				"west": {"uv": [5, 5, 15, 15], "texture": "#280"},
				"up": {"uv": [5, 5, 15, 15], "texture": "#280"},
				"down": {"uv": [5, 5, 15, 15], "texture": "#280"}
			}
		},
		{
			"from": [7.85, 19.67157, 7.94691],
			"to": [8.125, 21.07157, 8.37191],
			"rotation": {"angle": 22.5, "axis": "x", "origin": [7.9875, 20.7188, 8.15941]},
			"faces": {
				"north": {"uv": [5, 5, 15, 15], "texture": "#280"},
				"east": {"uv": [5, 5, 15, 15], "texture": "#280"},
				"south": {"uv": [5, 5, 15, 15], "texture": "#280"},
				"west": {"uv": [5, 5, 15, 15], "texture": "#280"},
				"up": {"uv": [5, 5, 15, 15], "texture": "#280"},
				"down": {"uv": [5, 5, 15, 15], "texture": "#280"}
			}
		},
		{
			"from": [7.85, 1.92843, 7.94691],
			"to": [8.125, 3.32843, 8.37191],
			"rotation": {"angle": -22.5, "axis": "x", "origin": [7.9875, 2.2812, 8.15941]},
			"faces": {
				"north": {"uv": [5, 5, 15, 15], "texture": "#280"},
				"east": {"uv": [5, 5, 15, 15], "texture": "#280"},
				"south": {"uv": [5, 5, 15, 15], "texture": "#280"},
				"west": {"uv": [5, 5, 15, 15], "texture": "#280"},
				"up": {"uv": [5, 5, 15, 15], "texture": "#280"},
				"down": {"uv": [5, 5, 15, 15], "texture": "#280"}
			}
		},
		{
			"from": [7.775, 14.9563, 6.33163],
			"to": [8.2, 15.3813, 7.73163],
			"rotation": {"angle": 22.5, "axis": "x", "origin": [7.9875, 15.1688, 6.68441]},
			"faces": {
				"north": {"uv": [5, 5, 15, 15], "rotation": 90, "texture": "#280"},
				"east": {"uv": [5, 5, 15, 15], "rotation": 90, "texture": "#280"},
				"south": {"uv": [5, 5, 15, 15], "rotation": 90, "texture": "#280"},
				"west": {"uv": [5, 5, 15, 15], "rotation": 90, "texture": "#280"},
				"up": {"uv": [5, 5, 15, 15], "rotation": 90, "texture": "#280"},
				"down": {"uv": [5, 5, 15, 15], "rotation": 90, "texture": "#280"}
			}
		},
		{
			"from": [7.775, 7.6187, 6.33163],
			"to": [8.2, 8.0437, 7.73163],
			"rotation": {"angle": -22.5, "axis": "x", "origin": [7.9875, 7.8312, 6.68441]},
			"faces": {
				"north": {"uv": [5, 5, 15, 15], "rotation": 90, "texture": "#280"},
				"east": {"uv": [5, 5, 15, 15], "rotation": 90, "texture": "#280"},
				"south": {"uv": [5, 5, 15, 15], "rotation": 90, "texture": "#280"},
				"west": {"uv": [5, 5, 15, 15], "rotation": 90, "texture": "#280"},
				"up": {"uv": [5, 5, 15, 15], "rotation": 90, "texture": "#280"},
				"down": {"uv": [5, 5, 15, 15], "rotation": 90, "texture": "#280"}
			}
		},
		{
			"from": [7.8, 17.12726, 4.98076],
			"to": [8.175, 17.40226, 5.28076],
			"rotation": {"angle": -22.5, "axis": "x", "origin": [7.9875, 17.12726, 5.26826]},
			"faces": {
				"north": {"uv": [5, 5, 15, 15], "texture": "#280"},
				"east": {"uv": [5, 5, 15, 15], "texture": "#280"},
				"south": {"uv": [5, 5, 15, 15], "texture": "#280"},
				"west": {"uv": [5, 5, 15, 15], "texture": "#280"},
				"up": {"uv": [5, 5, 15, 15], "texture": "#280"},
				"down": {"uv": [5, 5, 15, 15], "texture": "#280"}
			}
		},
		{
			"from": [7.8, 5.59774, 4.98076],
			"to": [8.175, 5.87274, 5.28076],
			"rotation": {"angle": 22.5, "axis": "x", "origin": [7.9875, 5.87274, 5.26826]},
			"faces": {
				"north": {"uv": [5, 5, 15, 15], "texture": "#280"},
				"east": {"uv": [5, 5, 15, 15], "texture": "#280"},
				"south": {"uv": [5, 5, 15, 15], "texture": "#280"},
				"west": {"uv": [5, 5, 15, 15], "texture": "#280"},
				"up": {"uv": [5, 5, 15, 15], "texture": "#280"},
				"down": {"uv": [5, 5, 15, 15], "texture": "#280"}
			}
		},
		{
			"from": [7.8, 19.52683, 5.76388],
			"to": [8.175, 19.80183, 6.06388],
			"rotation": {"angle": 22.5, "axis": "x", "origin": [7.9875, 19.4188, 6.15941]},
			"faces": {
				"north": {"uv": [5, 5, 15, 15], "texture": "#280"},
				"east": {"uv": [5, 5, 15, 15], "texture": "#280"},
				"south": {"uv": [5, 5, 15, 15], "texture": "#280"},
				"west": {"uv": [5, 5, 15, 15], "texture": "#280"},
				"up": {"uv": [5, 5, 15, 15], "texture": "#280"},
				"down": {"uv": [5, 5, 15, 15], "texture": "#280"}
			}
		},
		{
			"from": [7.8, 3.19817, 5.76388],
			"to": [8.175, 3.47317, 6.06388],
			"rotation": {"angle": -22.5, "axis": "x", "origin": [7.9875, 3.5812, 6.15941]},
			"faces": {
				"north": {"uv": [5, 5, 15, 15], "texture": "#280"},
				"east": {"uv": [5, 5, 15, 15], "texture": "#280"},
				"south": {"uv": [5, 5, 15, 15], "texture": "#280"},
				"west": {"uv": [5, 5, 15, 15], "texture": "#280"},
				"up": {"uv": [5, 5, 15, 15], "texture": "#280"},
				"down": {"uv": [5, 5, 15, 15], "texture": "#280"}
			}
		},
		{
			"from": [7.875, 20.81433, 8.26743],
			"to": [8.1, 21.11433, 8.54243],
			"rotation": {"angle": -22.5, "axis": "x", "origin": [7.9875, 20.7188, 8.15941]},
			"faces": {
				"north": {"uv": [5, 5, 15, 15], "rotation": 270, "texture": "#280"},
				"east": {"uv": [5, 5, 15, 15], "rotation": 270, "texture": "#280"},
				"south": {"uv": [5, 5, 15, 15], "rotation": 270, "texture": "#280"},
				"west": {"uv": [5, 5, 15, 15], "rotation": 270, "texture": "#280"},
				"up": {"uv": [5, 5, 15, 15], "rotation": 270, "texture": "#280"},
				"down": {"uv": [5, 5, 15, 15], "rotation": 270, "texture": "#280"}
			}
		},
		{
			"from": [7.875, 1.88567, 8.26743],
			"to": [8.1, 2.18567, 8.54243],
			"rotation": {"angle": 22.5, "axis": "x", "origin": [7.9875, 2.2812, 8.15941]},
			"faces": {
				"north": {"uv": [5, 5, 15, 15], "rotation": 270, "texture": "#280"},
				"east": {"uv": [5, 5, 15, 15], "rotation": 270, "texture": "#280"},
				"south": {"uv": [5, 5, 15, 15], "rotation": 270, "texture": "#280"},
				"west": {"uv": [5, 5, 15, 15], "rotation": 270, "texture": "#280"},
				"up": {"uv": [5, 5, 15, 15], "rotation": 270, "texture": "#280"},
				"down": {"uv": [5, 5, 15, 15], "rotation": 270, "texture": "#280"}
			}
		},
		{
			"from": [7.8, 15.27683, 6.28888],
			"to": [8.175, 15.55183, 6.58888],
			"rotation": {"angle": -22.5, "axis": "x", "origin": [7.9875, 15.1688, 6.68441]},
			"faces": {
				"north": {"uv": [5, 5, 15, 15], "texture": "#280"},
				"east": {"uv": [5, 5, 15, 15], "texture": "#280"},
				"south": {"uv": [5, 5, 15, 15], "texture": "#280"},
				"west": {"uv": [5, 5, 15, 15], "texture": "#280"},
				"up": {"uv": [5, 5, 15, 15], "texture": "#280"},
				"down": {"uv": [5, 5, 15, 15], "texture": "#280"}
			}
		},
		{
			"from": [7.8, 7.44817, 6.28888],
			"to": [8.175, 7.72317, 6.58888],
			"rotation": {"angle": 22.5, "axis": "x", "origin": [7.9875, 7.8312, 6.68441]},
			"faces": {
				"north": {"uv": [5, 5, 15, 15], "texture": "#280"},
				"east": {"uv": [5, 5, 15, 15], "texture": "#280"},
				"south": {"uv": [5, 5, 15, 15], "texture": "#280"},
				"west": {"uv": [5, 5, 15, 15], "texture": "#280"},
				"up": {"uv": [5, 5, 15, 15], "texture": "#280"},
				"down": {"uv": [5, 5, 15, 15], "texture": "#280"}
			}
		},
		{
			"from": [7.7, 17.75, 6.2],
			"to": [8.275, 19.05, 7.075],
			"rotation": {"angle": 22.5, "axis": "x", "origin": [8, 18.25, 6.7]},
			"faces": {
				"north": {"uv": [0, 0, 16, 16], "texture": "#47"},
				"east": {"uv": [0, 0, 16, 16], "texture": "#47"},
				"south": {"uv": [0, 0, 16, 16], "texture": "#47"},
				"west": {"uv": [0, 0, 16, 16], "texture": "#47"},
				"up": {"uv": [0, 0, 16, 16], "texture": "#47"},
				"down": {"uv": [0, 0, 16, 16], "texture": "#47"}
			}
		},
		{
			"from": [7.7, 3.95, 6.2],
			"to": [8.275, 5.25, 7.075],
			"rotation": {"angle": -22.5, "axis": "x", "origin": [8, 4.75, 6.7]},
			"faces": {
				"north": {"uv": [0, 0, 16, 16], "texture": "#47"},
				"east": {"uv": [0, 0, 16, 16], "texture": "#47"},
				"south": {"uv": [0, 0, 16, 16], "texture": "#47"},
				"west": {"uv": [0, 0, 16, 16], "texture": "#47"},
				"up": {"uv": [0, 0, 16, 16], "texture": "#47"},
				"down": {"uv": [0, 0, 16, 16], "texture": "#47"}
			}
		},
		{
			"from": [7.775, 18.8, 6.775],
			"to": [8.2, 19.675, 8.075],
			"rotation": {"angle": -45, "axis": "x", "origin": [8, 19.175, 7.275]},
			"faces": {
				"north": {"uv": [0, 0, 16, 16], "rotation": 270, "texture": "#47"},
				"east": {"uv": [0, 0, 16, 16], "rotation": 270, "texture": "#47"},
				"south": {"uv": [0, 0, 16, 16], "rotation": 270, "texture": "#47"},
				"west": {"uv": [0, 0, 16, 16], "rotation": 270, "texture": "#47"},
				"up": {"uv": [0, 0, 16, 16], "rotation": 270, "texture": "#47"},
				"down": {"uv": [0, 0, 16, 16], "rotation": 270, "texture": "#47"}
			}
		},
		{
			"from": [7.775, 3.325, 6.775],
			"to": [8.2, 4.2, 8.075],
			"rotation": {"angle": 45, "axis": "x", "origin": [8, 3.825, 7.275]},
			"faces": {
				"north": {"uv": [0, 0, 16, 16], "rotation": 270, "texture": "#47"},
				"east": {"uv": [0, 0, 16, 16], "rotation": 270, "texture": "#47"},
				"south": {"uv": [0, 0, 16, 16], "rotation": 270, "texture": "#47"},
				"west": {"uv": [0, 0, 16, 16], "rotation": 270, "texture": "#47"},
				"up": {"uv": [0, 0, 16, 16], "rotation": 270, "texture": "#47"},
				"down": {"uv": [0, 0, 16, 16], "rotation": 270, "texture": "#47"}
			}
		},
		{
			"from": [7.825, 19.625, 7.6],
			"to": [8.15, 20.5, 9.4],
			"rotation": {"angle": -22.5, "axis": "x", "origin": [8, 20, 8.6]},
			"faces": {
				"north": {"uv": [0, 0, 16, 16], "rotation": 270, "texture": "#47"},
				"east": {"uv": [0, 0, 16, 16], "rotation": 270, "texture": "#47"},
				"south": {"uv": [0, 0, 16, 16], "rotation": 270, "texture": "#47"},
				"west": {"uv": [0, 0, 16, 16], "rotation": 270, "texture": "#47"},
				"up": {"uv": [0, 0, 16, 16], "rotation": 270, "texture": "#47"},
				"down": {"uv": [0, 0, 16, 16], "rotation": 270, "texture": "#47"}
			}
		},
		{
			"from": [7.825, 2.5, 7.6],
			"to": [8.15, 3.375, 9.4],
			"rotation": {"angle": 22.5, "axis": "x", "origin": [8, 3, 8.6]},
			"faces": {
				"north": {"uv": [0, 0, 16, 16], "rotation": 270, "texture": "#47"},
				"east": {"uv": [0, 0, 16, 16], "rotation": 270, "texture": "#47"},
				"south": {"uv": [0, 0, 16, 16], "rotation": 270, "texture": "#47"},
				"west": {"uv": [0, 0, 16, 16], "rotation": 270, "texture": "#47"},
				"up": {"uv": [0, 0, 16, 16], "rotation": 270, "texture": "#47"},
				"down": {"uv": [0, 0, 16, 16], "rotation": 270, "texture": "#47"}
			}
		},
		{
			"from": [7.8, 19.975, 9.125],
			"to": [8.175, 20.75, 10.225],
			"rotation": {"angle": 0, "axis": "x", "origin": [8, 20.25, 9.625]},
			"faces": {
				"north": {"uv": [0, 0, 16, 16], "rotation": 270, "texture": "#47"},
				"east": {"uv": [0, 0, 16, 16], "rotation": 270, "texture": "#47"},
				"south": {"uv": [0, 0, 16, 16], "rotation": 270, "texture": "#47"},
				"west": {"uv": [0, 0, 16, 16], "rotation": 270, "texture": "#47"},
				"up": {"uv": [0, 0, 16, 16], "rotation": 270, "texture": "#47"},
				"down": {"uv": [0, 0, 16, 16], "rotation": 270, "texture": "#47"}
			}
		},
		{
			"from": [7.7, 19.875, 9.875],
			"to": [8.275, 20.85, 9.975],
			"rotation": {"angle": 0, "axis": "x", "origin": [8, 20.25, 9.625]},
			"faces": {
				"north": {"uv": [0, 0, 16, 16], "rotation": 270, "texture": "#285"},
				"east": {"uv": [0, 0, 16, 16], "rotation": 270, "texture": "#285"},
				"south": {"uv": [0, 0, 16, 16], "rotation": 270, "texture": "#285"},
				"west": {"uv": [0, 0, 16, 16], "rotation": 270, "texture": "#285"},
				"up": {"uv": [0, 0, 16, 16], "rotation": 270, "texture": "#285"},
				"down": {"uv": [0, 0, 16, 16], "rotation": 270, "texture": "#285"}
			}
		},
		{
			"from": [7.7, 2.15, 9.875],
			"to": [8.275, 3.125, 9.975],
			"rotation": {"angle": 0, "axis": "x", "origin": [8, 2.525, 9.625]},
			"faces": {
				"north": {"uv": [0, 0, 16, 16], "rotation": 270, "texture": "#285"},
				"east": {"uv": [0, 0, 16, 16], "rotation": 270, "texture": "#285"},
				"south": {"uv": [0, 0, 16, 16], "rotation": 270, "texture": "#285"},
				"west": {"uv": [0, 0, 16, 16], "rotation": 270, "texture": "#285"},
				"up": {"uv": [0, 0, 16, 16], "rotation": 270, "texture": "#285"},
				"down": {"uv": [0, 0, 16, 16], "rotation": 270, "texture": "#285"}
			}
		},
		{
			"from": [7.95, 3.125, 9.875],
			"to": [8.025, 20.1, 9.975],
			"rotation": {"angle": 0, "axis": "x", "origin": [8, 3.5, 9.625]},
			"faces": {
				"north": {"uv": [0, 0, 16, 16], "rotation": 270, "texture": "#285"},
				"east": {"uv": [0, 0, 16, 16], "rotation": 270, "texture": "#285"},
				"south": {"uv": [0, 0, 16, 16], "rotation": 270, "texture": "#285"},
				"west": {"uv": [0, 0, 16, 16], "rotation": 270, "texture": "#285"},
				"up": {"uv": [0, 0, 16, 16], "rotation": 270, "texture": "#285"},
				"down": {"uv": [0, 0, 16, 16], "rotation": 270, "texture": "#285"}
			}
		},
		{
			"from": [7.8, 2.25, 9.125],
			"to": [8.175, 3.025, 10.225],
			"rotation": {"angle": 0, "axis": "x", "origin": [8, 2.75, 9.625]},
			"faces": {
				"north": {"uv": [0, 0, 16, 16], "rotation": 270, "texture": "#47"},
				"east": {"uv": [0, 0, 16, 16], "rotation": 270, "texture": "#47"},
				"south": {"uv": [0, 0, 16, 16], "rotation": 270, "texture": "#47"},
				"west": {"uv": [0, 0, 16, 16], "rotation": 270, "texture": "#47"},
				"up": {"uv": [0, 0, 16, 16], "rotation": 270, "texture": "#47"},
				"down": {"uv": [0, 0, 16, 16], "rotation": 270, "texture": "#47"}
			}
		},
		{
			"from": [7.85, 20.25, 9.875],
			"to": [8.125, 20.825, 10.975],
			"rotation": {"angle": -45, "axis": "x", "origin": [8, 20.525, 10.375]},
			"faces": {
				"north": {"uv": [0, 0, 16, 16], "rotation": 270, "texture": "#47"},
				"east": {"uv": [0, 0, 16, 16], "rotation": 270, "texture": "#47"},
				"south": {"uv": [0, 0, 16, 16], "rotation": 270, "texture": "#47"},
				"west": {"uv": [0, 0, 16, 16], "rotation": 270, "texture": "#47"},
				"up": {"uv": [0, 0, 16, 16], "rotation": 270, "texture": "#47"},
				"down": {"uv": [0, 0, 16, 16], "rotation": 270, "texture": "#47"}
			}
		},
		{
			"from": [7.85, 2.175, 9.875],
			"to": [8.125, 2.75, 10.975],
			"rotation": {"angle": 45, "axis": "x", "origin": [8, 2.475, 10.375]},
			"faces": {
				"north": {"uv": [0, 0, 16, 16], "rotation": 270, "texture": "#47"},
				"east": {"uv": [0, 0, 16, 16], "rotation": 270, "texture": "#47"},
				"south": {"uv": [0, 0, 16, 16], "rotation": 270, "texture": "#47"},
				"west": {"uv": [0, 0, 16, 16], "rotation": 270, "texture": "#47"},
				"up": {"uv": [0, 0, 16, 16], "rotation": 270, "texture": "#47"},
				"down": {"uv": [0, 0, 16, 16], "rotation": 270, "texture": "#47"}
			}
		},
		{
			"from": [7.875, 20.75, 10.4],
			"to": [8.1, 21.85, 10.975],
			"rotation": {"angle": 0, "axis": "x", "origin": [8, 21.25, 10.7]},
			"faces": {
				"north": {"uv": [0, 0, 16, 16], "texture": "#47"},
				"east": {"uv": [0, 0, 16, 16], "texture": "#47"},
				"south": {"uv": [0, 0, 16, 16], "texture": "#47"},
				"west": {"uv": [0, 0, 16, 16], "texture": "#47"},
				"up": {"uv": [0, 0, 16, 16], "texture": "#47"},
				"down": {"uv": [0, 0, 16, 16], "texture": "#47"}
			}
		},
		{
			"from": [7.875, 1.15, 10.4],
			"to": [8.1, 2.25, 10.975],
			"rotation": {"angle": 0, "axis": "x", "origin": [8, 1.75, 10.7]},
			"faces": {
				"north": {"uv": [0, 0, 16, 16], "texture": "#47"},
				"east": {"uv": [0, 0, 16, 16], "texture": "#47"},
				"south": {"uv": [0, 0, 16, 16], "texture": "#47"},
				"west": {"uv": [0, 0, 16, 16], "texture": "#47"},
				"up": {"uv": [0, 0, 16, 16], "texture": "#47"},
				"down": {"uv": [0, 0, 16, 16], "texture": "#47"}
			}
		},
		{
			"from": [7.925, 21.7, 10.275],
			"to": [8.075, 22.7, 10.75],
			"rotation": {"angle": -22.5, "axis": "x", "origin": [8, 22.2, 10.525]},
			"faces": {
				"north": {"uv": [0, 0, 16, 16], "texture": "#47"},
				"east": {"uv": [0, 0, 16, 16], "texture": "#47"},
				"south": {"uv": [0, 0, 16, 16], "texture": "#47"},
				"west": {"uv": [0, 0, 16, 16], "texture": "#47"},
				"up": {"uv": [0, 0, 16, 16], "texture": "#47"},
				"down": {"uv": [0, 0, 16, 16], "texture": "#47"}
			}
		},
		{
			"from": [7.925, 0.3, 10.275],
			"to": [8.075, 1.3, 10.75],
			"rotation": {"angle": 22.5, "axis": "x", "origin": [8, 0.8, 10.525]},
			"faces": {
				"north": {"uv": [0, 0, 16, 16], "texture": "#47"},
				"east": {"uv": [0, 0, 16, 16], "texture": "#47"},
				"south": {"uv": [0, 0, 16, 16], "texture": "#47"},
				"west": {"uv": [0, 0, 16, 16], "texture": "#47"},
				"up": {"uv": [0, 0, 16, 16], "texture": "#47"},
				"down": {"uv": [0, 0, 16, 16], "texture": "#47"}
			}
		},
		{
			"from": [7.9, 22.425, 9.775],
			"to": [8.075, 23.425, 10.15],
			"rotation": {"angle": -45, "axis": "x", "origin": [8, 22.925, 10.025]},
			"faces": {
				"north": {"uv": [0, 0, 16, 16], "texture": "#47"},
				"east": {"uv": [0, 0, 16, 16], "texture": "#47"},
				"south": {"uv": [0, 0, 16, 16], "texture": "#47"},
				"west": {"uv": [0, 0, 16, 16], "texture": "#47"},
				"up": {"uv": [0, 0, 16, 16], "texture": "#47"},
				"down": {"uv": [0, 0, 16, 16], "texture": "#47"}
			}
		},
		{
			"from": [7.9, -0.425, 9.775],
			"to": [8.075, 0.575, 10.15],
			"rotation": {"angle": 45, "axis": "x", "origin": [8, 0.075, 10.025]},
			"faces": {
				"north": {"uv": [0, 0, 16, 16], "texture": "#47"},
				"east": {"uv": [0, 0, 16, 16], "texture": "#47"},
				"south": {"uv": [0, 0, 16, 16], "texture": "#47"},
				"west": {"uv": [0, 0, 16, 16], "texture": "#47"},
				"up": {"uv": [0, 0, 16, 16], "texture": "#47"},
				"down": {"uv": [0, 0, 16, 16], "texture": "#47"}
			}
		},
		{
			"from": [7.925, 23.09294, 9.50617],
			"to": [8.05, 23.34294, 9.75617],
			"rotation": {"angle": 0, "axis": "x", "origin": [7.9875, 23.09294, 9.76867]},
			"faces": {
				"north": {"uv": [0, 0, 16, 16], "texture": "#47"},
				"east": {"uv": [0, 0, 16, 16], "texture": "#47"},
				"south": {"uv": [0, 0, 16, 16], "texture": "#47"},
				"west": {"uv": [0, 0, 16, 16], "texture": "#47"},
				"up": {"uv": [0, 0, 16, 16], "texture": "#47"},
				"down": {"uv": [0, 0, 16, 16], "texture": "#47"}
			}
		},
		{
			"from": [7.925, -0.34294, 9.50617],
			"to": [8.05, -0.09294, 9.75617],
			"rotation": {"angle": 0, "axis": "x", "origin": [7.9875, -0.09294, 9.76867]},
			"faces": {
				"north": {"uv": [0, 0, 16, 16], "texture": "#47"},
				"east": {"uv": [0, 0, 16, 16], "texture": "#47"},
				"south": {"uv": [0, 0, 16, 16], "texture": "#47"},
				"west": {"uv": [0, 0, 16, 16], "texture": "#47"},
				"up": {"uv": [0, 0, 16, 16], "texture": "#47"},
				"down": {"uv": [0, 0, 16, 16], "texture": "#47"}
			}
		},
		{
			"from": [7.675, 16.675, 6.05],
			"to": [8.3, 17.975, 6.925],
			"rotation": {"angle": 0, "axis": "x", "origin": [8, 17.175, 6.55]},
			"faces": {
				"north": {"uv": [0, 0, 16, 16], "texture": "#47"},
				"east": {"uv": [0, 0, 16, 16], "texture": "#47"},
				"south": {"uv": [0, 0, 16, 16], "texture": "#47"},
				"west": {"uv": [0, 0, 16, 16], "texture": "#47"},
				"up": {"uv": [0, 0, 16, 16], "texture": "#47"},
				"down": {"uv": [0, 0, 16, 16], "texture": "#47"}
			}
		},
		{
			"from": [7.675, 5.025, 6.05],
			"to": [8.3, 6.325, 6.925],
			"rotation": {"angle": 0, "axis": "x", "origin": [8, 5.825, 6.55]},
			"faces": {
				"north": {"uv": [0, 0, 16, 16], "texture": "#47"},
				"east": {"uv": [0, 0, 16, 16], "texture": "#47"},
				"south": {"uv": [0, 0, 16, 16], "texture": "#47"},
				"west": {"uv": [0, 0, 16, 16], "texture": "#47"},
				"up": {"uv": [0, 0, 16, 16], "texture": "#47"},
				"down": {"uv": [0, 0, 16, 16], "texture": "#47"}
			}
		},
		{
			"from": [7.625, 12.725, 7.65],
			"to": [8.375, 13.725, 8.65],
			"rotation": {"angle": -22.5, "axis": "x", "origin": [8, 13.225, 8.15]},
			"faces": {
				"north": {"uv": [3, 5, 15, 15], "texture": "#44"},
				"east": {"uv": [3, 5, 15, 15], "texture": "#44"},
				"south": {"uv": [3, 5, 15, 15], "texture": "#44"},
				"west": {"uv": [3, 5, 15, 15], "texture": "#44"},
				"up": {"uv": [3, 5, 15, 15], "texture": "#44"},
				"down": {"uv": [3, 5, 15, 15], "texture": "#44"}
			}
		},
		{
			"from": [7.725, 10.025, 7.9],
			"to": [8.275, 12.95, 8.7],
			"rotation": {"angle": 0, "axis": "x", "origin": [8, 12.45, 8.3]},
			"faces": {
				"north": {"uv": [3, 3, 13, 12], "texture": "#51"},
				"east": {"uv": [3, 3, 13, 12], "texture": "#51"},
				"south": {"uv": [3, 3, 13, 12], "texture": "#51"},
				"west": {"uv": [3, 3, 13, 12], "texture": "#51"},
				"up": {"uv": [3, 3, 13, 12], "texture": "#51"},
				"down": {"uv": [3, 3, 13, 12], "texture": "#51"}
			}
		},
		{
			"from": [7.7, 12.325, 7.875],
			"to": [8.3, 12.55, 8.725],
			"rotation": {"angle": 0, "axis": "x", "origin": [8, 12.45, 8.3]},
			"faces": {
				"north": {"uv": [0, 0, 16, 16], "texture": "#181"},
				"east": {"uv": [0, 0, 16, 16], "texture": "#181"},
				"south": {"uv": [0, 0, 16, 16], "texture": "#181"},
				"west": {"uv": [0, 0, 16, 16], "texture": "#181"},
				"up": {"uv": [0, 0, 16, 16], "texture": "#181"},
				"down": {"uv": [0, 0, 16, 16], "texture": "#181"}
			}
		},
		{
			"from": [7.7, 11.825, 7.875],
			"to": [8.3, 12.05, 8.725],
			"rotation": {"angle": 0, "axis": "x", "origin": [8, 11.95, 8.3]},
			"faces": {
				"north": {"uv": [0, 0, 16, 16], "texture": "#181"},
				"east": {"uv": [0, 0, 16, 16], "texture": "#181"},
				"south": {"uv": [0, 0, 16, 16], "texture": "#181"},
				"west": {"uv": [0, 0, 16, 16], "texture": "#181"},
				"up": {"uv": [0, 0, 16, 16], "texture": "#181"},
				"down": {"uv": [0, 0, 16, 16], "texture": "#181"}
			}
		},
		{
			"from": [7.7, 11.325, 7.875],
			"to": [8.3, 11.55, 8.725],
			"rotation": {"angle": 0, "axis": "x", "origin": [8, 11.45, 8.3]},
			"faces": {
				"north": {"uv": [0, 0, 16, 16], "texture": "#181"},
				"east": {"uv": [0, 0, 16, 16], "texture": "#181"},
				"south": {"uv": [0, 0, 16, 16], "texture": "#181"},
				"west": {"uv": [0, 0, 16, 16], "texture": "#181"},
				"up": {"uv": [0, 0, 16, 16], "texture": "#181"},
				"down": {"uv": [0, 0, 16, 16], "texture": "#181"}
			}
		},
		{
			"from": [7.7, 10.825, 7.875],
			"to": [8.3, 11.05, 8.725],
			"rotation": {"angle": 0, "axis": "x", "origin": [8, 10.95, 8.3]},
			"faces": {
				"north": {"uv": [0, 0, 16, 16], "texture": "#181"},
				"east": {"uv": [0, 0, 16, 16], "texture": "#181"},
				"south": {"uv": [0, 0, 16, 16], "texture": "#181"},
				"west": {"uv": [0, 0, 16, 16], "texture": "#181"},
				"up": {"uv": [0, 0, 16, 16], "texture": "#181"},
				"down": {"uv": [0, 0, 16, 16], "texture": "#181"}
			}
		},
		{
			"from": [7.7, 10.4, 7.875],
			"to": [8.3, 10.625, 8.725],
			"rotation": {"angle": 0, "axis": "x", "origin": [8, 10.525, 8.3]},
			"faces": {
				"north": {"uv": [0, 0, 16, 16], "texture": "#181"},
				"east": {"uv": [0, 0, 16, 16], "texture": "#181"},
				"south": {"uv": [0, 0, 16, 16], "texture": "#181"},
				"west": {"uv": [0, 0, 16, 16], "texture": "#181"},
				"up": {"uv": [0, 0, 16, 16], "texture": "#181"},
				"down": {"uv": [0, 0, 16, 16], "texture": "#181"}
			}
		},
		{
			"from": [7.625, 9.35, 7.275],
			"to": [8.375, 10.35, 8.275],
			"rotation": {"angle": 22.5, "axis": "x", "origin": [8, 8.85, 7.775]},
			"faces": {
				"north": {"uv": [3, 5, 15, 15], "texture": "#44"},
				"east": {"uv": [3, 5, 15, 15], "texture": "#44"},
				"south": {"uv": [3, 5, 15, 15], "texture": "#44"},
				"west": {"uv": [3, 5, 15, 15], "texture": "#44"},
				"up": {"uv": [3, 5, 15, 15], "texture": "#44"},
				"down": {"uv": [3, 5, 15, 15], "texture": "#44"}
			}
		}
	],
	"display": {
		"thirdperson_righthand": {
			"translation": [0, -5.5, 0]
		},
		"thirdperson_lefthand": {
			"translation": [0, -5.25, 0]
		},
		"firstperson_righthand": {
			"translation": [0, -3.5, 0]
		},
		"firstperson_lefthand": {
			"translation": [0, -3.75, 0]
		},
		"ground": {
			"translation": [0, 9.5, 0]
		},
		"gui": {
			"rotation": [66.75, 133.5, 115.5],
			"translation": [-2.5, 1.25, 0],
			"scale": [0.86, 0.83, 1]
		},
		"fixed": {
			"rotation": [0, -90.5, 0],
			"translation": [0, -2.5, -2.5]
		}
	}
}