{
	"credit": "Made with Blockbench",
	"textures": {
		"50": "block/birch_door_bottom",
		"442": "block/oak_log",
		"570": "block/scaffolding_top",
		"particle": "block/acacia_door_bottom"
	},
	"elements": [
		{
			"from": [7.7, 5.5, 7.7],
			"to": [8.3, 10.5, 8.3],
			"rotation": {"angle": 0, "axis": "y", "origin": [8, 8, 8]},
			"faces": {
				"north": {"uv": [0, 0, 7, 16], "texture": "#442"},
				"east": {"uv": [0, 0, 7, 16], "texture": "#442"},
				"south": {"uv": [0, 0, 7, 16], "texture": "#442"},
				"west": {"uv": [0, 0, 7, 16], "texture": "#442"},
				"up": {"uv": [0, 0, 7, 16], "texture": "#442"},
				"down": {"uv": [0, 0, 7, 16], "texture": "#442"}
			}
		},
		{
			"from": [7.60968, 10.22805, 7.1],
			"to": [8.40968, 11.22805, 7.9],
			"rotation": {"angle": -22.5, "axis": "x", "origin": [8.53468, 11.72805, 8]},
			"faces": {
				"north": {"uv": [14, 8, 16, 13], "texture": "#570"},
				"east": {"uv": [14, 8, 16, 13], "texture": "#570"},
				"south": {"uv": [14, 8, 16, 13], "texture": "#570"},
				"west": {"uv": [14, 8, 16, 13], "texture": "#570"},
				"up": {"uv": [14, 8, 16, 13], "texture": "#570"},
				"down": {"uv": [14, 8, 16, 13], "texture": "#570"}
			}
		},
		{
			"from": [7.60968, 4.77195, 7.1],
			"to": [8.40968, 5.77195, 7.9],
			"rotation": {"angle": 22.5, "axis": "x", "origin": [8.53468, 4.27195, 8]},
			"faces": {
				"north": {"uv": [14, 13, 16, 8], "texture": "#570"},
				"east": {"uv": [14, 13, 16, 8], "texture": "#570"},
				"south": {"uv": [14, 13, 16, 8], "texture": "#570"},
				"west": {"uv": [14, 13, 16, 8], "texture": "#570"},
				"up": {"uv": [14, 13, 16, 8], "texture": "#570"},
				"down": {"uv": [14, 13, 16, 8], "texture": "#570"}
			}
		},
		{
			"from": [7.70968, 9.17258, 5.14816],
			"to": [8.30968, 10.17258, 5.84816],
			"rotation": {"angle": -45, "axis": "x", "origin": [8.00968, 12.79463, 4.49907]},
			"faces": {
				"north": {"uv": [14, 8, 16, 13], "texture": "#570"},
				"east": {"uv": [14, 8, 16, 13], "texture": "#570"},
				"south": {"uv": [14, 8, 16, 13], "texture": "#570"},
				"west": {"uv": [14, 8, 16, 13], "texture": "#570"},
				"up": {"uv": [14, 8, 16, 13], "texture": "#570"},
				"down": {"uv": [14, 8, 16, 13], "texture": "#570"}
			}
		},
		{
			"from": [7.70968, 5.82742, 5.14816],
			"to": [8.30968, 6.82742, 5.84816],
			"rotation": {"angle": 45, "axis": "x", "origin": [8.00968, 3.20537, 4.49907]},
			"faces": {
				"north": {"uv": [14, 13, 16, 8], "texture": "#570"},
				"east": {"uv": [14, 13, 16, 8], "texture": "#570"},
				"south": {"uv": [14, 13, 16, 8], "texture": "#570"},
				"west": {"uv": [14, 13, 16, 8], "texture": "#570"},
				"up": {"uv": [14, 13, 16, 8], "texture": "#570"},
				"down": {"uv": [14, 13, 16, 8], "texture": "#570"}
			}
		},
		{
			"from": [7.70968, 12.78828, 5.51804],
			"to": [8.30968, 13.48828, 6.51804],
			"rotation": {"angle": 22.5, "axis": "x", "origin": [8.00968, 12.79463, 4.49907]},
			"faces": {
				"north": {"uv": [14, 8, 16, 13], "rotation": 270, "texture": "#570"},
				"east": {"uv": [14, 8, 16, 13], "rotation": 270, "texture": "#570"},
				"south": {"uv": [14, 8, 16, 13], "rotation": 270, "texture": "#570"},
				"west": {"uv": [14, 8, 16, 13], "rotation": 270, "texture": "#570"},
				"up": {"uv": [9, 15, 13, 16], "rotation": 270, "texture": "#570"},
				"down": {"uv": [14, 8, 16, 13], "rotation": 270, "texture": "#570"}
			}
		},
		{
			"from": [7.70968, 2.51172, 5.51804],
			"to": [8.30968, 3.21172, 6.51804],
			"rotation": {"angle": -22.5, "axis": "x", "origin": [8.00968, 3.20537, 4.49907]},
			"faces": {
				"north": {"uv": [16, 8, 14, 13], "rotation": 270, "texture": "#570"},
				"east": {"uv": [16, 8, 14, 13], "rotation": 270, "texture": "#570"},
				"south": {"uv": [16, 8, 14, 13], "rotation": 270, "texture": "#570"},
				"west": {"uv": [16, 8, 14, 13], "rotation": 270, "texture": "#570"},
				"up": {"uv": [16, 8, 14, 13], "rotation": 270, "texture": "#570"},
				"down": {"uv": [13, 15, 9, 16], "rotation": 270, "texture": "#570"}
			}
		},
		{
			"from": [7.60968, 12.78828, 4.51804],
			"to": [8.40968, 13.58828, 5.51804],
			"rotation": {"angle": 22.5, "axis": "x", "origin": [8.00968, 12.79463, 4.49907]},
			"faces": {
				"north": {"uv": [14, 8, 16, 13], "rotation": 270, "texture": "#570"},
				"east": {"uv": [14, 8, 16, 13], "rotation": 270, "texture": "#570"},
				"south": {"uv": [14, 8, 16, 13], "rotation": 270, "texture": "#570"},
				"west": {"uv": [14, 8, 16, 13], "rotation": 270, "texture": "#570"},
				"up": {"uv": [9, 14, 12, 16], "rotation": 270, "texture": "#570"},
				"down": {"uv": [14, 8, 16, 13], "rotation": 270, "texture": "#570"}
			}
		},
		{
			"from": [7.60968, 2.41172, 4.51804],
			"to": [8.40968, 3.21172, 5.51804],
			"rotation": {"angle": -22.5, "axis": "x", "origin": [8.00968, 3.20537, 4.49907]},
			"faces": {
				"north": {"uv": [16, 8, 14, 13], "rotation": 270, "texture": "#570"},
				"east": {"uv": [16, 8, 14, 13], "rotation": 270, "texture": "#570"},
				"south": {"uv": [16, 8, 14, 13], "rotation": 270, "texture": "#570"},
				"west": {"uv": [16, 8, 14, 13], "rotation": 270, "texture": "#570"},
				"up": {"uv": [16, 8, 14, 13], "rotation": 270, "texture": "#570"},
				"down": {"uv": [12, 14, 9, 16], "rotation": 270, "texture": "#570"}
			}
		},
		{
			"from": [7.63468, 12.70567, 4.03791],
			"to": [8.38468, 13.50567, 4.83791],
			"rotation": {"angle": 0, "axis": "x", "origin": [8.00968, 12.79463, 4.49907]},
			"faces": {
				"north": {"uv": [14, 8, 16, 13], "rotation": 270, "texture": "#570"},
				"east": {"uv": [14, 8, 16, 13], "rotation": 270, "texture": "#570"},
				"south": {"uv": [14, 8, 16, 13], "rotation": 270, "texture": "#570"},
				"west": {"uv": [14, 8, 16, 13], "rotation": 270, "texture": "#570"},
				"up": {"uv": [14, 8, 16, 13], "rotation": 270, "texture": "#570"},
				"down": {"uv": [14, 8, 16, 13], "rotation": 270, "texture": "#570"}
			}
		},
		{
			"from": [7.63468, 2.49433, 4.03791],
			"to": [8.38468, 3.29433, 4.83791],
			"rotation": {"angle": 0, "axis": "x", "origin": [8.00968, 3.20537, 4.49907]},
			"faces": {
				"north": {"uv": [16, 8, 14, 13], "rotation": 270, "texture": "#570"},
				"east": {"uv": [16, 8, 14, 13], "rotation": 270, "texture": "#570"},
				"south": {"uv": [16, 8, 14, 13], "rotation": 270, "texture": "#570"},
				"west": {"uv": [16, 8, 14, 13], "rotation": 270, "texture": "#570"},
				"up": {"uv": [16, 8, 14, 13], "rotation": 270, "texture": "#570"},
				"down": {"uv": [16, 8, 14, 13], "rotation": 270, "texture": "#570"}
			}
		},
		{
			"from": [7.50968, 12.58067, 4.43791],
			"to": [8.48468, 13.63067, 4.63791],
			"rotation": {"angle": 0, "axis": "x", "origin": [8.00968, 12.79463, 4.49907]},
			"faces": {
				"north": {"uv": [14, 8, 16, 13], "rotation": 270, "texture": "#570"},
				"east": {"uv": [14, 8, 16, 13], "rotation": 270, "texture": "#570"},
				"south": {"uv": [14, 8, 16, 13], "rotation": 270, "texture": "#570"},
				"west": {"uv": [14, 8, 16, 13], "rotation": 270, "texture": "#570"},
				"up": {"uv": [14, 8, 16, 13], "rotation": 270, "texture": "#570"},
				"down": {"uv": [14, 8, 16, 13], "rotation": 270, "texture": "#570"}
			}
		},
		{
			"from": [7.50968, 2.36933, 4.43791],
			"to": [8.48468, 3.41933, 4.63791],
			"rotation": {"angle": 0, "axis": "x", "origin": [8.00968, 3.20537, 4.49907]},
			"faces": {
				"north": {"uv": [16, 8, 14, 13], "rotation": 270, "texture": "#570"},
				"east": {"uv": [16, 8, 14, 13], "rotation": 270, "texture": "#570"},
				"south": {"uv": [16, 8, 14, 13], "rotation": 270, "texture": "#570"},
				"west": {"uv": [16, 8, 14, 13], "rotation": 270, "texture": "#570"},
				"up": {"uv": [16, 8, 14, 13], "rotation": 270, "texture": "#570"},
				"down": {"uv": [16, 8, 14, 13], "rotation": 270, "texture": "#570"}
			}
		},
		{
			"from": [7.50968, 10.21777, 7.46202],
			"to": [8.48468, 10.41777, 8.51202],
			"rotation": {"angle": 0, "axis": "x", "origin": [8.00468, 9.91777, 8.16202]},
			"faces": {
				"north": {"uv": [14, 8, 16, 13], "rotation": 180, "texture": "#570"},
				"east": {"uv": [14, 8, 16, 13], "rotation": 180, "texture": "#570"},
				"south": {"uv": [14, 8, 16, 13], "rotation": 180, "texture": "#570"},
				"west": {"uv": [14, 8, 16, 13], "rotation": 180, "texture": "#570"},
				"up": {"uv": [14, 8, 16, 13], "rotation": 180, "texture": "#570"},
				"down": {"uv": [14, 8, 16, 13], "rotation": 180, "texture": "#570"}
			}
		},
		{
			"from": [7.50968, 5.58223, 7.46202],
			"to": [8.48468, 5.78223, 8.51202],
			"rotation": {"angle": 0, "axis": "x", "origin": [8.00468, 6.08223, 8.16202]},
			"faces": {
				"north": {"uv": [14, 13, 16, 8], "rotation": 180, "texture": "#570"},
				"east": {"uv": [14, 13, 16, 8], "rotation": 180, "texture": "#570"},
				"south": {"uv": [14, 13, 16, 8], "rotation": 180, "texture": "#570"},
				"west": {"uv": [14, 13, 16, 8], "rotation": 180, "texture": "#570"},
				"up": {"uv": [14, 13, 16, 8], "rotation": 180, "texture": "#570"},
				"down": {"uv": [14, 13, 16, 8], "rotation": 180, "texture": "#570"}
			}
		},
		{
			"from": [7.88468, 12.70567, 3.13791],
			"to": [8.13468, 13.50567, 3.63791],
			"rotation": {"angle": 0, "axis": "x", "origin": [8.00968, 12.79463, 4.49907]},
			"faces": {
				"north": {"uv": [14, 8, 16, 13], "rotation": 270, "texture": "#570"},
				"east": {"uv": [14, 8, 16, 13], "rotation": 270, "texture": "#570"},
				"south": {"uv": [14, 8, 16, 13], "rotation": 270, "texture": "#570"},
				"west": {"uv": [14, 8, 16, 13], "rotation": 270, "texture": "#570"},
				"up": {"uv": [14, 8, 16, 13], "rotation": 270, "texture": "#570"},
				"down": {"uv": [14, 8, 16, 13], "rotation": 270, "texture": "#570"}
			}
		},
		{
			"from": [7.88468, 2.49433, 3.13791],
			"to": [8.13468, 3.29433, 3.63791],
			"rotation": {"angle": 0, "axis": "x", "origin": [8.00968, 3.20537, 4.49907]},
			"faces": {
				"north": {"uv": [16, 8, 14, 13], "rotation": 270, "texture": "#570"},
				"east": {"uv": [16, 8, 14, 13], "rotation": 270, "texture": "#570"},
				"south": {"uv": [16, 8, 14, 13], "rotation": 270, "texture": "#570"},
				"west": {"uv": [16, 8, 14, 13], "rotation": 270, "texture": "#570"},
				"up": {"uv": [16, 8, 14, 13], "rotation": 270, "texture": "#570"},
				"down": {"uv": [16, 8, 14, 13], "rotation": 270, "texture": "#570"}
			}
		},
		{
			"from": [7.88468, 8.91777, 7.58702],
			"to": [8.13468, 9.41777, 8.38702],
			"rotation": {"angle": 0, "axis": "x", "origin": [8.00468, 9.91777, 8.16202]},
			"faces": {
				"north": {"uv": [14, 8, 16, 13], "rotation": 180, "texture": "#570"},
				"east": {"uv": [14, 8, 16, 13], "rotation": 180, "texture": "#570"},
				"south": {"uv": [14, 8, 16, 13], "rotation": 180, "texture": "#570"},
				"west": {"uv": [14, 8, 16, 13], "rotation": 180, "texture": "#570"},
				"up": {"uv": [14, 8, 16, 13], "rotation": 180, "texture": "#570"},
				"down": {"uv": [14, 8, 16, 13], "rotation": 180, "texture": "#570"}
			}
		},
		{
			"from": [7.88468, 6.58223, 7.58702],
			"to": [8.13468, 7.08223, 8.38702],
			"rotation": {"angle": 0, "axis": "x", "origin": [8.00468, 6.08223, 8.16202]},
			"faces": {
				"north": {"uv": [14, 13, 16, 8], "rotation": 180, "texture": "#570"},
				"east": {"uv": [14, 13, 16, 8], "rotation": 180, "texture": "#570"},
				"south": {"uv": [14, 13, 16, 8], "rotation": 180, "texture": "#570"},
				"west": {"uv": [14, 13, 16, 8], "rotation": 180, "texture": "#570"},
				"up": {"uv": [14, 13, 16, 8], "rotation": 180, "texture": "#570"},
				"down": {"uv": [14, 13, 16, 8], "rotation": 180, "texture": "#570"}
			}
		},
		{
			"from": [7.93468, 12.60567, 3.26291],
			"to": [8.08468, 13.60567, 4.61291],
			"rotation": {"angle": 0, "axis": "x", "origin": [8.00968, 12.79463, 4.49907]},
			"faces": {
				"north": {"uv": [14, 8, 16, 13], "rotation": 270, "texture": "#570"},
				"east": {"uv": [14, 8, 16, 13], "rotation": 270, "texture": "#570"},
				"south": {"uv": [14, 8, 16, 13], "rotation": 270, "texture": "#570"},
				"west": {"uv": [14, 8, 16, 13], "rotation": 270, "texture": "#570"},
				"up": {"uv": [14, 8, 16, 13], "rotation": 270, "texture": "#570"},
				"down": {"uv": [14, 8, 16, 13], "rotation": 270, "texture": "#570"}
			}
		},
		{
			"from": [7.93468, 2.39433, 3.26291],
			"to": [8.08468, 3.39433, 4.61291],
			"rotation": {"angle": 0, "axis": "x", "origin": [8.00968, 3.20537, 4.49907]},
			"faces": {
				"north": {"uv": [16, 8, 14, 13], "rotation": 270, "texture": "#570"},
				"east": {"uv": [16, 8, 14, 13], "rotation": 270, "texture": "#570"},
				"south": {"uv": [16, 8, 14, 13], "rotation": 270, "texture": "#570"},
				"west": {"uv": [16, 8, 14, 13], "rotation": 270, "texture": "#570"},
				"up": {"uv": [16, 8, 14, 13], "rotation": 270, "texture": "#570"},
				"down": {"uv": [16, 8, 14, 13], "rotation": 270, "texture": "#570"}
			}
		},
		{
			"from": [7.93468, 9.04277, 7.48702],
			"to": [8.08468, 10.39277, 8.48702],
			"rotation": {"angle": 0, "axis": "x", "origin": [8.00468, 9.91777, 8.16202]},
			"faces": {
				"north": {"uv": [14, 8, 16, 13], "rotation": 180, "texture": "#570"},
				"east": {"uv": [14, 8, 16, 13], "rotation": 180, "texture": "#570"},
				"south": {"uv": [14, 8, 16, 13], "rotation": 180, "texture": "#570"},
				"west": {"uv": [14, 8, 16, 13], "rotation": 180, "texture": "#570"},
				"up": {"uv": [14, 8, 16, 13], "rotation": 180, "texture": "#570"},
				"down": {"uv": [14, 8, 16, 13], "rotation": 180, "texture": "#570"}
			}
		},
		{
			"from": [7.93468, 5.60723, 7.48702],
			"to": [8.08468, 6.95723, 8.48702],
			"rotation": {"angle": 0, "axis": "x", "origin": [8.00468, 6.08223, 8.16202]},
			"faces": {
				"north": {"uv": [14, 13, 16, 8], "rotation": 180, "texture": "#570"},
				"east": {"uv": [14, 13, 16, 8], "rotation": 180, "texture": "#570"},
				"south": {"uv": [14, 13, 16, 8], "rotation": 180, "texture": "#570"},
				"west": {"uv": [14, 13, 16, 8], "rotation": 180, "texture": "#570"},
				"up": {"uv": [14, 13, 16, 8], "rotation": 180, "texture": "#570"},
				"down": {"uv": [14, 13, 16, 8], "rotation": 180, "texture": "#570"}
			}
		},
		{
			"from": [7.53468, 13.03067, 3.26291],
			"to": [8.45968, 13.18067, 4.61291],
			"rotation": {"angle": 0, "axis": "z", "origin": [8.00968, 13.10567, 3.88791]},
			"faces": {
				"north": {"uv": [14, 8, 16, 13], "rotation": 270, "texture": "#570"},
				"east": {"uv": [14, 8, 16, 13], "rotation": 270, "texture": "#570"},
				"south": {"uv": [14, 8, 16, 13], "rotation": 270, "texture": "#570"},
				"west": {"uv": [14, 8, 16, 13], "rotation": 270, "texture": "#570"},
				"up": {"uv": [14, 8, 16, 13], "rotation": 270, "texture": "#570"},
				"down": {"uv": [14, 8, 16, 13], "rotation": 270, "texture": "#570"}
			}
		},
		{
			"from": [7.53468, 2.81933, 3.26291],
			"to": [8.45968, 2.96933, 4.61291],
			"rotation": {"angle": 0, "axis": "z", "origin": [8.00968, 2.89433, 3.88791]},
			"faces": {
				"north": {"uv": [16, 8, 14, 13], "rotation": 270, "texture": "#570"},
				"east": {"uv": [16, 8, 14, 13], "rotation": 270, "texture": "#570"},
				"south": {"uv": [16, 8, 14, 13], "rotation": 270, "texture": "#570"},
				"west": {"uv": [16, 8, 14, 13], "rotation": 270, "texture": "#570"},
				"up": {"uv": [16, 8, 14, 13], "rotation": 270, "texture": "#570"},
				"down": {"uv": [16, 8, 14, 13], "rotation": 270, "texture": "#570"}
			}
		},
		{
			"from": [7.53468, 9.04277, 7.91202],
			"to": [8.45968, 10.39277, 8.06202],
			"rotation": {"angle": 0, "axis": "x", "origin": [8.00468, 9.91777, 8.16202]},
			"faces": {
				"north": {"uv": [14, 8, 16, 13], "rotation": 180, "texture": "#570"},
				"east": {"uv": [14, 8, 16, 13], "rotation": 180, "texture": "#570"},
				"south": {"uv": [14, 8, 16, 13], "rotation": 180, "texture": "#570"},
				"west": {"uv": [14, 8, 16, 13], "rotation": 180, "texture": "#570"},
				"up": {"uv": [14, 8, 16, 13], "rotation": 180, "texture": "#570"},
				"down": {"uv": [14, 8, 16, 13], "rotation": 180, "texture": "#570"}
			}
		},
		{
			"from": [7.53468, 5.60723, 7.91202],
			"to": [8.45968, 6.95723, 8.06202],
			"rotation": {"angle": 0, "axis": "x", "origin": [8.00468, 6.08223, 8.16202]},
			"faces": {
				"north": {"uv": [14, 13, 16, 8], "rotation": 180, "texture": "#570"},
				"east": {"uv": [14, 13, 16, 8], "rotation": 180, "texture": "#570"},
				"south": {"uv": [14, 13, 16, 8], "rotation": 180, "texture": "#570"},
				"west": {"uv": [14, 13, 16, 8], "rotation": 180, "texture": "#570"},
				"up": {"uv": [14, 13, 16, 8], "rotation": 180, "texture": "#570"},
				"down": {"uv": [14, 13, 16, 8], "rotation": 180, "texture": "#570"}
			}
		},
		{
			"from": [7.63468, 12.98067, 3.13791],
			"to": [8.38468, 13.23067, 3.63791],
			"rotation": {"angle": 0, "axis": "z", "origin": [8.00968, 13.10567, 3.38791]},
			"faces": {
				"north": {"uv": [14, 8, 16, 13], "rotation": 270, "texture": "#570"},
				"east": {"uv": [14, 8, 16, 13], "rotation": 270, "texture": "#570"},
				"south": {"uv": [14, 8, 16, 13], "rotation": 270, "texture": "#570"},
				"west": {"uv": [14, 8, 16, 13], "rotation": 270, "texture": "#570"},
				"up": {"uv": [14, 8, 16, 13], "rotation": 270, "texture": "#570"},
				"down": {"uv": [14, 8, 16, 13], "rotation": 270, "texture": "#570"}
			}
		},
		{
			"from": [7.63468, 2.76933, 3.13791],
			"to": [8.38468, 3.01933, 3.63791],
			"rotation": {"angle": 0, "axis": "z", "origin": [8.00968, 2.89433, 3.38791]},
			"faces": {
				"north": {"uv": [16, 8, 14, 13], "rotation": 270, "texture": "#570"},
				"east": {"uv": [16, 8, 14, 13], "rotation": 270, "texture": "#570"},
				"south": {"uv": [16, 8, 14, 13], "rotation": 270, "texture": "#570"},
				"west": {"uv": [16, 8, 14, 13], "rotation": 270, "texture": "#570"},
				"up": {"uv": [16, 8, 14, 13], "rotation": 270, "texture": "#570"},
				"down": {"uv": [16, 8, 14, 13], "rotation": 270, "texture": "#570"}
			}
		},
		{
			"from": [7.63468, 8.91777, 7.86202],
			"to": [8.38468, 9.41777, 8.11202],
			"rotation": {"angle": 0, "axis": "x", "origin": [8.00468, 9.91777, 8.16202]},
			"faces": {
				"north": {"uv": [14, 8, 16, 13], "rotation": 180, "texture": "#570"},
				"east": {"uv": [14, 8, 16, 13], "rotation": 180, "texture": "#570"},
				"south": {"uv": [14, 8, 16, 13], "rotation": 180, "texture": "#570"},
				"west": {"uv": [14, 8, 16, 13], "rotation": 180, "texture": "#570"},
				"up": {"uv": [14, 8, 16, 13], "rotation": 180, "texture": "#570"},
				"down": {"uv": [14, 8, 16, 13], "rotation": 180, "texture": "#570"}
			}
		},
		{
			"from": [7.63468, 6.58223, 7.86202],
			"to": [8.38468, 7.08223, 8.11202],
			"rotation": {"angle": 0, "axis": "x", "origin": [8.00468, 6.08223, 8.16202]},
			"faces": {
				"north": {"uv": [14, 13, 16, 8], "rotation": 180, "texture": "#570"},
				"east": {"uv": [14, 13, 16, 8], "rotation": 180, "texture": "#570"},
				"south": {"uv": [14, 13, 16, 8], "rotation": 180, "texture": "#570"},
				"west": {"uv": [14, 13, 16, 8], "rotation": 180, "texture": "#570"},
				"up": {"uv": [14, 13, 16, 8], "rotation": 180, "texture": "#570"},
				"down": {"uv": [14, 13, 16, 8], "rotation": 180, "texture": "#570"}
			}
		},
		{
			"from": [7.73468, 12.80567, 2.63791],
			"to": [8.28468, 13.40567, 4.03791],
			"rotation": {"angle": 0, "axis": "x", "origin": [8.00968, 12.79463, 4.49907]},
			"faces": {
				"north": {"uv": [0, 0, 7, 16], "rotation": 270, "texture": "#442"},
				"east": {"uv": [0, 0, 7, 16], "rotation": 270, "texture": "#442"},
				"south": {"uv": [0, 0, 7, 16], "rotation": 270, "texture": "#442"},
				"west": {"uv": [0, 0, 7, 16], "rotation": 270, "texture": "#442"},
				"up": {"uv": [0, 0, 7, 16], "rotation": 270, "texture": "#442"},
				"down": {"uv": [0, 0, 7, 16], "rotation": 270, "texture": "#442"}
			}
		},
		{
			"from": [7.73468, 2.59433, 2.63791],
			"to": [8.28468, 3.19433, 4.03791],
			"rotation": {"angle": 0, "axis": "x", "origin": [8.00968, 3.20537, 4.49907]},
			"faces": {
				"north": {"uv": [7, 0, 0, 16], "rotation": 270, "texture": "#442"},
				"east": {"uv": [7, 0, 0, 16], "rotation": 270, "texture": "#442"},
				"south": {"uv": [7, 0, 0, 16], "rotation": 270, "texture": "#442"},
				"west": {"uv": [7, 0, 0, 16], "rotation": 270, "texture": "#442"},
				"up": {"uv": [7, 0, 0, 16], "rotation": 270, "texture": "#442"},
				"down": {"uv": [7, 0, 0, 16], "rotation": 270, "texture": "#442"}
			}
		},
		{
			"from": [7.78468, 12.11328, 1.46804],
			"to": [8.23468, 12.71328, 2.76804],
			"rotation": {"angle": 22.5, "axis": "x", "origin": [8.00968, 12.79463, 4.49907]},
			"faces": {
				"north": {"uv": [0, 0, 7, 16], "rotation": 270, "texture": "#442"},
				"east": {"uv": [0, 0, 7, 16], "rotation": 270, "texture": "#442"},
				"south": {"uv": [0, 0, 7, 16], "rotation": 270, "texture": "#442"},
				"west": {"uv": [0, 0, 7, 16], "rotation": 270, "texture": "#442"},
				"up": {"uv": [0, 0, 7, 16], "rotation": 270, "texture": "#442"},
				"down": {"uv": [0, 0, 7, 16], "rotation": 270, "texture": "#442"}
			}
		},
		{
			"from": [7.78468, 3.28672, 1.46804],
			"to": [8.23468, 3.88672, 2.76804],
			"rotation": {"angle": -22.5, "axis": "x", "origin": [8.00968, 3.20537, 4.49907]},
			"faces": {
				"north": {"uv": [7, 0, 0, 16], "rotation": 270, "texture": "#442"},
				"east": {"uv": [7, 0, 0, 16], "rotation": 270, "texture": "#442"},
				"south": {"uv": [7, 0, 0, 16], "rotation": 270, "texture": "#442"},
				"west": {"uv": [7, 0, 0, 16], "rotation": 270, "texture": "#442"},
				"up": {"uv": [7, 0, 0, 16], "rotation": 270, "texture": "#442"},
				"down": {"uv": [7, 0, 0, 16], "rotation": 270, "texture": "#442"}
			}
		},
		{
			"from": [7.93468, 2.3433, 1.70119],
			"to": [8.08468, 13.1433, 1.80119],
			"rotation": {"angle": 0, "axis": "x", "origin": [8.00968, 13.4683, 1.87619]},
			"faces": {
				"north": {"uv": [3, 5, 14, 15], "rotation": 90, "texture": "#50"},
				"east": {"uv": [3, 5, 14, 15], "rotation": 90, "texture": "#50"},
				"south": {"uv": [3, 5, 14, 15], "rotation": 90, "texture": "#50"},
				"west": {"uv": [3, 5, 14, 15], "rotation": 90, "texture": "#50"},
				"up": {"uv": [3, 5, 14, 15], "rotation": 90, "texture": "#50"},
				"down": {"uv": [3, 5, 14, 15], "rotation": 90, "texture": "#50"}
			}
		},
		{
			"from": [7.68468, 13.0683, 1.82619],
			"to": [8.33468, 13.8683, 1.92619],
			"rotation": {"angle": 22.5, "axis": "x", "origin": [8.00968, 13.4683, 1.87619]},
			"faces": {
				"north": {"uv": [3, 5, 14, 15], "rotation": 90, "texture": "#50"},
				"east": {"uv": [3, 5, 14, 15], "rotation": 90, "texture": "#50"},
				"south": {"uv": [3, 5, 14, 15], "rotation": 90, "texture": "#50"},
				"west": {"uv": [3, 5, 14, 15], "rotation": 90, "texture": "#50"},
				"up": {"uv": [3, 5, 14, 15], "rotation": 90, "texture": "#50"},
				"down": {"uv": [3, 5, 14, 15], "rotation": 90, "texture": "#50"}
			}
		},
		{
			"from": [7.68468, 3.18672, 1.76804],
			"to": [8.33468, 3.98672, 1.86804],
			"rotation": {"angle": -22.5, "axis": "x", "origin": [8.00968, 3.20537, 4.49907]},
			"faces": {
				"north": {"uv": [3, 5, 14, 15], "rotation": 90, "texture": "#50"},
				"east": {"uv": [3, 5, 14, 15], "rotation": 90, "texture": "#50"},
				"south": {"uv": [3, 5, 14, 15], "rotation": 90, "texture": "#50"},
				"west": {"uv": [3, 5, 14, 15], "rotation": 90, "texture": "#50"},
				"up": {"uv": [3, 5, 14, 15], "rotation": 90, "texture": "#50"},
				"down": {"uv": [3, 5, 14, 15], "rotation": 90, "texture": "#50"}
			}
		},
		{
			"from": [7.83468, 15.34848, 2.71057],
			"to": [8.18468, 16.34848, 3.21057],
			"rotation": {"angle": -45, "axis": "x", "origin": [8.00968, 12.79463, 4.49907]},
			"faces": {
				"north": {"uv": [0, 0, 7, 16], "texture": "#442"},
				"east": {"uv": [0, 0, 7, 16], "texture": "#442"},
				"south": {"uv": [0, 0, 7, 16], "texture": "#442"},
				"west": {"uv": [0, 0, 7, 16], "texture": "#442"},
				"up": {"uv": [0, 0, 7, 16], "texture": "#442"},
				"down": {"uv": [0, 0, 7, 16], "texture": "#442"}
			}
		},
		{
			"from": [7.83468, -0.34848, 2.71057],
			"to": [8.18468, 0.65152, 3.21057],
			"rotation": {"angle": 45, "axis": "x", "origin": [8.00968, 3.20537, 4.49907]},
			"faces": {
				"north": {"uv": [0, 16, 7, 0], "texture": "#442"},
				"east": {"uv": [0, 16, 7, 0], "texture": "#442"},
				"south": {"uv": [0, 16, 7, 0], "texture": "#442"},
				"west": {"uv": [0, 16, 7, 0], "texture": "#442"},
				"up": {"uv": [0, 16, 7, 0], "texture": "#442"},
				"down": {"uv": [0, 16, 7, 0], "texture": "#442"}
			}
		},
		{
			"from": [7.85968, 14.0515, 0.73714],
			"to": [8.15968, 14.9265, 1.13714],
			"rotation": {"angle": 0, "axis": "x", "origin": [8.00968, 13.9015, 1.28714]},
			"faces": {
				"north": {"uv": [0, 0, 7, 16], "texture": "#442"},
				"east": {"uv": [0, 0, 7, 16], "texture": "#442"},
				"south": {"uv": [0, 0, 7, 16], "texture": "#442"},
				"west": {"uv": [0, 0, 7, 16], "texture": "#442"},
				"up": {"uv": [0, 0, 7, 16], "texture": "#442"},
				"down": {"uv": [0, 0, 7, 16], "texture": "#442"}
			}
		},
		{
			"from": [7.85968, 1.0735, 0.73714],
			"to": [8.15968, 1.9485, 1.13714],
			"rotation": {"angle": 0, "axis": "x", "origin": [8.00968, 2.0985, 1.28714]},
			"faces": {
				"north": {"uv": [0, 16, 7, 0], "texture": "#442"},
				"east": {"uv": [0, 16, 7, 0], "texture": "#442"},
				"south": {"uv": [0, 16, 7, 0], "texture": "#442"},
				"west": {"uv": [0, 16, 7, 0], "texture": "#442"},
				"up": {"uv": [0, 16, 7, 0], "texture": "#442"},
				"down": {"uv": [0, 16, 7, 0], "texture": "#442"}
			}
		},
		{
			"from": [7.88468, 14.6265, 0.41214],
			"to": [8.13468, 15.3015, 0.81214],
			"rotation": {"angle": 22.5, "axis": "x", "origin": [8.00968, 13.9015, 1.28714]},
			"faces": {
				"north": {"uv": [0, 0, 7, 16], "texture": "#442"},
				"east": {"uv": [0, 0, 7, 16], "texture": "#442"},
				"south": {"uv": [0, 0, 7, 16], "texture": "#442"},
				"west": {"uv": [0, 0, 7, 16], "texture": "#442"},
				"up": {"uv": [0, 0, 7, 16], "texture": "#442"},
				"down": {"uv": [0, 0, 7, 16], "texture": "#442"}
			}
		},
		{
			"from": [7.88468, 0.6985, 0.41214],
			"to": [8.13468, 1.3735, 0.81214],
			"rotation": {"angle": -22.5, "axis": "x", "origin": [8.00968, 2.0985, 1.28714]},
			"faces": {
				"north": {"uv": [0, 16, 7, 0], "texture": "#442"},
				"east": {"uv": [0, 16, 7, 0], "texture": "#442"},
				"south": {"uv": [0, 16, 7, 0], "texture": "#442"},
				"west": {"uv": [0, 16, 7, 0], "texture": "#442"},
				"up": {"uv": [0, 16, 7, 0], "texture": "#442"},
				"down": {"uv": [0, 16, 7, 0], "texture": "#442"}
			}
		},
		{
			"from": [7.93468, 15.26566, 0.76251],
			"to": [8.08468, 15.89066, 0.98751],
			"rotation": {"angle": 45, "axis": "x", "origin": [8.00968, 15.10316, 1.16251]},
			"faces": {
				"north": {"uv": [0, 0, 7, 16], "texture": "#442"},
				"east": {"uv": [0, 0, 7, 16], "texture": "#442"},
				"south": {"uv": [0, 0, 7, 16], "texture": "#442"},
				"west": {"uv": [0, 0, 7, 16], "texture": "#442"},
				"up": {"uv": [0, 0, 7, 16], "texture": "#442"},
				"down": {"uv": [0, 0, 7, 16], "texture": "#442"}
			}
		},
		{
			"from": [7.93468, 0.10934, 0.76251],
			"to": [8.08468, 0.73434, 0.98751],
			"rotation": {"angle": -45, "axis": "x", "origin": [8.00968, 0.89684, 1.16251]},
			"faces": {
				"north": {"uv": [0, 16, 7, 0], "texture": "#442"},
				"east": {"uv": [0, 16, 7, 0], "texture": "#442"},
				"south": {"uv": [0, 16, 7, 0], "texture": "#442"},
				"west": {"uv": [0, 16, 7, 0], "texture": "#442"},
				"up": {"uv": [0, 16, 7, 0], "texture": "#442"},
				"down": {"uv": [0, 16, 7, 0], "texture": "#442"}
			}
		},
		{
			"from": [7.80968, 10.17258, 5.24816],
			"to": [8.20968, 11.17258, 5.74816],
			"rotation": {"angle": -45, "axis": "x", "origin": [8.00968, 12.79463, 4.49907]},
			"faces": {
				"north": {"uv": [14, 8, 16, 13], "texture": "#570"},
				"east": {"uv": [14, 8, 16, 13], "texture": "#570"},
				"south": {"uv": [14, 8, 16, 13], "texture": "#570"},
				"west": {"uv": [14, 8, 16, 13], "texture": "#570"},
				"up": {"uv": [14, 8, 16, 13], "texture": "#570"},
				"down": {"uv": [14, 8, 16, 13], "texture": "#570"}
			}
		},
		{
			"from": [7.80968, 4.82742, 5.24816],
			"to": [8.20968, 5.82742, 5.74816],
			"rotation": {"angle": 45, "axis": "x", "origin": [8.00968, 3.20537, 4.49907]},
			"faces": {
				"north": {"uv": [14, 13, 16, 8], "texture": "#570"},
				"east": {"uv": [14, 13, 16, 8], "texture": "#570"},
				"south": {"uv": [14, 13, 16, 8], "texture": "#570"},
				"west": {"uv": [14, 13, 16, 8], "texture": "#570"},
				"up": {"uv": [14, 13, 16, 8], "texture": "#570"},
				"down": {"uv": [14, 13, 16, 8], "texture": "#570"}
			}
		}
	],
	"gui_light": "front",
	"display": {
		"thirdperson_righthand": {
			"rotation": [0, -180, 0],
			"translation": [0, -2, 0],
			"scale": [1.22461, 1.78711, 1.50391]
		},
		"thirdperson_lefthand": {
			"translation": [0, -2, -1.25],
			"scale": [1.23633, 1.4707, 1.33984]
		},
		"firstperson_righthand": {
			"rotation": [6, -180, -3],
			"translation": [0.75, 2, -0.25],
			"scale": [1.5, 1.5, 1]
		},
		"firstperson_lefthand": {
			"translation": [0, 5, 2.5]
		},
		"ground": {
			"translation": [0, 11.5, 4],
			"scale": [1, 1.82, 1]
		},
		"gui": {
			"rotation": [77, -127, -92],
			"translation": [-5, 4, 0],
			"scale": [0.97, 1.29, 1.23]
		},
		"head": {
			"translation": [0, 8.75, 0]
		},
		"fixed": {
			"rotation": [-95.75, 56, -84.25],
			"translation": [3.75, 4.25, -1.75],
			"scale": [1.61, 1.58, 1.02]
		}
	}
}