{
	"credit": "Made with Blockbench",
	"textures": {
		"63": "block/blast_furnace_top",
		"147": "block/composter_bottom",
		"150": "block/composter_side",
		"272": "block/gray_glazed_terracotta",
		"280": "block/green_glazed_terracotta",
		"364": "block/lime_stained_glass",
		"545": "block/smithing_table_top",
		"particle": "block/acacia_door_bottom"
	},
	"gui_light": "front",
	"elements": [
		{
			"from": [7.5, 8.4, 7.775],
			"to": [8.5, 8.65, 8.225],
			"rotation": {"angle": 0, "axis": "y", "origin": [8, 8.15, 8]},
			"faces": {
				"north": {"uv": [0, 0, 16, 16], "texture": "#63"},
				"east": {"uv": [0, 0, 16, 16], "texture": "#63"},
				"south": {"uv": [0, 0, 16, 16], "texture": "#63"},
				"west": {"uv": [0, 0, 16, 16], "texture": "#63"},
				"up": {"uv": [0, 0, 16, 16], "texture": "#63"},
				"down": {"uv": [0, 0, 16, 16], "texture": "#63"}
			}
		},
		{
			"from": [7.5, 12.75, 7.775],
			"to": [8.5, 13, 8.225],
			"rotation": {"angle": 0, "axis": "y", "origin": [8, 13.25, 8]},
			"faces": {
				"north": {"uv": [0, 0, 16, 16], "texture": "#63"},
				"east": {"uv": [0, 0, 16, 16], "texture": "#63"},
				"south": {"uv": [0, 0, 16, 16], "texture": "#63"},
				"west": {"uv": [0, 0, 16, 16], "texture": "#63"},
				"up": {"uv": [0, 0, 16, 16], "texture": "#63"},
				"down": {"uv": [0, 0, 16, 16], "texture": "#63"}
			}
		},
		{
			"from": [7.5, 6.4, 7.775],
			"to": [8.5, 6.65, 8.225],
			"rotation": {"angle": 0, "axis": "y", "origin": [8, 6.9, 8]},
			"faces": {
				"north": {"uv": [0, 0, 16, 16], "texture": "#63"},
				"east": {"uv": [0, 0, 16, 16], "texture": "#63"},
				"south": {"uv": [0, 0, 16, 16], "texture": "#63"},
				"west": {"uv": [0, 0, 16, 16], "texture": "#63"},
				"up": {"uv": [0, 0, 16, 16], "texture": "#63"},
				"down": {"uv": [0, 0, 16, 16], "texture": "#63"}
			}
		},
		{
			"from": [7.5, 14.75, 7.775],
			"to": [8.5, 15, 8.225],
			"rotation": {"angle": 0, "axis": "y", "origin": [8, 14.5, 8]},
			"faces": {
				"north": {"uv": [0, 0, 16, 16], "texture": "#63"},
				"east": {"uv": [0, 0, 16, 16], "texture": "#63"},
				"south": {"uv": [0, 0, 16, 16], "texture": "#63"},
				"west": {"uv": [0, 0, 16, 16], "texture": "#63"},
				"up": {"uv": [0, 0, 16, 16], "texture": "#63"},
				"down": {"uv": [0, 0, 16, 16], "texture": "#63"}
			}
		},
		{
			"from": [7.575, 5.45, 7.575],
			"to": [8.425, 5.8, 8.425],
			"rotation": {"angle": 0, "axis": "x", "origin": [8, 6.25, 8]},
			"faces": {
				"north": {"uv": [0, 0, 16, 16], "texture": "#63"},
				"east": {"uv": [0, 0, 16, 16], "texture": "#63"},
				"south": {"uv": [0, 0, 16, 16], "texture": "#63"},
				"west": {"uv": [0, 0, 16, 16], "texture": "#63"},
				"up": {"uv": [0, 0, 16, 16], "texture": "#63"},
				"down": {"uv": [0, 0, 16, 16], "texture": "#63"}
			}
		},
		{
			"from": [7.575, 15.6, 7.575],
			"to": [8.425, 15.95, 8.425],
			"rotation": {"angle": 0, "axis": "x", "origin": [8, 15.15, 8]},
			"faces": {
				"north": {"uv": [0, 0, 16, 16], "texture": "#63"},
				"east": {"uv": [0, 0, 16, 16], "texture": "#63"},
				"south": {"uv": [0, 0, 16, 16], "texture": "#63"},
				"west": {"uv": [0, 0, 16, 16], "texture": "#63"},
				"up": {"uv": [0, 0, 16, 16], "texture": "#63"},
				"down": {"uv": [0, 0, 16, 16], "texture": "#63"}
			}
		},
		{
			"from": [7.575, 6.2, 7.575],
			"to": [8.425, 6.55, 8.425],
			"rotation": {"angle": 0, "axis": "x", "origin": [8, 7, 8]},
			"faces": {
				"north": {"uv": [0, 0, 16, 16], "texture": "#63"},
				"east": {"uv": [0, 0, 16, 16], "texture": "#63"},
				"south": {"uv": [0, 0, 16, 16], "texture": "#63"},
				"west": {"uv": [0, 0, 16, 16], "texture": "#63"},
				"up": {"uv": [0, 0, 16, 16], "texture": "#63"},
				"down": {"uv": [0, 0, 16, 16], "texture": "#63"}
			}
		},
		{
			"from": [7.575, 14.85, 7.575],
			"to": [8.425, 15.2, 8.425],
			"rotation": {"angle": 0, "axis": "x", "origin": [8, 14.4, 8]},
			"faces": {
				"north": {"uv": [0, 0, 16, 16], "texture": "#63"},
				"east": {"uv": [0, 0, 16, 16], "texture": "#63"},
				"south": {"uv": [0, 0, 16, 16], "texture": "#63"},
				"west": {"uv": [0, 0, 16, 16], "texture": "#63"},
				"up": {"uv": [0, 0, 16, 16], "texture": "#63"},
				"down": {"uv": [0, 0, 16, 16], "texture": "#63"}
			}
		},
		{
			"from": [7.675, 5.8, 7.675],
			"to": [8.325, 6.2, 8.325],
			"rotation": {"angle": 0, "axis": "x", "origin": [8, 6.65, 8]},
			"faces": {
				"north": {"uv": [0, 0, 16, 16], "texture": "#280"},
				"east": {"uv": [0, 0, 16, 16], "texture": "#280"},
				"south": {"uv": [0, 0, 16, 16], "texture": "#280"},
				"west": {"uv": [0, 0, 16, 16], "texture": "#280"},
				"up": {"uv": [0, 0, 16, 16], "texture": "#280"},
				"down": {"uv": [0, 0, 16, 16], "texture": "#280"}
			}
		},
		{
			"from": [7.675, 15.2, 7.675],
			"to": [8.325, 15.6, 8.325],
			"rotation": {"angle": 0, "axis": "x", "origin": [8, 14.75, 8]},
			"faces": {
				"north": {"uv": [0, 0, 16, 16], "texture": "#280"},
				"east": {"uv": [0, 0, 16, 16], "texture": "#280"},
				"south": {"uv": [0, 0, 16, 16], "texture": "#280"},
				"west": {"uv": [0, 0, 16, 16], "texture": "#280"},
				"up": {"uv": [0, 0, 16, 16], "texture": "#280"},
				"down": {"uv": [0, 0, 16, 16], "texture": "#280"}
			}
		},
		{
			"from": [7.675, 7.175, 7.675],
			"to": [8.325, 7.825, 8.325],
			"rotation": {"angle": -45, "axis": "x", "origin": [8, 7.5, 8]},
			"faces": {
				"north": {"uv": [4, 4, 13, 13], "texture": "#364"},
				"east": {"uv": [4, 4, 13, 13], "texture": "#364"},
				"south": {"uv": [4, 4, 13, 13], "texture": "#364"},
				"west": {"uv": [4, 4, 13, 13], "texture": "#364"},
				"up": {"uv": [4, 4, 13, 13], "texture": "#364"},
				"down": {"uv": [4, 4, 13, 13], "texture": "#364"}
			}
		},
		{
			"from": [7.675, 13.575, 7.675],
			"to": [8.325, 14.225, 8.325],
			"rotation": {"angle": 45, "axis": "x", "origin": [8, 13.9, 8]},
			"faces": {
				"north": {"uv": [4, 4, 13, 13], "texture": "#364"},
				"east": {"uv": [4, 4, 13, 13], "texture": "#364"},
				"south": {"uv": [4, 4, 13, 13], "texture": "#364"},
				"west": {"uv": [4, 4, 13, 13], "texture": "#364"},
				"up": {"uv": [4, 4, 13, 13], "texture": "#364"},
				"down": {"uv": [4, 4, 13, 13], "texture": "#364"}
			}
		},
		{
			"from": [7.575, 7.275, 7.775],
			"to": [8.425, 7.725, 8.225],
			"rotation": {"angle": -45, "axis": "x", "origin": [8, 7.5, 8]},
			"faces": {
				"north": {"uv": [4, 4, 13, 13], "texture": "#364"},
				"east": {"uv": [4, 4, 13, 13], "texture": "#364"},
				"south": {"uv": [4, 4, 13, 13], "texture": "#364"},
				"west": {"uv": [4, 4, 13, 13], "texture": "#364"},
				"up": {"uv": [4, 4, 13, 13], "texture": "#364"},
				"down": {"uv": [4, 4, 13, 13], "texture": "#364"}
			}
		},
		{
			"from": [7.575, 13.675, 7.775],
			"to": [8.425, 14.125, 8.225],
			"rotation": {"angle": 45, "axis": "x", "origin": [8, 13.9, 8]},
			"faces": {
				"north": {"uv": [4, 4, 13, 13], "texture": "#364"},
				"east": {"uv": [4, 4, 13, 13], "texture": "#364"},
				"south": {"uv": [4, 4, 13, 13], "texture": "#364"},
				"west": {"uv": [4, 4, 13, 13], "texture": "#364"},
				"up": {"uv": [4, 4, 13, 13], "texture": "#364"},
				"down": {"uv": [4, 4, 13, 13], "texture": "#364"}
			}
		},
		{
			"from": [7.625, 4.6, 7.6],
			"to": [8.375, 5.625, 8.3],
			"rotation": {"angle": 22.5, "axis": "x", "origin": [8, 5.325, 7.9]},
			"faces": {
				"north": {"uv": [0, 0, 16, 16], "texture": "#280"},
				"east": {"uv": [0, 0, 16, 16], "texture": "#280"},
				"south": {"uv": [0, 0, 16, 16], "texture": "#280"},
				"west": {"uv": [0, 0, 16, 16], "texture": "#280"},
				"up": {"uv": [0, 0, 16, 16], "texture": "#280"},
				"down": {"uv": [0, 0, 16, 16], "texture": "#280"}
			}
		},
		{
			"from": [7.625, 15.775, 7.6],
			"to": [8.375, 16.8, 8.3],
			"rotation": {"angle": -22.5, "axis": "x", "origin": [8, 16.075, 7.9]},
			"faces": {
				"north": {"uv": [0, 0, 16, 16], "texture": "#280"},
				"east": {"uv": [0, 0, 16, 16], "texture": "#280"},
				"south": {"uv": [0, 0, 16, 16], "texture": "#280"},
				"west": {"uv": [0, 0, 16, 16], "texture": "#280"},
				"up": {"uv": [0, 0, 16, 16], "texture": "#280"},
				"down": {"uv": [0, 0, 16, 16], "texture": "#280"}
			}
		},
		{
			"from": [7.725, 1.725, 7.2],
			"to": [8.275, 3.225, 7.8],
			"rotation": {"angle": -22.5, "axis": "x", "origin": [8, 3.925, 7.4]},
			"faces": {
				"north": {"uv": [0, 0, 16, 16], "texture": "#280"},
				"east": {"uv": [0, 0, 16, 16], "texture": "#280"},
				"south": {"uv": [0, 0, 16, 16], "texture": "#280"},
				"west": {"uv": [0, 0, 16, 16], "texture": "#280"},
				"up": {"uv": [0, 0, 16, 16], "texture": "#280"},
				"down": {"uv": [0, 0, 16, 16], "texture": "#280"}
			}
		},
		{
			"from": [7.725, 18.175, 7.2],
			"to": [8.275, 19.675, 7.8],
			"rotation": {"angle": 22.5, "axis": "x", "origin": [8, 17.475, 7.4]},
			"faces": {
				"north": {"uv": [0, 0, 16, 16], "texture": "#280"},
				"east": {"uv": [0, 0, 16, 16], "texture": "#280"},
				"south": {"uv": [0, 0, 16, 16], "texture": "#280"},
				"west": {"uv": [0, 0, 16, 16], "texture": "#280"},
				"up": {"uv": [0, 0, 16, 16], "texture": "#280"},
				"down": {"uv": [0, 0, 16, 16], "texture": "#280"}
			}
		},
		{
			"from": [7.675, 3.2, 7.425],
			"to": [8.325, 5, 8.1],
			"rotation": {"angle": 0, "axis": "x", "origin": [8, 5.4, 7.7]},
			"faces": {
				"north": {"uv": [0, 0, 16, 16], "texture": "#280"},
				"east": {"uv": [0, 0, 16, 16], "texture": "#280"},
				"south": {"uv": [0, 0, 16, 16], "texture": "#280"},
				"west": {"uv": [0, 0, 16, 16], "texture": "#280"},
				"up": {"uv": [0, 0, 16, 16], "texture": "#280"},
				"down": {"uv": [0, 0, 16, 16], "texture": "#280"}
			}
		},
		{
			"from": [7.675, 16.4, 7.425],
			"to": [8.325, 18.2, 8.1],
			"rotation": {"angle": 0, "axis": "x", "origin": [8, 16, 7.7]},
			"faces": {
				"north": {"uv": [0, 0, 16, 16], "texture": "#280"},
				"east": {"uv": [0, 0, 16, 16], "texture": "#280"},
				"south": {"uv": [0, 0, 16, 16], "texture": "#280"},
				"west": {"uv": [0, 0, 16, 16], "texture": "#280"},
				"up": {"uv": [0, 0, 16, 16], "texture": "#280"},
				"down": {"uv": [0, 0, 16, 16], "texture": "#280"}
			}
		},
		{
			"from": [7.75, 0.2, 8.25],
			"to": [8.25, 2.05, 8.75],
			"rotation": {"angle": -45, "axis": "x", "origin": [8, 1.75, 8.4]},
			"faces": {
				"north": {"uv": [0, 0, 16, 16], "texture": "#280"},
				"east": {"uv": [0, 0, 16, 16], "texture": "#280"},
				"south": {"uv": [0, 0, 16, 16], "texture": "#280"},
				"west": {"uv": [0, 0, 16, 16], "texture": "#280"},
				"up": {"uv": [0, 0, 16, 16], "texture": "#280"},
				"down": {"uv": [0, 0, 16, 16], "texture": "#280"}
			}
		},
		{
			"from": [7.75, 19.35, 8.25],
			"to": [8.25, 21.2, 8.75],
			"rotation": {"angle": 45, "axis": "x", "origin": [8, 19.65, 8.4]},
			"faces": {
				"north": {"uv": [0, 0, 16, 16], "texture": "#280"},
				"east": {"uv": [0, 0, 16, 16], "texture": "#280"},
				"south": {"uv": [0, 0, 16, 16], "texture": "#280"},
				"west": {"uv": [0, 0, 16, 16], "texture": "#280"},
				"up": {"uv": [0, 0, 16, 16], "texture": "#280"},
				"down": {"uv": [0, 0, 16, 16], "texture": "#280"}
			}
		},
		{
			"from": [7.65, 0.61612, 9.3753],
			"to": [8.35, 0.91612, 9.6753],
			"rotation": {"angle": 0, "axis": "x", "origin": [8, 0.76612, 9.5253]},
			"faces": {
				"north": {"uv": [0, 0, 16, 16], "rotation": 270, "texture": "#545"},
				"east": {"uv": [0, 0, 16, 16], "rotation": 270, "texture": "#545"},
				"south": {"uv": [0, 0, 16, 16], "rotation": 270, "texture": "#545"},
				"west": {"uv": [0, 0, 16, 16], "rotation": 270, "texture": "#545"},
				"up": {"uv": [0, 0, 16, 16], "rotation": 270, "texture": "#545"},
				"down": {"uv": [0, 0, 16, 16], "rotation": 270, "texture": "#545"}
			}
		},
		{
			"from": [7.65, 20.48388, 9.3753],
			"to": [8.35, 20.78388, 9.6753],
			"rotation": {"angle": 0, "axis": "x", "origin": [8, 20.63388, 9.5253]},
			"faces": {
				"north": {"uv": [0, 0, 16, 16], "rotation": 270, "texture": "#545"},
				"east": {"uv": [0, 0, 16, 16], "rotation": 270, "texture": "#545"},
				"south": {"uv": [0, 0, 16, 16], "rotation": 270, "texture": "#545"},
				"west": {"uv": [0, 0, 16, 16], "rotation": 270, "texture": "#545"},
				"up": {"uv": [0, 0, 16, 16], "rotation": 270, "texture": "#545"},
				"down": {"uv": [0, 0, 16, 16], "rotation": 270, "texture": "#545"}
			}
		},
		{
			"from": [7.725, 20.48388, 9.1753],
			"to": [8.275, 20.88388, 9.8753],
			"rotation": {"angle": 45, "axis": "x", "origin": [8, 20.63388, 9.5253]},
			"faces": {
				"north": {"uv": [0, 0, 16, 16], "rotation": 270, "texture": "#545"},
				"east": {"uv": [0, 0, 16, 16], "rotation": 270, "texture": "#545"},
				"south": {"uv": [0, 0, 16, 16], "rotation": 270, "texture": "#545"},
				"west": {"uv": [0, 0, 16, 16], "rotation": 270, "texture": "#545"},
				"up": {"uv": [0, 0, 16, 16], "rotation": 270, "texture": "#545"},
				"down": {"uv": [0, 0, 16, 16], "rotation": 270, "texture": "#545"}
			}
		},
		{
			"from": [7.725, 0.51612, 9.1753],
			"to": [8.275, 0.91612, 9.8753],
			"rotation": {"angle": -45, "axis": "x", "origin": [8, 0.76612, 9.5253]},
			"faces": {
				"north": {"uv": [16, 0, 0, 16], "rotation": 270, "texture": "#545"},
				"east": {"uv": [16, 0, 0, 16], "rotation": 270, "texture": "#545"},
				"south": {"uv": [16, 0, 0, 16], "rotation": 270, "texture": "#545"},
				"west": {"uv": [16, 0, 0, 16], "rotation": 270, "texture": "#545"},
				"up": {"uv": [16, 0, 0, 16], "rotation": 270, "texture": "#545"},
				"down": {"uv": [16, 0, 0, 16], "rotation": 270, "texture": "#545"}
			}
		},
		{
			"from": [7.65, 1.11612, 8.8753],
			"to": [8.35, 1.41612, 9.1753],
			"rotation": {"angle": 0, "axis": "x", "origin": [8, 1.26612, 9.0253]},
			"faces": {
				"north": {"uv": [0, 0, 16, 16], "rotation": 270, "texture": "#545"},
				"east": {"uv": [0, 0, 16, 16], "rotation": 270, "texture": "#545"},
				"south": {"uv": [0, 0, 16, 16], "rotation": 270, "texture": "#545"},
				"west": {"uv": [0, 0, 16, 16], "rotation": 270, "texture": "#545"},
				"up": {"uv": [0, 0, 16, 16], "rotation": 270, "texture": "#545"},
				"down": {"uv": [0, 0, 16, 16], "rotation": 270, "texture": "#545"}
			}
		},
		{
			"from": [7.65, 19.98388, 8.8753],
			"to": [8.35, 20.28388, 9.1753],
			"rotation": {"angle": 0, "axis": "x", "origin": [8, 20.13388, 9.0253]},
			"faces": {
				"north": {"uv": [0, 0, 16, 16], "rotation": 270, "texture": "#545"},
				"east": {"uv": [0, 0, 16, 16], "rotation": 270, "texture": "#545"},
				"south": {"uv": [0, 0, 16, 16], "rotation": 270, "texture": "#545"},
				"west": {"uv": [0, 0, 16, 16], "rotation": 270, "texture": "#545"},
				"up": {"uv": [0, 0, 16, 16], "rotation": 270, "texture": "#545"},
				"down": {"uv": [0, 0, 16, 16], "rotation": 270, "texture": "#545"}
			}
		},
		{
			"from": [7.65, 1.61612, 8.3753],
			"to": [8.35, 1.91612, 8.6753],
			"rotation": {"angle": 0, "axis": "x", "origin": [8, 1.76612, 8.5253]},
			"faces": {
				"north": {"uv": [0, 0, 16, 16], "rotation": 270, "texture": "#545"},
				"east": {"uv": [0, 0, 16, 16], "rotation": 270, "texture": "#545"},
				"south": {"uv": [0, 0, 16, 16], "rotation": 270, "texture": "#545"},
				"west": {"uv": [0, 0, 16, 16], "rotation": 270, "texture": "#545"},
				"up": {"uv": [0, 0, 16, 16], "rotation": 270, "texture": "#545"},
				"down": {"uv": [0, 0, 16, 16], "rotation": 270, "texture": "#545"}
			}
		},
		{
			"from": [7.65, 19.48388, 8.3753],
			"to": [8.35, 19.78388, 8.6753],
			"rotation": {"angle": 0, "axis": "x", "origin": [8, 19.63388, 8.5253]},
			"faces": {
				"north": {"uv": [0, 0, 16, 16], "rotation": 270, "texture": "#545"},
				"east": {"uv": [0, 0, 16, 16], "rotation": 270, "texture": "#545"},
				"south": {"uv": [0, 0, 16, 16], "rotation": 270, "texture": "#545"},
				"west": {"uv": [0, 0, 16, 16], "rotation": 270, "texture": "#545"},
				"up": {"uv": [0, 0, 16, 16], "rotation": 270, "texture": "#545"},
				"down": {"uv": [0, 0, 16, 16], "rotation": 270, "texture": "#545"}
			}
		},
		{
			"from": [7.65, 2.21612, 8.0253],
			"to": [8.35, 2.51612, 8.3253],
			"rotation": {"angle": 22.5, "axis": "x", "origin": [8, 2.46612, 8.0753]},
			"faces": {
				"north": {"uv": [0, 0, 16, 16], "rotation": 270, "texture": "#545"},
				"east": {"uv": [0, 0, 16, 16], "rotation": 270, "texture": "#545"},
				"south": {"uv": [0, 0, 16, 16], "rotation": 270, "texture": "#545"},
				"west": {"uv": [0, 0, 16, 16], "rotation": 270, "texture": "#545"},
				"up": {"uv": [0, 0, 16, 16], "rotation": 270, "texture": "#545"},
				"down": {"uv": [0, 0, 16, 16], "rotation": 270, "texture": "#545"}
			}
		},
		{
			"from": [7.65, 18.88388, 8.0253],
			"to": [8.35, 19.18388, 8.3253],
			"rotation": {"angle": -22.5, "axis": "x", "origin": [8, 18.93388, 8.0753]},
			"faces": {
				"north": {"uv": [0, 0, 16, 16], "rotation": 270, "texture": "#545"},
				"east": {"uv": [0, 0, 16, 16], "rotation": 270, "texture": "#545"},
				"south": {"uv": [0, 0, 16, 16], "rotation": 270, "texture": "#545"},
				"west": {"uv": [0, 0, 16, 16], "rotation": 270, "texture": "#545"},
				"up": {"uv": [0, 0, 16, 16], "rotation": 270, "texture": "#545"},
				"down": {"uv": [0, 0, 16, 16], "rotation": 270, "texture": "#545"}
			}
		},
		{
			"from": [7.65, 2.86612, 7.8003],
			"to": [8.35, 3.16612, 8.1003],
			"rotation": {"angle": 22.5, "axis": "x", "origin": [8, 3.11612, 7.8503]},
			"faces": {
				"north": {"uv": [0, 0, 16, 16], "rotation": 270, "texture": "#545"},
				"east": {"uv": [0, 0, 16, 16], "rotation": 270, "texture": "#545"},
				"south": {"uv": [0, 0, 16, 16], "rotation": 270, "texture": "#545"},
				"west": {"uv": [0, 0, 16, 16], "rotation": 270, "texture": "#545"},
				"up": {"uv": [0, 0, 16, 16], "rotation": 270, "texture": "#545"},
				"down": {"uv": [0, 0, 16, 16], "rotation": 270, "texture": "#545"}
			}
		},
		{
			"from": [7.65, 18.23388, 7.8003],
			"to": [8.35, 18.53388, 8.1003],
			"rotation": {"angle": -22.5, "axis": "x", "origin": [8, 18.28388, 7.8503]},
			"faces": {
				"north": {"uv": [0, 0, 16, 16], "rotation": 270, "texture": "#545"},
				"east": {"uv": [0, 0, 16, 16], "rotation": 270, "texture": "#545"},
				"south": {"uv": [0, 0, 16, 16], "rotation": 270, "texture": "#545"},
				"west": {"uv": [0, 0, 16, 16], "rotation": 270, "texture": "#545"},
				"up": {"uv": [0, 0, 16, 16], "rotation": 270, "texture": "#545"},
				"down": {"uv": [0, 0, 16, 16], "rotation": 270, "texture": "#545"}
			}
		},
		{
			"from": [7.6, 3.49112, 7.5003],
			"to": [8.4, 3.79112, 7.8003],
			"rotation": {"angle": -45, "axis": "x", "origin": [8, 3.74112, 7.7503]},
			"faces": {
				"north": {"uv": [0, 0, 16, 16], "texture": "#545"},
				"east": {"uv": [0, 0, 16, 16], "texture": "#545"},
				"south": {"uv": [0, 0, 16, 16], "texture": "#545"},
				"west": {"uv": [0, 0, 16, 16], "texture": "#545"},
				"up": {"uv": [0, 0, 16, 16], "texture": "#545"},
				"down": {"uv": [0, 0, 16, 16], "texture": "#545"}
			}
		},
		{
			"from": [7.6, 17.60888, 7.5003],
			"to": [8.4, 17.90888, 7.8003],
			"rotation": {"angle": 45, "axis": "x", "origin": [8, 17.65888, 7.7503]},
			"faces": {
				"north": {"uv": [0, 0, 16, 16], "texture": "#545"},
				"east": {"uv": [0, 0, 16, 16], "texture": "#545"},
				"south": {"uv": [0, 0, 16, 16], "texture": "#545"},
				"west": {"uv": [0, 0, 16, 16], "texture": "#545"},
				"up": {"uv": [0, 0, 16, 16], "texture": "#545"},
				"down": {"uv": [0, 0, 16, 16], "texture": "#545"}
			}
		},
		{
			"from": [7.6, 4.09112, 7.5003],
			"to": [8.4, 4.39112, 7.8003],
			"rotation": {"angle": -45, "axis": "x", "origin": [8, 4.34112, 7.7503]},
			"faces": {
				"north": {"uv": [0, 0, 16, 16], "texture": "#545"},
				"east": {"uv": [0, 0, 16, 16], "texture": "#545"},
				"south": {"uv": [0, 0, 16, 16], "texture": "#545"},
				"west": {"uv": [0, 0, 16, 16], "texture": "#545"},
				"up": {"uv": [0, 0, 16, 16], "texture": "#545"},
				"down": {"uv": [0, 0, 16, 16], "texture": "#545"}
			}
		},
		{
			"from": [7.6, 17.00888, 7.5003],
			"to": [8.4, 17.30888, 7.8003],
			"rotation": {"angle": 45, "axis": "x", "origin": [8, 17.05888, 7.7503]},
			"faces": {
				"north": {"uv": [0, 0, 16, 16], "texture": "#545"},
				"east": {"uv": [0, 0, 16, 16], "texture": "#545"},
				"south": {"uv": [0, 0, 16, 16], "texture": "#545"},
				"west": {"uv": [0, 0, 16, 16], "texture": "#545"},
				"up": {"uv": [0, 0, 16, 16], "texture": "#545"},
				"down": {"uv": [0, 0, 16, 16], "texture": "#545"}
			}
		},
		{
			"from": [7.55, 4.79112, 7.5753],
			"to": [8.45, 5.09112, 7.8753],
			"rotation": {"angle": -22.5, "axis": "x", "origin": [8, 5.04112, 7.8253]},
			"faces": {
				"north": {"uv": [0, 0, 16, 16], "texture": "#545"},
				"east": {"uv": [0, 0, 16, 16], "texture": "#545"},
				"south": {"uv": [0, 0, 16, 16], "texture": "#545"},
				"west": {"uv": [0, 0, 16, 16], "texture": "#545"},
				"up": {"uv": [0, 0, 16, 16], "texture": "#545"},
				"down": {"uv": [0, 0, 16, 16], "texture": "#545"}
			}
		},
		{
			"from": [7.55, 16.30888, 7.5753],
			"to": [8.45, 16.60888, 7.8753],
			"rotation": {"angle": 22.5, "axis": "x", "origin": [8, 16.35888, 7.8253]},
			"faces": {
				"north": {"uv": [0, 0, 16, 16], "texture": "#545"},
				"east": {"uv": [0, 0, 16, 16], "texture": "#545"},
				"south": {"uv": [0, 0, 16, 16], "texture": "#545"},
				"west": {"uv": [0, 0, 16, 16], "texture": "#545"},
				"up": {"uv": [0, 0, 16, 16], "texture": "#545"},
				"down": {"uv": [0, 0, 16, 16], "texture": "#545"}
			}
		},
		{
			"from": [7.65, 0.91612, 9.3753],
			"to": [8.35, 1.21612, 9.6753],
			"rotation": {"angle": 0, "axis": "x", "origin": [8, 1.06612, 9.5253]},
			"faces": {
				"north": {"uv": [0, 0, 16, 16], "rotation": 270, "texture": "#545"},
				"east": {"uv": [0, 0, 16, 16], "rotation": 270, "texture": "#545"},
				"south": {"uv": [0, 0, 16, 16], "rotation": 270, "texture": "#545"},
				"west": {"uv": [0, 0, 16, 16], "rotation": 270, "texture": "#545"},
				"up": {"uv": [0, 0, 16, 16], "rotation": 270, "texture": "#545"},
				"down": {"uv": [0, 0, 16, 16], "rotation": 270, "texture": "#545"}
			}
		},
		{
			"from": [7.65, 20.18388, 9.3753],
			"to": [8.35, 20.48388, 9.6753],
			"rotation": {"angle": 0, "axis": "x", "origin": [8, 20.33388, 9.5253]},
			"faces": {
				"north": {"uv": [0, 0, 16, 16], "rotation": 270, "texture": "#545"},
				"east": {"uv": [0, 0, 16, 16], "rotation": 270, "texture": "#545"},
				"south": {"uv": [0, 0, 16, 16], "rotation": 270, "texture": "#545"},
				"west": {"uv": [0, 0, 16, 16], "rotation": 270, "texture": "#545"},
				"up": {"uv": [0, 0, 16, 16], "rotation": 270, "texture": "#545"},
				"down": {"uv": [0, 0, 16, 16], "rotation": 270, "texture": "#545"}
			}
		},
		{
			"from": [7.65, 1.41612, 8.8753],
			"to": [8.35, 1.71612, 9.1753],
			"rotation": {"angle": 0, "axis": "x", "origin": [8, 1.56612, 9.0253]},
			"faces": {
				"north": {"uv": [0, 0, 16, 16], "rotation": 270, "texture": "#545"},
				"east": {"uv": [0, 0, 16, 16], "rotation": 270, "texture": "#545"},
				"south": {"uv": [0, 0, 16, 16], "rotation": 270, "texture": "#545"},
				"west": {"uv": [0, 0, 16, 16], "rotation": 270, "texture": "#545"},
				"up": {"uv": [0, 0, 16, 16], "rotation": 270, "texture": "#545"},
				"down": {"uv": [0, 0, 16, 16], "rotation": 270, "texture": "#545"}
			}
		},
		{
			"from": [7.65, 19.68388, 8.8753],
			"to": [8.35, 19.98388, 9.1753],
			"rotation": {"angle": 0, "axis": "x", "origin": [8, 19.83388, 9.0253]},
			"faces": {
				"north": {"uv": [0, 0, 16, 16], "rotation": 270, "texture": "#545"},
				"east": {"uv": [0, 0, 16, 16], "rotation": 270, "texture": "#545"},
				"south": {"uv": [0, 0, 16, 16], "rotation": 270, "texture": "#545"},
				"west": {"uv": [0, 0, 16, 16], "rotation": 270, "texture": "#545"},
				"up": {"uv": [0, 0, 16, 16], "rotation": 270, "texture": "#545"},
				"down": {"uv": [0, 0, 16, 16], "rotation": 270, "texture": "#545"}
			}
		},
		{
			"from": [7.65, 1.91612, 8.3753],
			"to": [8.35, 2.21612, 8.6753],
			"rotation": {"angle": 0, "axis": "x", "origin": [8, 2.06612, 8.5253]},
			"faces": {
				"north": {"uv": [0, 0, 16, 16], "rotation": 270, "texture": "#545"},
				"east": {"uv": [0, 0, 16, 16], "rotation": 270, "texture": "#545"},
				"south": {"uv": [0, 0, 16, 16], "rotation": 270, "texture": "#545"},
				"west": {"uv": [0, 0, 16, 16], "rotation": 270, "texture": "#545"},
				"up": {"uv": [0, 0, 16, 16], "rotation": 270, "texture": "#545"},
				"down": {"uv": [0, 0, 16, 16], "rotation": 270, "texture": "#545"}
			}
		},
		{
			"from": [7.65, 19.18388, 8.3753],
			"to": [8.35, 19.48388, 8.6753],
			"rotation": {"angle": 0, "axis": "x", "origin": [8, 19.33388, 8.5253]},
			"faces": {
				"north": {"uv": [0, 0, 16, 16], "rotation": 270, "texture": "#545"},
				"east": {"uv": [0, 0, 16, 16], "rotation": 270, "texture": "#545"},
				"south": {"uv": [0, 0, 16, 16], "rotation": 270, "texture": "#545"},
				"west": {"uv": [0, 0, 16, 16], "rotation": 270, "texture": "#545"},
				"up": {"uv": [0, 0, 16, 16], "rotation": 270, "texture": "#545"},
				"down": {"uv": [0, 0, 16, 16], "rotation": 270, "texture": "#545"}
			}
		},
		{
			"from": [7.65, 2.51612, 8.0253],
			"to": [8.35, 2.81612, 8.3253],
			"rotation": {"angle": 22.5, "axis": "x", "origin": [8, 2.46612, 8.0753]},
			"faces": {
				"north": {"uv": [0, 0, 16, 16], "rotation": 270, "texture": "#545"},
				"east": {"uv": [0, 0, 16, 16], "rotation": 270, "texture": "#545"},
				"south": {"uv": [0, 0, 16, 16], "rotation": 270, "texture": "#545"},
				"west": {"uv": [0, 0, 16, 16], "rotation": 270, "texture": "#545"},
				"up": {"uv": [0, 0, 16, 16], "rotation": 270, "texture": "#545"},
				"down": {"uv": [0, 0, 16, 16], "rotation": 270, "texture": "#545"}
			}
		},
		{
			"from": [7.65, 18.58388, 8.0253],
			"to": [8.35, 18.88388, 8.3253],
			"rotation": {"angle": -22.5, "axis": "x", "origin": [8, 18.93388, 8.0753]},
			"faces": {
				"north": {"uv": [0, 0, 16, 16], "rotation": 270, "texture": "#545"},
				"east": {"uv": [0, 0, 16, 16], "rotation": 270, "texture": "#545"},
				"south": {"uv": [0, 0, 16, 16], "rotation": 270, "texture": "#545"},
				"west": {"uv": [0, 0, 16, 16], "rotation": 270, "texture": "#545"},
				"up": {"uv": [0, 0, 16, 16], "rotation": 270, "texture": "#545"},
				"down": {"uv": [0, 0, 16, 16], "rotation": 270, "texture": "#545"}
			}
		},
		{
			"from": [7.65, 3.16612, 7.8003],
			"to": [8.35, 3.46612, 8.1003],
			"rotation": {"angle": 22.5, "axis": "x", "origin": [8, 3.11612, 7.8503]},
			"faces": {
				"north": {"uv": [0, 0, 16, 16], "rotation": 270, "texture": "#545"},
				"east": {"uv": [0, 0, 16, 16], "rotation": 270, "texture": "#545"},
				"south": {"uv": [0, 0, 16, 16], "rotation": 270, "texture": "#545"},
				"west": {"uv": [0, 0, 16, 16], "rotation": 270, "texture": "#545"},
				"up": {"uv": [0, 0, 16, 16], "rotation": 270, "texture": "#545"},
				"down": {"uv": [0, 0, 16, 16], "rotation": 270, "texture": "#545"}
			}
		},
		{
			"from": [7.65, 17.93388, 7.8003],
			"to": [8.35, 18.23388, 8.1003],
			"rotation": {"angle": -22.5, "axis": "x", "origin": [8, 18.28388, 7.8503]},
			"faces": {
				"north": {"uv": [0, 0, 16, 16], "rotation": 270, "texture": "#545"},
				"east": {"uv": [0, 0, 16, 16], "rotation": 270, "texture": "#545"},
				"south": {"uv": [0, 0, 16, 16], "rotation": 270, "texture": "#545"},
				"west": {"uv": [0, 0, 16, 16], "rotation": 270, "texture": "#545"},
				"up": {"uv": [0, 0, 16, 16], "rotation": 270, "texture": "#545"},
				"down": {"uv": [0, 0, 16, 16], "rotation": 270, "texture": "#545"}
			}
		},
		{
			"from": [7.6, 3.49112, 7.8003],
			"to": [8.4, 3.79112, 8.1003],
			"rotation": {"angle": -45, "axis": "x", "origin": [8, 3.74112, 7.7503]},
			"faces": {
				"north": {"uv": [0, 0, 16, 16], "texture": "#545"},
				"east": {"uv": [0, 0, 16, 16], "texture": "#545"},
				"south": {"uv": [0, 0, 16, 16], "texture": "#545"},
				"west": {"uv": [0, 0, 16, 16], "texture": "#545"},
				"up": {"uv": [0, 0, 16, 16], "texture": "#545"},
				"down": {"uv": [0, 0, 16, 16], "texture": "#545"}
			}
		},
		{
			"from": [7.6, 17.60888, 7.8003],
			"to": [8.4, 17.90888, 8.1003],
			"rotation": {"angle": 45, "axis": "x", "origin": [8, 17.65888, 7.7503]},
			"faces": {
				"north": {"uv": [0, 0, 16, 16], "texture": "#545"},
				"east": {"uv": [0, 0, 16, 16], "texture": "#545"},
				"south": {"uv": [0, 0, 16, 16], "texture": "#545"},
				"west": {"uv": [0, 0, 16, 16], "texture": "#545"},
				"up": {"uv": [0, 0, 16, 16], "texture": "#545"},
				"down": {"uv": [0, 0, 16, 16], "texture": "#545"}
			}
		},
		{
			"from": [7.6, 4.09112, 7.8003],
			"to": [8.4, 4.39112, 8.1003],
			"rotation": {"angle": -45, "axis": "x", "origin": [8, 4.34112, 7.7503]},
			"faces": {
				"north": {"uv": [0, 0, 16, 16], "texture": "#545"},
				"east": {"uv": [0, 0, 16, 16], "texture": "#545"},
				"south": {"uv": [0, 0, 16, 16], "texture": "#545"},
				"west": {"uv": [0, 0, 16, 16], "texture": "#545"},
				"up": {"uv": [0, 0, 16, 16], "texture": "#545"},
				"down": {"uv": [0, 0, 16, 16], "texture": "#545"}
			}
		},
		{
			"from": [7.6, 17.00888, 7.8003],
			"to": [8.4, 17.30888, 8.1003],
			"rotation": {"angle": 45, "axis": "x", "origin": [8, 17.05888, 7.7503]},
			"faces": {
				"north": {"uv": [0, 0, 16, 16], "texture": "#545"},
				"east": {"uv": [0, 0, 16, 16], "texture": "#545"},
				"south": {"uv": [0, 0, 16, 16], "texture": "#545"},
				"west": {"uv": [0, 0, 16, 16], "texture": "#545"},
				"up": {"uv": [0, 0, 16, 16], "texture": "#545"},
				"down": {"uv": [0, 0, 16, 16], "texture": "#545"}
			}
		},
		{
			"from": [7.55, 4.79112, 7.8753],
			"to": [8.45, 5.09112, 8.1753],
			"rotation": {"angle": -22.5, "axis": "x", "origin": [8, 5.04112, 7.8253]},
			"faces": {
				"north": {"uv": [0, 0, 16, 16], "texture": "#545"},
				"east": {"uv": [0, 0, 16, 16], "texture": "#545"},
				"south": {"uv": [0, 0, 16, 16], "texture": "#545"},
				"west": {"uv": [0, 0, 16, 16], "texture": "#545"},
				"up": {"uv": [0, 0, 16, 16], "texture": "#545"},
				"down": {"uv": [0, 0, 16, 16], "texture": "#545"}
			}
		},
		{
			"from": [7.55, 16.30888, 7.8753],
			"to": [8.45, 16.60888, 8.1753],
			"rotation": {"angle": 22.5, "axis": "x", "origin": [8, 16.35888, 7.8253]},
			"faces": {
				"north": {"uv": [0, 0, 16, 16], "texture": "#545"},
				"east": {"uv": [0, 0, 16, 16], "texture": "#545"},
				"south": {"uv": [0, 0, 16, 16], "texture": "#545"},
				"west": {"uv": [0, 0, 16, 16], "texture": "#545"},
				"up": {"uv": [0, 0, 16, 16], "texture": "#545"},
				"down": {"uv": [0, 0, 16, 16], "texture": "#545"}
			}
		},
		{
			"from": [7.65, 0.61612, 9.0753],
			"to": [8.35, 0.91612, 9.3753],
			"rotation": {"angle": 0, "axis": "x", "origin": [8, 0.76612, 9.2253]},
			"faces": {
				"north": {"uv": [0, 0, 16, 16], "rotation": 270, "texture": "#545"},
				"east": {"uv": [0, 0, 16, 16], "rotation": 270, "texture": "#545"},
				"south": {"uv": [0, 0, 16, 16], "rotation": 270, "texture": "#545"},
				"west": {"uv": [0, 0, 16, 16], "rotation": 270, "texture": "#545"},
				"up": {"uv": [0, 0, 16, 16], "rotation": 270, "texture": "#545"},
				"down": {"uv": [0, 0, 16, 16], "rotation": 270, "texture": "#545"}
			}
		},
		{
			"from": [7.65, 20.48388, 9.0753],
			"to": [8.35, 20.78388, 9.3753],
			"rotation": {"angle": 0, "axis": "x", "origin": [8, 20.63388, 9.2253]},
			"faces": {
				"north": {"uv": [0, 0, 16, 16], "rotation": 270, "texture": "#545"},
				"east": {"uv": [0, 0, 16, 16], "rotation": 270, "texture": "#545"},
				"south": {"uv": [0, 0, 16, 16], "rotation": 270, "texture": "#545"},
				"west": {"uv": [0, 0, 16, 16], "rotation": 270, "texture": "#545"},
				"up": {"uv": [0, 0, 16, 16], "rotation": 270, "texture": "#545"},
				"down": {"uv": [0, 0, 16, 16], "rotation": 270, "texture": "#545"}
			}
		},
		{
			"from": [7.65, 1.11612, 8.5753],
			"to": [8.35, 1.41612, 8.8753],
			"rotation": {"angle": 0, "axis": "x", "origin": [8, 1.26612, 8.7253]},
			"faces": {
				"north": {"uv": [0, 0, 16, 16], "rotation": 270, "texture": "#545"},
				"east": {"uv": [0, 0, 16, 16], "rotation": 270, "texture": "#545"},
				"south": {"uv": [0, 0, 16, 16], "rotation": 270, "texture": "#545"},
				"west": {"uv": [0, 0, 16, 16], "rotation": 270, "texture": "#545"},
				"up": {"uv": [0, 0, 16, 16], "rotation": 270, "texture": "#545"},
				"down": {"uv": [0, 0, 16, 16], "rotation": 270, "texture": "#545"}
			}
		},
		{
			"from": [7.65, 19.98388, 8.5753],
			"to": [8.35, 20.28388, 8.8753],
			"rotation": {"angle": 0, "axis": "x", "origin": [8, 20.13388, 8.7253]},
			"faces": {
				"north": {"uv": [0, 0, 16, 16], "rotation": 270, "texture": "#545"},
				"east": {"uv": [0, 0, 16, 16], "rotation": 270, "texture": "#545"},
				"south": {"uv": [0, 0, 16, 16], "rotation": 270, "texture": "#545"},
				"west": {"uv": [0, 0, 16, 16], "rotation": 270, "texture": "#545"},
				"up": {"uv": [0, 0, 16, 16], "rotation": 270, "texture": "#545"},
				"down": {"uv": [0, 0, 16, 16], "rotation": 270, "texture": "#545"}
			}
		},
		{
			"from": [7.65, 1.61612, 8.0753],
			"to": [8.35, 1.91612, 8.3753],
			"rotation": {"angle": 0, "axis": "x", "origin": [8, 1.76612, 8.2253]},
			"faces": {
				"north": {"uv": [0, 0, 16, 16], "rotation": 270, "texture": "#545"},
				"east": {"uv": [0, 0, 16, 16], "rotation": 270, "texture": "#545"},
				"south": {"uv": [0, 0, 16, 16], "rotation": 270, "texture": "#545"},
				"west": {"uv": [0, 0, 16, 16], "rotation": 270, "texture": "#545"},
				"up": {"uv": [0, 0, 16, 16], "rotation": 270, "texture": "#545"},
				"down": {"uv": [0, 0, 16, 16], "rotation": 270, "texture": "#545"}
			}
		},
		{
			"from": [7.65, 19.48388, 8.0753],
			"to": [8.35, 19.78388, 8.3753],
			"rotation": {"angle": 0, "axis": "x", "origin": [8, 19.63388, 8.2253]},
			"faces": {
				"north": {"uv": [0, 0, 16, 16], "rotation": 270, "texture": "#545"},
				"east": {"uv": [0, 0, 16, 16], "rotation": 270, "texture": "#545"},
				"south": {"uv": [0, 0, 16, 16], "rotation": 270, "texture": "#545"},
				"west": {"uv": [0, 0, 16, 16], "rotation": 270, "texture": "#545"},
				"up": {"uv": [0, 0, 16, 16], "rotation": 270, "texture": "#545"},
				"down": {"uv": [0, 0, 16, 16], "rotation": 270, "texture": "#545"}
			}
		},
		{
			"from": [7.65, 2.21612, 7.7253],
			"to": [8.35, 2.51612, 8.0253],
			"rotation": {"angle": 22.5, "axis": "x", "origin": [8, 2.46612, 8.0753]},
			"faces": {
				"north": {"uv": [0, 0, 16, 16], "rotation": 270, "texture": "#545"},
				"east": {"uv": [0, 0, 16, 16], "rotation": 270, "texture": "#545"},
				"south": {"uv": [0, 0, 16, 16], "rotation": 270, "texture": "#545"},
				"west": {"uv": [0, 0, 16, 16], "rotation": 270, "texture": "#545"},
				"up": {"uv": [0, 0, 16, 16], "rotation": 270, "texture": "#545"},
				"down": {"uv": [0, 0, 16, 16], "rotation": 270, "texture": "#545"}
			}
		},
		{
			"from": [7.65, 18.88388, 7.7253],
			"to": [8.35, 19.18388, 8.0253],
			"rotation": {"angle": -22.5, "axis": "x", "origin": [8, 18.93388, 8.0753]},
			"faces": {
				"north": {"uv": [0, 0, 16, 16], "rotation": 270, "texture": "#545"},
				"east": {"uv": [0, 0, 16, 16], "rotation": 270, "texture": "#545"},
				"south": {"uv": [0, 0, 16, 16], "rotation": 270, "texture": "#545"},
				"west": {"uv": [0, 0, 16, 16], "rotation": 270, "texture": "#545"},
				"up": {"uv": [0, 0, 16, 16], "rotation": 270, "texture": "#545"},
				"down": {"uv": [0, 0, 16, 16], "rotation": 270, "texture": "#545"}
			}
		},
		{
			"from": [7.65, 2.86612, 7.5003],
			"to": [8.35, 3.16612, 7.8003],
			"rotation": {"angle": 22.5, "axis": "x", "origin": [8, 3.11612, 7.8503]},
			"faces": {
				"north": {"uv": [0, 0, 16, 16], "rotation": 270, "texture": "#545"},
				"east": {"uv": [0, 0, 16, 16], "rotation": 270, "texture": "#545"},
				"south": {"uv": [0, 0, 16, 16], "rotation": 270, "texture": "#545"},
				"west": {"uv": [0, 0, 16, 16], "rotation": 270, "texture": "#545"},
				"up": {"uv": [0, 0, 16, 16], "rotation": 270, "texture": "#545"},
				"down": {"uv": [0, 0, 16, 16], "rotation": 270, "texture": "#545"}
			}
		},
		{
			"from": [7.65, 18.23388, 7.5003],
			"to": [8.35, 18.53388, 7.8003],
			"rotation": {"angle": -22.5, "axis": "x", "origin": [8, 18.28388, 7.8503]},
			"faces": {
				"north": {"uv": [0, 0, 16, 16], "rotation": 270, "texture": "#545"},
				"east": {"uv": [0, 0, 16, 16], "rotation": 270, "texture": "#545"},
				"south": {"uv": [0, 0, 16, 16], "rotation": 270, "texture": "#545"},
				"west": {"uv": [0, 0, 16, 16], "rotation": 270, "texture": "#545"},
				"up": {"uv": [0, 0, 16, 16], "rotation": 270, "texture": "#545"},
				"down": {"uv": [0, 0, 16, 16], "rotation": 270, "texture": "#545"}
			}
		},
		{
			"from": [7.6, 3.79112, 7.5003],
			"to": [8.4, 4.09112, 7.8003],
			"rotation": {"angle": -45, "axis": "x", "origin": [8, 3.74112, 7.7503]},
			"faces": {
				"north": {"uv": [0, 0, 16, 16], "texture": "#545"},
				"east": {"uv": [0, 0, 16, 16], "texture": "#545"},
				"south": {"uv": [0, 0, 16, 16], "texture": "#545"},
				"west": {"uv": [0, 0, 16, 16], "texture": "#545"},
				"up": {"uv": [0, 0, 16, 16], "texture": "#545"},
				"down": {"uv": [0, 0, 16, 16], "texture": "#545"}
			}
		},
		{
			"from": [7.6, 17.30888, 7.5003],
			"to": [8.4, 17.60888, 7.8003],
			"rotation": {"angle": 45, "axis": "x", "origin": [8, 17.65888, 7.7503]},
			"faces": {
				"north": {"uv": [0, 0, 16, 16], "texture": "#545"},
				"east": {"uv": [0, 0, 16, 16], "texture": "#545"},
				"south": {"uv": [0, 0, 16, 16], "texture": "#545"},
				"west": {"uv": [0, 0, 16, 16], "texture": "#545"},
				"up": {"uv": [0, 0, 16, 16], "texture": "#545"},
				"down": {"uv": [0, 0, 16, 16], "texture": "#545"}
			}
		},
		{
			"from": [7.6, 4.39112, 7.5003],
			"to": [8.4, 4.69112, 7.8003],
			"rotation": {"angle": -45, "axis": "x", "origin": [8, 4.34112, 7.7503]},
			"faces": {
				"north": {"uv": [0, 0, 16, 16], "texture": "#545"},
				"east": {"uv": [0, 0, 16, 16], "texture": "#545"},
				"south": {"uv": [0, 0, 16, 16], "texture": "#545"},
				"west": {"uv": [0, 0, 16, 16], "texture": "#545"},
				"up": {"uv": [0, 0, 16, 16], "texture": "#545"},
				"down": {"uv": [0, 0, 16, 16], "texture": "#545"}
			}
		},
		{
			"from": [7.6, 16.70888, 7.5003],
			"to": [8.4, 17.00888, 7.8003],
			"rotation": {"angle": 45, "axis": "x", "origin": [8, 17.05888, 7.7503]},
			"faces": {
				"north": {"uv": [0, 0, 16, 16], "texture": "#545"},
				"east": {"uv": [0, 0, 16, 16], "texture": "#545"},
				"south": {"uv": [0, 0, 16, 16], "texture": "#545"},
				"west": {"uv": [0, 0, 16, 16], "texture": "#545"},
				"up": {"uv": [0, 0, 16, 16], "texture": "#545"},
				"down": {"uv": [0, 0, 16, 16], "texture": "#545"}
			}
		},
		{
			"from": [7.55, 5.09112, 7.5753],
			"to": [8.45, 5.39112, 7.8753],
			"rotation": {"angle": -22.5, "axis": "x", "origin": [8, 5.04112, 7.8253]},
			"faces": {
				"north": {"uv": [0, 0, 16, 16], "texture": "#545"},
				"east": {"uv": [0, 0, 16, 16], "texture": "#545"},
				"south": {"uv": [0, 0, 16, 16], "texture": "#545"},
				"west": {"uv": [0, 0, 16, 16], "texture": "#545"},
				"up": {"uv": [0, 0, 16, 16], "texture": "#545"},
				"down": {"uv": [0, 0, 16, 16], "texture": "#545"}
			}
		},
		{
			"from": [7.55, 16.00888, 7.5753],
			"to": [8.45, 16.30888, 7.8753],
			"rotation": {"angle": 22.5, "axis": "x", "origin": [8, 16.35888, 7.8253]},
			"faces": {
				"north": {"uv": [0, 0, 16, 16], "texture": "#545"},
				"east": {"uv": [0, 0, 16, 16], "texture": "#545"},
				"south": {"uv": [0, 0, 16, 16], "texture": "#545"},
				"west": {"uv": [0, 0, 16, 16], "texture": "#545"},
				"up": {"uv": [0, 0, 16, 16], "texture": "#545"},
				"down": {"uv": [0, 0, 16, 16], "texture": "#545"}
			}
		},
		{
			"from": [7.85, 0.5, 9.45],
			"to": [8.15, 0.9, 10.75],
			"rotation": {"angle": 22.5, "axis": "x", "origin": [8, 0.55, 9.75]},
			"faces": {
				"north": {"uv": [9, 0, 16, 7], "rotation": 90, "texture": "#272"},
				"east": {"uv": [9, 0, 16, 7], "rotation": 90, "texture": "#272"},
				"south": {"uv": [9, 0, 16, 7], "rotation": 90, "texture": "#272"},
				"west": {"uv": [9, 0, 16, 7], "rotation": 90, "texture": "#272"},
				"up": {"uv": [9, 0, 16, 7], "rotation": 90, "texture": "#272"},
				"down": {"uv": [9, 0, 16, 7], "rotation": 90, "texture": "#272"}
			}
		},
		{
			"from": [7.85, 20.5, 9.45],
			"to": [8.15, 20.9, 10.75],
			"rotation": {"angle": -22.5, "axis": "x", "origin": [8, 20.85, 9.75]},
			"faces": {
				"north": {"uv": [9, 0, 16, 7], "rotation": 90, "texture": "#272"},
				"east": {"uv": [9, 0, 16, 7], "rotation": 90, "texture": "#272"},
				"south": {"uv": [9, 0, 16, 7], "rotation": 90, "texture": "#272"},
				"west": {"uv": [9, 0, 16, 7], "rotation": 90, "texture": "#272"},
				"up": {"uv": [9, 0, 16, 7], "rotation": 90, "texture": "#272"},
				"down": {"uv": [9, 0, 16, 7], "rotation": 90, "texture": "#272"}
			}
		},
		{
			"from": [7.875, 0.15, 10.65],
			"to": [8.125, 0.525, 11.75],
			"rotation": {"angle": 0, "axis": "x", "origin": [8, 0.175, 10.95]},
			"faces": {
				"north": {"uv": [9, 0, 16, 7], "rotation": 90, "texture": "#272"},
				"east": {"uv": [9, 0, 16, 7], "rotation": 90, "texture": "#272"},
				"south": {"uv": [9, 0, 16, 7], "rotation": 90, "texture": "#272"},
				"west": {"uv": [9, 0, 16, 7], "rotation": 90, "texture": "#272"},
				"up": {"uv": [9, 0, 16, 7], "rotation": 90, "texture": "#272"},
				"down": {"uv": [9, 0, 16, 7], "rotation": 90, "texture": "#272"}
			}
		},
		{
			"from": [7.875, 20.875, 10.65],
			"to": [8.125, 21.25, 11.75],
			"rotation": {"angle": 0, "axis": "x", "origin": [8, 21.225, 10.95]},
			"faces": {
				"north": {"uv": [9, 0, 16, 7], "rotation": 90, "texture": "#272"},
				"east": {"uv": [9, 0, 16, 7], "rotation": 90, "texture": "#272"},
				"south": {"uv": [9, 0, 16, 7], "rotation": 90, "texture": "#272"},
				"west": {"uv": [9, 0, 16, 7], "rotation": 90, "texture": "#272"},
				"up": {"uv": [9, 0, 16, 7], "rotation": 90, "texture": "#272"},
				"down": {"uv": [9, 0, 16, 7], "rotation": 90, "texture": "#272"}
			}
		},
		{
			"from": [7.9, 0.05, 11.6],
			"to": [8.1, 0.425, 12.5],
			"rotation": {"angle": 22.5, "axis": "x", "origin": [8, 0.075, 11.9]},
			"faces": {
				"north": {"uv": [9, 0, 16, 7], "rotation": 90, "texture": "#272"},
				"east": {"uv": [9, 0, 16, 7], "rotation": 90, "texture": "#272"},
				"south": {"uv": [9, 0, 16, 7], "rotation": 90, "texture": "#272"},
				"west": {"uv": [9, 0, 16, 7], "rotation": 90, "texture": "#272"},
				"up": {"uv": [9, 0, 16, 7], "rotation": 90, "texture": "#272"},
				"down": {"uv": [9, 0, 16, 7], "rotation": 90, "texture": "#272"}
			}
		},
		{
			"from": [7.9, 20.975, 11.6],
			"to": [8.1, 21.35, 12.5],
			"rotation": {"angle": -22.5, "axis": "x", "origin": [8, 21.325, 11.9]},
			"faces": {
				"north": {"uv": [9, 0, 16, 7], "rotation": 90, "texture": "#272"},
				"east": {"uv": [9, 0, 16, 7], "rotation": 90, "texture": "#272"},
				"south": {"uv": [9, 0, 16, 7], "rotation": 90, "texture": "#272"},
				"west": {"uv": [9, 0, 16, 7], "rotation": 90, "texture": "#272"},
				"up": {"uv": [9, 0, 16, 7], "rotation": 90, "texture": "#272"},
				"down": {"uv": [9, 0, 16, 7], "rotation": 90, "texture": "#272"}
			}
		},
		{
			"from": [7.8, -0.05, 12.1],
			"to": [8.2, 0.525, 12.2],
			"rotation": {"angle": 22.5, "axis": "x", "origin": [8, 0.075, 11.9]},
			"faces": {
				"north": {"uv": [5, 1, 11, 14], "rotation": 90, "texture": "#147"},
				"east": {"uv": [5, 1, 11, 14], "rotation": 90, "texture": "#147"},
				"south": {"uv": [5, 1, 11, 14], "rotation": 90, "texture": "#147"},
				"west": {"uv": [5, 1, 11, 14], "rotation": 90, "texture": "#147"},
				"up": {"uv": [5, 1, 11, 14], "rotation": 90, "texture": "#147"},
				"down": {"uv": [5, 1, 11, 14], "rotation": 90, "texture": "#147"}
			}
		},
		{
			"from": [7.8, 20.875, 12.1],
			"to": [8.2, 21.45, 12.2],
			"rotation": {"angle": -22.5, "axis": "x", "origin": [8, 21.325, 11.9]},
			"faces": {
				"north": {"uv": [5, 1, 11, 14], "rotation": 90, "texture": "#147"},
				"east": {"uv": [5, 1, 11, 14], "rotation": 90, "texture": "#147"},
				"south": {"uv": [5, 1, 11, 14], "rotation": 90, "texture": "#147"},
				"west": {"uv": [5, 1, 11, 14], "rotation": 90, "texture": "#147"},
				"up": {"uv": [5, 1, 11, 14], "rotation": 90, "texture": "#147"},
				"down": {"uv": [5, 1, 11, 14], "rotation": 90, "texture": "#147"}
			}
		},
		{
			"from": [7.95, 0.275, 12.225],
			"to": [8.05, 21.05, 12.325],
			"rotation": {"angle": 0, "axis": "x", "origin": [8, 20.925, 12.025]},
			"faces": {
				"north": {"uv": [5, 1, 11, 14], "rotation": 90, "texture": "#147"},
				"east": {"uv": [5, 1, 11, 14], "rotation": 90, "texture": "#147"},
				"south": {"uv": [5, 1, 11, 14], "rotation": 90, "texture": "#147"},
				"west": {"uv": [5, 1, 11, 14], "rotation": 90, "texture": "#147"},
				"up": {"uv": [5, 1, 11, 14], "rotation": 90, "texture": "#147"},
				"down": {"uv": [5, 1, 11, 14], "rotation": 90, "texture": "#147"}
			}
		},
		{
			"from": [7.95, -1.2, 12.55],
			"to": [8.05, -0.525, 12.8],
			"rotation": {"angle": 22.5, "axis": "x", "origin": [8, -0.825, 12.475]},
			"faces": {
				"north": {"uv": [9, 0, 16, 7], "texture": "#272"},
				"east": {"uv": [9, 0, 16, 7], "texture": "#272"},
				"south": {"uv": [9, 0, 16, 7], "texture": "#272"},
				"west": {"uv": [9, 0, 16, 7], "texture": "#272"},
				"up": {"uv": [9, 0, 16, 7], "texture": "#272"},
				"down": {"uv": [9, 0, 16, 7], "texture": "#272"}
			}
		},
		{
			"from": [7.95, 21.925, 12.55],
			"to": [8.05, 22.6, 12.8],
			"rotation": {"angle": -22.5, "axis": "x", "origin": [8, 22.225, 12.475]},
			"faces": {
				"north": {"uv": [9, 0, 16, 7], "texture": "#272"},
				"east": {"uv": [9, 0, 16, 7], "texture": "#272"},
				"south": {"uv": [9, 0, 16, 7], "texture": "#272"},
				"west": {"uv": [9, 0, 16, 7], "texture": "#272"},
				"up": {"uv": [9, 0, 16, 7], "texture": "#272"},
				"down": {"uv": [9, 0, 16, 7], "texture": "#272"}
			}
		},
		{
			"from": [7.975, -1.425, 12.05],
			"to": [8.025, -1.275, 12.525],
			"rotation": {"angle": -22.5, "axis": "x", "origin": [8, -1.1, 12.225]},
			"faces": {
				"north": {"uv": [9, 0, 16, 7], "rotation": 270, "texture": "#272"},
				"east": {"uv": [9, 0, 16, 7], "rotation": 270, "texture": "#272"},
				"south": {"uv": [9, 0, 16, 7], "rotation": 270, "texture": "#272"},
				"west": {"uv": [9, 0, 16, 7], "rotation": 270, "texture": "#272"},
				"up": {"uv": [9, 0, 16, 7], "rotation": 270, "texture": "#272"},
				"down": {"uv": [9, 0, 16, 7], "rotation": 270, "texture": "#272"}
			}
		},
		{
			"from": [7.975, 22.675, 12.05],
			"to": [8.025, 22.825, 12.525],
			"rotation": {"angle": 22.5, "axis": "x", "origin": [8, 22.5, 12.225]},
			"faces": {
				"north": {"uv": [9, 0, 16, 7], "rotation": 270, "texture": "#272"},
				"east": {"uv": [9, 0, 16, 7], "rotation": 270, "texture": "#272"},
				"south": {"uv": [9, 0, 16, 7], "rotation": 270, "texture": "#272"},
				"west": {"uv": [9, 0, 16, 7], "rotation": 270, "texture": "#272"},
				"up": {"uv": [9, 0, 16, 7], "rotation": 270, "texture": "#272"},
				"down": {"uv": [9, 0, 16, 7], "rotation": 270, "texture": "#272"}
			}
		},
		{
			"from": [7.975, -1.35, 12],
			"to": [8.025, -1.225, 12.35],
			"rotation": {"angle": 22.5, "axis": "x", "origin": [8, -1.05, 12.05]},
			"faces": {
				"north": {"uv": [9, 0, 16, 7], "rotation": 270, "texture": "#272"},
				"east": {"uv": [9, 0, 16, 7], "rotation": 270, "texture": "#272"},
				"south": {"uv": [9, 0, 16, 7], "rotation": 270, "texture": "#272"},
				"west": {"uv": [9, 0, 16, 7], "rotation": 270, "texture": "#272"},
				"up": {"uv": [9, 0, 16, 7], "rotation": 270, "texture": "#272"},
				"down": {"uv": [9, 0, 16, 7], "rotation": 270, "texture": "#272"}
			}
		},
		{
			"from": [7.975, 22.625, 12],
			"to": [8.025, 22.75, 12.35],
			"rotation": {"angle": -22.5, "axis": "x", "origin": [8, 22.45, 12.05]},
			"faces": {
				"north": {"uv": [9, 0, 16, 7], "rotation": 270, "texture": "#272"},
				"east": {"uv": [9, 0, 16, 7], "rotation": 270, "texture": "#272"},
				"south": {"uv": [9, 0, 16, 7], "rotation": 270, "texture": "#272"},
				"west": {"uv": [9, 0, 16, 7], "rotation": 270, "texture": "#272"},
				"up": {"uv": [9, 0, 16, 7], "rotation": 270, "texture": "#272"},
				"down": {"uv": [9, 0, 16, 7], "rotation": 270, "texture": "#272"}
			}
		},
		{
			"from": [7.925, -0.85, 12.45],
			"to": [8.075, 0.05, 12.725],
			"rotation": {"angle": -22.5, "axis": "x", "origin": [8, -0.25, 12.375]},
			"faces": {
				"north": {"uv": [9, 0, 16, 7], "texture": "#272"},
				"east": {"uv": [9, 0, 16, 7], "texture": "#272"},
				"south": {"uv": [9, 0, 16, 7], "texture": "#272"},
				"west": {"uv": [9, 0, 16, 7], "texture": "#272"},
				"up": {"uv": [9, 0, 16, 7], "texture": "#272"},
				"down": {"uv": [9, 0, 16, 7], "texture": "#272"}
			}
		},
		{
			"from": [7.925, 21.35, 12.45],
			"to": [8.075, 22.25, 12.725],
			"rotation": {"angle": 22.5, "axis": "x", "origin": [8, 21.65, 12.375]},
			"faces": {
				"north": {"uv": [9, 0, 16, 7], "texture": "#272"},
				"east": {"uv": [9, 0, 16, 7], "texture": "#272"},
				"south": {"uv": [9, 0, 16, 7], "texture": "#272"},
				"west": {"uv": [9, 0, 16, 7], "texture": "#272"},
				"up": {"uv": [9, 0, 16, 7], "texture": "#272"},
				"down": {"uv": [9, 0, 16, 7], "texture": "#272"}
			}
		},
		{
			"from": [7.5, 8.325, 7.4],
			"to": [8.5, 8.575, 7.85],
			"rotation": {"angle": -22.5, "axis": "x", "origin": [8, 8.45, 7.625]},
			"faces": {
				"north": {"uv": [0, 0, 16, 16], "texture": "#63"},
				"east": {"uv": [0, 0, 16, 16], "texture": "#63"},
				"south": {"uv": [0, 0, 16, 16], "texture": "#63"},
				"west": {"uv": [0, 0, 16, 16], "texture": "#63"},
				"up": {"uv": [0, 0, 16, 16], "texture": "#63"},
				"down": {"uv": [0, 0, 16, 16], "texture": "#63"}
			}
		},
		{
			"from": [7.5, 12.825, 7.4],
			"to": [8.5, 13.075, 7.85],
			"rotation": {"angle": 22.5, "axis": "x", "origin": [8, 12.95, 7.625]},
			"faces": {
				"north": {"uv": [0, 0, 16, 16], "texture": "#63"},
				"east": {"uv": [0, 0, 16, 16], "texture": "#63"},
				"south": {"uv": [0, 0, 16, 16], "texture": "#63"},
				"west": {"uv": [0, 0, 16, 16], "texture": "#63"},
				"up": {"uv": [0, 0, 16, 16], "texture": "#63"},
				"down": {"uv": [0, 0, 16, 16], "texture": "#63"}
			}
		},
		{
			"from": [7.5, 6.475, 7.4],
			"to": [8.5, 6.725, 7.85],
			"rotation": {"angle": 22.5, "axis": "x", "origin": [8, 6.6, 7.625]},
			"faces": {
				"north": {"uv": [0, 0, 16, 16], "texture": "#63"},
				"east": {"uv": [0, 0, 16, 16], "texture": "#63"},
				"south": {"uv": [0, 0, 16, 16], "texture": "#63"},
				"west": {"uv": [0, 0, 16, 16], "texture": "#63"},
				"up": {"uv": [0, 0, 16, 16], "texture": "#63"},
				"down": {"uv": [0, 0, 16, 16], "texture": "#63"}
			}
		},
		{
			"from": [7.5, 14.675, 7.4],
			"to": [8.5, 14.925, 7.85],
			"rotation": {"angle": -22.5, "axis": "x", "origin": [8, 14.8, 7.625]},
			"faces": {
				"north": {"uv": [0, 0, 16, 16], "texture": "#63"},
				"east": {"uv": [0, 0, 16, 16], "texture": "#63"},
				"south": {"uv": [0, 0, 16, 16], "texture": "#63"},
				"west": {"uv": [0, 0, 16, 16], "texture": "#63"},
				"up": {"uv": [0, 0, 16, 16], "texture": "#63"},
				"down": {"uv": [0, 0, 16, 16], "texture": "#63"}
			}
		},
		{
			"from": [7.5, 8.325, 8.15],
			"to": [8.5, 8.575, 8.6],
			"rotation": {"angle": 22.5, "axis": "x", "origin": [8, 8.45, 8.375]},
			"faces": {
				"north": {"uv": [0, 0, 16, 16], "texture": "#63"},
				"east": {"uv": [0, 0, 16, 16], "texture": "#63"},
				"south": {"uv": [0, 0, 16, 16], "texture": "#63"},
				"west": {"uv": [0, 0, 16, 16], "texture": "#63"},
				"up": {"uv": [0, 0, 16, 16], "texture": "#63"},
				"down": {"uv": [0, 0, 16, 16], "texture": "#63"}
			}
		},
		{
			"from": [7.5, 12.825, 8.15],
			"to": [8.5, 13.075, 8.6],
			"rotation": {"angle": -22.5, "axis": "x", "origin": [8, 12.95, 8.375]},
			"faces": {
				"north": {"uv": [0, 0, 16, 16], "texture": "#63"},
				"east": {"uv": [0, 0, 16, 16], "texture": "#63"},
				"south": {"uv": [0, 0, 16, 16], "texture": "#63"},
				"west": {"uv": [0, 0, 16, 16], "texture": "#63"},
				"up": {"uv": [0, 0, 16, 16], "texture": "#63"},
				"down": {"uv": [0, 0, 16, 16], "texture": "#63"}
			}
		},
		{
			"from": [7.5, 6.475, 8.15],
			"to": [8.5, 6.725, 8.6],
			"rotation": {"angle": -22.5, "axis": "x", "origin": [8, 6.6, 8.375]},
			"faces": {
				"north": {"uv": [0, 0, 16, 16], "texture": "#63"},
				"east": {"uv": [0, 0, 16, 16], "texture": "#63"},
				"south": {"uv": [0, 0, 16, 16], "texture": "#63"},
				"west": {"uv": [0, 0, 16, 16], "texture": "#63"},
				"up": {"uv": [0, 0, 16, 16], "texture": "#63"},
				"down": {"uv": [0, 0, 16, 16], "texture": "#63"}
			}
		},
		{
			"from": [7.5, 14.675, 8.15],
			"to": [8.5, 14.925, 8.6],
			"rotation": {"angle": 22.5, "axis": "x", "origin": [8, 14.8, 8.375]},
			"faces": {
				"north": {"uv": [0, 0, 16, 16], "texture": "#63"},
				"east": {"uv": [0, 0, 16, 16], "texture": "#63"},
				"south": {"uv": [0, 0, 16, 16], "texture": "#63"},
				"west": {"uv": [0, 0, 16, 16], "texture": "#63"},
				"up": {"uv": [0, 0, 16, 16], "texture": "#63"},
				"down": {"uv": [0, 0, 16, 16], "texture": "#63"}
			}
		},
		{
			"from": [7.5, 8, 7.175],
			"to": [8.5, 8.45, 7.425],
			"rotation": {"angle": 45, "axis": "x", "origin": [8, 8.225, 7.3]},
			"faces": {
				"north": {"uv": [0, 0, 16, 16], "rotation": 90, "texture": "#63"},
				"east": {"uv": [0, 0, 16, 16], "rotation": 90, "texture": "#63"},
				"south": {"uv": [0, 0, 16, 16], "rotation": 90, "texture": "#63"},
				"west": {"uv": [0, 0, 16, 16], "rotation": 90, "texture": "#63"},
				"up": {"uv": [0, 0, 16, 16], "rotation": 90, "texture": "#63"},
				"down": {"uv": [0, 0, 16, 16], "rotation": 90, "texture": "#63"}
			}
		},
		{
			"from": [7.5, 12.95, 7.175],
			"to": [8.5, 13.4, 7.425],
			"rotation": {"angle": -45, "axis": "x", "origin": [8, 13.175, 7.3]},
			"faces": {
				"north": {"uv": [0, 0, 16, 16], "rotation": 90, "texture": "#63"},
				"east": {"uv": [0, 0, 16, 16], "rotation": 90, "texture": "#63"},
				"south": {"uv": [0, 0, 16, 16], "rotation": 90, "texture": "#63"},
				"west": {"uv": [0, 0, 16, 16], "rotation": 90, "texture": "#63"},
				"up": {"uv": [0, 0, 16, 16], "rotation": 90, "texture": "#63"},
				"down": {"uv": [0, 0, 16, 16], "rotation": 90, "texture": "#63"}
			}
		},
		{
			"from": [7.5, 6.6, 7.175],
			"to": [8.5, 7.05, 7.425],
			"rotation": {"angle": -45, "axis": "x", "origin": [8, 6.825, 7.3]},
			"faces": {
				"north": {"uv": [0, 0, 16, 16], "rotation": 90, "texture": "#63"},
				"east": {"uv": [0, 0, 16, 16], "rotation": 90, "texture": "#63"},
				"south": {"uv": [0, 0, 16, 16], "rotation": 90, "texture": "#63"},
				"west": {"uv": [0, 0, 16, 16], "rotation": 90, "texture": "#63"},
				"up": {"uv": [0, 0, 16, 16], "rotation": 90, "texture": "#63"},
				"down": {"uv": [0, 0, 16, 16], "rotation": 90, "texture": "#63"}
			}
		},
		{
			"from": [7.5, 14.35, 7.175],
			"to": [8.5, 14.8, 7.425],
			"rotation": {"angle": 45, "axis": "x", "origin": [8, 14.575, 7.3]},
			"faces": {
				"north": {"uv": [0, 0, 16, 16], "rotation": 90, "texture": "#63"},
				"east": {"uv": [0, 0, 16, 16], "rotation": 90, "texture": "#63"},
				"south": {"uv": [0, 0, 16, 16], "rotation": 90, "texture": "#63"},
				"west": {"uv": [0, 0, 16, 16], "rotation": 90, "texture": "#63"},
				"up": {"uv": [0, 0, 16, 16], "rotation": 90, "texture": "#63"},
				"down": {"uv": [0, 0, 16, 16], "rotation": 90, "texture": "#63"}
			}
		},
		{
			"from": [7.5, 8, 8.575],
			"to": [8.5, 8.45, 8.825],
			"rotation": {"angle": -45, "axis": "x", "origin": [8, 8.225, 8.7]},
			"faces": {
				"north": {"uv": [0, 0, 16, 16], "rotation": 90, "texture": "#63"},
				"east": {"uv": [0, 0, 16, 16], "rotation": 90, "texture": "#63"},
				"south": {"uv": [0, 0, 16, 16], "rotation": 90, "texture": "#63"},
				"west": {"uv": [0, 0, 16, 16], "rotation": 90, "texture": "#63"},
				"up": {"uv": [0, 0, 16, 16], "rotation": 90, "texture": "#63"},
				"down": {"uv": [0, 0, 16, 16], "rotation": 90, "texture": "#63"}
			}
		},
		{
			"from": [7.5, 12.95, 8.575],
			"to": [8.5, 13.4, 8.825],
			"rotation": {"angle": 45, "axis": "x", "origin": [8, 13.175, 8.7]},
			"faces": {
				"north": {"uv": [0, 0, 16, 16], "rotation": 90, "texture": "#63"},
				"east": {"uv": [0, 0, 16, 16], "rotation": 90, "texture": "#63"},
				"south": {"uv": [0, 0, 16, 16], "rotation": 90, "texture": "#63"},
				"west": {"uv": [0, 0, 16, 16], "rotation": 90, "texture": "#63"},
				"up": {"uv": [0, 0, 16, 16], "rotation": 90, "texture": "#63"},
				"down": {"uv": [0, 0, 16, 16], "rotation": 90, "texture": "#63"}
			}
		},
		{
			"from": [7.5, 6.6, 8.575],
			"to": [8.5, 7.05, 8.825],
			"rotation": {"angle": 45, "axis": "x", "origin": [8, 6.825, 8.7]},
			"faces": {
				"north": {"uv": [0, 0, 16, 16], "rotation": 90, "texture": "#63"},
				"east": {"uv": [0, 0, 16, 16], "rotation": 90, "texture": "#63"},
				"south": {"uv": [0, 0, 16, 16], "rotation": 90, "texture": "#63"},
				"west": {"uv": [0, 0, 16, 16], "rotation": 90, "texture": "#63"},
				"up": {"uv": [0, 0, 16, 16], "rotation": 90, "texture": "#63"},
				"down": {"uv": [0, 0, 16, 16], "rotation": 90, "texture": "#63"}
			}
		},
		{
			"from": [7.5, 14.35, 8.575],
			"to": [8.5, 14.8, 8.825],
			"rotation": {"angle": -45, "axis": "x", "origin": [8, 14.575, 8.7]},
			"faces": {
				"north": {"uv": [0, 0, 16, 16], "rotation": 90, "texture": "#63"},
				"east": {"uv": [0, 0, 16, 16], "rotation": 90, "texture": "#63"},
				"south": {"uv": [0, 0, 16, 16], "rotation": 90, "texture": "#63"},
				"west": {"uv": [0, 0, 16, 16], "rotation": 90, "texture": "#63"},
				"up": {"uv": [0, 0, 16, 16], "rotation": 90, "texture": "#63"},
				"down": {"uv": [0, 0, 16, 16], "rotation": 90, "texture": "#63"}
			}
		},
		{
			"from": [7.5, 7.675, 6.95],
			"to": [8.5, 8.125, 7.2],
			"rotation": {"angle": 22.5, "axis": "x", "origin": [8, 7.9, 7.075]},
			"faces": {
				"north": {"uv": [0, 0, 16, 16], "rotation": 90, "texture": "#63"},
				"east": {"uv": [0, 0, 16, 16], "rotation": 90, "texture": "#63"},
				"south": {"uv": [0, 0, 16, 16], "rotation": 90, "texture": "#63"},
				"west": {"uv": [0, 0, 16, 16], "rotation": 90, "texture": "#63"},
				"up": {"uv": [0, 0, 16, 16], "rotation": 90, "texture": "#63"},
				"down": {"uv": [0, 0, 16, 16], "rotation": 90, "texture": "#63"}
			}
		},
		{
			"from": [7.5, 13.275, 6.95],
			"to": [8.5, 13.725, 7.2],
			"rotation": {"angle": -22.5, "axis": "x", "origin": [8, 13.5, 7.075]},
			"faces": {
				"north": {"uv": [0, 0, 16, 16], "rotation": 90, "texture": "#63"},
				"east": {"uv": [0, 0, 16, 16], "rotation": 90, "texture": "#63"},
				"south": {"uv": [0, 0, 16, 16], "rotation": 90, "texture": "#63"},
				"west": {"uv": [0, 0, 16, 16], "rotation": 90, "texture": "#63"},
				"up": {"uv": [0, 0, 16, 16], "rotation": 90, "texture": "#63"},
				"down": {"uv": [0, 0, 16, 16], "rotation": 90, "texture": "#63"}
			}
		},
		{
			"from": [7.5, 6.925, 6.95],
			"to": [8.5, 7.375, 7.2],
			"rotation": {"angle": -22.5, "axis": "x", "origin": [8, 7.15, 7.075]},
			"faces": {
				"north": {"uv": [0, 0, 16, 16], "rotation": 90, "texture": "#63"},
				"east": {"uv": [0, 0, 16, 16], "rotation": 90, "texture": "#63"},
				"south": {"uv": [0, 0, 16, 16], "rotation": 90, "texture": "#63"},
				"west": {"uv": [0, 0, 16, 16], "rotation": 90, "texture": "#63"},
				"up": {"uv": [0, 0, 16, 16], "rotation": 90, "texture": "#63"},
				"down": {"uv": [0, 0, 16, 16], "rotation": 90, "texture": "#63"}
			}
		},
		{
			"from": [7.5, 14.025, 6.95],
			"to": [8.5, 14.475, 7.2],
			"rotation": {"angle": 22.5, "axis": "x", "origin": [8, 14.25, 7.075]},
			"faces": {
				"north": {"uv": [0, 0, 16, 16], "rotation": 90, "texture": "#63"},
				"east": {"uv": [0, 0, 16, 16], "rotation": 90, "texture": "#63"},
				"south": {"uv": [0, 0, 16, 16], "rotation": 90, "texture": "#63"},
				"west": {"uv": [0, 0, 16, 16], "rotation": 90, "texture": "#63"},
				"up": {"uv": [0, 0, 16, 16], "rotation": 90, "texture": "#63"},
				"down": {"uv": [0, 0, 16, 16], "rotation": 90, "texture": "#63"}
			}
		},
		{
			"from": [7.5, 7.675, 8.8],
			"to": [8.5, 8.125, 9.05],
			"rotation": {"angle": -22.5, "axis": "x", "origin": [8, 7.9, 8.925]},
			"faces": {
				"north": {"uv": [0, 0, 16, 16], "rotation": 90, "texture": "#63"},
				"east": {"uv": [0, 0, 16, 16], "rotation": 90, "texture": "#63"},
				"south": {"uv": [0, 0, 16, 16], "rotation": 90, "texture": "#63"},
				"west": {"uv": [0, 0, 16, 16], "rotation": 90, "texture": "#63"},
				"up": {"uv": [0, 0, 16, 16], "rotation": 90, "texture": "#63"},
				"down": {"uv": [0, 0, 16, 16], "rotation": 90, "texture": "#63"}
			}
		},
		{
			"from": [7.5, 13.275, 8.8],
			"to": [8.5, 13.725, 9.05],
			"rotation": {"angle": 22.5, "axis": "x", "origin": [8, 13.5, 8.925]},
			"faces": {
				"north": {"uv": [0, 0, 16, 16], "rotation": 90, "texture": "#63"},
				"east": {"uv": [0, 0, 16, 16], "rotation": 90, "texture": "#63"},
				"south": {"uv": [0, 0, 16, 16], "rotation": 90, "texture": "#63"},
				"west": {"uv": [0, 0, 16, 16], "rotation": 90, "texture": "#63"},
				"up": {"uv": [0, 0, 16, 16], "rotation": 90, "texture": "#63"},
				"down": {"uv": [0, 0, 16, 16], "rotation": 90, "texture": "#63"}
			}
		},
		{
			"from": [7.5, 6.925, 8.8],
			"to": [8.5, 7.375, 9.05],
			"rotation": {"angle": 22.5, "axis": "x", "origin": [8, 7.15, 8.925]},
			"faces": {
				"north": {"uv": [0, 0, 16, 16], "rotation": 90, "texture": "#63"},
				"east": {"uv": [0, 0, 16, 16], "rotation": 90, "texture": "#63"},
				"south": {"uv": [0, 0, 16, 16], "rotation": 90, "texture": "#63"},
				"west": {"uv": [0, 0, 16, 16], "rotation": 90, "texture": "#63"},
				"up": {"uv": [0, 0, 16, 16], "rotation": 90, "texture": "#63"},
				"down": {"uv": [0, 0, 16, 16], "rotation": 90, "texture": "#63"}
			}
		},
		{
			"from": [7.5, 14.025, 8.8],
			"to": [8.5, 14.475, 9.05],
			"rotation": {"angle": -22.5, "axis": "x", "origin": [8, 14.25, 8.925]},
			"faces": {
				"north": {"uv": [0, 0, 16, 16], "rotation": 90, "texture": "#63"},
				"east": {"uv": [0, 0, 16, 16], "rotation": 90, "texture": "#63"},
				"south": {"uv": [0, 0, 16, 16], "rotation": 90, "texture": "#63"},
				"west": {"uv": [0, 0, 16, 16], "rotation": 90, "texture": "#63"},
				"up": {"uv": [0, 0, 16, 16], "rotation": 90, "texture": "#63"},
				"down": {"uv": [0, 0, 16, 16], "rotation": 90, "texture": "#63"}
			}
		},
		{
			"from": [7.5, 7.3, 6.875],
			"to": [8.5, 7.75, 7.125],
			"rotation": {"angle": 0, "axis": "x", "origin": [8, 7.525, 7]},
			"faces": {
				"north": {"uv": [0, 0, 16, 16], "rotation": 90, "texture": "#63"},
				"east": {"uv": [0, 0, 16, 16], "rotation": 90, "texture": "#63"},
				"south": {"uv": [0, 0, 16, 16], "rotation": 90, "texture": "#63"},
				"west": {"uv": [0, 0, 16, 16], "rotation": 90, "texture": "#63"},
				"up": {"uv": [0, 0, 16, 16], "rotation": 90, "texture": "#63"},
				"down": {"uv": [0, 0, 16, 16], "rotation": 90, "texture": "#63"}
			}
		},
		{
			"from": [7.5, 13.65, 6.875],
			"to": [8.5, 14.1, 7.125],
			"rotation": {"angle": 0, "axis": "x", "origin": [8, 13.875, 7]},
			"faces": {
				"north": {"uv": [0, 0, 16, 16], "rotation": 90, "texture": "#63"},
				"east": {"uv": [0, 0, 16, 16], "rotation": 90, "texture": "#63"},
				"south": {"uv": [0, 0, 16, 16], "rotation": 90, "texture": "#63"},
				"west": {"uv": [0, 0, 16, 16], "rotation": 90, "texture": "#63"},
				"up": {"uv": [0, 0, 16, 16], "rotation": 90, "texture": "#63"},
				"down": {"uv": [0, 0, 16, 16], "rotation": 90, "texture": "#63"}
			}
		},
		{
			"from": [7.5, 7.3, 8.875],
			"to": [8.5, 7.75, 9.125],
			"rotation": {"angle": 0, "axis": "x", "origin": [8, 7.525, 9]},
			"faces": {
				"north": {"uv": [0, 0, 16, 16], "rotation": 90, "texture": "#63"},
				"east": {"uv": [0, 0, 16, 16], "rotation": 90, "texture": "#63"},
				"south": {"uv": [0, 0, 16, 16], "rotation": 90, "texture": "#63"},
				"west": {"uv": [0, 0, 16, 16], "rotation": 90, "texture": "#63"},
				"up": {"uv": [0, 0, 16, 16], "rotation": 90, "texture": "#63"},
				"down": {"uv": [0, 0, 16, 16], "rotation": 90, "texture": "#63"}
			}
		},
		{
			"from": [7.5, 13.65, 8.875],
			"to": [8.5, 14.1, 9.125],
			"rotation": {"angle": 0, "axis": "x", "origin": [8, 13.875, 9]},
			"faces": {
				"north": {"uv": [0, 0, 16, 16], "rotation": 90, "texture": "#63"},
				"east": {"uv": [0, 0, 16, 16], "rotation": 90, "texture": "#63"},
				"south": {"uv": [0, 0, 16, 16], "rotation": 90, "texture": "#63"},
				"west": {"uv": [0, 0, 16, 16], "rotation": 90, "texture": "#63"},
				"up": {"uv": [0, 0, 16, 16], "rotation": 90, "texture": "#63"},
				"down": {"uv": [0, 0, 16, 16], "rotation": 90, "texture": "#63"}
			}
		},
		{
			"from": [7.575, 8.8, 7.55],
			"to": [8.425, 9.1, 8.425],
			"rotation": {"angle": 0, "axis": "y", "origin": [8, 9.3, 8]},
			"faces": {
				"north": {"uv": [0, 0, 16, 16], "texture": "#150"},
				"east": {"uv": [0, 0, 16, 16], "texture": "#150"},
				"south": {"uv": [0, 0, 16, 16], "texture": "#150"},
				"west": {"uv": [0, 0, 16, 16], "texture": "#150"},
				"up": {"uv": [0, 0, 16, 16], "texture": "#150"},
				"down": {"uv": [0, 0, 16, 16], "texture": "#150"}
			}
		},
		{
			"from": [7.575, 9.25, 7.55],
			"to": [8.425, 9.55, 8.425],
			"rotation": {"angle": 0, "axis": "y", "origin": [8, 9.75, 8]},
			"faces": {
				"north": {"uv": [0, 0, 16, 16], "texture": "#150"},
				"east": {"uv": [0, 0, 16, 16], "texture": "#150"},
				"south": {"uv": [0, 0, 16, 16], "texture": "#150"},
				"west": {"uv": [0, 0, 16, 16], "texture": "#150"},
				"up": {"uv": [0, 0, 16, 16], "texture": "#150"},
				"down": {"uv": [0, 0, 16, 16], "texture": "#150"}
			}
		},
		{
			"from": [7.575, 9.75, 7.55],
			"to": [8.425, 10.05, 8.425],
			"rotation": {"angle": 0, "axis": "y", "origin": [8, 10.25, 8]},
			"faces": {
				"north": {"uv": [0, 0, 16, 16], "texture": "#150"},
				"east": {"uv": [0, 0, 16, 16], "texture": "#150"},
				"south": {"uv": [0, 0, 16, 16], "texture": "#150"},
				"west": {"uv": [0, 0, 16, 16], "texture": "#150"},
				"up": {"uv": [0, 0, 16, 16], "texture": "#150"},
				"down": {"uv": [0, 0, 16, 16], "texture": "#150"}
			}
		},
		{
			"from": [7.575, 10.25, 7.55],
			"to": [8.425, 10.55, 8.425],
			"rotation": {"angle": 0, "axis": "y", "origin": [8, 10.75, 8]},
			"faces": {
				"north": {"uv": [0, 0, 16, 16], "texture": "#150"},
				"east": {"uv": [0, 0, 16, 16], "texture": "#150"},
				"south": {"uv": [0, 0, 16, 16], "texture": "#150"},
				"west": {"uv": [0, 0, 16, 16], "texture": "#150"},
				"up": {"uv": [0, 0, 16, 16], "texture": "#150"},
				"down": {"uv": [0, 0, 16, 16], "texture": "#150"}
			}
		},
		{
			"from": [7.575, 10.75, 7.55],
			"to": [8.425, 11.05, 8.425],
			"rotation": {"angle": 0, "axis": "y", "origin": [8, 11.25, 8]},
			"faces": {
				"north": {"uv": [0, 0, 16, 16], "texture": "#150"},
				"east": {"uv": [0, 0, 16, 16], "texture": "#150"},
				"south": {"uv": [0, 0, 16, 16], "texture": "#150"},
				"west": {"uv": [0, 0, 16, 16], "texture": "#150"},
				"up": {"uv": [0, 0, 16, 16], "texture": "#150"},
				"down": {"uv": [0, 0, 16, 16], "texture": "#150"}
			}
		},
		{
			"from": [7.575, 11.25, 7.55],
			"to": [8.425, 11.55, 8.425],
			"rotation": {"angle": 0, "axis": "y", "origin": [8, 11.75, 8]},
			"faces": {
				"north": {"uv": [0, 0, 16, 16], "texture": "#150"},
				"east": {"uv": [0, 0, 16, 16], "texture": "#150"},
				"south": {"uv": [0, 0, 16, 16], "texture": "#150"},
				"west": {"uv": [0, 0, 16, 16], "texture": "#150"},
				"up": {"uv": [0, 0, 16, 16], "texture": "#150"},
				"down": {"uv": [0, 0, 16, 16], "texture": "#150"}
			}
		},
		{
			"from": [7.575, 11.75, 7.55],
			"to": [8.425, 12.05, 8.425],
			"rotation": {"angle": 0, "axis": "y", "origin": [8, 12.25, 8]},
			"faces": {
				"north": {"uv": [0, 0, 16, 16], "texture": "#150"},
				"east": {"uv": [0, 0, 16, 16], "texture": "#150"},
				"south": {"uv": [0, 0, 16, 16], "texture": "#150"},
				"west": {"uv": [0, 0, 16, 16], "texture": "#150"},
				"up": {"uv": [0, 0, 16, 16], "texture": "#150"},
				"down": {"uv": [0, 0, 16, 16], "texture": "#150"}
			}
		},
		{
			"from": [7.575, 12.25, 7.55],
			"to": [8.425, 12.55, 8.425],
			"rotation": {"angle": 0, "axis": "y", "origin": [8, 12.75, 8]},
			"faces": {
				"north": {"uv": [0, 0, 16, 16], "texture": "#150"},
				"east": {"uv": [0, 0, 16, 16], "texture": "#150"},
				"south": {"uv": [0, 0, 16, 16], "texture": "#150"},
				"west": {"uv": [0, 0, 16, 16], "texture": "#150"},
				"up": {"uv": [0, 0, 16, 16], "texture": "#150"},
				"down": {"uv": [0, 0, 16, 16], "texture": "#150"}
			}
		},
		{
			"from": [7.65, 8.5, 7.65],
			"to": [8.35, 12.85, 8.35],
			"rotation": {"angle": 0, "axis": "y", "origin": [8, 9, 8]},
			"faces": {
				"north": {"uv": [0, 0, 16, 16], "texture": "#272"},
				"east": {"uv": [0, 0, 16, 16], "texture": "#272"},
				"south": {"uv": [0, 0, 16, 16], "texture": "#272"},
				"west": {"uv": [0, 0, 16, 16], "texture": "#272"},
				"up": {"uv": [0, 0, 16, 16], "texture": "#272"},
				"down": {"uv": [0, 0, 16, 16], "texture": "#272"}
			}
		}
	],
	"display": {
		"thirdperson_righthand": {
			"translation": [0, -4.75, 0]
		},
		"thirdperson_lefthand": {
			"translation": [0, -4.75, 0]
		},
		"firstperson_righthand": {
			"translation": [0, -4.25, 0]
		},
		"firstperson_lefthand": {
			"translation": [0, -3.5, 0]
		},
		"ground": {
			"translation": [0, 10.25, 0]
		},
		"gui": {
			"rotation": [-69.25, 44, 79.5],
			"translation": [-0.75, -3.25, 0],
			"scale": [0.9, 0.9, 1]
		},
		"fixed": {
			"rotation": [0, -88.75, 0],
			"translation": [0.5, -2.5, -1.75]
		}
	}
}