{
	"credit": "Made with Blockbench",
	"textures": {
		"3": "block/bone_block_top",
		"4": "block/bubble_coral_block",
		"7": "block/andesite",
		"10": "block/cartography_table_side3"
	},
	"gui_light": "front",
	"elements": [
		{
			"from": [7.65, 6.6, 7.75],
			"to": [8.15, 9.5, 8.35],
			"rotation": {"angle": 0, "axis": "y", "origin": [0, -0.075, 0]},
			"faces": {
				"north": {"uv": [0, 0, 3, 7], "texture": "#3"},
				"east": {"uv": [0, 0, 3, 7], "texture": "#3"},
				"south": {"uv": [0, 0, 3, 7], "texture": "#3"},
				"west": {"uv": [0, 0, 3, 7], "texture": "#3"},
				"up": {"uv": [0, 0, 3, 7], "texture": "#3"},
				"down": {"uv": [0, 0, 3, 7], "texture": "#3"}
			}
		},
		{
			"from": [7.55, 8.675, 7.65],
			"to": [8.25, 8.925, 8.45],
			"rotation": {"angle": 0, "axis": "y", "origin": [0, -0.075, 0]},
			"faces": {
				"north": {"uv": [0, 0, 16, 16], "texture": "#3"},
				"east": {"uv": [0, 0, 16, 16], "texture": "#3"},
				"south": {"uv": [0, 0, 16, 16], "texture": "#3"},
				"west": {"uv": [0, 0, 16, 16], "texture": "#3"},
				"up": {"uv": [0, 0, 16, 16], "texture": "#3"},
				"down": {"uv": [0, 0, 16, 16], "texture": "#3"}
			}
		},
		{
			"from": [7.55, 8.175, 7.65],
			"to": [8.25, 8.425, 8.45],
			"rotation": {"angle": 0, "axis": "y", "origin": [0, -0.075, 0]},
			"faces": {
				"north": {"uv": [0, 0, 16, 16], "texture": "#3"},
				"east": {"uv": [0, 0, 16, 16], "texture": "#3"},
				"south": {"uv": [0, 0, 16, 16], "texture": "#3"},
				"west": {"uv": [0, 0, 16, 16], "texture": "#3"},
				"up": {"uv": [0, 0, 16, 16], "texture": "#3"},
				"down": {"uv": [0, 0, 16, 16], "texture": "#3"}
			}
		},
		{
			"from": [7.55, 7.675, 7.65],
			"to": [8.25, 7.925, 8.45],
			"rotation": {"angle": 0, "axis": "y", "origin": [0, -0.075, 0]},
			"faces": {
				"north": {"uv": [0, 0, 16, 16], "texture": "#3"},
				"east": {"uv": [0, 0, 16, 16], "texture": "#3"},
				"south": {"uv": [0, 0, 16, 16], "texture": "#3"},
				"west": {"uv": [0, 0, 16, 16], "texture": "#3"},
				"up": {"uv": [0, 0, 16, 16], "texture": "#3"},
				"down": {"uv": [0, 0, 16, 16], "texture": "#3"}
			}
		},
		{
			"from": [7.55, 7.175, 7.65],
			"to": [8.25, 7.425, 8.45],
			"rotation": {"angle": 0, "axis": "y", "origin": [0, -0.075, 0]},
			"faces": {
				"north": {"uv": [0, 0, 16, 16], "texture": "#3"},
				"east": {"uv": [0, 0, 16, 16], "texture": "#3"},
				"south": {"uv": [0, 0, 16, 16], "texture": "#3"},
				"west": {"uv": [0, 0, 16, 16], "texture": "#3"},
				"up": {"uv": [0, 0, 16, 16], "texture": "#3"},
				"down": {"uv": [0, 0, 16, 16], "texture": "#3"}
			}
		},
		{
			"from": [7.55, 10.325, 8.2],
			"to": [8.25, 11.275, 8.95],
			"rotation": {"angle": 0, "axis": "y", "origin": [8, 10.05, 8.5]},
			"faces": {
				"north": {"uv": [0, 0, 3, 7], "texture": "#3"},
				"east": {"uv": [0, 0, 3, 7], "texture": "#3"},
				"south": {"uv": [0, 0, 3, 7], "texture": "#3"},
				"west": {"uv": [0, 0, 3, 7], "texture": "#3"},
				"up": {"uv": [0, 0, 3, 7], "texture": "#3"},
				"down": {"uv": [0, 0, 3, 7], "texture": "#3"}
			}
		},
		{
			"from": [7.55, 4.725, 8.2],
			"to": [8.25, 5.675, 8.95],
			"rotation": {"angle": 0, "axis": "y", "origin": [8, 5.95, 8.5]},
			"faces": {
				"north": {"uv": [0, 7, 3, 0], "texture": "#3"},
				"east": {"uv": [0, 7, 3, 0], "texture": "#3"},
				"south": {"uv": [0, 7, 3, 0], "texture": "#3"},
				"west": {"uv": [0, 7, 3, 0], "texture": "#3"},
				"up": {"uv": [0, 7, 3, 0], "texture": "#3"},
				"down": {"uv": [0, 7, 3, 0], "texture": "#3"}
			}
		},
		{
			"from": [7.625, 10.825, 8.125],
			"to": [8.175, 11.775, 8.7],
			"rotation": {"angle": -45, "axis": "x", "origin": [7.9, 11.3, 8.4]},
			"faces": {
				"north": {"uv": [10, 10, 16, 16], "texture": "#10"},
				"east": {"uv": [10, 10, 16, 16], "texture": "#10"},
				"south": {"uv": [10, 10, 16, 16], "texture": "#10"},
				"west": {"uv": [10, 10, 16, 16], "texture": "#10"},
				"up": {"uv": [10, 10, 16, 16], "texture": "#10"},
				"down": {"uv": [10, 10, 16, 16], "texture": "#10"}
			}
		},
		{
			"from": [7.625, 4.225, 8.125],
			"to": [8.175, 5.175, 8.7],
			"rotation": {"angle": 45, "axis": "x", "origin": [7.9, 4.7, 8.4]},
			"faces": {
				"north": {"uv": [10, 16, 16, 10], "texture": "#10"},
				"east": {"uv": [10, 16, 16, 10], "texture": "#10"},
				"south": {"uv": [10, 16, 16, 10], "texture": "#10"},
				"west": {"uv": [10, 16, 16, 10], "texture": "#10"},
				"up": {"uv": [10, 16, 16, 10], "texture": "#10"},
				"down": {"uv": [10, 16, 16, 10], "texture": "#10"}
			}
		},
		{
			"from": [7.65, 11.30884, 8.02134],
			"to": [8.15, 12.25884, 8.59634],
			"rotation": {"angle": 22.5, "axis": "x", "origin": [7.9, 11.78384, 8.30884]},
			"faces": {
				"north": {"uv": [10, 10, 16, 16], "texture": "#10"},
				"east": {"uv": [10, 10, 16, 16], "texture": "#10"},
				"south": {"uv": [10, 10, 16, 16], "texture": "#10"},
				"west": {"uv": [10, 10, 16, 16], "texture": "#10"},
				"up": {"uv": [10, 10, 16, 16], "texture": "#10"},
				"down": {"uv": [10, 10, 16, 16], "texture": "#10"}
			}
		},
		{
			"from": [7.65, 3.74116, 8.02134],
			"to": [8.15, 4.69116, 8.59634],
			"rotation": {"angle": -22.5, "axis": "x", "origin": [7.9, 4.21616, 8.30884]},
			"faces": {
				"north": {"uv": [10, 16, 16, 10], "texture": "#10"},
				"east": {"uv": [10, 16, 16, 10], "texture": "#10"},
				"south": {"uv": [10, 16, 16, 10], "texture": "#10"},
				"west": {"uv": [10, 16, 16, 10], "texture": "#10"},
				"up": {"uv": [10, 16, 16, 10], "texture": "#10"},
				"down": {"uv": [10, 16, 16, 10], "texture": "#10"}
			}
		},
		{
			"from": [7.625, 11.78384, 8.99634],
			"to": [8.175, 13.15884, 9.57134],
			"rotation": {"angle": 45, "axis": "x", "origin": [7.9, 12.95884, 9.28384]},
			"faces": {
				"north": {"uv": [10, 10, 16, 16], "texture": "#10"},
				"east": {"uv": [10, 10, 16, 16], "texture": "#10"},
				"south": {"uv": [10, 10, 16, 16], "texture": "#10"},
				"west": {"uv": [10, 10, 16, 16], "texture": "#10"},
				"up": {"uv": [10, 10, 16, 16], "texture": "#10"},
				"down": {"uv": [10, 10, 16, 16], "texture": "#10"}
			}
		},
		{
			"from": [7.625, 2.84116, 8.99634],
			"to": [8.175, 4.21616, 9.57134],
			"rotation": {"angle": -45, "axis": "x", "origin": [7.9, 3.04116, 9.28384]},
			"faces": {
				"north": {"uv": [10, 16, 16, 10], "texture": "#10"},
				"east": {"uv": [10, 16, 16, 10], "texture": "#10"},
				"south": {"uv": [10, 16, 16, 10], "texture": "#10"},
				"west": {"uv": [10, 16, 16, 10], "texture": "#10"},
				"up": {"uv": [10, 16, 16, 10], "texture": "#10"},
				"down": {"uv": [10, 16, 16, 10], "texture": "#10"}
			}
		},
		{
			"from": [7.65, 12.93384, 9.29634],
			"to": [8.15, 14.13384, 9.79634],
			"rotation": {"angle": 22.5, "axis": "x", "origin": [7.9, 13.40884, 9.48384]},
			"faces": {
				"north": {"uv": [10, 10, 16, 16], "texture": "#10"},
				"east": {"uv": [10, 10, 16, 16], "texture": "#10"},
				"south": {"uv": [10, 10, 16, 16], "texture": "#10"},
				"west": {"uv": [10, 10, 16, 16], "texture": "#10"},
				"up": {"uv": [10, 10, 16, 16], "texture": "#10"},
				"down": {"uv": [10, 10, 16, 16], "texture": "#10"}
			}
		},
		{
			"from": [7.65, 1.86616, 9.29634],
			"to": [8.15, 3.06616, 9.79634],
			"rotation": {"angle": -22.5, "axis": "x", "origin": [7.9, 2.59116, 9.48384]},
			"faces": {
				"north": {"uv": [10, 16, 16, 10], "texture": "#10"},
				"east": {"uv": [10, 16, 16, 10], "texture": "#10"},
				"south": {"uv": [10, 16, 16, 10], "texture": "#10"},
				"west": {"uv": [10, 16, 16, 10], "texture": "#10"},
				"up": {"uv": [10, 16, 16, 10], "texture": "#10"},
				"down": {"uv": [10, 16, 16, 10], "texture": "#10"}
			}
		},
		{
			"from": [7.675, 13.69547, 8.75934],
			"to": [8.125, 14.12047, 9.68434],
			"rotation": {"angle": 0, "axis": "x", "origin": [7.9, 13.94547, 9.24684]},
			"faces": {
				"north": {"uv": [10, 10, 16, 16], "rotation": 270, "texture": "#10"},
				"east": {"uv": [10, 10, 16, 16], "rotation": 270, "texture": "#10"},
				"south": {"uv": [10, 10, 16, 16], "rotation": 270, "texture": "#10"},
				"west": {"uv": [10, 10, 16, 16], "rotation": 270, "texture": "#10"},
				"up": {"uv": [10, 10, 16, 16], "rotation": 270, "texture": "#10"},
				"down": {"uv": [10, 10, 16, 16], "rotation": 270, "texture": "#10"}
			}
		},
		{
			"from": [7.575, 13.59547, 9.15934],
			"to": [8.225, 14.22047, 9.28434],
			"rotation": {"angle": 0, "axis": "x", "origin": [7.9, 13.94547, 9.24684]},
			"faces": {
				"north": {"uv": [0, 0, 16, 16], "rotation": 270, "texture": "#7"},
				"east": {"uv": [0, 0, 16, 16], "rotation": 270, "texture": "#7"},
				"south": {"uv": [0, 0, 16, 16], "rotation": 270, "texture": "#7"},
				"west": {"uv": [0, 0, 16, 16], "rotation": 270, "texture": "#7"},
				"up": {"uv": [0, 0, 16, 16], "rotation": 270, "texture": "#7"},
				"down": {"uv": [0, 0, 16, 16], "rotation": 270, "texture": "#7"}
			}
		},
		{
			"from": [7.575, 1.77953, 9.15934],
			"to": [8.225, 2.40453, 9.28434],
			"rotation": {"angle": 0, "axis": "x", "origin": [7.9, 2.05453, 9.24684]},
			"faces": {
				"north": {"uv": [16, 0, 0, 16], "rotation": 270, "texture": "#7"},
				"east": {"uv": [16, 0, 0, 16], "rotation": 270, "texture": "#7"},
				"south": {"uv": [16, 0, 0, 16], "rotation": 270, "texture": "#7"},
				"west": {"uv": [16, 0, 0, 16], "rotation": 270, "texture": "#7"},
				"up": {"uv": [16, 0, 0, 16], "rotation": 270, "texture": "#7"},
				"down": {"uv": [16, 0, 0, 16], "rotation": 270, "texture": "#7"}
			}
		},
		{
			"from": [7.9, 13.94547, 9.55934],
			"to": [7.95, 16.77047, 9.63434],
			"rotation": {"angle": 22.5, "axis": "x", "origin": [7.925, 15.10797, 9.29684]},
			"faces": {
				"north": {"uv": [0, 0, 16, 16], "rotation": 270, "texture": "#7"},
				"east": {"uv": [0, 0, 16, 16], "rotation": 270, "texture": "#7"},
				"south": {"uv": [0, 0, 16, 16], "rotation": 270, "texture": "#7"},
				"west": {"uv": [0, 0, 16, 16], "rotation": 270, "texture": "#7"},
				"up": {"uv": [0, 0, 16, 16], "rotation": 270, "texture": "#7"},
				"down": {"uv": [0, 0, 16, 16], "rotation": 270, "texture": "#7"}
			}
		},
		{
			"from": [7.9, -0.77047, 9.55934],
			"to": [7.95, 2.05453, 9.63434],
			"rotation": {"angle": -22.5, "axis": "x", "origin": [7.925, 0.89203, 9.29684]},
			"faces": {
				"north": {"uv": [16, 0, 0, 16], "rotation": 270, "texture": "#7"},
				"east": {"uv": [16, 0, 0, 16], "rotation": 270, "texture": "#7"},
				"south": {"uv": [16, 0, 0, 16], "rotation": 270, "texture": "#7"},
				"west": {"uv": [16, 0, 0, 16], "rotation": 270, "texture": "#7"},
				"up": {"uv": [16, 0, 0, 16], "rotation": 270, "texture": "#7"},
				"down": {"uv": [16, 0, 0, 16], "rotation": 270, "texture": "#7"}
			}
		},
		{
			"from": [7.65, 13.57047, 7.68434],
			"to": [8.15, 13.99547, 8.98434],
			"rotation": {"angle": -22.5, "axis": "x", "origin": [7.9, 13.78297, 8.52184]},
			"faces": {
				"north": {"uv": [10, 10, 16, 16], "rotation": 270, "texture": "#10"},
				"east": {"uv": [10, 10, 16, 16], "rotation": 270, "texture": "#10"},
				"south": {"uv": [10, 10, 16, 16], "rotation": 270, "texture": "#10"},
				"west": {"uv": [10, 10, 16, 16], "rotation": 270, "texture": "#10"},
				"up": {"uv": [10, 10, 16, 16], "rotation": 270, "texture": "#10"},
				"down": {"uv": [10, 10, 16, 16], "rotation": 270, "texture": "#10"}
			}
		},
		{
			"from": [7.65, 2.00453, 7.68434],
			"to": [8.15, 2.42953, 8.98434],
			"rotation": {"angle": 22.5, "axis": "x", "origin": [7.9, 2.21703, 8.52184]},
			"faces": {
				"north": {"uv": [16, 10, 10, 16], "rotation": 270, "texture": "#10"},
				"east": {"uv": [16, 10, 10, 16], "rotation": 270, "texture": "#10"},
				"south": {"uv": [16, 10, 10, 16], "rotation": 270, "texture": "#10"},
				"west": {"uv": [16, 10, 10, 16], "rotation": 270, "texture": "#10"},
				"up": {"uv": [16, 10, 10, 16], "rotation": 270, "texture": "#10"},
				"down": {"uv": [16, 10, 10, 16], "rotation": 270, "texture": "#10"}
			}
		},
		{
			"from": [7.8, 13.94547, 8.48434],
			"to": [7.975, 15.64547, 8.63434],
			"rotation": {"angle": -22.5, "axis": "x", "origin": [7.9, 13.78297, 8.52184]},
			"faces": {
				"north": {"uv": [10, 10, 16, 16], "rotation": 90, "texture": "#10"},
				"east": {"uv": [10, 10, 16, 16], "texture": "#10"},
				"south": {"uv": [10, 10, 16, 16], "rotation": 270, "texture": "#10"},
				"west": {"uv": [10, 10, 16, 16], "rotation": 180, "texture": "#10"},
				"up": {"uv": [10, 10, 16, 16], "rotation": 270, "texture": "#10"},
				"down": {"uv": [10, 10, 16, 16], "rotation": 90, "texture": "#10"}
			}
		},
		{
			"from": [7.8, 0.35453, 8.48434],
			"to": [7.975, 2.05453, 8.63434],
			"rotation": {"angle": 22.5, "axis": "x", "origin": [7.9, 2.21703, 8.52184]},
			"faces": {
				"north": {"uv": [16, 10, 10, 16], "rotation": 90, "texture": "#10"},
				"east": {"uv": [10, 16, 16, 10], "texture": "#10"},
				"south": {"uv": [16, 10, 10, 16], "rotation": 270, "texture": "#10"},
				"west": {"uv": [10, 16, 16, 10], "rotation": 180, "texture": "#10"},
				"up": {"uv": [16, 10, 10, 16], "rotation": 90, "texture": "#10"},
				"down": {"uv": [16, 10, 10, 16], "rotation": 270, "texture": "#10"}
			}
		},
		{
			"from": [7.8, 14.63275, 9.84402],
			"to": [7.975, 17.13275, 9.99402],
			"rotation": {"angle": 22.5, "axis": "x", "origin": [7.8875, 14.73275, 8.16902]},
			"faces": {
				"north": {"uv": [10, 10, 16, 16], "rotation": 90, "texture": "#10"},
				"east": {"uv": [10, 10, 16, 16], "texture": "#10"},
				"south": {"uv": [10, 10, 16, 16], "rotation": 270, "texture": "#10"},
				"west": {"uv": [10, 10, 16, 16], "rotation": 180, "texture": "#10"},
				"up": {"uv": [10, 10, 16, 16], "rotation": 270, "texture": "#10"},
				"down": {"uv": [10, 10, 16, 16], "rotation": 90, "texture": "#10"}
			}
		},
		{
			"from": [7.8, -1.13275, 9.84402],
			"to": [7.975, 1.36725, 9.99402],
			"rotation": {"angle": -22.5, "axis": "x", "origin": [7.8875, 1.26725, 8.16902]},
			"faces": {
				"north": {"uv": [16, 10, 10, 16], "rotation": 90, "texture": "#10"},
				"east": {"uv": [10, 16, 16, 10], "texture": "#10"},
				"south": {"uv": [16, 10, 10, 16], "rotation": 270, "texture": "#10"},
				"west": {"uv": [10, 16, 16, 10], "rotation": 180, "texture": "#10"},
				"up": {"uv": [16, 10, 10, 16], "rotation": 90, "texture": "#10"},
				"down": {"uv": [16, 10, 10, 16], "rotation": 270, "texture": "#10"}
			}
		},
		{
			"from": [7.675, 13.49872, 6.89861],
			"to": [8.125, 13.92372, 7.99861],
			"rotation": {"angle": 22.5, "axis": "x", "origin": [7.9, 13.71122, 7.34861]},
			"faces": {
				"north": {"uv": [10, 10, 16, 16], "rotation": 270, "texture": "#10"},
				"east": {"uv": [10, 10, 16, 16], "rotation": 270, "texture": "#10"},
				"south": {"uv": [10, 10, 16, 16], "rotation": 270, "texture": "#10"},
				"west": {"uv": [10, 10, 16, 16], "rotation": 270, "texture": "#10"},
				"up": {"uv": [10, 10, 16, 16], "rotation": 270, "texture": "#10"},
				"down": {"uv": [10, 10, 16, 16], "rotation": 270, "texture": "#10"}
			}
		},
		{
			"from": [7.65, 13.92295, 7.2035],
			"to": [8.15, 16.04795, 7.6285],
			"rotation": {"angle": 22.5, "axis": "x", "origin": [7.9, 14.47295, 7.416]},
			"faces": {
				"north": {"uv": [10, 10, 16, 16], "texture": "#10"},
				"east": {"uv": [10, 10, 16, 16], "texture": "#10"},
				"south": {"uv": [10, 10, 16, 16], "texture": "#10"},
				"west": {"uv": [10, 10, 16, 16], "texture": "#10"},
				"up": {"uv": [10, 10, 16, 16], "texture": "#10"},
				"down": {"uv": [10, 10, 16, 16], "texture": "#10"}
			}
		},
		{
			"from": [7.65, -0.04795, 7.2035],
			"to": [8.15, 2.07705, 7.6285],
			"rotation": {"angle": -22.5, "axis": "x", "origin": [7.9, 1.52705, 7.416]},
			"faces": {
				"north": {"uv": [10, 16, 16, 10], "texture": "#10"},
				"east": {"uv": [10, 16, 16, 10], "texture": "#10"},
				"south": {"uv": [10, 16, 16, 10], "texture": "#10"},
				"west": {"uv": [10, 16, 16, 10], "texture": "#10"},
				"up": {"uv": [10, 16, 16, 10], "texture": "#10"},
				"down": {"uv": [10, 16, 16, 10], "texture": "#10"}
			}
		},
		{
			"from": [7.575, 16.10894, 7.59962],
			"to": [8.225, 16.80894, 8.99962],
			"rotation": {"angle": -45, "axis": "x", "origin": [7.9, 16.52144, 8.66212]},
			"faces": {
				"north": {"uv": [10, 10, 16, 16], "rotation": 270, "texture": "#10"},
				"east": {"uv": [10, 10, 16, 16], "rotation": 270, "texture": "#10"},
				"south": {"uv": [10, 10, 16, 16], "rotation": 270, "texture": "#10"},
				"west": {"uv": [10, 10, 16, 16], "rotation": 270, "texture": "#10"},
				"up": {"uv": [10, 10, 16, 16], "rotation": 270, "texture": "#10"},
				"down": {"uv": [10, 10, 16, 16], "rotation": 270, "texture": "#10"}
			}
		},
		{
			"from": [7.575, -0.80894, 7.59962],
			"to": [8.225, -0.10894, 8.99962],
			"rotation": {"angle": 45, "axis": "x", "origin": [7.9, -0.52144, 8.66212]},
			"faces": {
				"north": {"uv": [16, 10, 10, 16], "rotation": 270, "texture": "#10"},
				"east": {"uv": [16, 10, 10, 16], "rotation": 270, "texture": "#10"},
				"south": {"uv": [16, 10, 10, 16], "rotation": 270, "texture": "#10"},
				"west": {"uv": [16, 10, 10, 16], "rotation": 270, "texture": "#10"},
				"up": {"uv": [16, 10, 10, 16], "rotation": 270, "texture": "#10"},
				"down": {"uv": [16, 10, 10, 16], "rotation": 270, "texture": "#10"}
			}
		},
		{
			"from": [7.575, 15.89592, 10.34999],
			"to": [8.225, 16.59592, 11.74999],
			"rotation": {"angle": 45, "axis": "x", "origin": [7.9, 16.24592, 11.04999]},
			"faces": {
				"north": {"uv": [10, 10, 16, 16], "rotation": 270, "texture": "#10"},
				"east": {"uv": [10, 10, 16, 16], "rotation": 270, "texture": "#10"},
				"south": {"uv": [10, 10, 16, 16], "rotation": 270, "texture": "#10"},
				"west": {"uv": [10, 10, 16, 16], "rotation": 270, "texture": "#10"},
				"up": {"uv": [10, 10, 16, 16], "rotation": 270, "texture": "#10"},
				"down": {"uv": [10, 10, 16, 16], "rotation": 270, "texture": "#10"}
			}
		},
		{
			"from": [7.575, -0.59592, 10.34999],
			"to": [8.225, 0.10408, 11.74999],
			"rotation": {"angle": -45, "axis": "x", "origin": [7.9, -0.24592, 11.04999]},
			"faces": {
				"north": {"uv": [16, 10, 10, 16], "rotation": 270, "texture": "#10"},
				"east": {"uv": [16, 10, 10, 16], "rotation": 270, "texture": "#10"},
				"south": {"uv": [16, 10, 10, 16], "rotation": 270, "texture": "#10"},
				"west": {"uv": [16, 10, 10, 16], "rotation": 270, "texture": "#10"},
				"up": {"uv": [16, 10, 10, 16], "rotation": 270, "texture": "#10"},
				"down": {"uv": [16, 10, 10, 16], "rotation": 270, "texture": "#10"}
			}
		},
		{
			"from": [7.65, 16.42761, 8.7558],
			"to": [8.15, 16.85261, 10.7808],
			"rotation": {"angle": 0, "axis": "x", "origin": [7.9, 16.69011, 9.4558]},
			"faces": {
				"north": {"uv": [10, 10, 16, 16], "rotation": 270, "texture": "#10"},
				"east": {"uv": [10, 10, 16, 16], "rotation": 270, "texture": "#10"},
				"south": {"uv": [10, 10, 16, 16], "rotation": 270, "texture": "#10"},
				"west": {"uv": [10, 10, 16, 16], "rotation": 270, "texture": "#10"},
				"up": {"uv": [10, 10, 16, 16], "rotation": 270, "texture": "#10"},
				"down": {"uv": [10, 10, 16, 16], "rotation": 270, "texture": "#10"}
			}
		},
		{
			"from": [7.65, -0.85261, 8.7558],
			"to": [8.15, -0.42761, 10.7808],
			"rotation": {"angle": 0, "axis": "x", "origin": [7.9, -0.69011, 9.4558]},
			"faces": {
				"north": {"uv": [16, 10, 10, 16], "rotation": 270, "texture": "#10"},
				"east": {"uv": [16, 10, 10, 16], "rotation": 270, "texture": "#10"},
				"south": {"uv": [16, 10, 10, 16], "rotation": 270, "texture": "#10"},
				"west": {"uv": [16, 10, 10, 16], "rotation": 270, "texture": "#10"},
				"up": {"uv": [16, 10, 10, 16], "rotation": 270, "texture": "#10"},
				"down": {"uv": [16, 10, 10, 16], "rotation": 270, "texture": "#10"}
			}
		},
		{
			"from": [7.55, 16.37761, 10.1058],
			"to": [8.25, 16.95261, 10.2308],
			"rotation": {"angle": 0, "axis": "x", "origin": [7.9, 16.69011, 9.4558]},
			"faces": {
				"north": {"uv": [0, 0, 16, 16], "rotation": 270, "texture": "#7"},
				"east": {"uv": [0, 0, 16, 16], "rotation": 270, "texture": "#7"},
				"south": {"uv": [0, 0, 16, 16], "rotation": 270, "texture": "#7"},
				"west": {"uv": [0, 0, 16, 16], "rotation": 270, "texture": "#7"},
				"up": {"uv": [0, 0, 16, 16], "rotation": 270, "texture": "#7"},
				"down": {"uv": [0, 0, 16, 16], "rotation": 270, "texture": "#7"}
			}
		},
		{
			"from": [7.55, -0.95261, 10.1058],
			"to": [8.25, -0.37761, 10.2308],
			"rotation": {"angle": 0, "axis": "x", "origin": [7.9, -0.69011, 9.4558]},
			"faces": {
				"north": {"uv": [16, 0, 0, 16], "rotation": 270, "texture": "#7"},
				"east": {"uv": [16, 0, 0, 16], "rotation": 270, "texture": "#7"},
				"south": {"uv": [16, 0, 0, 16], "rotation": 270, "texture": "#7"},
				"west": {"uv": [16, 0, 0, 16], "rotation": 270, "texture": "#7"},
				"up": {"uv": [16, 0, 0, 16], "rotation": 270, "texture": "#7"},
				"down": {"uv": [16, 0, 0, 16], "rotation": 270, "texture": "#7"}
			}
		},
		{
			"from": [7.65, 15.52761, 11.3558],
			"to": [8.15, 15.97761, 12.8558],
			"rotation": {"angle": 0, "axis": "x", "origin": [7.9, 15.79011, 12.0558]},
			"faces": {
				"north": {"uv": [10, 10, 16, 16], "rotation": 270, "texture": "#10"},
				"east": {"uv": [10, 10, 16, 16], "rotation": 270, "texture": "#10"},
				"south": {"uv": [10, 10, 16, 16], "rotation": 270, "texture": "#10"},
				"west": {"uv": [10, 10, 16, 16], "rotation": 270, "texture": "#10"},
				"up": {"uv": [10, 10, 16, 16], "rotation": 270, "texture": "#10"},
				"down": {"uv": [10, 10, 16, 16], "rotation": 270, "texture": "#10"}
			}
		},
		{
			"from": [7.65, 0.02239, 11.3558],
			"to": [8.15, 0.47239, 12.8558],
			"rotation": {"angle": 0, "axis": "x", "origin": [7.9, 0.20989, 12.0558]},
			"faces": {
				"north": {"uv": [16, 10, 10, 16], "rotation": 270, "texture": "#10"},
				"east": {"uv": [16, 10, 10, 16], "rotation": 270, "texture": "#10"},
				"south": {"uv": [16, 10, 10, 16], "rotation": 270, "texture": "#10"},
				"west": {"uv": [16, 10, 10, 16], "rotation": 270, "texture": "#10"},
				"up": {"uv": [16, 10, 10, 16], "rotation": 270, "texture": "#10"},
				"down": {"uv": [16, 10, 10, 16], "rotation": 270, "texture": "#10"}
			}
		},
		{
			"from": [7.575, 15.25261, 12.0058],
			"to": [8.275, 16.10261, 12.3058],
			"rotation": {"angle": 0, "axis": "x", "origin": [7.75, 16.09011, 12.7058]},
			"faces": {
				"north": {"uv": [0, 8, 3.85, 13.3], "rotation": 90, "texture": "#7"},
				"east": {"uv": [0, 8, 3.85, 13.3], "rotation": 90, "texture": "#7"},
				"south": {"uv": [0, 8, 3.85, 13.3], "rotation": 90, "texture": "#7"},
				"west": {"uv": [0, 8, 3.85, 13.3], "rotation": 90, "texture": "#7"},
				"up": {"uv": [0, 8, 3.85, 13.3], "rotation": 90, "texture": "#7"},
				"down": {"uv": [0, 8, 3.85, 13.3], "rotation": 90, "texture": "#7"}
			}
		},
		{
			"from": [7.575, -0.19739, 12.0058],
			"to": [8.275, 0.65261, 12.3058],
			"rotation": {"angle": 0, "axis": "x", "origin": [7.75, 2.09011, 12.7058]},
			"faces": {
				"north": {"uv": [0, 8, 3.85, 13.3], "rotation": 90, "texture": "#7"},
				"east": {"uv": [0, 8, 3.85, 13.3], "rotation": 90, "texture": "#7"},
				"south": {"uv": [0, 8, 3.85, 13.3], "rotation": 90, "texture": "#7"},
				"west": {"uv": [0, 8, 3.85, 13.3], "rotation": 90, "texture": "#7"},
				"up": {"uv": [0, 8, 3.85, 13.3], "rotation": 90, "texture": "#7"},
				"down": {"uv": [0, 8, 3.85, 13.3], "rotation": 90, "texture": "#7"}
			}
		},
		{
			"from": [7.825, 0.30261, 12.0808],
			"to": [8, 15.95261, 12.2058],
			"rotation": {"angle": 0, "axis": "x", "origin": [7.75, 15.59011, 12.6308]},
			"faces": {
				"north": {"uv": [0, 0, 6, 4], "texture": "#7"},
				"east": {"uv": [0, 0, 6, 4], "texture": "#7"},
				"south": {"uv": [0, 0, 6, 4], "texture": "#7"},
				"west": {"uv": [0, 0, 6, 4], "texture": "#7"},
				"up": {"uv": [0, 0, 6, 4], "texture": "#7"},
				"down": {"uv": [0, 0, 6, 4], "texture": "#7"}
			}
		},
		{
			"from": [7.65, 15.85261, 12.7308],
			"to": [8.15, 16.17761, 13.8558],
			"rotation": {"angle": -22.5, "axis": "x", "origin": [7.9, 16.01511, 13.4808]},
			"faces": {
				"north": {"uv": [10, 10, 16, 16], "rotation": 270, "texture": "#10"},
				"east": {"uv": [10, 10, 16, 16], "rotation": 270, "texture": "#10"},
				"south": {"uv": [10, 10, 16, 16], "rotation": 270, "texture": "#10"},
				"west": {"uv": [10, 10, 16, 16], "rotation": 270, "texture": "#10"},
				"up": {"uv": [10, 10, 16, 16], "rotation": 270, "texture": "#10"},
				"down": {"uv": [10, 10, 16, 16], "rotation": 270, "texture": "#10"}
			}
		},
		{
			"from": [7.65, -0.17761, 12.7308],
			"to": [8.15, 0.14739, 13.8558],
			"rotation": {"angle": 22.5, "axis": "x", "origin": [7.9, -0.01511, 13.4808]},
			"faces": {
				"north": {"uv": [16, 10, 10, 16], "rotation": 270, "texture": "#10"},
				"east": {"uv": [16, 10, 10, 16], "rotation": 270, "texture": "#10"},
				"south": {"uv": [16, 10, 10, 16], "rotation": 270, "texture": "#10"},
				"west": {"uv": [16, 10, 10, 16], "rotation": 270, "texture": "#10"},
				"up": {"uv": [16, 10, 10, 16], "rotation": 270, "texture": "#10"},
				"down": {"uv": [16, 10, 10, 16], "rotation": 270, "texture": "#10"}
			}
		},
		{
			"from": [7.5, 9.25, 7.65],
			"to": [8.3, 10.65, 8.65],
			"rotation": {"angle": 22.5, "axis": "x", "origin": [8, 9.5125, 8.15]},
			"faces": {
				"north": {"uv": [10, 10, 16, 16], "texture": "#10"},
				"east": {"uv": [10, 10, 16, 16], "texture": "#10"},
				"south": {"uv": [10, 10, 16, 16], "texture": "#10"},
				"west": {"uv": [10, 10, 16, 16], "texture": "#10"},
				"up": {"uv": [10, 10, 16, 16], "texture": "#10"},
				"down": {"uv": [10, 10, 16, 16], "texture": "#10"}
			}
		},
		{
			"from": [7.5, 5.35, 7.65],
			"to": [8.3, 6.75, 8.65],
			"rotation": {"angle": -22.5, "axis": "x", "origin": [8, 6.4875, 8.15]},
			"faces": {
				"north": {"uv": [10, 16, 16, 10], "texture": "#10"},
				"east": {"uv": [10, 16, 16, 10], "texture": "#10"},
				"south": {"uv": [10, 16, 16, 10], "texture": "#10"},
				"west": {"uv": [10, 16, 16, 10], "texture": "#10"},
				"up": {"uv": [10, 16, 16, 10], "texture": "#10"},
				"down": {"uv": [10, 16, 16, 10], "texture": "#10"}
			}
		},
		{
			"from": [7.35, 9.74724, 8.3236],
			"to": [8.475, 10.24724, 8.8236],
			"rotation": {"angle": -22.5, "axis": "x", "origin": [8.3375, 9.93537, 8.15818]},
			"faces": {
				"north": {"uv": [0, 0, 15.5, 15.5], "rotation": 90, "texture": "#4"},
				"east": {"uv": [0, 0, 15.5, 15.5], "rotation": 90, "texture": "#4"},
				"south": {"uv": [0, 0, 15.5, 15.5], "rotation": 90, "texture": "#4"},
				"west": {"uv": [1, 1, 15, 15], "rotation": 90, "texture": "#4"},
				"up": {"uv": [0, 0, 15.5, 15.5], "rotation": 90, "texture": "#4"},
				"down": {"uv": [0, 0, 15.5, 15.5], "rotation": 90, "texture": "#4"}
			}
		},
		{
			"from": [7.35, 5.75276, 8.3236],
			"to": [8.475, 6.25276, 8.8236],
			"rotation": {"angle": 22.5, "axis": "x", "origin": [8.3375, 6.06463, 8.15818]},
			"faces": {
				"north": {"uv": [15.5, 0, 0, 15.5], "rotation": 90, "texture": "#4"},
				"east": {"uv": [15.5, 0, 0, 15.5], "rotation": 90, "texture": "#4"},
				"south": {"uv": [15.5, 0, 0, 15.5], "rotation": 90, "texture": "#4"},
				"west": {"uv": [15, 1, 1, 15], "rotation": 90, "texture": "#4"},
				"up": {"uv": [15.5, 0, 0, 15.5], "rotation": 90, "texture": "#4"},
				"down": {"uv": [15.5, 0, 0, 15.5], "rotation": 90, "texture": "#4"}
			}
		},
		{
			"from": [7.325, 9.55151, 7.8933],
			"to": [8.475, 9.80151, 8.1433],
			"rotation": {"angle": 22.5, "axis": "x", "origin": [7.9, 9.67651, 8.0183]},
			"faces": {
				"north": {"uv": [0, 0, 15.5, 15.5], "rotation": 90, "texture": "#4"},
				"east": {"uv": [0, 0, 15.5, 15.5], "rotation": 90, "texture": "#4"},
				"south": {"uv": [0, 0, 15.5, 15.5], "rotation": 90, "texture": "#4"},
				"west": {"uv": [1, 1, 15, 15], "rotation": 90, "texture": "#4"},
				"up": {"uv": [0, 0, 15.5, 15.5], "rotation": 90, "texture": "#4"},
				"down": {"uv": [0, 0, 15.5, 15.5], "rotation": 90, "texture": "#4"}
			}
		},
		{
			"from": [7.325, 6.19849, 7.8933],
			"to": [8.475, 6.44849, 8.1433],
			"rotation": {"angle": -22.5, "axis": "x", "origin": [7.9, 6.32349, 8.0183]},
			"faces": {
				"north": {"uv": [15.5, 0, 0, 15.5], "rotation": 90, "texture": "#4"},
				"east": {"uv": [15.5, 0, 0, 15.5], "rotation": 90, "texture": "#4"},
				"south": {"uv": [15.5, 0, 0, 15.5], "rotation": 90, "texture": "#4"},
				"west": {"uv": [15, 1, 1, 15], "rotation": 90, "texture": "#4"},
				"up": {"uv": [15.5, 0, 0, 15.5], "rotation": 90, "texture": "#4"},
				"down": {"uv": [15.5, 0, 0, 15.5], "rotation": 90, "texture": "#4"}
			}
		},
		{
			"from": [7.575, 15.65151, 12.4183],
			"to": [8.225, 15.90151, 12.6683],
			"rotation": {"angle": 22.5, "axis": "x", "origin": [7.9, 15.75151, 12.5433]},
			"faces": {
				"north": {"uv": [0, 0, 15.5, 15.5], "rotation": 90, "texture": "#4"},
				"east": {"uv": [0, 0, 15.5, 15.5], "rotation": 90, "texture": "#4"},
				"south": {"uv": [0, 0, 15.5, 15.5], "rotation": 90, "texture": "#4"},
				"west": {"uv": [1, 1, 15, 15], "rotation": 90, "texture": "#4"},
				"up": {"uv": [0, 0, 15.5, 15.5], "rotation": 90, "texture": "#4"},
				"down": {"uv": [0, 0, 15.5, 15.5], "rotation": 90, "texture": "#4"}
			}
		},
		{
			"from": [7.575, 0.09849, 12.4183],
			"to": [8.225, 0.34849, 12.6683],
			"rotation": {"angle": -22.5, "axis": "x", "origin": [7.9, 0.24849, 12.5433]},
			"faces": {
				"north": {"uv": [15.5, 0, 0, 15.5], "rotation": 90, "texture": "#4"},
				"east": {"uv": [15.5, 0, 0, 15.5], "rotation": 90, "texture": "#4"},
				"south": {"uv": [15.5, 0, 0, 15.5], "rotation": 90, "texture": "#4"},
				"west": {"uv": [15, 1, 1, 15], "rotation": 90, "texture": "#4"},
				"up": {"uv": [15.5, 0, 0, 15.5], "rotation": 90, "texture": "#4"},
				"down": {"uv": [15.5, 0, 0, 15.5], "rotation": 90, "texture": "#4"}
			}
		},
		{
			"from": [7.625, 13.45151, 7.4933],
			"to": [8.175, 13.70151, 7.7433],
			"rotation": {"angle": 22.5, "axis": "x", "origin": [7.9, 13.55151, 7.6183]},
			"faces": {
				"north": {"uv": [0, 0, 15.5, 15.5], "rotation": 90, "texture": "#4"},
				"east": {"uv": [0, 0, 15.5, 15.5], "rotation": 90, "texture": "#4"},
				"south": {"uv": [0, 0, 15.5, 15.5], "rotation": 90, "texture": "#4"},
				"west": {"uv": [1, 1, 15, 15], "rotation": 90, "texture": "#4"},
				"up": {"uv": [0, 0, 15.5, 15.5], "rotation": 90, "texture": "#4"},
				"down": {"uv": [0, 0, 15.5, 15.5], "rotation": 90, "texture": "#4"}
			}
		},
		{
			"from": [7.625, 2.29849, 7.4933],
			"to": [8.175, 2.54849, 7.7433],
			"rotation": {"angle": -22.5, "axis": "x", "origin": [7.9, 2.44849, 7.6183]},
			"faces": {
				"north": {"uv": [15.5, 0, 0, 15.5], "rotation": 90, "texture": "#4"},
				"east": {"uv": [15.5, 0, 0, 15.5], "rotation": 90, "texture": "#4"},
				"south": {"uv": [15.5, 0, 0, 15.5], "rotation": 90, "texture": "#4"},
				"west": {"uv": [15, 1, 1, 15], "rotation": 90, "texture": "#4"},
				"up": {"uv": [15.5, 0, 0, 15.5], "rotation": 90, "texture": "#4"},
				"down": {"uv": [15.5, 0, 0, 15.5], "rotation": 90, "texture": "#4"}
			}
		},
		{
			"from": [7.325, 9.90151, 8.2683],
			"to": [8.45, 10.40151, 8.7683],
			"rotation": {"angle": 22.5, "axis": "x", "origin": [7.9, 10.15151, 8.5183]},
			"faces": {
				"north": {"uv": [0, 0, 15.5, 15.5], "rotation": 270, "texture": "#4"},
				"east": {"uv": [0, 0, 15.5, 15.5], "rotation": 180, "texture": "#4"},
				"south": {"uv": [0, 0, 15.5, 15.5], "rotation": 90, "texture": "#4"},
				"west": {"uv": [1, 1, 15, 15], "texture": "#4"},
				"up": {"uv": [0, 0, 15.5, 15.5], "rotation": 90, "texture": "#4"},
				"down": {"uv": [0, 0, 15.5, 15.5], "rotation": 270, "texture": "#4"}
			}
		},
		{
			"from": [7.325, 5.59849, 8.2683],
			"to": [8.45, 6.09849, 8.7683],
			"rotation": {"angle": -22.5, "axis": "x", "origin": [7.9, 5.84849, 8.5183]},
			"faces": {
				"north": {"uv": [15.5, 0, 0, 15.5], "rotation": 270, "texture": "#4"},
				"east": {"uv": [0, 15.5, 15.5, 0], "rotation": 180, "texture": "#4"},
				"south": {"uv": [15.5, 0, 0, 15.5], "rotation": 90, "texture": "#4"},
				"west": {"uv": [1, 15, 15, 1], "texture": "#4"},
				"up": {"uv": [15.5, 0, 0, 15.5], "rotation": 270, "texture": "#4"},
				"down": {"uv": [15.5, 0, 0, 15.5], "rotation": 90, "texture": "#4"}
			}
		},
		{
			"from": [7.35, 9.7235, 7.84275],
			"to": [8.45, 9.9735, 8.09275],
			"rotation": {"angle": -22.5, "axis": "x", "origin": [8.3375, 9.91037, 8.38318]},
			"faces": {
				"north": {"uv": [0, 0, 15.5, 15.5], "rotation": 90, "texture": "#4"},
				"east": {"uv": [0, 0, 15.5, 15.5], "rotation": 90, "texture": "#4"},
				"south": {"uv": [0, 0, 15.5, 15.5], "rotation": 90, "texture": "#4"},
				"west": {"uv": [1, 1, 15, 15], "rotation": 90, "texture": "#4"},
				"up": {"uv": [0, 0, 15.5, 15.5], "rotation": 90, "texture": "#4"},
				"down": {"uv": [0, 0, 15.5, 15.5], "rotation": 90, "texture": "#4"}
			}
		},
		{
			"from": [7.35, 6.0265, 7.84275],
			"to": [8.45, 6.2765, 8.09275],
			"rotation": {"angle": 22.5, "axis": "x", "origin": [8.3375, 6.08963, 8.38318]},
			"faces": {
				"north": {"uv": [15.5, 0, 0, 15.5], "rotation": 90, "texture": "#4"},
				"east": {"uv": [15.5, 0, 0, 15.5], "rotation": 90, "texture": "#4"},
				"south": {"uv": [15.5, 0, 0, 15.5], "rotation": 90, "texture": "#4"},
				"west": {"uv": [15, 1, 1, 15], "rotation": 90, "texture": "#4"},
				"up": {"uv": [15.5, 0, 0, 15.5], "rotation": 90, "texture": "#4"},
				"down": {"uv": [15.5, 0, 0, 15.5], "rotation": 90, "texture": "#4"}
			}
		},
		{
			"from": [7.55, 15.7985, 12.36775],
			"to": [8.25, 16.0485, 12.61775],
			"rotation": {"angle": -22.5, "axis": "x", "origin": [8.3375, 15.98537, 12.90818]},
			"faces": {
				"north": {"uv": [0, 0, 15.5, 15.5], "rotation": 90, "texture": "#4"},
				"east": {"uv": [0, 0, 15.5, 15.5], "rotation": 90, "texture": "#4"},
				"south": {"uv": [0, 0, 15.5, 15.5], "rotation": 90, "texture": "#4"},
				"west": {"uv": [1, 1, 15, 15], "rotation": 90, "texture": "#4"},
				"up": {"uv": [0, 0, 15.5, 15.5], "rotation": 90, "texture": "#4"},
				"down": {"uv": [0, 0, 15.5, 15.5], "rotation": 90, "texture": "#4"}
			}
		},
		{
			"from": [7.55, -0.0485, 12.36775],
			"to": [8.25, 0.2015, 12.61775],
			"rotation": {"angle": 22.5, "axis": "x", "origin": [8.3375, 0.01463, 12.90818]},
			"faces": {
				"north": {"uv": [15.5, 0, 0, 15.5], "rotation": 90, "texture": "#4"},
				"east": {"uv": [15.5, 0, 0, 15.5], "rotation": 90, "texture": "#4"},
				"south": {"uv": [15.5, 0, 0, 15.5], "rotation": 90, "texture": "#4"},
				"west": {"uv": [15, 1, 1, 15], "rotation": 90, "texture": "#4"},
				"up": {"uv": [15.5, 0, 0, 15.5], "rotation": 90, "texture": "#4"},
				"down": {"uv": [15.5, 0, 0, 15.5], "rotation": 90, "texture": "#4"}
			}
		},
		{
			"from": [7.65, 13.5985, 7.44275],
			"to": [8.15, 13.8485, 7.69275],
			"rotation": {"angle": -22.5, "axis": "x", "origin": [8.3375, 13.78537, 7.98318]},
			"faces": {
				"north": {"uv": [0, 0, 15.5, 15.5], "rotation": 90, "texture": "#4"},
				"east": {"uv": [0, 0, 15.5, 15.5], "rotation": 90, "texture": "#4"},
				"south": {"uv": [0, 0, 15.5, 15.5], "rotation": 90, "texture": "#4"},
				"west": {"uv": [1, 1, 15, 15], "rotation": 90, "texture": "#4"},
				"up": {"uv": [0, 0, 15.5, 15.5], "rotation": 90, "texture": "#4"},
				"down": {"uv": [0, 0, 15.5, 15.5], "rotation": 90, "texture": "#4"}
			}
		},
		{
			"from": [7.65, 2.1515, 7.44275],
			"to": [8.15, 2.4015, 7.69275],
			"rotation": {"angle": 22.5, "axis": "x", "origin": [8.3375, 2.21463, 7.98318]},
			"faces": {
				"north": {"uv": [15.5, 0, 0, 15.5], "rotation": 90, "texture": "#4"},
				"east": {"uv": [15.5, 0, 0, 15.5], "rotation": 90, "texture": "#4"},
				"south": {"uv": [15.5, 0, 0, 15.5], "rotation": 90, "texture": "#4"},
				"west": {"uv": [15, 1, 1, 15], "rotation": 90, "texture": "#4"},
				"up": {"uv": [15.5, 0, 0, 15.5], "rotation": 90, "texture": "#4"},
				"down": {"uv": [15.5, 0, 0, 15.5], "rotation": 90, "texture": "#4"}
			}
		},
		{
			"from": [7.475, 12.4485, 8.54275],
			"to": [8.275, 12.8485, 8.94275],
			"rotation": {"angle": -22.5, "axis": "x", "origin": [8.3375, 12.71037, 9.15818]},
			"faces": {
				"north": {"uv": [0, 0, 15.5, 15.5], "rotation": 90, "texture": "#4"},
				"east": {"uv": [0, 0, 15.5, 15.5], "rotation": 90, "texture": "#4"},
				"south": {"uv": [0, 0, 15.5, 15.5], "rotation": 90, "texture": "#4"},
				"west": {"uv": [1, 1, 15, 15], "rotation": 90, "texture": "#4"},
				"up": {"uv": [0, 0, 15.5, 15.5], "rotation": 90, "texture": "#4"},
				"down": {"uv": [0, 0, 15.5, 15.5], "rotation": 90, "texture": "#4"}
			}
		},
		{
			"from": [7.475, 3.1515, 8.54275],
			"to": [8.275, 3.5515, 8.94275],
			"rotation": {"angle": 22.5, "axis": "x", "origin": [8.3375, 3.28963, 9.15818]},
			"faces": {
				"north": {"uv": [15.5, 0, 0, 15.5], "rotation": 90, "texture": "#4"},
				"east": {"uv": [15.5, 0, 0, 15.5], "rotation": 90, "texture": "#4"},
				"south": {"uv": [15.5, 0, 0, 15.5], "rotation": 90, "texture": "#4"},
				"west": {"uv": [15, 1, 1, 15], "rotation": 90, "texture": "#4"},
				"up": {"uv": [15.5, 0, 0, 15.5], "rotation": 90, "texture": "#4"},
				"down": {"uv": [15.5, 0, 0, 15.5], "rotation": 90, "texture": "#4"}
			}
		},
		{
			"from": [7.45, 16.1735, 8.19275],
			"to": [8.4, 16.6235, 8.64275],
			"rotation": {"angle": -22.5, "axis": "x", "origin": [8.3375, 16.46037, 8.83318]},
			"faces": {
				"north": {"uv": [0, 0, 15.5, 15.5], "rotation": 90, "texture": "#4"},
				"east": {"uv": [0, 0, 15.5, 15.5], "rotation": 90, "texture": "#4"},
				"south": {"uv": [0, 0, 15.5, 15.5], "rotation": 90, "texture": "#4"},
				"west": {"uv": [1, 1, 15, 15], "rotation": 90, "texture": "#4"},
				"up": {"uv": [0, 0, 15.5, 15.5], "rotation": 90, "texture": "#4"},
				"down": {"uv": [0, 0, 15.5, 15.5], "rotation": 90, "texture": "#4"}
			}
		},
		{
			"from": [7.45, -0.6235, 8.19275],
			"to": [8.4, -0.1735, 8.64275],
			"rotation": {"angle": 22.5, "axis": "x", "origin": [8.3375, -0.46037, 8.83318]},
			"faces": {
				"north": {"uv": [15.5, 0, 0, 15.5], "rotation": 90, "texture": "#4"},
				"east": {"uv": [15.5, 0, 0, 15.5], "rotation": 90, "texture": "#4"},
				"south": {"uv": [15.5, 0, 0, 15.5], "rotation": 90, "texture": "#4"},
				"west": {"uv": [15, 1, 1, 15], "rotation": 90, "texture": "#4"},
				"up": {"uv": [15.5, 0, 0, 15.5], "rotation": 90, "texture": "#4"},
				"down": {"uv": [15.5, 0, 0, 15.5], "rotation": 90, "texture": "#4"}
			}
		},
		{
			"from": [7.5, 12.29423, 8.59805],
			"to": [8.225, 12.69423, 8.99805],
			"rotation": {"angle": 22.5, "axis": "x", "origin": [7.925, 12.49423, 8.79805]},
			"faces": {
				"north": {"uv": [0, 0, 15.5, 15.5], "rotation": 270, "texture": "#4"},
				"east": {"uv": [0, 0, 15.5, 15.5], "rotation": 180, "texture": "#4"},
				"south": {"uv": [0, 0, 15.5, 15.5], "rotation": 90, "texture": "#4"},
				"west": {"uv": [1, 1, 15, 15], "texture": "#4"},
				"up": {"uv": [0, 0, 15.5, 15.5], "rotation": 90, "texture": "#4"},
				"down": {"uv": [0, 0, 15.5, 15.5], "rotation": 270, "texture": "#4"}
			}
		},
		{
			"from": [7.5, 3.30577, 8.59805],
			"to": [8.225, 3.70577, 8.99805],
			"rotation": {"angle": -22.5, "axis": "x", "origin": [7.925, 3.50577, 8.79805]},
			"faces": {
				"north": {"uv": [15.5, 0, 0, 15.5], "rotation": 270, "texture": "#4"},
				"east": {"uv": [0, 15.5, 15.5, 0], "rotation": 180, "texture": "#4"},
				"south": {"uv": [15.5, 0, 0, 15.5], "rotation": 90, "texture": "#4"},
				"west": {"uv": [1, 15, 15, 1], "texture": "#4"},
				"up": {"uv": [15.5, 0, 0, 15.5], "rotation": 270, "texture": "#4"},
				"down": {"uv": [15.5, 0, 0, 15.5], "rotation": 90, "texture": "#4"}
			}
		},
		{
			"from": [7.475, 16.01923, 8.24805],
			"to": [8.375, 16.46923, 8.69805],
			"rotation": {"angle": 22.5, "axis": "x", "origin": [7.925, 16.24423, 8.47305]},
			"faces": {
				"north": {"uv": [0, 0, 15.5, 15.5], "rotation": 270, "texture": "#4"},
				"east": {"uv": [0, 0, 15.5, 15.5], "rotation": 180, "texture": "#4"},
				"south": {"uv": [0, 0, 15.5, 15.5], "rotation": 90, "texture": "#4"},
				"west": {"uv": [1, 1, 15, 15], "texture": "#4"},
				"up": {"uv": [0, 0, 15.5, 15.5], "rotation": 90, "texture": "#4"},
				"down": {"uv": [0, 0, 15.5, 15.5], "rotation": 270, "texture": "#4"}
			}
		},
		{
			"from": [7.475, -0.46923, 8.24805],
			"to": [8.375, -0.01923, 8.69805],
			"rotation": {"angle": -22.5, "axis": "x", "origin": [7.925, -0.24423, 8.47305]},
			"faces": {
				"north": {"uv": [15.5, 0, 0, 15.5], "rotation": 270, "texture": "#4"},
				"east": {"uv": [0, 15.5, 15.5, 0], "rotation": 180, "texture": "#4"},
				"south": {"uv": [15.5, 0, 0, 15.5], "rotation": 90, "texture": "#4"},
				"west": {"uv": [1, 15, 15, 1], "texture": "#4"},
				"up": {"uv": [15.5, 0, 0, 15.5], "rotation": 270, "texture": "#4"},
				"down": {"uv": [15.5, 0, 0, 15.5], "rotation": 90, "texture": "#4"}
			}
		}
	],
	"gui_light": "front",
	"display": {
		"thirdperson_righthand": {
			"translation": [0, -2, 0]
		},
		"ground": {
			"translation": [0, 7.5, 0]
		},
		"gui": {
			"rotation": [60, 56.5, 103],
			"translation": [-3, 1.75, 0],
			"scale": [1, 0.91, 1.19]
		},
		"fixed": {
			"rotation": [0, 88.75, 0],
			"translation": [-1, 0.5, -1.5]
		}
	}
}