{
	"credit": "Made with Blockbench",
	"textures": {
		"37": "block/bee_nest_side",
		"319": "block/hay_block_side",
		"330": "block/horn_coral_block",
		"375": "block/light_blue_concrete_powder",
		"652": "block/stripped_warped_stem",
		"700": "block/tube_coral_block",
		"717": "block/warped_stem",
		"720": "block/warped_wart_block",
		"particle": "block/acacia_door_bottom"
	},
	"elements": [
		{
			"from": [4.44714, 13.25494, 7.50044],
			"to": [5.34714, 13.75494, 8.50044],
			"rotation": {"angle": 0, "axis": "z", "origin": [8.35235, 11.0005, 8]},
			"faces": {
				"north": {"uv": [0, 0, 16, 16], "texture": "#330"},
				"east": {"uv": [0, 0, 16, 16], "texture": "#330"},
				"south": {"uv": [0, 0, 16, 16], "texture": "#330"},
				"west": {"uv": [0, 0, 16, 16], "texture": "#330"},
				"up": {"uv": [0, 0, 16, 16], "texture": "#330"},
				"down": {"uv": [0, 0, 16, 16], "texture": "#330"}
			}
		},
		{
			"from": [4.44714, 8.25494, 7.50044],
			"to": [5.34714, 8.75494, 8.50044],
			"rotation": {"angle": 0, "axis": "z", "origin": [8.35235, 11.0005, 8]},
			"faces": {
				"north": {"uv": [0, 0, 16, 16], "texture": "#330"},
				"east": {"uv": [0, 0, 16, 16], "texture": "#330"},
				"south": {"uv": [0, 0, 16, 16], "texture": "#330"},
				"west": {"uv": [0, 0, 16, 16], "texture": "#330"},
				"up": {"uv": [0, 0, 16, 16], "texture": "#330"},
				"down": {"uv": [0, 0, 16, 16], "texture": "#330"}
			}
		},
		{
			"from": [4.54714, 12.55494, 7.60044],
			"to": [5.24714, 12.95494, 8.40044],
			"rotation": {"angle": 0, "axis": "z", "origin": [8.35235, 11.0005, 8]},
			"faces": {
				"north": {"uv": [0, 0, 16, 12], "texture": "#37"},
				"east": {"uv": [0, 0, 16, 12], "texture": "#37"},
				"south": {"uv": [0, 0, 16, 12], "texture": "#37"},
				"west": {"uv": [0, 0, 16, 12], "texture": "#37"},
				"up": {"uv": [0, 0, 16, 12], "texture": "#37"},
				"down": {"uv": [0, 0, 16, 12], "texture": "#37"}
			}
		},
		{
			"from": [4.54714, 11.95494, 7.60044],
			"to": [5.24714, 12.35494, 8.40044],
			"rotation": {"angle": 0, "axis": "z", "origin": [8.35235, 11.0005, 8]},
			"faces": {
				"north": {"uv": [0, 0, 16, 12], "texture": "#37"},
				"east": {"uv": [0, 0, 16, 12], "texture": "#37"},
				"south": {"uv": [0, 0, 16, 12], "texture": "#37"},
				"west": {"uv": [0, 0, 16, 12], "texture": "#37"},
				"up": {"uv": [0, 0, 16, 12], "texture": "#37"},
				"down": {"uv": [0, 0, 16, 12], "texture": "#37"}
			}
		},
		{
			"from": [4.54714, 11.35494, 7.60044],
			"to": [5.24714, 11.75494, 8.40044],
			"rotation": {"angle": 0, "axis": "z", "origin": [8.35235, 11.0005, 8]},
			"faces": {
				"north": {"uv": [0, 0, 16, 12], "texture": "#37"},
				"east": {"uv": [0, 0, 16, 12], "texture": "#37"},
				"south": {"uv": [0, 0, 16, 12], "texture": "#37"},
				"west": {"uv": [0, 0, 16, 12], "texture": "#37"},
				"up": {"uv": [0, 0, 16, 12], "texture": "#37"},
				"down": {"uv": [0, 0, 16, 12], "texture": "#37"}
			}
		},
		{
			"from": [4.54714, 10.75494, 7.60044],
			"to": [5.24714, 11.15494, 8.40044],
			"rotation": {"angle": 0, "axis": "z", "origin": [8.35235, 11.0005, 8]},
			"faces": {
				"north": {"uv": [0, 0, 16, 12], "texture": "#37"},
				"east": {"uv": [0, 0, 16, 12], "texture": "#37"},
				"south": {"uv": [0, 0, 16, 12], "texture": "#37"},
				"west": {"uv": [0, 0, 16, 12], "texture": "#37"},
				"up": {"uv": [0, 0, 16, 12], "texture": "#37"},
				"down": {"uv": [0, 0, 16, 12], "texture": "#37"}
			}
		},
		{
			"from": [4.54714, 10.15494, 7.60044],
			"to": [5.24714, 10.55494, 8.40044],
			"rotation": {"angle": 0, "axis": "z", "origin": [8.35235, 11.0005, 8]},
			"faces": {
				"north": {"uv": [0, 0, 16, 12], "texture": "#37"},
				"east": {"uv": [0, 0, 16, 12], "texture": "#37"},
				"south": {"uv": [0, 0, 16, 12], "texture": "#37"},
				"west": {"uv": [0, 0, 16, 12], "texture": "#37"},
				"up": {"uv": [0, 0, 16, 12], "texture": "#37"},
				"down": {"uv": [0, 0, 16, 12], "texture": "#37"}
			}
		},
		{
			"from": [4.54714, 9.55494, 7.60044],
			"to": [5.24714, 9.95494, 8.40044],
			"rotation": {"angle": 0, "axis": "z", "origin": [8.35235, 11.0005, 8]},
			"faces": {
				"north": {"uv": [0, 0, 16, 12], "texture": "#37"},
				"east": {"uv": [0, 0, 16, 12], "texture": "#37"},
				"south": {"uv": [0, 0, 16, 12], "texture": "#37"},
				"west": {"uv": [0, 0, 16, 12], "texture": "#37"},
				"up": {"uv": [0, 0, 16, 12], "texture": "#37"},
				"down": {"uv": [0, 0, 16, 12], "texture": "#37"}
			}
		},
		{
			"from": [4.54714, 8.95494, 7.60044],
			"to": [5.24714, 9.35494, 8.40044],
			"rotation": {"angle": 0, "axis": "z", "origin": [8.35235, 11.0005, 8]},
			"faces": {
				"north": {"uv": [0, 0, 16, 12], "texture": "#37"},
				"east": {"uv": [0, 0, 16, 12], "texture": "#37"},
				"south": {"uv": [0, 0, 16, 12], "texture": "#37"},
				"west": {"uv": [0, 0, 16, 12], "texture": "#37"},
				"up": {"uv": [0, 0, 16, 12], "texture": "#37"},
				"down": {"uv": [0, 0, 16, 12], "texture": "#37"}
			}
		},
		{
			"from": [4.64714, 8.65494, 7.70044],
			"to": [5.14714, 13.25494, 8.30044],
			"rotation": {"angle": 0, "axis": "z", "origin": [8.35235, 11.0005, 8]},
			"faces": {
				"north": {"uv": [11, 4, 16, 11], "texture": "#319"},
				"east": {"uv": [11, 4, 16, 11], "texture": "#319"},
				"south": {"uv": [11, 4, 16, 11], "texture": "#319"},
				"west": {"uv": [11, 4, 16, 11], "texture": "#319"},
				"up": {"uv": [11, 4, 16, 11], "texture": "#319"},
				"down": {"uv": [11, 4, 16, 11], "texture": "#319"}
			}
		},
		{
			"from": [3.792, 11.9706, 7.67044],
			"to": [4.432, 13.5706, 8.31044],
			"rotation": {"angle": -22.5, "axis": "z", "origin": [8.35235, 11.0005, 8]},
			"faces": {
				"north": {"uv": [0, 0, 16, 16], "texture": "#652"},
				"east": {"uv": [0, 0, 16, 16], "texture": "#652"},
				"south": {"uv": [0, 0, 16, 16], "texture": "#652"},
				"west": {"uv": [0, 0, 16, 16], "texture": "#652"},
				"up": {"uv": [0, 0, 16, 16], "texture": "#652"},
				"down": {"uv": [0, 0, 16, 16], "texture": "#652"}
			}
		},
		{
			"from": [3.7954, 8.43861, 7.67044],
			"to": [4.4354, 10.03861, 8.31044],
			"rotation": {"angle": 22.5, "axis": "z", "origin": [8.35235, 11.0005, 8]},
			"faces": {
				"north": {"uv": [0, 0, 16, 16], "texture": "#652"},
				"east": {"uv": [0, 0, 16, 16], "texture": "#652"},
				"south": {"uv": [0, 0, 16, 16], "texture": "#652"},
				"west": {"uv": [0, 0, 16, 16], "texture": "#652"},
				"up": {"uv": [0, 0, 16, 16], "texture": "#652"},
				"down": {"uv": [0, 0, 16, 16], "texture": "#652"}
			}
		},
		{
			"from": [3.00125, 14.84052, 7.77044],
			"to": [3.44125, 16.44052, 8.21044],
			"rotation": {"angle": -45, "axis": "z", "origin": [8.35235, 11.0005, 8]},
			"faces": {
				"north": {"uv": [0, 0, 16, 16], "texture": "#652"},
				"east": {"uv": [0, 0, 16, 16], "texture": "#652"},
				"south": {"uv": [0, 0, 16, 16], "texture": "#652"},
				"west": {"uv": [0, 0, 16, 16], "texture": "#652"},
				"up": {"uv": [0, 0, 16, 16], "texture": "#652"},
				"down": {"uv": [0, 0, 16, 16], "texture": "#652"}
			}
		},
		{
			"from": [3.00754, 5.56676, 7.77044],
			"to": [3.44754, 7.16676, 8.21044],
			"rotation": {"angle": 45, "axis": "z", "origin": [8.35235, 11.0005, 8]},
			"faces": {
				"north": {"uv": [0, 0, 16, 16], "texture": "#652"},
				"east": {"uv": [0, 0, 16, 16], "texture": "#652"},
				"south": {"uv": [0, 0, 16, 16], "texture": "#652"},
				"west": {"uv": [0, 0, 16, 16], "texture": "#652"},
				"up": {"uv": [0, 0, 16, 16], "texture": "#652"},
				"down": {"uv": [0, 0, 16, 16], "texture": "#652"}
			}
		},
		{
			"from": [3.15739, 11.63314, 7.78044],
			"to": [3.79739, 13.07314, 8.22044],
			"rotation": {"angle": -45, "axis": "z", "origin": [8.35235, 11.0005, 8]},
			"faces": {
				"north": {"uv": [0, 0, 16, 16], "texture": "#652"},
				"east": {"uv": [0, 0, 16, 16], "texture": "#652"},
				"south": {"uv": [0, 0, 16, 16], "texture": "#652"},
				"west": {"uv": [0, 0, 16, 16], "texture": "#652"},
				"up": {"uv": [0, 0, 16, 16], "texture": "#652"},
				"down": {"uv": [0, 0, 16, 16], "texture": "#652"}
			}
		},
		{
			"from": [3.16367, 8.93414, 7.78044],
			"to": [3.80367, 10.37414, 8.22044],
			"rotation": {"angle": 45, "axis": "z", "origin": [8.35235, 11.0005, 8]},
			"faces": {
				"north": {"uv": [0, 0, 16, 16], "texture": "#652"},
				"east": {"uv": [0, 0, 16, 16], "texture": "#652"},
				"south": {"uv": [0, 0, 16, 16], "texture": "#652"},
				"west": {"uv": [0, 0, 16, 16], "texture": "#652"},
				"up": {"uv": [0, 0, 16, 16], "texture": "#652"},
				"down": {"uv": [0, 0, 16, 16], "texture": "#652"}
			}
		},
		{
			"from": [3.05739, 12.32314, 7.68044],
			"to": [3.89739, 12.57314, 8.32044],
			"rotation": {"angle": -45, "axis": "z", "origin": [8.35235, 11.0005, 8]},
			"faces": {
				"north": {"uv": [0, 0, 16, 16], "texture": "#330"},
				"east": {"uv": [0, 0, 16, 16], "texture": "#330"},
				"south": {"uv": [0, 0, 16, 16], "texture": "#330"},
				"west": {"uv": [0, 0, 16, 16], "texture": "#330"},
				"up": {"uv": [0, 0, 16, 16], "texture": "#330"},
				"down": {"uv": [0, 0, 16, 16], "texture": "#330"}
			}
		},
		{
			"from": [3.06367, 9.43414, 7.68044],
			"to": [3.90367, 9.68414, 8.32044],
			"rotation": {"angle": 45, "axis": "z", "origin": [8.35235, 11.0005, 8]},
			"faces": {
				"north": {"uv": [0, 0, 16, 16], "texture": "#330"},
				"east": {"uv": [0, 0, 16, 16], "texture": "#330"},
				"south": {"uv": [0, 0, 16, 16], "texture": "#330"},
				"west": {"uv": [0, 0, 16, 16], "texture": "#330"},
				"up": {"uv": [0, 0, 16, 16], "texture": "#330"},
				"down": {"uv": [0, 0, 16, 16], "texture": "#330"}
			}
		},
		{
			"from": [11.33385, 17.48429, 7.78044],
			"to": [12.77385, 18.02429, 8.22044],
			"rotation": {"angle": 22.5, "axis": "z", "origin": [8.35235, 11.0005, 8]},
			"faces": {
				"north": {"uv": [0, 0, 16, 16], "rotation": 90, "texture": "#652"},
				"east": {"uv": [0, 0, 16, 16], "rotation": 90, "texture": "#652"},
				"south": {"uv": [0, 0, 16, 16], "rotation": 90, "texture": "#652"},
				"west": {"uv": [0, 0, 16, 16], "rotation": 90, "texture": "#652"},
				"up": {"uv": [0, 0, 16, 16], "rotation": 90, "texture": "#652"},
				"down": {"uv": [0, 0, 16, 16], "rotation": 90, "texture": "#652"}
			}
		},
		{
			"from": [11.33045, 3.98492, 7.78044],
			"to": [12.77045, 4.52492, 8.22044],
			"rotation": {"angle": -22.5, "axis": "z", "origin": [8.35235, 11.0005, 8]},
			"faces": {
				"north": {"uv": [0, 0, 16, 16], "rotation": 90, "texture": "#652"},
				"east": {"uv": [0, 0, 16, 16], "rotation": 90, "texture": "#652"},
				"south": {"uv": [0, 0, 16, 16], "rotation": 90, "texture": "#652"},
				"west": {"uv": [0, 0, 16, 16], "rotation": 90, "texture": "#652"},
				"up": {"uv": [0, 0, 16, 16], "rotation": 90, "texture": "#652"},
				"down": {"uv": [0, 0, 16, 16], "rotation": 90, "texture": "#652"}
			}
		},
		{
			"from": [11.83385, 17.38429, 7.68044],
			"to": [12.27385, 18.12429, 8.32044],
			"rotation": {"angle": 22.5, "axis": "z", "origin": [8.35235, 11.0005, 8]},
			"faces": {
				"north": {"uv": [0, 0, 16, 16], "rotation": 90, "texture": "#330"},
				"east": {"uv": [0, 0, 16, 16], "rotation": 90, "texture": "#330"},
				"south": {"uv": [0, 0, 16, 16], "rotation": 90, "texture": "#330"},
				"west": {"uv": [0, 0, 16, 16], "rotation": 90, "texture": "#330"},
				"up": {"uv": [0, 0, 16, 16], "rotation": 90, "texture": "#330"},
				"down": {"uv": [0, 0, 16, 16], "rotation": 90, "texture": "#330"}
			}
		},
		{
			"from": [11.83045, 3.88492, 7.68044],
			"to": [12.27045, 4.62492, 8.32044],
			"rotation": {"angle": -22.5, "axis": "z", "origin": [8.35235, 11.0005, 8]},
			"faces": {
				"north": {"uv": [0, 0, 16, 16], "rotation": 90, "texture": "#330"},
				"east": {"uv": [0, 0, 16, 16], "rotation": 90, "texture": "#330"},
				"south": {"uv": [0, 0, 16, 16], "rotation": 90, "texture": "#330"},
				"west": {"uv": [0, 0, 16, 16], "rotation": 90, "texture": "#330"},
				"up": {"uv": [0, 0, 16, 16], "rotation": 90, "texture": "#330"},
				"down": {"uv": [0, 0, 16, 16], "rotation": 90, "texture": "#330"}
			}
		},
		{
			"from": [8.30562, 15.95053, 7.75544],
			"to": [8.94562, 16.59053, 8.24544],
			"rotation": {"angle": 22.5, "axis": "z", "origin": [8.35235, 11.0005, 8]},
			"faces": {
				"north": {"uv": [0, 0, 16, 16], "rotation": 90, "texture": "#652"},
				"east": {"uv": [0, 0, 16, 16], "rotation": 90, "texture": "#652"},
				"south": {"uv": [0, 0, 16, 16], "rotation": 90, "texture": "#652"},
				"west": {"uv": [0, 0, 16, 16], "rotation": 90, "texture": "#652"},
				"up": {"uv": [0, 0, 16, 16], "rotation": 90, "texture": "#652"},
				"down": {"uv": [0, 0, 16, 16], "rotation": 90, "texture": "#652"}
			}
		},
		{
			"from": [8.30222, 5.41867, 7.75544],
			"to": [8.94222, 6.05867, 8.24544],
			"rotation": {"angle": -22.5, "axis": "z", "origin": [8.35235, 11.0005, 8]},
			"faces": {
				"north": {"uv": [0, 0, 16, 16], "rotation": 90, "texture": "#652"},
				"east": {"uv": [0, 0, 16, 16], "rotation": 90, "texture": "#652"},
				"south": {"uv": [0, 0, 16, 16], "rotation": 90, "texture": "#652"},
				"west": {"uv": [0, 0, 16, 16], "rotation": 90, "texture": "#652"},
				"up": {"uv": [0, 0, 16, 16], "rotation": 90, "texture": "#652"},
				"down": {"uv": [0, 0, 16, 16], "rotation": 90, "texture": "#652"}
			}
		},
		{
			"from": [9.77582, 18.63901, 7.80544],
			"to": [10.41582, 19.17901, 8.19544],
			"rotation": {"angle": 0, "axis": "z", "origin": [8.35235, 11.0005, 8]},
			"faces": {
				"north": {"uv": [0, 0, 16, 16], "rotation": 90, "texture": "#652"},
				"east": {"uv": [0, 0, 16, 16], "rotation": 90, "texture": "#652"},
				"south": {"uv": [0, 0, 16, 16], "rotation": 90, "texture": "#652"},
				"west": {"uv": [0, 0, 16, 16], "rotation": 90, "texture": "#652"},
				"up": {"uv": [0, 0, 16, 16], "rotation": 90, "texture": "#652"},
				"down": {"uv": [0, 0, 16, 16], "rotation": 90, "texture": "#652"}
			}
		},
		{
			"from": [9.77582, 2.83087, 7.80544],
			"to": [10.41582, 3.37087, 8.19544],
			"rotation": {"angle": 0, "axis": "z", "origin": [8.35235, 11.0005, 8]},
			"faces": {
				"north": {"uv": [0, 0, 16, 16], "rotation": 90, "texture": "#652"},
				"east": {"uv": [0, 0, 16, 16], "rotation": 90, "texture": "#652"},
				"south": {"uv": [0, 0, 16, 16], "rotation": 90, "texture": "#652"},
				"west": {"uv": [0, 0, 16, 16], "rotation": 90, "texture": "#652"},
				"up": {"uv": [0, 0, 16, 16], "rotation": 90, "texture": "#652"},
				"down": {"uv": [0, 0, 16, 16], "rotation": 90, "texture": "#652"}
			}
		},
		{
			"from": [10.80157, 15.3448, 7.73044],
			"to": [11.52157, 15.9848, 8.27044],
			"rotation": {"angle": 45, "axis": "z", "origin": [8.35235, 11.0005, 8]},
			"faces": {
				"north": {"uv": [0, 0, 16, 16], "rotation": 90, "texture": "#652"},
				"east": {"uv": [0, 0, 16, 16], "rotation": 90, "texture": "#652"},
				"south": {"uv": [0, 0, 16, 16], "rotation": 90, "texture": "#652"},
				"west": {"uv": [0, 0, 16, 16], "rotation": 90, "texture": "#652"},
				"up": {"uv": [0, 0, 16, 16], "rotation": 90, "texture": "#652"},
				"down": {"uv": [0, 0, 16, 16], "rotation": 90, "texture": "#652"}
			}
		},
		{
			"from": [10.79529, 6.02248, 7.73044],
			"to": [11.51529, 6.66248, 8.27044],
			"rotation": {"angle": -45, "axis": "z", "origin": [8.35235, 11.0005, 8]},
			"faces": {
				"north": {"uv": [0, 0, 16, 16], "rotation": 90, "texture": "#652"},
				"east": {"uv": [0, 0, 16, 16], "rotation": 90, "texture": "#652"},
				"south": {"uv": [0, 0, 16, 16], "rotation": 90, "texture": "#652"},
				"west": {"uv": [0, 0, 16, 16], "rotation": 90, "texture": "#652"},
				"up": {"uv": [0, 0, 16, 16], "rotation": 90, "texture": "#652"},
				"down": {"uv": [0, 0, 16, 16], "rotation": 90, "texture": "#652"}
			}
		},
		{
			"from": [13.15043, 17.27362, 7.78044],
			"to": [13.87043, 17.81362, 8.22044],
			"rotation": {"angle": 22.5, "axis": "z", "origin": [8.35235, 11.0005, 8]},
			"faces": {
				"north": {"uv": [0, 0, 16, 16], "rotation": 90, "texture": "#652"},
				"east": {"uv": [0, 0, 16, 16], "rotation": 90, "texture": "#652"},
				"south": {"uv": [0, 0, 16, 16], "rotation": 90, "texture": "#652"},
				"west": {"uv": [0, 0, 16, 16], "rotation": 90, "texture": "#652"},
				"up": {"uv": [0, 0, 16, 16], "rotation": 90, "texture": "#652"},
				"down": {"uv": [0, 0, 16, 16], "rotation": 90, "texture": "#652"}
			}
		},
		{
			"from": [13.40043, 17.17362, 7.68044],
			"to": [13.62043, 17.91362, 8.32044],
			"rotation": {"angle": 22.5, "axis": "z", "origin": [8.35235, 11.0005, 8]},
			"faces": {
				"north": {"uv": [0, 0, 16, 16], "rotation": 90, "texture": "#375"},
				"east": {"uv": [0, 0, 16, 16], "rotation": 90, "texture": "#375"},
				"south": {"uv": [0, 0, 16, 16], "rotation": 90, "texture": "#375"},
				"west": {"uv": [0, 0, 16, 16], "rotation": 90, "texture": "#375"},
				"up": {"uv": [0, 0, 16, 16], "rotation": 90, "texture": "#375"},
				"down": {"uv": [0, 0, 16, 16], "rotation": 90, "texture": "#375"}
			}
		},
		{
			"from": [11.10043, 3.63638, 7.68044],
			"to": [11.32043, 4.37638, 8.32044],
			"rotation": {"angle": -22.5, "axis": "z", "origin": [8.35235, 4.9995, 8]},
			"faces": {
				"north": {"uv": [0, 0, 16, 16], "rotation": 90, "texture": "#375"},
				"east": {"uv": [0, 0, 16, 16], "rotation": 90, "texture": "#375"},
				"south": {"uv": [0, 0, 16, 16], "rotation": 90, "texture": "#375"},
				"west": {"uv": [0, 0, 16, 16], "rotation": 90, "texture": "#375"},
				"up": {"uv": [0, 0, 16, 16], "rotation": 90, "texture": "#375"},
				"down": {"uv": [0, 0, 16, 16], "rotation": 90, "texture": "#375"}
			}
		},
		{
			"from": [10.65282, 3.21824, 7.93044],
			"to": [10.82282, 18.95824, 8.07044],
			"rotation": {"angle": 0, "axis": "z", "origin": [6.50813, 18.78234, 8.1258]},
			"faces": {
				"north": {"uv": [0, 0, 16, 16], "rotation": 90, "texture": "#375"},
				"east": {"uv": [0, 0, 16, 16], "rotation": 90, "texture": "#375"},
				"south": {"uv": [0, 0, 16, 16], "rotation": 90, "texture": "#375"},
				"west": {"uv": [0, 0, 16, 16], "rotation": 90, "texture": "#375"},
				"up": {"uv": [0, 0, 16, 16], "rotation": 90, "texture": "#375"},
				"down": {"uv": [0, 0, 16, 16], "rotation": 90, "texture": "#375"}
			}
		},
		{
			"from": [13.14703, 4.19558, 7.78044],
			"to": [13.86703, 4.73558, 8.22044],
			"rotation": {"angle": -22.5, "axis": "z", "origin": [8.35235, 11.0005, 8]},
			"faces": {
				"north": {"uv": [0, 0, 16, 16], "rotation": 90, "texture": "#652"},
				"east": {"uv": [0, 0, 16, 16], "rotation": 90, "texture": "#652"},
				"south": {"uv": [0, 0, 16, 16], "rotation": 90, "texture": "#652"},
				"west": {"uv": [0, 0, 16, 16], "rotation": 90, "texture": "#652"},
				"up": {"uv": [0, 0, 16, 16], "rotation": 90, "texture": "#652"},
				"down": {"uv": [0, 0, 16, 16], "rotation": 90, "texture": "#652"}
			}
		},
		{
			"from": [9.87634, 17.51985, 7.70544],
			"to": [10.51634, 18.23985, 8.29544],
			"rotation": {"angle": 22.5, "axis": "z", "origin": [8.35235, 11.0005, 8]},
			"faces": {
				"north": {"uv": [0, 0, 16, 16], "texture": "#652"},
				"east": {"uv": [0, 0, 16, 16], "texture": "#652"},
				"south": {"uv": [0, 0, 16, 16], "texture": "#652"},
				"west": {"uv": [0, 0, 16, 16], "texture": "#652"},
				"up": {"uv": [0, 0, 16, 16], "texture": "#652"},
				"down": {"uv": [0, 0, 16, 16], "texture": "#652"}
			}
		},
		{
			"from": [9.87294, 3.76936, 7.70544],
			"to": [10.51294, 4.48936, 8.29544],
			"rotation": {"angle": -22.5, "axis": "z", "origin": [8.35235, 11.0005, 8]},
			"faces": {
				"north": {"uv": [0, 0, 16, 16], "texture": "#652"},
				"east": {"uv": [0, 0, 16, 16], "texture": "#652"},
				"south": {"uv": [0, 0, 16, 16], "texture": "#652"},
				"west": {"uv": [0, 0, 16, 16], "texture": "#652"},
				"up": {"uv": [0, 0, 16, 16], "texture": "#652"},
				"down": {"uv": [0, 0, 16, 16], "texture": "#652"}
			}
		},
		{
			"from": [11.34654, 20.10833, 7.85544],
			"to": [11.98654, 20.82833, 8.14544],
			"rotation": {"angle": 0, "axis": "z", "origin": [8.35235, 11.0005, 8]},
			"faces": {
				"north": {"uv": [0, 0, 16, 16], "texture": "#652"},
				"east": {"uv": [0, 0, 16, 16], "texture": "#652"},
				"south": {"uv": [0, 0, 16, 16], "texture": "#652"},
				"west": {"uv": [0, 0, 16, 16], "texture": "#652"},
				"up": {"uv": [0, 0, 16, 16], "texture": "#652"},
				"down": {"uv": [0, 0, 16, 16], "texture": "#652"}
			}
		},
		{
			"from": [11.34654, 1.18156, 7.85544],
			"to": [11.98654, 1.90156, 8.14544],
			"rotation": {"angle": 0, "axis": "z", "origin": [8.35235, 11.0005, 8]},
			"faces": {
				"north": {"uv": [0, 0, 16, 16], "texture": "#652"},
				"east": {"uv": [0, 0, 16, 16], "texture": "#652"},
				"south": {"uv": [0, 0, 16, 16], "texture": "#652"},
				"west": {"uv": [0, 0, 16, 16], "texture": "#652"},
				"up": {"uv": [0, 0, 16, 16], "texture": "#652"},
				"down": {"uv": [0, 0, 16, 16], "texture": "#652"}
			}
		},
		{
			"from": [5.57054, 18.88662, 7.78044],
			"to": [6.29054, 19.32662, 8.22044],
			"rotation": {"angle": 0, "axis": "z", "origin": [8.35235, 11.0005, 8]},
			"faces": {
				"north": {"uv": [0, 0, 16, 16], "rotation": 270, "texture": "#652"},
				"east": {"uv": [0, 0, 16, 16], "rotation": 270, "texture": "#652"},
				"south": {"uv": [0, 0, 16, 16], "rotation": 270, "texture": "#652"},
				"west": {"uv": [0, 0, 16, 16], "rotation": 270, "texture": "#652"},
				"up": {"uv": [0, 0, 16, 16], "rotation": 270, "texture": "#652"},
				"down": {"uv": [0, 0, 16, 16], "rotation": 270, "texture": "#652"}
			}
		},
		{
			"from": [5.57054, 2.68326, 7.78044],
			"to": [6.29054, 3.12326, 8.22044],
			"rotation": {"angle": 0, "axis": "z", "origin": [8.35235, 11.0005, 8]},
			"faces": {
				"north": {"uv": [0, 0, 16, 16], "rotation": 270, "texture": "#652"},
				"east": {"uv": [0, 0, 16, 16], "rotation": 270, "texture": "#652"},
				"south": {"uv": [0, 0, 16, 16], "rotation": 270, "texture": "#652"},
				"west": {"uv": [0, 0, 16, 16], "rotation": 270, "texture": "#652"},
				"up": {"uv": [0, 0, 16, 16], "rotation": 270, "texture": "#652"},
				"down": {"uv": [0, 0, 16, 16], "rotation": 270, "texture": "#652"}
			}
		},
		{
			"from": [5.93826, 21.74069, 7.93044],
			"to": [6.65826, 22.28069, 8.07044],
			"rotation": {"angle": -22.5, "axis": "z", "origin": [8.35235, 11.0005, 8]},
			"faces": {
				"north": {"uv": [0, 0, 16, 16], "rotation": 270, "texture": "#652"},
				"east": {"uv": [0, 0, 16, 16], "rotation": 270, "texture": "#652"},
				"south": {"uv": [0, 0, 16, 16], "rotation": 270, "texture": "#652"},
				"west": {"uv": [0, 0, 16, 16], "rotation": 270, "texture": "#652"},
				"up": {"uv": [0, 0, 16, 16], "rotation": 270, "texture": "#652"},
				"down": {"uv": [0, 0, 16, 16], "rotation": 270, "texture": "#652"}
			}
		},
		{
			"from": [5.94166, -0.27148, 7.93044],
			"to": [6.66166, 0.26852, 8.07044],
			"rotation": {"angle": 22.5, "axis": "z", "origin": [8.35235, 11.0005, 8]},
			"faces": {
				"north": {"uv": [0, 0, 16, 16], "rotation": 270, "texture": "#652"},
				"east": {"uv": [0, 0, 16, 16], "rotation": 270, "texture": "#652"},
				"south": {"uv": [0, 0, 16, 16], "rotation": 270, "texture": "#652"},
				"west": {"uv": [0, 0, 16, 16], "rotation": 270, "texture": "#652"},
				"up": {"uv": [0, 0, 16, 16], "rotation": 270, "texture": "#652"},
				"down": {"uv": [0, 0, 16, 16], "rotation": 270, "texture": "#652"}
			}
		},
		{
			"from": [4.06391, 20.55084, 7.93044],
			"to": [4.50391, 21.27084, 8.07044],
			"rotation": {"angle": -45, "axis": "z", "origin": [8.35235, 11.0005, 8]},
			"faces": {
				"north": {"uv": [0, 0, 16, 16], "texture": "#700"},
				"east": {"uv": [0, 0, 16, 16], "texture": "#700"},
				"south": {"uv": [0, 0, 16, 16], "texture": "#700"},
				"west": {"uv": [0, 0, 16, 16], "texture": "#700"},
				"up": {"uv": [0, 0, 16, 16], "texture": "#700"},
				"down": {"uv": [0, 0, 16, 16], "texture": "#700"}
			}
		},
		{
			"from": [4.07019, 0.73644, 7.93044],
			"to": [4.51019, 1.45644, 8.07044],
			"rotation": {"angle": 45, "axis": "z", "origin": [8.35235, 11.0005, 8]},
			"faces": {
				"north": {"uv": [0, 0, 16, 16], "texture": "#700"},
				"east": {"uv": [0, 0, 16, 16], "texture": "#700"},
				"south": {"uv": [0, 0, 16, 16], "texture": "#700"},
				"west": {"uv": [0, 0, 16, 16], "texture": "#700"},
				"up": {"uv": [0, 0, 16, 16], "texture": "#700"},
				"down": {"uv": [0, 0, 16, 16], "texture": "#700"}
			}
		},
		{
			"from": [7.19548, 19.34626, 7.88044],
			"to": [7.63548, 20.06626, 8.12044],
			"rotation": {"angle": 0, "axis": "z", "origin": [8.35235, 11.0005, 8]},
			"faces": {
				"north": {"uv": [0, 0, 16, 16], "texture": "#700"},
				"east": {"uv": [0, 0, 16, 16], "texture": "#700"},
				"south": {"uv": [0, 0, 16, 16], "texture": "#700"},
				"west": {"uv": [0, 0, 16, 16], "texture": "#700"},
				"up": {"uv": [0, 0, 16, 16], "texture": "#700"},
				"down": {"uv": [0, 0, 16, 16], "texture": "#700"}
			}
		},
		{
			"from": [7.19548, 1.94363, 7.88044],
			"to": [7.63548, 2.66363, 8.12044],
			"rotation": {"angle": 0, "axis": "z", "origin": [8.35235, 11.0005, 8]},
			"faces": {
				"north": {"uv": [0, 0, 16, 16], "texture": "#700"},
				"east": {"uv": [0, 0, 16, 16], "texture": "#700"},
				"south": {"uv": [0, 0, 16, 16], "texture": "#700"},
				"west": {"uv": [0, 0, 16, 16], "texture": "#700"},
				"up": {"uv": [0, 0, 16, 16], "texture": "#700"},
				"down": {"uv": [0, 0, 16, 16], "texture": "#700"}
			}
		},
		{
			"from": [4.91814, 15.60083, 7.70544],
			"to": [5.55814, 16.48083, 8.29544],
			"rotation": {"angle": -22.5, "axis": "z", "origin": [8.35235, 11.0005, 8]},
			"faces": {
				"north": {"uv": [0, 0, 16, 16], "texture": "#652"},
				"east": {"uv": [0, 0, 16, 16], "texture": "#652"},
				"south": {"uv": [0, 0, 16, 16], "texture": "#652"},
				"west": {"uv": [0, 0, 16, 16], "texture": "#652"},
				"up": {"uv": [0, 0, 16, 16], "texture": "#652"},
				"down": {"uv": [0, 0, 16, 16], "texture": "#652"}
			}
		},
		{
			"from": [4.92154, 5.52838, 7.70544],
			"to": [5.56154, 6.40838, 8.29544],
			"rotation": {"angle": 22.5, "axis": "z", "origin": [8.35235, 11.0005, 8]},
			"faces": {
				"north": {"uv": [0, 0, 16, 16], "texture": "#652"},
				"east": {"uv": [0, 0, 16, 16], "texture": "#652"},
				"south": {"uv": [0, 0, 16, 16], "texture": "#652"},
				"west": {"uv": [0, 0, 16, 16], "texture": "#652"},
				"up": {"uv": [0, 0, 16, 16], "texture": "#652"},
				"down": {"uv": [0, 0, 16, 16], "texture": "#652"}
			}
		},
		{
			"from": [4.1274, 18.47075, 7.80544],
			"to": [4.7674, 19.35075, 8.19544],
			"rotation": {"angle": -45, "axis": "z", "origin": [8.35235, 11.0005, 8]},
			"faces": {
				"north": {"uv": [0, 0, 16, 16], "texture": "#652"},
				"east": {"uv": [0, 0, 16, 16], "texture": "#652"},
				"south": {"uv": [0, 0, 16, 16], "texture": "#652"},
				"west": {"uv": [0, 0, 16, 16], "texture": "#652"},
				"up": {"uv": [0, 0, 16, 16], "texture": "#652"},
				"down": {"uv": [0, 0, 16, 16], "texture": "#652"}
			}
		},
		{
			"from": [4.13368, 2.65653, 7.80544],
			"to": [4.77368, 3.53653, 8.19544],
			"rotation": {"angle": 45, "axis": "z", "origin": [8.35235, 11.0005, 8]},
			"faces": {
				"north": {"uv": [0, 0, 16, 16], "texture": "#652"},
				"east": {"uv": [0, 0, 16, 16], "texture": "#652"},
				"south": {"uv": [0, 0, 16, 16], "texture": "#652"},
				"west": {"uv": [0, 0, 16, 16], "texture": "#652"},
				"up": {"uv": [0, 0, 16, 16], "texture": "#652"},
				"down": {"uv": [0, 0, 16, 16], "texture": "#652"}
			}
		},
		{
			"from": [12.58859, 16.87053, 7.73044],
			"to": [13.12859, 17.75053, 8.27044],
			"rotation": {"angle": 45, "axis": "z", "origin": [8.35235, 11.0005, 8]},
			"faces": {
				"north": {"uv": [0, 0, 16, 16], "texture": "#652"},
				"east": {"uv": [0, 0, 16, 16], "texture": "#652"},
				"south": {"uv": [0, 0, 16, 16], "texture": "#652"},
				"west": {"uv": [0, 0, 16, 16], "texture": "#652"},
				"up": {"uv": [0, 0, 16, 16], "texture": "#652"},
				"down": {"uv": [0, 0, 16, 16], "texture": "#652"}
			}
		},
		{
			"from": [12.58231, 4.25675, 7.73044],
			"to": [13.12231, 5.13675, 8.27044],
			"rotation": {"angle": -45, "axis": "z", "origin": [8.35235, 11.0005, 8]},
			"faces": {
				"north": {"uv": [0, 0, 16, 16], "texture": "#652"},
				"east": {"uv": [0, 0, 16, 16], "texture": "#652"},
				"south": {"uv": [0, 0, 16, 16], "texture": "#652"},
				"west": {"uv": [0, 0, 16, 16], "texture": "#652"},
				"up": {"uv": [0, 0, 16, 16], "texture": "#652"},
				"down": {"uv": [0, 0, 16, 16], "texture": "#652"}
			}
		},
		{
			"from": [14.83745, 18.69935, 7.88044],
			"to": [15.47745, 19.57935, 8.12044],
			"rotation": {"angle": 22.5, "axis": "z", "origin": [8.35235, 11.0005, 8]},
			"faces": {
				"north": {"uv": [0, 0, 16, 16], "texture": "#652"},
				"east": {"uv": [0, 0, 16, 16], "texture": "#652"},
				"south": {"uv": [0, 0, 16, 16], "texture": "#652"},
				"west": {"uv": [0, 0, 16, 16], "texture": "#652"},
				"up": {"uv": [0, 0, 16, 16], "texture": "#652"},
				"down": {"uv": [0, 0, 16, 16], "texture": "#652"}
			}
		},
		{
			"from": [14.83404, 2.42986, 7.88044],
			"to": [15.47404, 3.30986, 8.12044],
			"rotation": {"angle": -22.5, "axis": "z", "origin": [8.35235, 11.0005, 8]},
			"faces": {
				"north": {"uv": [0, 0, 16, 16], "texture": "#652"},
				"east": {"uv": [0, 0, 16, 16], "texture": "#652"},
				"south": {"uv": [0, 0, 16, 16], "texture": "#652"},
				"west": {"uv": [0, 0, 16, 16], "texture": "#652"},
				"up": {"uv": [0, 0, 16, 16], "texture": "#652"},
				"down": {"uv": [0, 0, 16, 16], "texture": "#652"}
			}
		},
		{
			"from": [8.11697, 19.26637, 7.80544],
			"to": [8.99697, 19.65637, 8.19544],
			"rotation": {"angle": 22.5, "axis": "z", "origin": [8.35235, 11.0005, 8]},
			"faces": {
				"north": {"uv": [0, 0, 16, 16], "rotation": 270, "texture": "#652"},
				"east": {"uv": [0, 0, 16, 16], "rotation": 270, "texture": "#652"},
				"south": {"uv": [0, 0, 16, 16], "rotation": 270, "texture": "#652"},
				"west": {"uv": [0, 0, 16, 16], "rotation": 270, "texture": "#652"},
				"up": {"uv": [0, 0, 16, 16], "rotation": 270, "texture": "#652"},
				"down": {"uv": [0, 0, 16, 16], "rotation": 270, "texture": "#652"}
			}
		},
		{
			"from": [8.11357, 2.35284, 7.80544],
			"to": [8.99357, 2.74284, 8.19544],
			"rotation": {"angle": -22.5, "axis": "z", "origin": [8.35235, 11.0005, 8]},
			"faces": {
				"north": {"uv": [0, 0, 16, 16], "rotation": 270, "texture": "#652"},
				"east": {"uv": [0, 0, 16, 16], "rotation": 270, "texture": "#652"},
				"south": {"uv": [0, 0, 16, 16], "rotation": 270, "texture": "#652"},
				"west": {"uv": [0, 0, 16, 16], "rotation": 270, "texture": "#652"},
				"up": {"uv": [0, 0, 16, 16], "rotation": 270, "texture": "#652"},
				"down": {"uv": [0, 0, 16, 16], "rotation": 270, "texture": "#652"}
			}
		},
		{
			"from": [9.58717, 21.80485, 7.95544],
			"to": [10.46717, 22.34485, 8.04544],
			"rotation": {"angle": 0, "axis": "z", "origin": [8.35235, 11.0005, 8]},
			"faces": {
				"north": {"uv": [0, 0, 16, 16], "rotation": 270, "texture": "#652"},
				"east": {"uv": [0, 0, 16, 16], "rotation": 270, "texture": "#652"},
				"south": {"uv": [0, 0, 16, 16], "rotation": 270, "texture": "#652"},
				"west": {"uv": [0, 0, 16, 16], "rotation": 270, "texture": "#652"},
				"up": {"uv": [0, 0, 16, 16], "rotation": 270, "texture": "#652"},
				"down": {"uv": [0, 0, 16, 16], "rotation": 270, "texture": "#652"}
			}
		},
		{
			"from": [9.58717, -0.33497, 7.95544],
			"to": [10.46717, 0.20503, 8.04544],
			"rotation": {"angle": 0, "axis": "z", "origin": [8.35235, 11.0005, 8]},
			"faces": {
				"north": {"uv": [0, 0, 16, 16], "rotation": 270, "texture": "#652"},
				"east": {"uv": [0, 0, 16, 16], "rotation": 270, "texture": "#652"},
				"south": {"uv": [0, 0, 16, 16], "rotation": 270, "texture": "#652"},
				"west": {"uv": [0, 0, 16, 16], "rotation": 270, "texture": "#652"},
				"up": {"uv": [0, 0, 16, 16], "rotation": 270, "texture": "#652"},
				"down": {"uv": [0, 0, 16, 16], "rotation": 270, "texture": "#652"}
			}
		},
		{
			"from": [8.27851, 21.89512, 7.95544],
			"to": [8.71851, 22.77512, 8.04544],
			"rotation": {"angle": -22.5, "axis": "z", "origin": [8.35235, 11.0005, 8]},
			"faces": {
				"north": {"uv": [0, 0, 16, 16], "texture": "#700"},
				"east": {"uv": [0, 0, 16, 16], "texture": "#700"},
				"south": {"uv": [0, 0, 16, 16], "texture": "#700"},
				"west": {"uv": [0, 0, 16, 16], "texture": "#700"},
				"up": {"uv": [0, 0, 16, 16], "texture": "#700"},
				"down": {"uv": [0, 0, 16, 16], "texture": "#700"}
			}
		},
		{
			"from": [8.28191, -0.76591, 7.95544],
			"to": [8.72191, 0.11409, 8.04544],
			"rotation": {"angle": 22.5, "axis": "z", "origin": [8.35235, 11.0005, 8]},
			"faces": {
				"north": {"uv": [0, 0, 16, 16], "texture": "#700"},
				"east": {"uv": [0, 0, 16, 16], "texture": "#700"},
				"south": {"uv": [0, 0, 16, 16], "texture": "#700"},
				"west": {"uv": [0, 0, 16, 16], "texture": "#700"},
				"up": {"uv": [0, 0, 16, 16], "texture": "#700"},
				"down": {"uv": [0, 0, 16, 16], "texture": "#700"}
			}
		},
		{
			"from": [10.71073, 19.58383, 7.90544],
			"to": [11.15073, 20.46383, 8.09544],
			"rotation": {"angle": 22.5, "axis": "z", "origin": [8.35235, 11.0005, 8]},
			"faces": {
				"north": {"uv": [0, 0, 16, 16], "texture": "#700"},
				"east": {"uv": [0, 0, 16, 16], "texture": "#700"},
				"south": {"uv": [0, 0, 16, 16], "texture": "#700"},
				"west": {"uv": [0, 0, 16, 16], "texture": "#700"},
				"up": {"uv": [0, 0, 16, 16], "texture": "#700"},
				"down": {"uv": [0, 0, 16, 16], "texture": "#700"}
			}
		},
		{
			"from": [7.98527, 18.69136, 8.13044],
			"to": [8.42527, 19.87136, 8.17044],
			"rotation": {"angle": 0, "axis": "z", "origin": [8.20527, 20.70636, 10.00044]},
			"faces": {
				"north": {"uv": [0, 0, 16, 16], "texture": "#720"},
				"east": {"uv": [0, 0, 16, 16], "texture": "#720"},
				"south": {"uv": [0, 0, 16, 16], "texture": "#720"},
				"west": {"uv": [0, 0, 16, 16], "texture": "#720"},
				"up": {"uv": [0, 0, 16, 16], "texture": "#720"},
				"down": {"uv": [0, 0, 16, 16], "texture": "#720"}
			}
		},
		{
			"from": [7.98527, 2.12864, 8.13044],
			"to": [8.42527, 3.30864, 8.17044],
			"rotation": {"angle": 0, "axis": "z", "origin": [8.20527, 1.29364, 10.00044]},
			"faces": {
				"north": {"uv": [0, 16, 16, 0], "texture": "#720"},
				"east": {"uv": [0, 16, 16, 0], "texture": "#720"},
				"south": {"uv": [0, 16, 16, 0], "texture": "#720"},
				"west": {"uv": [0, 16, 16, 0], "texture": "#720"},
				"up": {"uv": [0, 16, 16, 0], "texture": "#720"},
				"down": {"uv": [0, 16, 16, 0], "texture": "#720"}
			}
		},
		{
			"from": [5.58527, 19.51636, 8.13044],
			"to": [6.02527, 20.69636, 8.17044],
			"rotation": {"angle": -45, "axis": "y", "origin": [5.80318, 20.06469, 8.14669]},
			"faces": {
				"north": {"uv": [0, 0, 16, 16], "texture": "#720"},
				"east": {"uv": [0, 0, 16, 16], "texture": "#720"},
				"south": {"uv": [0, 0, 16, 16], "texture": "#720"},
				"west": {"uv": [0, 0, 16, 16], "texture": "#720"},
				"up": {"uv": [0, 0, 16, 16], "texture": "#720"},
				"down": {"uv": [0, 0, 16, 16], "texture": "#720"}
			}
		},
		{
			"from": [5.58527, 1.30364, 8.13044],
			"to": [6.02527, 2.48364, 8.17044],
			"rotation": {"angle": -45, "axis": "y", "origin": [5.80318, 1.93531, 8.14669]},
			"faces": {
				"north": {"uv": [0, 16, 16, 0], "texture": "#720"},
				"east": {"uv": [0, 16, 16, 0], "texture": "#720"},
				"south": {"uv": [0, 16, 16, 0], "texture": "#720"},
				"west": {"uv": [0, 16, 16, 0], "texture": "#720"},
				"up": {"uv": [0, 16, 16, 0], "texture": "#720"},
				"down": {"uv": [0, 16, 16, 0], "texture": "#720"}
			}
		},
		{
			"from": [11.10075, 20.29136, 8.9501],
			"to": [11.14075, 21.47136, 9.3901],
			"rotation": {"angle": 45, "axis": "x", "origin": [7.9245, 22.06469, 10.26801]},
			"faces": {
				"north": {"uv": [0, 0, 16, 16], "texture": "#720"},
				"east": {"uv": [0, 0, 16, 16], "texture": "#720"},
				"south": {"uv": [0, 0, 16, 16], "texture": "#720"},
				"west": {"uv": [0, 0, 16, 16], "texture": "#720"},
				"up": {"uv": [0, 0, 16, 16], "rotation": 90, "texture": "#720"},
				"down": {"uv": [0, 0, 16, 16], "rotation": 270, "texture": "#720"}
			}
		},
		{
			"from": [11.10075, 0.52864, 8.9501],
			"to": [11.14075, 1.70864, 9.3901],
			"rotation": {"angle": -45, "axis": "x", "origin": [7.9245, -0.06469, 10.26801]},
			"faces": {
				"north": {"uv": [0, 16, 16, 0], "texture": "#720"},
				"east": {"uv": [0, 16, 16, 0], "texture": "#720"},
				"south": {"uv": [0, 16, 16, 0], "texture": "#720"},
				"west": {"uv": [0, 16, 16, 0], "texture": "#720"},
				"up": {"uv": [16, 0, 0, 16], "rotation": 270, "texture": "#720"},
				"down": {"uv": [16, 0, 0, 16], "rotation": 90, "texture": "#720"}
			}
		},
		{
			"from": [7.40075, 16.89136, 12.6501],
			"to": [7.44075, 18.07136, 13.0901],
			"rotation": {"angle": 45, "axis": "x", "origin": [7.9245, 22.06469, 10.26801]},
			"faces": {
				"north": {"uv": [0, 0, 16, 16], "texture": "#720"},
				"east": {"uv": [0, 0, 16, 16], "texture": "#720"},
				"south": {"uv": [0, 0, 16, 16], "texture": "#720"},
				"west": {"uv": [0, 0, 16, 16], "texture": "#720"},
				"up": {"uv": [0, 0, 16, 16], "rotation": 90, "texture": "#720"},
				"down": {"uv": [0, 0, 16, 16], "rotation": 270, "texture": "#720"}
			}
		},
		{
			"from": [7.40075, 3.92864, 12.6501],
			"to": [7.44075, 5.10864, 13.0901],
			"rotation": {"angle": -45, "axis": "x", "origin": [7.9245, -0.06469, 10.26801]},
			"faces": {
				"north": {"uv": [0, 16, 16, 0], "texture": "#720"},
				"east": {"uv": [0, 16, 16, 0], "texture": "#720"},
				"south": {"uv": [0, 16, 16, 0], "texture": "#720"},
				"west": {"uv": [0, 16, 16, 0], "texture": "#720"},
				"up": {"uv": [16, 0, 0, 16], "rotation": 270, "texture": "#720"},
				"down": {"uv": [16, 0, 0, 16], "rotation": 90, "texture": "#720"}
			}
		},
		{
			"from": [6.80075, 16.75751, 7.31821],
			"to": [6.84075, 17.93751, 7.75821],
			"rotation": {"angle": -22.5, "axis": "x", "origin": [7.4245, 16.95584, 8.83612]},
			"faces": {
				"north": {"uv": [0, 0, 16, 16], "texture": "#720"},
				"east": {"uv": [0, 0, 16, 16], "texture": "#720"},
				"south": {"uv": [0, 0, 16, 16], "texture": "#720"},
				"west": {"uv": [0, 0, 16, 16], "texture": "#720"},
				"up": {"uv": [0, 0, 16, 16], "rotation": 90, "texture": "#720"},
				"down": {"uv": [0, 0, 16, 16], "rotation": 270, "texture": "#720"}
			}
		},
		{
			"from": [6.80075, 4.06249, 7.31821],
			"to": [6.84075, 5.24249, 7.75821],
			"rotation": {"angle": 22.5, "axis": "x", "origin": [7.4245, 5.04416, 8.83612]},
			"faces": {
				"north": {"uv": [0, 16, 16, 0], "texture": "#720"},
				"east": {"uv": [0, 16, 16, 0], "texture": "#720"},
				"south": {"uv": [0, 16, 16, 0], "texture": "#720"},
				"west": {"uv": [0, 16, 16, 0], "texture": "#720"},
				"up": {"uv": [16, 0, 0, 16], "rotation": 270, "texture": "#720"},
				"down": {"uv": [16, 0, 0, 16], "rotation": 90, "texture": "#720"}
			}
		},
		{
			"from": [11.00075, 19.88251, 8.69321],
			"to": [11.04075, 21.06251, 9.13321],
			"rotation": {"angle": -22.5, "axis": "x", "origin": [7.4245, 16.95584, 8.83612]},
			"faces": {
				"north": {"uv": [0, 0, 16, 16], "texture": "#720"},
				"east": {"uv": [0, 0, 16, 16], "texture": "#720"},
				"south": {"uv": [0, 0, 16, 16], "texture": "#720"},
				"west": {"uv": [0, 0, 16, 16], "texture": "#720"},
				"up": {"uv": [0, 0, 16, 16], "rotation": 90, "texture": "#720"},
				"down": {"uv": [0, 0, 16, 16], "rotation": 270, "texture": "#720"}
			}
		},
		{
			"from": [11.00075, 0.93749, 8.69321],
			"to": [11.04075, 2.11749, 9.13321],
			"rotation": {"angle": 22.5, "axis": "x", "origin": [7.4245, 5.04416, 8.83612]},
			"faces": {
				"north": {"uv": [0, 16, 16, 0], "texture": "#720"},
				"east": {"uv": [0, 16, 16, 0], "texture": "#720"},
				"south": {"uv": [0, 16, 16, 0], "texture": "#720"},
				"west": {"uv": [0, 16, 16, 0], "texture": "#720"},
				"up": {"uv": [16, 0, 0, 16], "rotation": 270, "texture": "#720"},
				"down": {"uv": [16, 0, 0, 16], "rotation": 90, "texture": "#720"}
			}
		},
		{
			"from": [8.41027, 18.79136, 8.13044],
			"to": [8.50027, 19.77136, 8.17044],
			"rotation": {"angle": 0, "axis": "z", "origin": [8.20527, 20.70636, 10.00044]},
			"faces": {
				"north": {"uv": [0, 0, 16, 16], "texture": "#720"},
				"east": {"uv": [0, 0, 16, 16], "texture": "#720"},
				"south": {"uv": [0, 0, 16, 16], "texture": "#720"},
				"west": {"uv": [0, 0, 16, 16], "texture": "#720"},
				"up": {"uv": [0, 0, 16, 16], "texture": "#720"},
				"down": {"uv": [0, 0, 16, 16], "texture": "#720"}
			}
		},
		{
			"from": [8.41027, 2.22864, 8.13044],
			"to": [8.50027, 3.20864, 8.17044],
			"rotation": {"angle": 0, "axis": "z", "origin": [8.20527, 1.29364, 10.00044]},
			"faces": {
				"north": {"uv": [0, 16, 16, 0], "texture": "#720"},
				"east": {"uv": [0, 16, 16, 0], "texture": "#720"},
				"south": {"uv": [0, 16, 16, 0], "texture": "#720"},
				"west": {"uv": [0, 16, 16, 0], "texture": "#720"},
				"up": {"uv": [0, 16, 16, 0], "texture": "#720"},
				"down": {"uv": [0, 16, 16, 0], "texture": "#720"}
			}
		},
		{
			"from": [6.01027, 19.61636, 8.13044],
			"to": [6.10027, 20.59636, 8.17044],
			"rotation": {"angle": -45, "axis": "y", "origin": [5.80318, 20.06469, 8.14669]},
			"faces": {
				"north": {"uv": [0, 0, 16, 16], "texture": "#720"},
				"east": {"uv": [0, 0, 16, 16], "texture": "#720"},
				"south": {"uv": [0, 0, 16, 16], "texture": "#720"},
				"west": {"uv": [0, 0, 16, 16], "texture": "#720"},
				"up": {"uv": [0, 0, 16, 16], "texture": "#720"},
				"down": {"uv": [0, 0, 16, 16], "texture": "#720"}
			}
		},
		{
			"from": [6.01027, 1.40364, 8.13044],
			"to": [6.10027, 2.38364, 8.17044],
			"rotation": {"angle": -45, "axis": "y", "origin": [5.80318, 1.93531, 8.14669]},
			"faces": {
				"north": {"uv": [0, 16, 16, 0], "texture": "#720"},
				"east": {"uv": [0, 16, 16, 0], "texture": "#720"},
				"south": {"uv": [0, 16, 16, 0], "texture": "#720"},
				"west": {"uv": [0, 16, 16, 0], "texture": "#720"},
				"up": {"uv": [0, 16, 16, 0], "texture": "#720"},
				"down": {"uv": [0, 16, 16, 0], "texture": "#720"}
			}
		},
		{
			"from": [11.10075, 20.39136, 9.3751],
			"to": [11.14075, 21.37136, 9.4651],
			"rotation": {"angle": 45, "axis": "x", "origin": [7.9245, 22.06469, 10.26801]},
			"faces": {
				"north": {"uv": [0, 0, 16, 16], "texture": "#720"},
				"east": {"uv": [0, 0, 16, 16], "texture": "#720"},
				"south": {"uv": [0, 0, 16, 16], "texture": "#720"},
				"west": {"uv": [0, 0, 16, 16], "texture": "#720"},
				"up": {"uv": [0, 0, 16, 16], "rotation": 90, "texture": "#720"},
				"down": {"uv": [0, 0, 16, 16], "rotation": 270, "texture": "#720"}
			}
		},
		{
			"from": [11.10075, 0.62864, 9.3751],
			"to": [11.14075, 1.60864, 9.4651],
			"rotation": {"angle": -45, "axis": "x", "origin": [7.9245, -0.06469, 10.26801]},
			"faces": {
				"north": {"uv": [0, 16, 16, 0], "texture": "#720"},
				"east": {"uv": [0, 16, 16, 0], "texture": "#720"},
				"south": {"uv": [0, 16, 16, 0], "texture": "#720"},
				"west": {"uv": [0, 16, 16, 0], "texture": "#720"},
				"up": {"uv": [16, 0, 0, 16], "rotation": 270, "texture": "#720"},
				"down": {"uv": [16, 0, 0, 16], "rotation": 90, "texture": "#720"}
			}
		},
		{
			"from": [7.40075, 16.99136, 13.0751],
			"to": [7.44075, 17.97136, 13.1651],
			"rotation": {"angle": 45, "axis": "x", "origin": [7.9245, 22.06469, 10.26801]},
			"faces": {
				"north": {"uv": [0, 0, 16, 16], "texture": "#720"},
				"east": {"uv": [0, 0, 16, 16], "texture": "#720"},
				"south": {"uv": [0, 0, 16, 16], "texture": "#720"},
				"west": {"uv": [0, 0, 16, 16], "texture": "#720"},
				"up": {"uv": [0, 0, 16, 16], "rotation": 90, "texture": "#720"},
				"down": {"uv": [0, 0, 16, 16], "rotation": 270, "texture": "#720"}
			}
		},
		{
			"from": [7.40075, 4.02864, 13.0751],
			"to": [7.44075, 5.00864, 13.1651],
			"rotation": {"angle": -45, "axis": "x", "origin": [7.9245, -0.06469, 10.26801]},
			"faces": {
				"north": {"uv": [0, 16, 16, 0], "texture": "#720"},
				"east": {"uv": [0, 16, 16, 0], "texture": "#720"},
				"south": {"uv": [0, 16, 16, 0], "texture": "#720"},
				"west": {"uv": [0, 16, 16, 0], "texture": "#720"},
				"up": {"uv": [16, 0, 0, 16], "rotation": 270, "texture": "#720"},
				"down": {"uv": [16, 0, 0, 16], "rotation": 90, "texture": "#720"}
			}
		},
		{
			"from": [6.80075, 16.85751, 7.74321],
			"to": [6.84075, 17.83751, 7.83321],
			"rotation": {"angle": -22.5, "axis": "x", "origin": [7.4245, 16.95584, 8.83612]},
			"faces": {
				"north": {"uv": [0, 0, 16, 16], "texture": "#720"},
				"east": {"uv": [0, 0, 16, 16], "texture": "#720"},
				"south": {"uv": [0, 0, 16, 16], "texture": "#720"},
				"west": {"uv": [0, 0, 16, 16], "texture": "#720"},
				"up": {"uv": [0, 0, 16, 16], "rotation": 90, "texture": "#720"},
				"down": {"uv": [0, 0, 16, 16], "rotation": 270, "texture": "#720"}
			}
		},
		{
			"from": [6.80075, 4.16249, 7.74321],
			"to": [6.84075, 5.14249, 7.83321],
			"rotation": {"angle": 22.5, "axis": "x", "origin": [7.4245, 5.04416, 8.83612]},
			"faces": {
				"north": {"uv": [0, 16, 16, 0], "texture": "#720"},
				"east": {"uv": [0, 16, 16, 0], "texture": "#720"},
				"south": {"uv": [0, 16, 16, 0], "texture": "#720"},
				"west": {"uv": [0, 16, 16, 0], "texture": "#720"},
				"up": {"uv": [16, 0, 0, 16], "rotation": 270, "texture": "#720"},
				"down": {"uv": [16, 0, 0, 16], "rotation": 90, "texture": "#720"}
			}
		},
		{
			"from": [11.00075, 19.98251, 9.11821],
			"to": [11.04075, 20.96251, 9.20821],
			"rotation": {"angle": -22.5, "axis": "x", "origin": [7.4245, 16.95584, 8.83612]},
			"faces": {
				"north": {"uv": [0, 0, 16, 16], "texture": "#720"},
				"east": {"uv": [0, 0, 16, 16], "texture": "#720"},
				"south": {"uv": [0, 0, 16, 16], "texture": "#720"},
				"west": {"uv": [0, 0, 16, 16], "texture": "#720"},
				"up": {"uv": [0, 0, 16, 16], "rotation": 90, "texture": "#720"},
				"down": {"uv": [0, 0, 16, 16], "rotation": 270, "texture": "#720"}
			}
		},
		{
			"from": [11.00075, 1.03749, 9.11821],
			"to": [11.04075, 2.01749, 9.20821],
			"rotation": {"angle": 22.5, "axis": "x", "origin": [7.4245, 5.04416, 8.83612]},
			"faces": {
				"north": {"uv": [0, 16, 16, 0], "texture": "#720"},
				"east": {"uv": [0, 16, 16, 0], "texture": "#720"},
				"south": {"uv": [0, 16, 16, 0], "texture": "#720"},
				"west": {"uv": [0, 16, 16, 0], "texture": "#720"},
				"up": {"uv": [16, 0, 0, 16], "rotation": 270, "texture": "#720"},
				"down": {"uv": [16, 0, 0, 16], "rotation": 90, "texture": "#720"}
			}
		},
		{
			"from": [8.11027, 19.49136, 8.14544],
			"to": [8.30027, 19.97136, 8.14544],
			"rotation": {"angle": 0, "axis": "z", "origin": [8.20527, 20.70636, 10.00044]},
			"faces": {
				"north": {"uv": [0, 0, 16, 16], "texture": "#720"},
				"east": {"uv": [0, 0, 16, 16], "texture": "#720"},
				"south": {"uv": [0, 0, 16, 16], "texture": "#720"},
				"west": {"uv": [0, 0, 16, 16], "texture": "#720"},
				"up": {"uv": [0, 0, 16, 16], "texture": "#720"},
				"down": {"uv": [0, 0, 16, 16], "texture": "#720"}
			}
		},
		{
			"from": [8.11027, 2.02864, 8.14544],
			"to": [8.30027, 2.50864, 8.14544],
			"rotation": {"angle": 0, "axis": "z", "origin": [8.20527, 1.29364, 10.00044]},
			"faces": {
				"north": {"uv": [0, 16, 16, 0], "texture": "#720"},
				"east": {"uv": [0, 16, 16, 0], "texture": "#720"},
				"south": {"uv": [0, 16, 16, 0], "texture": "#720"},
				"west": {"uv": [0, 16, 16, 0], "texture": "#720"},
				"up": {"uv": [0, 16, 16, 0], "texture": "#720"},
				"down": {"uv": [0, 16, 16, 0], "texture": "#720"}
			}
		},
		{
			"from": [5.71027, 20.31636, 8.14544],
			"to": [5.90027, 20.79636, 8.14544],
			"rotation": {"angle": -45, "axis": "y", "origin": [5.80318, 20.06469, 8.14669]},
			"faces": {
				"north": {"uv": [0, 0, 16, 16], "texture": "#720"},
				"east": {"uv": [0, 0, 16, 16], "texture": "#720"},
				"south": {"uv": [0, 0, 16, 16], "texture": "#720"},
				"west": {"uv": [0, 0, 16, 16], "texture": "#720"},
				"up": {"uv": [0, 0, 16, 16], "texture": "#720"},
				"down": {"uv": [0, 0, 16, 16], "texture": "#720"}
			}
		},
		{
			"from": [5.71027, 1.20364, 8.14544],
			"to": [5.90027, 1.68364, 8.14544],
			"rotation": {"angle": -45, "axis": "y", "origin": [5.80318, 1.93531, 8.14669]},
			"faces": {
				"north": {"uv": [0, 16, 16, 0], "texture": "#720"},
				"east": {"uv": [0, 16, 16, 0], "texture": "#720"},
				"south": {"uv": [0, 16, 16, 0], "texture": "#720"},
				"west": {"uv": [0, 16, 16, 0], "texture": "#720"},
				"up": {"uv": [0, 16, 16, 0], "texture": "#720"},
				"down": {"uv": [0, 16, 16, 0], "texture": "#720"}
			}
		},
		{
			"from": [11.12575, 21.09136, 9.0751],
			"to": [11.12575, 21.57136, 9.2651],
			"rotation": {"angle": 45, "axis": "x", "origin": [7.9245, 22.06469, 10.26801]},
			"faces": {
				"north": {"uv": [0, 0, 16, 16], "texture": "#720"},
				"east": {"uv": [0, 0, 16, 16], "texture": "#720"},
				"south": {"uv": [0, 0, 16, 16], "texture": "#720"},
				"west": {"uv": [0, 0, 16, 16], "texture": "#720"},
				"up": {"uv": [0, 0, 16, 16], "rotation": 90, "texture": "#720"},
				"down": {"uv": [0, 0, 16, 16], "rotation": 270, "texture": "#720"}
			}
		},
		{
			"from": [11.12575, 0.42864, 9.0751],
			"to": [11.12575, 0.90864, 9.2651],
			"rotation": {"angle": -45, "axis": "x", "origin": [7.9245, -0.06469, 10.26801]},
			"faces": {
				"north": {"uv": [0, 16, 16, 0], "texture": "#720"},
				"east": {"uv": [0, 16, 16, 0], "texture": "#720"},
				"south": {"uv": [0, 16, 16, 0], "texture": "#720"},
				"west": {"uv": [0, 16, 16, 0], "texture": "#720"},
				"up": {"uv": [16, 0, 0, 16], "rotation": 270, "texture": "#720"},
				"down": {"uv": [16, 0, 0, 16], "rotation": 90, "texture": "#720"}
			}
		},
		{
			"from": [7.42575, 17.69136, 12.7751],
			"to": [7.42575, 18.17136, 12.9651],
			"rotation": {"angle": 45, "axis": "x", "origin": [7.9245, 22.06469, 10.26801]},
			"faces": {
				"north": {"uv": [0, 0, 16, 16], "texture": "#720"},
				"east": {"uv": [0, 0, 16, 16], "texture": "#720"},
				"south": {"uv": [0, 0, 16, 16], "texture": "#720"},
				"west": {"uv": [0, 0, 16, 16], "texture": "#720"},
				"up": {"uv": [0, 0, 16, 16], "rotation": 90, "texture": "#720"},
				"down": {"uv": [0, 0, 16, 16], "rotation": 270, "texture": "#720"}
			}
		},
		{
			"from": [7.42575, 3.82864, 12.7751],
			"to": [7.42575, 4.30864, 12.9651],
			"rotation": {"angle": -45, "axis": "x", "origin": [7.9245, -0.06469, 10.26801]},
			"faces": {
				"north": {"uv": [0, 16, 16, 0], "texture": "#720"},
				"east": {"uv": [0, 16, 16, 0], "texture": "#720"},
				"south": {"uv": [0, 16, 16, 0], "texture": "#720"},
				"west": {"uv": [0, 16, 16, 0], "texture": "#720"},
				"up": {"uv": [16, 0, 0, 16], "rotation": 270, "texture": "#720"},
				"down": {"uv": [16, 0, 0, 16], "rotation": 90, "texture": "#720"}
			}
		},
		{
			"from": [6.82575, 17.55751, 7.44321],
			"to": [6.82575, 18.03751, 7.63321],
			"rotation": {"angle": -22.5, "axis": "x", "origin": [7.4245, 16.95584, 8.83612]},
			"faces": {
				"north": {"uv": [0, 0, 16, 16], "texture": "#720"},
				"east": {"uv": [0, 0, 16, 16], "texture": "#720"},
				"south": {"uv": [0, 0, 16, 16], "texture": "#720"},
				"west": {"uv": [0, 0, 16, 16], "texture": "#720"},
				"up": {"uv": [0, 0, 16, 16], "rotation": 90, "texture": "#720"},
				"down": {"uv": [0, 0, 16, 16], "rotation": 270, "texture": "#720"}
			}
		},
		{
			"from": [6.82575, 3.96249, 7.44321],
			"to": [6.82575, 4.44249, 7.63321],
			"rotation": {"angle": 22.5, "axis": "x", "origin": [7.4245, 5.04416, 8.83612]},
			"faces": {
				"north": {"uv": [0, 16, 16, 0], "texture": "#720"},
				"east": {"uv": [0, 16, 16, 0], "texture": "#720"},
				"south": {"uv": [0, 16, 16, 0], "texture": "#720"},
				"west": {"uv": [0, 16, 16, 0], "texture": "#720"},
				"up": {"uv": [16, 0, 0, 16], "rotation": 270, "texture": "#720"},
				"down": {"uv": [16, 0, 0, 16], "rotation": 90, "texture": "#720"}
			}
		},
		{
			"from": [11.02575, 20.68251, 8.81821],
			"to": [11.02575, 21.16251, 9.00821],
			"rotation": {"angle": -22.5, "axis": "x", "origin": [7.4245, 16.95584, 8.83612]},
			"faces": {
				"north": {"uv": [0, 0, 16, 16], "texture": "#720"},
				"east": {"uv": [0, 0, 16, 16], "texture": "#720"},
				"south": {"uv": [0, 0, 16, 16], "texture": "#720"},
				"west": {"uv": [0, 0, 16, 16], "texture": "#720"},
				"up": {"uv": [0, 0, 16, 16], "rotation": 90, "texture": "#720"},
				"down": {"uv": [0, 0, 16, 16], "rotation": 270, "texture": "#720"}
			}
		},
		{
			"from": [11.02575, 0.83749, 8.81821],
			"to": [11.02575, 1.31749, 9.00821],
			"rotation": {"angle": 22.5, "axis": "x", "origin": [7.4245, 5.04416, 8.83612]},
			"faces": {
				"north": {"uv": [0, 16, 16, 0], "texture": "#720"},
				"east": {"uv": [0, 16, 16, 0], "texture": "#720"},
				"south": {"uv": [0, 16, 16, 0], "texture": "#720"},
				"west": {"uv": [0, 16, 16, 0], "texture": "#720"},
				"up": {"uv": [16, 0, 0, 16], "rotation": 270, "texture": "#720"},
				"down": {"uv": [16, 0, 0, 16], "rotation": 90, "texture": "#720"}
			}
		},
		{
			"from": [8.11027, 18.59136, 8.14544],
			"to": [8.30027, 19.07136, 8.14544],
			"rotation": {"angle": 0, "axis": "z", "origin": [8.20527, 20.70636, 10.00044]},
			"faces": {
				"north": {"uv": [0, 0, 16, 16], "texture": "#720"},
				"east": {"uv": [0, 0, 16, 16], "texture": "#720"},
				"south": {"uv": [0, 0, 16, 16], "texture": "#720"},
				"west": {"uv": [0, 0, 16, 16], "texture": "#720"},
				"up": {"uv": [0, 0, 16, 16], "texture": "#720"},
				"down": {"uv": [0, 0, 16, 16], "texture": "#720"}
			}
		},
		{
			"from": [5.71027, 19.41636, 8.14544],
			"to": [5.90027, 19.89636, 8.14544],
			"rotation": {"angle": -45, "axis": "y", "origin": [5.80318, 20.06469, 8.14669]},
			"faces": {
				"north": {"uv": [0, 0, 16, 16], "texture": "#720"},
				"east": {"uv": [0, 0, 16, 16], "texture": "#720"},
				"south": {"uv": [0, 0, 16, 16], "texture": "#720"},
				"west": {"uv": [0, 0, 16, 16], "texture": "#720"},
				"up": {"uv": [0, 0, 16, 16], "texture": "#720"},
				"down": {"uv": [0, 0, 16, 16], "texture": "#720"}
			}
		},
		{
			"from": [11.12575, 20.19136, 9.0751],
			"to": [11.12575, 20.67136, 9.2651],
			"rotation": {"angle": 45, "axis": "x", "origin": [7.9245, 22.06469, 10.26801]},
			"faces": {
				"north": {"uv": [0, 0, 16, 16], "texture": "#720"},
				"east": {"uv": [0, 0, 16, 16], "texture": "#720"},
				"south": {"uv": [0, 0, 16, 16], "texture": "#720"},
				"west": {"uv": [0, 0, 16, 16], "texture": "#720"},
				"up": {"uv": [0, 0, 16, 16], "rotation": 90, "texture": "#720"},
				"down": {"uv": [0, 0, 16, 16], "rotation": 270, "texture": "#720"}
			}
		},
		{
			"from": [11.12575, 1.32864, 9.0751],
			"to": [11.12575, 1.80864, 9.2651],
			"rotation": {"angle": -45, "axis": "x", "origin": [7.9245, -0.06469, 10.26801]},
			"faces": {
				"north": {"uv": [0, 16, 16, 0], "texture": "#720"},
				"east": {"uv": [0, 16, 16, 0], "texture": "#720"},
				"south": {"uv": [0, 16, 16, 0], "texture": "#720"},
				"west": {"uv": [0, 16, 16, 0], "texture": "#720"},
				"up": {"uv": [16, 0, 0, 16], "rotation": 270, "texture": "#720"},
				"down": {"uv": [16, 0, 0, 16], "rotation": 90, "texture": "#720"}
			}
		},
		{
			"from": [7.42575, 16.79136, 12.7751],
			"to": [7.42575, 17.27136, 12.9651],
			"rotation": {"angle": 45, "axis": "x", "origin": [7.9245, 22.06469, 10.26801]},
			"faces": {
				"north": {"uv": [0, 0, 16, 16], "texture": "#720"},
				"east": {"uv": [0, 0, 16, 16], "texture": "#720"},
				"south": {"uv": [0, 0, 16, 16], "texture": "#720"},
				"west": {"uv": [0, 0, 16, 16], "texture": "#720"},
				"up": {"uv": [0, 0, 16, 16], "rotation": 90, "texture": "#720"},
				"down": {"uv": [0, 0, 16, 16], "rotation": 270, "texture": "#720"}
			}
		},
		{
			"from": [7.42575, 4.72864, 12.7751],
			"to": [7.42575, 5.20864, 12.9651],
			"rotation": {"angle": -45, "axis": "x", "origin": [7.9245, -0.06469, 10.26801]},
			"faces": {
				"north": {"uv": [0, 16, 16, 0], "texture": "#720"},
				"east": {"uv": [0, 16, 16, 0], "texture": "#720"},
				"south": {"uv": [0, 16, 16, 0], "texture": "#720"},
				"west": {"uv": [0, 16, 16, 0], "texture": "#720"},
				"up": {"uv": [16, 0, 0, 16], "rotation": 270, "texture": "#720"},
				"down": {"uv": [16, 0, 0, 16], "rotation": 90, "texture": "#720"}
			}
		},
		{
			"from": [6.82575, 16.65751, 7.44321],
			"to": [6.82575, 17.13751, 7.63321],
			"rotation": {"angle": -22.5, "axis": "x", "origin": [7.4245, 16.95584, 8.83612]},
			"faces": {
				"north": {"uv": [0, 0, 16, 16], "texture": "#720"},
				"east": {"uv": [0, 0, 16, 16], "texture": "#720"},
				"south": {"uv": [0, 0, 16, 16], "texture": "#720"},
				"west": {"uv": [0, 0, 16, 16], "texture": "#720"},
				"up": {"uv": [0, 0, 16, 16], "rotation": 90, "texture": "#720"},
				"down": {"uv": [0, 0, 16, 16], "rotation": 270, "texture": "#720"}
			}
		},
		{
			"from": [6.82575, 4.86249, 7.44321],
			"to": [6.82575, 5.34249, 7.63321],
			"rotation": {"angle": 22.5, "axis": "x", "origin": [7.4245, 5.04416, 8.83612]},
			"faces": {
				"north": {"uv": [0, 16, 16, 0], "texture": "#720"},
				"east": {"uv": [0, 16, 16, 0], "texture": "#720"},
				"south": {"uv": [0, 16, 16, 0], "texture": "#720"},
				"west": {"uv": [0, 16, 16, 0], "texture": "#720"},
				"up": {"uv": [16, 0, 0, 16], "rotation": 270, "texture": "#720"},
				"down": {"uv": [16, 0, 0, 16], "rotation": 90, "texture": "#720"}
			}
		},
		{
			"from": [11.02575, 19.78251, 8.81821],
			"to": [11.02575, 20.26251, 9.00821],
			"rotation": {"angle": -22.5, "axis": "x", "origin": [7.4245, 16.95584, 8.83612]},
			"faces": {
				"north": {"uv": [0, 0, 16, 16], "texture": "#720"},
				"east": {"uv": [0, 0, 16, 16], "texture": "#720"},
				"south": {"uv": [0, 0, 16, 16], "texture": "#720"},
				"west": {"uv": [0, 0, 16, 16], "texture": "#720"},
				"up": {"uv": [0, 0, 16, 16], "rotation": 90, "texture": "#720"},
				"down": {"uv": [0, 0, 16, 16], "rotation": 270, "texture": "#720"}
			}
		},
		{
			"from": [11.02575, 1.73749, 8.81821],
			"to": [11.02575, 2.21749, 9.00821],
			"rotation": {"angle": 22.5, "axis": "x", "origin": [7.4245, 5.04416, 8.83612]},
			"faces": {
				"north": {"uv": [0, 16, 16, 0], "texture": "#720"},
				"east": {"uv": [0, 16, 16, 0], "texture": "#720"},
				"south": {"uv": [0, 16, 16, 0], "texture": "#720"},
				"west": {"uv": [0, 16, 16, 0], "texture": "#720"},
				"up": {"uv": [16, 0, 0, 16], "rotation": 270, "texture": "#720"},
				"down": {"uv": [16, 0, 0, 16], "rotation": 90, "texture": "#720"}
			}
		},
		{
			"from": [8.16027, 18.39136, 8.08044],
			"to": [8.22527, 19.67136, 8.19544],
			"rotation": {"angle": 0, "axis": "z", "origin": [8.20527, 20.70636, 10.00044]},
			"faces": {
				"north": {"uv": [0, 0, 5, 16], "texture": "#717"},
				"east": {"uv": [0, 0, 5, 16], "texture": "#717"},
				"south": {"uv": [0, 0, 5, 16], "texture": "#717"},
				"west": {"uv": [0, 0, 5, 16], "texture": "#717"},
				"up": {"uv": [0, 0, 5, 16], "texture": "#717"},
				"down": {"uv": [0, 0, 5, 16], "texture": "#717"}
			}
		},
		{
			"from": [8.16027, 2.32864, 8.08044],
			"to": [8.22527, 3.60864, 8.19544],
			"rotation": {"angle": 0, "axis": "z", "origin": [8.20527, 1.29364, 10.00044]},
			"faces": {
				"north": {"uv": [0, 16, 5, 0], "texture": "#717"},
				"east": {"uv": [0, 16, 5, 0], "texture": "#717"},
				"south": {"uv": [0, 16, 5, 0], "texture": "#717"},
				"west": {"uv": [0, 16, 5, 0], "texture": "#717"},
				"up": {"uv": [0, 16, 5, 0], "texture": "#717"},
				"down": {"uv": [0, 16, 5, 0], "texture": "#717"}
			}
		},
		{
			"from": [5.76027, 19.21636, 8.08044],
			"to": [5.82527, 20.49636, 8.19544],
			"rotation": {"angle": -45, "axis": "y", "origin": [5.80318, 20.06469, 8.14669]},
			"faces": {
				"north": {"uv": [0, 0, 5, 16], "texture": "#717"},
				"east": {"uv": [0, 0, 5, 16], "texture": "#717"},
				"south": {"uv": [0, 0, 5, 16], "texture": "#717"},
				"west": {"uv": [0, 0, 5, 16], "texture": "#717"},
				"up": {"uv": [0, 0, 5, 16], "texture": "#717"},
				"down": {"uv": [0, 0, 5, 16], "texture": "#717"}
			}
		},
		{
			"from": [5.76027, 1.50364, 8.08044],
			"to": [5.82527, 2.78364, 8.19544],
			"rotation": {"angle": -45, "axis": "y", "origin": [5.80318, 1.93531, 8.14669]},
			"faces": {
				"north": {"uv": [0, 16, 5, 0], "texture": "#717"},
				"east": {"uv": [0, 16, 5, 0], "texture": "#717"},
				"south": {"uv": [0, 16, 5, 0], "texture": "#717"},
				"west": {"uv": [0, 16, 5, 0], "texture": "#717"},
				"up": {"uv": [0, 16, 5, 0], "texture": "#717"},
				"down": {"uv": [0, 16, 5, 0], "texture": "#717"}
			}
		},
		{
			"from": [11.07575, 19.99136, 9.1251],
			"to": [11.19075, 21.27136, 9.1901],
			"rotation": {"angle": 45, "axis": "x", "origin": [7.9245, 22.06469, 10.26801]},
			"faces": {
				"north": {"uv": [0, 0, 5, 16], "texture": "#717"},
				"east": {"uv": [0, 0, 5, 16], "texture": "#717"},
				"south": {"uv": [0, 0, 5, 16], "texture": "#717"},
				"west": {"uv": [0, 0, 5, 16], "texture": "#717"},
				"up": {"uv": [0, 0, 5, 16], "rotation": 90, "texture": "#717"},
				"down": {"uv": [0, 0, 5, 16], "rotation": 270, "texture": "#717"}
			}
		},
		{
			"from": [11.07575, 0.72864, 9.1251],
			"to": [11.19075, 2.00864, 9.1901],
			"rotation": {"angle": -45, "axis": "x", "origin": [7.9245, -0.06469, 10.26801]},
			"faces": {
				"north": {"uv": [0, 16, 5, 0], "texture": "#717"},
				"east": {"uv": [0, 16, 5, 0], "texture": "#717"},
				"south": {"uv": [0, 16, 5, 0], "texture": "#717"},
				"west": {"uv": [0, 16, 5, 0], "texture": "#717"},
				"up": {"uv": [5, 0, 0, 16], "rotation": 270, "texture": "#717"},
				"down": {"uv": [5, 0, 0, 16], "rotation": 90, "texture": "#717"}
			}
		},
		{
			"from": [7.37575, 16.59136, 12.8251],
			"to": [7.49075, 17.87136, 12.8901],
			"rotation": {"angle": 45, "axis": "x", "origin": [7.9245, 22.06469, 10.26801]},
			"faces": {
				"north": {"uv": [0, 0, 5, 16], "texture": "#717"},
				"east": {"uv": [0, 0, 5, 16], "texture": "#717"},
				"south": {"uv": [0, 0, 5, 16], "texture": "#717"},
				"west": {"uv": [0, 0, 5, 16], "texture": "#717"},
				"up": {"uv": [0, 0, 5, 16], "rotation": 90, "texture": "#717"},
				"down": {"uv": [0, 0, 5, 16], "rotation": 270, "texture": "#717"}
			}
		},
		{
			"from": [7.37575, 4.12864, 12.8251],
			"to": [7.49075, 5.40864, 12.8901],
			"rotation": {"angle": -45, "axis": "x", "origin": [7.9245, -0.06469, 10.26801]},
			"faces": {
				"north": {"uv": [0, 16, 5, 0], "texture": "#717"},
				"east": {"uv": [0, 16, 5, 0], "texture": "#717"},
				"south": {"uv": [0, 16, 5, 0], "texture": "#717"},
				"west": {"uv": [0, 16, 5, 0], "texture": "#717"},
				"up": {"uv": [5, 0, 0, 16], "rotation": 270, "texture": "#717"},
				"down": {"uv": [5, 0, 0, 16], "rotation": 90, "texture": "#717"}
			}
		},
		{
			"from": [6.77575, 16.45751, 7.49321],
			"to": [6.89075, 17.73751, 7.55821],
			"rotation": {"angle": -22.5, "axis": "x", "origin": [7.4245, 16.95584, 8.83612]},
			"faces": {
				"north": {"uv": [0, 0, 5, 16], "texture": "#717"},
				"east": {"uv": [0, 0, 5, 16], "texture": "#717"},
				"south": {"uv": [0, 0, 5, 16], "texture": "#717"},
				"west": {"uv": [0, 0, 5, 16], "texture": "#717"},
				"up": {"uv": [0, 0, 5, 16], "rotation": 90, "texture": "#717"},
				"down": {"uv": [0, 0, 5, 16], "rotation": 270, "texture": "#717"}
			}
		},
		{
			"from": [6.77575, 4.26249, 7.49321],
			"to": [6.89075, 5.54249, 7.55821],
			"rotation": {"angle": 22.5, "axis": "x", "origin": [7.4245, 5.04416, 8.83612]},
			"faces": {
				"north": {"uv": [0, 16, 5, 0], "texture": "#717"},
				"east": {"uv": [0, 16, 5, 0], "texture": "#717"},
				"south": {"uv": [0, 16, 5, 0], "texture": "#717"},
				"west": {"uv": [0, 16, 5, 0], "texture": "#717"},
				"up": {"uv": [5, 0, 0, 16], "rotation": 270, "texture": "#717"},
				"down": {"uv": [5, 0, 0, 16], "rotation": 90, "texture": "#717"}
			}
		},
		{
			"from": [10.97575, 19.58251, 8.86821],
			"to": [11.09075, 20.86251, 8.93321],
			"rotation": {"angle": -22.5, "axis": "x", "origin": [7.4245, 16.95584, 8.83612]},
			"faces": {
				"north": {"uv": [0, 0, 5, 16], "texture": "#717"},
				"east": {"uv": [0, 0, 5, 16], "texture": "#717"},
				"south": {"uv": [0, 0, 5, 16], "texture": "#717"},
				"west": {"uv": [0, 0, 5, 16], "texture": "#717"},
				"up": {"uv": [0, 0, 5, 16], "rotation": 90, "texture": "#717"},
				"down": {"uv": [0, 0, 5, 16], "rotation": 270, "texture": "#717"}
			}
		},
		{
			"from": [10.97575, 1.13749, 8.86821],
			"to": [11.09075, 2.41749, 8.93321],
			"rotation": {"angle": 22.5, "axis": "x", "origin": [7.4245, 5.04416, 8.83612]},
			"faces": {
				"north": {"uv": [0, 16, 5, 0], "texture": "#717"},
				"east": {"uv": [0, 16, 5, 0], "texture": "#717"},
				"south": {"uv": [0, 16, 5, 0], "texture": "#717"},
				"west": {"uv": [0, 16, 5, 0], "texture": "#717"},
				"up": {"uv": [5, 0, 0, 16], "rotation": 270, "texture": "#717"},
				"down": {"uv": [5, 0, 0, 16], "rotation": 90, "texture": "#717"}
			}
		},
		{
			"from": [7.91027, 18.79136, 8.13044],
			"to": [8.00027, 19.77136, 8.17044],
			"rotation": {"angle": 0, "axis": "z", "origin": [8.20527, 20.70636, 10.00044]},
			"faces": {
				"north": {"uv": [0, 0, 16, 16], "texture": "#720"},
				"east": {"uv": [0, 0, 16, 16], "texture": "#720"},
				"south": {"uv": [0, 0, 16, 16], "texture": "#720"},
				"west": {"uv": [0, 0, 16, 16], "texture": "#720"},
				"up": {"uv": [0, 0, 16, 16], "texture": "#720"},
				"down": {"uv": [0, 0, 16, 16], "texture": "#720"}
			}
		},
		{
			"from": [7.91027, 2.22864, 8.13044],
			"to": [8.00027, 3.20864, 8.17044],
			"rotation": {"angle": 0, "axis": "z", "origin": [8.20527, 1.29364, 10.00044]},
			"faces": {
				"north": {"uv": [0, 16, 16, 0], "texture": "#720"},
				"east": {"uv": [0, 16, 16, 0], "texture": "#720"},
				"south": {"uv": [0, 16, 16, 0], "texture": "#720"},
				"west": {"uv": [0, 16, 16, 0], "texture": "#720"},
				"up": {"uv": [0, 16, 16, 0], "texture": "#720"},
				"down": {"uv": [0, 16, 16, 0], "texture": "#720"}
			}
		},
		{
			"from": [5.51027, 19.61636, 8.13044],
			"to": [5.60027, 20.59636, 8.17044],
			"rotation": {"angle": -45, "axis": "y", "origin": [5.80318, 20.06469, 8.14669]},
			"faces": {
				"north": {"uv": [0, 0, 16, 16], "texture": "#720"},
				"east": {"uv": [0, 0, 16, 16], "texture": "#720"},
				"south": {"uv": [0, 0, 16, 16], "texture": "#720"},
				"west": {"uv": [0, 0, 16, 16], "texture": "#720"},
				"up": {"uv": [0, 0, 16, 16], "texture": "#720"},
				"down": {"uv": [0, 0, 16, 16], "texture": "#720"}
			}
		},
		{
			"from": [5.51027, 1.40364, 8.13044],
			"to": [5.60027, 2.38364, 8.17044],
			"rotation": {"angle": -45, "axis": "y", "origin": [5.80318, 1.93531, 8.14669]},
			"faces": {
				"north": {"uv": [0, 16, 16, 0], "texture": "#720"},
				"east": {"uv": [0, 16, 16, 0], "texture": "#720"},
				"south": {"uv": [0, 16, 16, 0], "texture": "#720"},
				"west": {"uv": [0, 16, 16, 0], "texture": "#720"},
				"up": {"uv": [0, 16, 16, 0], "texture": "#720"},
				"down": {"uv": [0, 16, 16, 0], "texture": "#720"}
			}
		},
		{
			"from": [11.10075, 20.39136, 8.8751],
			"to": [11.14075, 21.37136, 8.9651],
			"rotation": {"angle": 45, "axis": "x", "origin": [7.9245, 22.06469, 10.26801]},
			"faces": {
				"north": {"uv": [0, 0, 16, 16], "texture": "#720"},
				"east": {"uv": [0, 0, 16, 16], "texture": "#720"},
				"south": {"uv": [0, 0, 16, 16], "texture": "#720"},
				"west": {"uv": [0, 0, 16, 16], "texture": "#720"},
				"up": {"uv": [0, 0, 16, 16], "rotation": 90, "texture": "#720"},
				"down": {"uv": [0, 0, 16, 16], "rotation": 270, "texture": "#720"}
			}
		},
		{
			"from": [11.10075, 0.62864, 8.8751],
			"to": [11.14075, 1.60864, 8.9651],
			"rotation": {"angle": -45, "axis": "x", "origin": [7.9245, -0.06469, 10.26801]},
			"faces": {
				"north": {"uv": [0, 16, 16, 0], "texture": "#720"},
				"east": {"uv": [0, 16, 16, 0], "texture": "#720"},
				"south": {"uv": [0, 16, 16, 0], "texture": "#720"},
				"west": {"uv": [0, 16, 16, 0], "texture": "#720"},
				"up": {"uv": [16, 0, 0, 16], "rotation": 270, "texture": "#720"},
				"down": {"uv": [16, 0, 0, 16], "rotation": 90, "texture": "#720"}
			}
		},
		{
			"from": [7.40075, 16.99136, 12.5751],
			"to": [7.44075, 17.97136, 12.6651],
			"rotation": {"angle": 45, "axis": "x", "origin": [7.9245, 22.06469, 10.26801]},
			"faces": {
				"north": {"uv": [0, 0, 16, 16], "texture": "#720"},
				"east": {"uv": [0, 0, 16, 16], "texture": "#720"},
				"south": {"uv": [0, 0, 16, 16], "texture": "#720"},
				"west": {"uv": [0, 0, 16, 16], "texture": "#720"},
				"up": {"uv": [0, 0, 16, 16], "rotation": 90, "texture": "#720"},
				"down": {"uv": [0, 0, 16, 16], "rotation": 270, "texture": "#720"}
			}
		},
		{
			"from": [7.40075, 4.02864, 12.5751],
			"to": [7.44075, 5.00864, 12.6651],
			"rotation": {"angle": -45, "axis": "x", "origin": [7.9245, -0.06469, 10.26801]},
			"faces": {
				"north": {"uv": [0, 16, 16, 0], "texture": "#720"},
				"east": {"uv": [0, 16, 16, 0], "texture": "#720"},
				"south": {"uv": [0, 16, 16, 0], "texture": "#720"},
				"west": {"uv": [0, 16, 16, 0], "texture": "#720"},
				"up": {"uv": [16, 0, 0, 16], "rotation": 270, "texture": "#720"},
				"down": {"uv": [16, 0, 0, 16], "rotation": 90, "texture": "#720"}
			}
		},
		{
			"from": [6.80075, 16.85751, 7.24321],
			"to": [6.84075, 17.83751, 7.33321],
			"rotation": {"angle": -22.5, "axis": "x", "origin": [7.4245, 16.95584, 8.83612]},
			"faces": {
				"north": {"uv": [0, 0, 16, 16], "texture": "#720"},
				"east": {"uv": [0, 0, 16, 16], "texture": "#720"},
				"south": {"uv": [0, 0, 16, 16], "texture": "#720"},
				"west": {"uv": [0, 0, 16, 16], "texture": "#720"},
				"up": {"uv": [0, 0, 16, 16], "rotation": 90, "texture": "#720"},
				"down": {"uv": [0, 0, 16, 16], "rotation": 270, "texture": "#720"}
			}
		},
		{
			"from": [6.80075, 4.16249, 7.24321],
			"to": [6.84075, 5.14249, 7.33321],
			"rotation": {"angle": 22.5, "axis": "x", "origin": [7.4245, 5.04416, 8.83612]},
			"faces": {
				"north": {"uv": [0, 16, 16, 0], "texture": "#720"},
				"east": {"uv": [0, 16, 16, 0], "texture": "#720"},
				"south": {"uv": [0, 16, 16, 0], "texture": "#720"},
				"west": {"uv": [0, 16, 16, 0], "texture": "#720"},
				"up": {"uv": [16, 0, 0, 16], "rotation": 270, "texture": "#720"},
				"down": {"uv": [16, 0, 0, 16], "rotation": 90, "texture": "#720"}
			}
		},
		{
			"from": [11.00075, 19.98251, 8.61821],
			"to": [11.04075, 20.96251, 8.70821],
			"rotation": {"angle": -22.5, "axis": "x", "origin": [7.4245, 16.95584, 8.83612]},
			"faces": {
				"north": {"uv": [0, 0, 16, 16], "texture": "#720"},
				"east": {"uv": [0, 0, 16, 16], "texture": "#720"},
				"south": {"uv": [0, 0, 16, 16], "texture": "#720"},
				"west": {"uv": [0, 0, 16, 16], "texture": "#720"},
				"up": {"uv": [0, 0, 16, 16], "rotation": 90, "texture": "#720"},
				"down": {"uv": [0, 0, 16, 16], "rotation": 270, "texture": "#720"}
			}
		},
		{
			"from": [11.00075, 1.03749, 8.61821],
			"to": [11.04075, 2.01749, 8.70821],
			"rotation": {"angle": 22.5, "axis": "x", "origin": [7.4245, 5.04416, 8.83612]},
			"faces": {
				"north": {"uv": [0, 16, 16, 0], "texture": "#720"},
				"east": {"uv": [0, 16, 16, 0], "texture": "#720"},
				"south": {"uv": [0, 16, 16, 0], "texture": "#720"},
				"west": {"uv": [0, 16, 16, 0], "texture": "#720"},
				"up": {"uv": [16, 0, 0, 16], "rotation": 270, "texture": "#720"},
				"down": {"uv": [16, 0, 0, 16], "rotation": 90, "texture": "#720"}
			}
		},
		{
			"from": [10.70733, 1.54538, 7.90544],
			"to": [11.14733, 2.42538, 8.09544],
			"rotation": {"angle": -22.5, "axis": "z", "origin": [8.35235, 11.0005, 8]},
			"faces": {
				"north": {"uv": [0, 0, 16, 16], "texture": "#700"},
				"east": {"uv": [0, 0, 16, 16], "texture": "#700"},
				"south": {"uv": [0, 0, 16, 16], "texture": "#700"},
				"west": {"uv": [0, 0, 16, 16], "texture": "#700"},
				"up": {"uv": [0, 0, 16, 16], "texture": "#700"},
				"down": {"uv": [0, 0, 16, 16], "texture": "#700"}
			}
		},
		{
			"from": [15.84958, 17.81938, 7.95544],
			"to": [16.72958, 18.25938, 8.04544],
			"rotation": {"angle": 45, "axis": "z", "origin": [8.35235, 11.0005, 8]},
			"faces": {
				"north": {"uv": [0, 0, 16, 16], "rotation": 270, "texture": "#652"},
				"east": {"uv": [0, 0, 16, 16], "rotation": 270, "texture": "#652"},
				"south": {"uv": [0, 0, 16, 16], "rotation": 270, "texture": "#652"},
				"west": {"uv": [0, 0, 16, 16], "rotation": 270, "texture": "#652"},
				"up": {"uv": [0, 0, 16, 16], "rotation": 270, "texture": "#652"},
				"down": {"uv": [0, 0, 16, 16], "rotation": 270, "texture": "#652"}
			}
		},
		{
			"from": [15.84329, 3.7479, 7.95544],
			"to": [16.72329, 4.1879, 8.04544],
			"rotation": {"angle": -45, "axis": "z", "origin": [8.35235, 11.0005, 8]},
			"faces": {
				"north": {"uv": [0, 0, 16, 16], "rotation": 270, "texture": "#652"},
				"east": {"uv": [0, 0, 16, 16], "rotation": 270, "texture": "#652"},
				"south": {"uv": [0, 0, 16, 16], "rotation": 270, "texture": "#652"},
				"west": {"uv": [0, 0, 16, 16], "rotation": 270, "texture": "#652"},
				"up": {"uv": [0, 0, 16, 16], "rotation": 270, "texture": "#652"},
				"down": {"uv": [0, 0, 16, 16], "rotation": 270, "texture": "#652"}
			}
		},
		{
			"from": [16.67825, 19.51438, 7.95544],
			"to": [17.01825, 20.39438, 8.04544],
			"rotation": {"angle": 22.5, "axis": "z", "origin": [8.35235, 11.0005, 8]},
			"faces": {
				"north": {"uv": [0, 0, 16, 16], "texture": "#700"},
				"east": {"uv": [0, 0, 16, 16], "texture": "#700"},
				"south": {"uv": [0, 0, 16, 16], "texture": "#700"},
				"west": {"uv": [0, 0, 16, 16], "texture": "#700"},
				"up": {"uv": [0, 0, 16, 16], "texture": "#700"},
				"down": {"uv": [0, 0, 16, 16], "texture": "#700"}
			}
		},
		{
			"from": [16.67485, 1.61483, 7.95544],
			"to": [17.01485, 2.49483, 8.04544],
			"rotation": {"angle": -22.5, "axis": "z", "origin": [8.35235, 11.0005, 8]},
			"faces": {
				"north": {"uv": [0, 0, 16, 16], "texture": "#700"},
				"east": {"uv": [0, 0, 16, 16], "texture": "#700"},
				"south": {"uv": [0, 0, 16, 16], "texture": "#700"},
				"west": {"uv": [0, 0, 16, 16], "texture": "#700"},
				"up": {"uv": [0, 0, 16, 16], "texture": "#700"},
				"down": {"uv": [0, 0, 16, 16], "texture": "#700"}
			}
		},
		{
			"from": [2.31264, 19.41191, 7.90544],
			"to": [3.19264, 19.75191, 8.09544],
			"rotation": {"angle": -22.5, "axis": "z", "origin": [8.35235, 11.0005, 8]},
			"faces": {
				"north": {"uv": [0, 0, 16, 16], "rotation": 90, "texture": "#700"},
				"east": {"uv": [0, 0, 16, 16], "rotation": 90, "texture": "#700"},
				"south": {"uv": [0, 0, 16, 16], "rotation": 90, "texture": "#700"},
				"west": {"uv": [0, 0, 16, 16], "rotation": 90, "texture": "#700"},
				"up": {"uv": [0, 0, 16, 16], "rotation": 90, "texture": "#700"},
				"down": {"uv": [0, 0, 16, 16], "rotation": 90, "texture": "#700"}
			}
		},
		{
			"from": [2.31605, 2.2573, 7.90544],
			"to": [3.19605, 2.5973, 8.09544],
			"rotation": {"angle": 22.5, "axis": "z", "origin": [8.35235, 11.0005, 8]},
			"faces": {
				"north": {"uv": [0, 0, 16, 16], "rotation": 90, "texture": "#700"},
				"east": {"uv": [0, 0, 16, 16], "rotation": 90, "texture": "#700"},
				"south": {"uv": [0, 0, 16, 16], "rotation": 90, "texture": "#700"},
				"west": {"uv": [0, 0, 16, 16], "rotation": 90, "texture": "#700"},
				"up": {"uv": [0, 0, 16, 16], "rotation": 90, "texture": "#700"},
				"down": {"uv": [0, 0, 16, 16], "rotation": 90, "texture": "#700"}
			}
		},
		{
			"from": [7.22405, 17.12892, 7.68044],
			"to": [7.86405, 17.84892, 8.32044],
			"rotation": {"angle": 0, "axis": "z", "origin": [8.35235, 11.0005, 8]},
			"faces": {
				"north": {"uv": [0, 0, 16, 16], "texture": "#652"},
				"east": {"uv": [0, 0, 16, 16], "texture": "#652"},
				"south": {"uv": [0, 0, 16, 16], "texture": "#652"},
				"west": {"uv": [0, 0, 16, 16], "texture": "#652"},
				"up": {"uv": [0, 0, 16, 16], "texture": "#652"},
				"down": {"uv": [0, 0, 16, 16], "texture": "#652"}
			}
		},
		{
			"from": [7.22405, 4.16097, 7.68044],
			"to": [7.86405, 4.88097, 8.32044],
			"rotation": {"angle": 0, "axis": "z", "origin": [8.35235, 11.0005, 8]},
			"faces": {
				"north": {"uv": [0, 0, 16, 16], "texture": "#652"},
				"east": {"uv": [0, 0, 16, 16], "texture": "#652"},
				"south": {"uv": [0, 0, 16, 16], "texture": "#652"},
				"west": {"uv": [0, 0, 16, 16], "texture": "#652"},
				"up": {"uv": [0, 0, 16, 16], "texture": "#652"},
				"down": {"uv": [0, 0, 16, 16], "texture": "#652"}
			}
		},
		{
			"from": [7.59177, 20.08298, 7.83044],
			"to": [8.23177, 20.80298, 8.17044],
			"rotation": {"angle": -22.5, "axis": "z", "origin": [8.35235, 11.0005, 8]},
			"faces": {
				"north": {"uv": [0, 0, 16, 16], "texture": "#652"},
				"east": {"uv": [0, 0, 16, 16], "texture": "#652"},
				"south": {"uv": [0, 0, 16, 16], "texture": "#652"},
				"west": {"uv": [0, 0, 16, 16], "texture": "#652"},
				"up": {"uv": [0, 0, 16, 16], "texture": "#652"},
				"down": {"uv": [0, 0, 16, 16], "texture": "#652"}
			}
		},
		{
			"from": [7.59517, 1.20623, 7.83044],
			"to": [8.23517, 1.92623, 8.17044],
			"rotation": {"angle": 22.5, "axis": "z", "origin": [8.35235, 11.0005, 8]},
			"faces": {
				"north": {"uv": [0, 0, 16, 16], "texture": "#652"},
				"east": {"uv": [0, 0, 16, 16], "texture": "#652"},
				"south": {"uv": [0, 0, 16, 16], "texture": "#652"},
				"west": {"uv": [0, 0, 16, 16], "texture": "#652"},
				"up": {"uv": [0, 0, 16, 16], "texture": "#652"},
				"down": {"uv": [0, 0, 16, 16], "texture": "#652"}
			}
		},
		{
			"from": [3.22798, 17.45227, 7.75544],
			"to": [3.94798, 17.89227, 8.24544],
			"rotation": {"angle": -22.5, "axis": "z", "origin": [8.35235, 11.0005, 8]},
			"faces": {
				"north": {"uv": [0, 0, 16, 16], "rotation": 270, "texture": "#652"},
				"east": {"uv": [0, 0, 16, 16], "rotation": 270, "texture": "#652"},
				"south": {"uv": [0, 0, 16, 16], "rotation": 270, "texture": "#652"},
				"west": {"uv": [0, 0, 16, 16], "rotation": 270, "texture": "#652"},
				"up": {"uv": [0, 0, 16, 16], "rotation": 270, "texture": "#652"},
				"down": {"uv": [0, 0, 16, 16], "rotation": 270, "texture": "#652"}
			}
		},
		{
			"from": [3.23138, 4.11694, 7.75544],
			"to": [3.95138, 4.55694, 8.24544],
			"rotation": {"angle": 22.5, "axis": "z", "origin": [8.35235, 11.0005, 8]},
			"faces": {
				"north": {"uv": [0, 0, 16, 16], "rotation": 270, "texture": "#652"},
				"east": {"uv": [0, 0, 16, 16], "rotation": 270, "texture": "#652"},
				"south": {"uv": [0, 0, 16, 16], "rotation": 270, "texture": "#652"},
				"west": {"uv": [0, 0, 16, 16], "rotation": 270, "texture": "#652"},
				"up": {"uv": [0, 0, 16, 16], "rotation": 270, "texture": "#652"},
				"down": {"uv": [0, 0, 16, 16], "rotation": 270, "texture": "#652"}
			}
		},
		{
			"from": [2.43723, 20.22219, 7.90544],
			"to": [3.15723, 20.86219, 8.09544],
			"rotation": {"angle": -45, "axis": "z", "origin": [8.35235, 11.0005, 8]},
			"faces": {
				"north": {"uv": [0, 0, 16, 16], "rotation": 270, "texture": "#652"},
				"east": {"uv": [0, 0, 16, 16], "rotation": 270, "texture": "#652"},
				"south": {"uv": [0, 0, 16, 16], "rotation": 270, "texture": "#652"},
				"west": {"uv": [0, 0, 16, 16], "rotation": 270, "texture": "#652"},
				"up": {"uv": [0, 0, 16, 16], "rotation": 270, "texture": "#652"},
				"down": {"uv": [0, 0, 16, 16], "rotation": 270, "texture": "#652"}
			}
		},
		{
			"from": [2.44352, 1.14509, 7.90544],
			"to": [3.16352, 1.78509, 8.09544],
			"rotation": {"angle": 45, "axis": "z", "origin": [8.35235, 11.0005, 8]},
			"faces": {
				"north": {"uv": [0, 0, 16, 16], "rotation": 270, "texture": "#652"},
				"east": {"uv": [0, 0, 16, 16], "rotation": 270, "texture": "#652"},
				"south": {"uv": [0, 0, 16, 16], "rotation": 270, "texture": "#652"},
				"west": {"uv": [0, 0, 16, 16], "rotation": 270, "texture": "#652"},
				"up": {"uv": [0, 0, 16, 16], "rotation": 270, "texture": "#652"},
				"down": {"uv": [0, 0, 16, 16], "rotation": 270, "texture": "#652"}
			}
		},
		{
			"from": [15.05449, 18.12991, 7.90544],
			"to": [15.77449, 18.66991, 8.09544],
			"rotation": {"angle": 22.5, "axis": "z", "origin": [8.35235, 11.0005, 8]},
			"faces": {
				"north": {"uv": [0, 0, 16, 16], "rotation": 270, "texture": "#700"},
				"east": {"uv": [0, 0, 16, 16], "rotation": 270, "texture": "#700"},
				"south": {"uv": [0, 0, 16, 16], "rotation": 270, "texture": "#700"},
				"west": {"uv": [0, 0, 16, 16], "rotation": 270, "texture": "#700"},
				"up": {"uv": [0, 0, 16, 16], "rotation": 270, "texture": "#700"},
				"down": {"uv": [0, 0, 16, 16], "rotation": 270, "texture": "#700"}
			}
		},
		{
			"from": [15.05109, 3.33929, 7.90544],
			"to": [15.77109, 3.87929, 8.09544],
			"rotation": {"angle": -22.5, "axis": "z", "origin": [8.35235, 11.0005, 8]},
			"faces": {
				"north": {"uv": [0, 0, 16, 16], "rotation": 270, "texture": "#700"},
				"east": {"uv": [0, 0, 16, 16], "rotation": 270, "texture": "#700"},
				"south": {"uv": [0, 0, 16, 16], "rotation": 270, "texture": "#700"},
				"west": {"uv": [0, 0, 16, 16], "rotation": 270, "texture": "#700"},
				"up": {"uv": [0, 0, 16, 16], "rotation": 270, "texture": "#700"},
				"down": {"uv": [0, 0, 16, 16], "rotation": 270, "texture": "#700"}
			}
		},
		{
			"from": [4.03711, 17.78815, 7.85544],
			"to": [4.57711, 18.50815, 8.14544],
			"rotation": {"angle": -22.5, "axis": "z", "origin": [8.35235, 11.0005, 8]},
			"faces": {
				"north": {"uv": [0, 0, 16, 16], "texture": "#700"},
				"east": {"uv": [0, 0, 16, 16], "texture": "#700"},
				"south": {"uv": [0, 0, 16, 16], "texture": "#700"},
				"west": {"uv": [0, 0, 16, 16], "texture": "#700"},
				"up": {"uv": [0, 0, 16, 16], "texture": "#700"},
				"down": {"uv": [0, 0, 16, 16], "texture": "#700"}
			}
		},
		{
			"from": [4.04051, 3.50106, 7.85544],
			"to": [4.58051, 4.22106, 8.14544],
			"rotation": {"angle": 22.5, "axis": "z", "origin": [8.35235, 11.0005, 8]},
			"faces": {
				"north": {"uv": [0, 0, 16, 16], "texture": "#700"},
				"east": {"uv": [0, 0, 16, 16], "texture": "#700"},
				"south": {"uv": [0, 0, 16, 16], "texture": "#700"},
				"west": {"uv": [0, 0, 16, 16], "texture": "#700"},
				"up": {"uv": [0, 0, 16, 16], "texture": "#700"},
				"down": {"uv": [0, 0, 16, 16], "texture": "#700"}
			}
		},
		{
			"from": [0.38454, 13.55607, 7.83044],
			"to": [0.67454, 14.17607, 8.17044],
			"rotation": {"angle": -45, "axis": "z", "origin": [8.35235, 11.0005, 8]},
			"faces": {
				"north": {"uv": [0, 0, 16, 16], "rotation": 180, "texture": "#652"},
				"east": {"uv": [0, 0, 16, 16], "rotation": 180, "texture": "#652"},
				"south": {"uv": [0, 0, 16, 16], "rotation": 180, "texture": "#652"},
				"west": {"uv": [0, 0, 16, 16], "rotation": 180, "texture": "#652"},
				"up": {"uv": [0, 0, 16, 16], "rotation": 180, "texture": "#652"},
				"down": {"uv": [0, 0, 16, 16], "rotation": 180, "texture": "#652"}
			}
		},
		{
			"from": [0.39082, 7.83121, 7.83044],
			"to": [0.68082, 8.45121, 8.17044],
			"rotation": {"angle": 45, "axis": "z", "origin": [8.35235, 11.0005, 8]},
			"faces": {
				"north": {"uv": [0, 0, 16, 16], "rotation": 180, "texture": "#652"},
				"east": {"uv": [0, 0, 16, 16], "rotation": 180, "texture": "#652"},
				"south": {"uv": [0, 0, 16, 16], "rotation": 180, "texture": "#652"},
				"west": {"uv": [0, 0, 16, 16], "rotation": 180, "texture": "#652"},
				"up": {"uv": [0, 0, 16, 16], "rotation": 180, "texture": "#652"},
				"down": {"uv": [0, 0, 16, 16], "rotation": 180, "texture": "#652"}
			}
		},
		{
			"from": [13.15678, 20.45713, 7.98044],
			"to": [13.87678, 20.99713, 8.02044],
			"rotation": {"angle": 22.5, "axis": "z", "origin": [8.35235, 11.0005, 8]},
			"faces": {
				"north": {"uv": [0, 0, 16, 16], "rotation": 270, "texture": "#652"},
				"east": {"uv": [0, 0, 16, 16], "rotation": 270, "texture": "#652"},
				"south": {"uv": [0, 0, 16, 16], "rotation": 270, "texture": "#652"},
				"west": {"uv": [0, 0, 16, 16], "rotation": 270, "texture": "#652"},
				"up": {"uv": [0, 0, 16, 16], "rotation": 270, "texture": "#652"},
				"down": {"uv": [0, 0, 16, 16], "rotation": 270, "texture": "#652"}
			}
		},
		{
			"from": [13.15338, 1.01207, 7.98044],
			"to": [13.87338, 1.55207, 8.02044],
			"rotation": {"angle": -22.5, "axis": "z", "origin": [8.35235, 11.0005, 8]},
			"faces": {
				"north": {"uv": [0, 0, 16, 16], "rotation": 270, "texture": "#652"},
				"east": {"uv": [0, 0, 16, 16], "rotation": 270, "texture": "#652"},
				"south": {"uv": [0, 0, 16, 16], "rotation": 270, "texture": "#652"},
				"west": {"uv": [0, 0, 16, 16], "rotation": 270, "texture": "#652"},
				"up": {"uv": [0, 0, 16, 16], "rotation": 270, "texture": "#652"},
				"down": {"uv": [0, 0, 16, 16], "rotation": 270, "texture": "#652"}
			}
		},
		{
			"from": [12.73734, 21.65812, 7.98044],
			"to": [13.17734, 22.37812, 8.02044],
			"rotation": {"angle": 0, "axis": "z", "origin": [8.35235, 11.0005, 8]},
			"faces": {
				"north": {"uv": [0, 0, 16, 16], "texture": "#700"},
				"east": {"uv": [0, 0, 16, 16], "texture": "#700"},
				"south": {"uv": [0, 0, 16, 16], "texture": "#700"},
				"west": {"uv": [0, 0, 16, 16], "texture": "#700"},
				"up": {"uv": [0, 0, 16, 16], "texture": "#700"},
				"down": {"uv": [0, 0, 16, 16], "texture": "#700"}
			}
		},
		{
			"from": [12.73734, -0.36824, 7.98044],
			"to": [13.17734, 0.35176, 8.02044],
			"rotation": {"angle": 0, "axis": "z", "origin": [8.35235, 11.0005, 8]},
			"faces": {
				"north": {"uv": [0, 0, 16, 16], "texture": "#700"},
				"east": {"uv": [0, 0, 16, 16], "texture": "#700"},
				"south": {"uv": [0, 0, 16, 16], "texture": "#700"},
				"west": {"uv": [0, 0, 16, 16], "texture": "#700"},
				"up": {"uv": [0, 0, 16, 16], "texture": "#700"},
				"down": {"uv": [0, 0, 16, 16], "texture": "#700"}
			}
		},
		{
			"from": [14.09993, 18.592, 7.93044],
			"to": [14.53993, 19.312, 8.07044],
			"rotation": {"angle": 45, "axis": "z", "origin": [8.35235, 11.0005, 8]},
			"faces": {
				"north": {"uv": [0, 0, 16, 16], "texture": "#700"},
				"east": {"uv": [0, 0, 16, 16], "texture": "#700"},
				"south": {"uv": [0, 0, 16, 16], "texture": "#700"},
				"west": {"uv": [0, 0, 16, 16], "texture": "#700"},
				"up": {"uv": [0, 0, 16, 16], "texture": "#700"},
				"down": {"uv": [0, 0, 16, 16], "texture": "#700"}
			}
		},
		{
			"from": [14.09365, 2.69528, 7.93044],
			"to": [14.53365, 3.41528, 8.07044],
			"rotation": {"angle": -45, "axis": "z", "origin": [8.35235, 11.0005, 8]},
			"faces": {
				"north": {"uv": [0, 0, 16, 16], "texture": "#700"},
				"east": {"uv": [0, 0, 16, 16], "texture": "#700"},
				"south": {"uv": [0, 0, 16, 16], "texture": "#700"},
				"west": {"uv": [0, 0, 16, 16], "texture": "#700"},
				"up": {"uv": [0, 0, 16, 16], "texture": "#700"},
				"down": {"uv": [0, 0, 16, 16], "texture": "#700"}
			}
		},
		{
			"from": [4.63433, 20.06547, 7.98044],
			"to": [4.97433, 20.78547, 8.02044],
			"rotation": {"angle": -22.5, "axis": "z", "origin": [8.35235, 11.0005, 8]},
			"faces": {
				"north": {"uv": [0, 0, 16, 16], "rotation": 180, "texture": "#652"},
				"east": {"uv": [0, 0, 16, 16], "rotation": 180, "texture": "#652"},
				"south": {"uv": [0, 0, 16, 16], "rotation": 180, "texture": "#652"},
				"west": {"uv": [0, 0, 16, 16], "rotation": 180, "texture": "#652"},
				"up": {"uv": [0, 0, 16, 16], "rotation": 180, "texture": "#652"},
				"down": {"uv": [0, 0, 16, 16], "rotation": 180, "texture": "#652"}
			}
		},
		{
			"from": [4.63773, 1.22374, 7.98044],
			"to": [4.97773, 1.94374, 8.02044],
			"rotation": {"angle": 22.5, "axis": "z", "origin": [8.35235, 11.0005, 8]},
			"faces": {
				"north": {"uv": [0, 0, 16, 16], "rotation": 180, "texture": "#652"},
				"east": {"uv": [0, 0, 16, 16], "rotation": 180, "texture": "#652"},
				"south": {"uv": [0, 0, 16, 16], "rotation": 180, "texture": "#652"},
				"west": {"uv": [0, 0, 16, 16], "rotation": 180, "texture": "#652"},
				"up": {"uv": [0, 0, 16, 16], "rotation": 180, "texture": "#652"},
				"down": {"uv": [0, 0, 16, 16], "rotation": 180, "texture": "#652"}
			}
		},
		{
			"from": [2.38869, 22.23477, 7.98044],
			"to": [3.10869, 22.47477, 8.02044],
			"rotation": {"angle": -45, "axis": "z", "origin": [8.35235, 11.0005, 8]},
			"faces": {
				"north": {"uv": [0, 0, 16, 16], "rotation": 90, "texture": "#700"},
				"east": {"uv": [0, 0, 16, 16], "rotation": 90, "texture": "#700"},
				"south": {"uv": [0, 0, 16, 16], "rotation": 90, "texture": "#700"},
				"west": {"uv": [0, 0, 16, 16], "rotation": 90, "texture": "#700"},
				"up": {"uv": [0, 0, 16, 16], "rotation": 90, "texture": "#700"},
				"down": {"uv": [0, 0, 16, 16], "rotation": 90, "texture": "#700"}
			}
		},
		{
			"from": [2.39497, -0.46748, 7.98044],
			"to": [3.11497, -0.22748, 8.02044],
			"rotation": {"angle": 45, "axis": "z", "origin": [8.35235, 11.0005, 8]},
			"faces": {
				"north": {"uv": [0, 0, 16, 16], "rotation": 90, "texture": "#700"},
				"east": {"uv": [0, 0, 16, 16], "rotation": 90, "texture": "#700"},
				"south": {"uv": [0, 0, 16, 16], "rotation": 90, "texture": "#700"},
				"west": {"uv": [0, 0, 16, 16], "rotation": 90, "texture": "#700"},
				"up": {"uv": [0, 0, 16, 16], "rotation": 90, "texture": "#700"},
				"down": {"uv": [0, 0, 16, 16], "rotation": 90, "texture": "#700"}
			}
		},
		{
			"from": [5.52026, 21.03018, 7.93044],
			"to": [6.24026, 21.27018, 8.07044],
			"rotation": {"angle": 0, "axis": "z", "origin": [8.35235, 11.0005, 8]},
			"faces": {
				"north": {"uv": [0, 0, 16, 16], "rotation": 90, "texture": "#700"},
				"east": {"uv": [0, 0, 16, 16], "rotation": 90, "texture": "#700"},
				"south": {"uv": [0, 0, 16, 16], "rotation": 90, "texture": "#700"},
				"west": {"uv": [0, 0, 16, 16], "rotation": 90, "texture": "#700"},
				"up": {"uv": [0, 0, 16, 16], "rotation": 90, "texture": "#700"},
				"down": {"uv": [0, 0, 16, 16], "rotation": 90, "texture": "#700"}
			}
		},
		{
			"from": [5.52026, 0.7397, 7.93044],
			"to": [6.24026, 0.9797, 8.07044],
			"rotation": {"angle": 0, "axis": "z", "origin": [8.35235, 11.0005, 8]},
			"faces": {
				"north": {"uv": [0, 0, 16, 16], "rotation": 90, "texture": "#700"},
				"east": {"uv": [0, 0, 16, 16], "rotation": 90, "texture": "#700"},
				"south": {"uv": [0, 0, 16, 16], "rotation": 90, "texture": "#700"},
				"west": {"uv": [0, 0, 16, 16], "rotation": 90, "texture": "#700"},
				"up": {"uv": [0, 0, 16, 16], "rotation": 90, "texture": "#700"},
				"down": {"uv": [0, 0, 16, 16], "rotation": 90, "texture": "#700"}
			}
		}
	],
	"gui_light": "front",
	"display": {
		"thirdperson_righthand": {
			"rotation": [0, -83.5, 0],
			"translation": [0.5, -4.75, 2.75]
		},
		"thirdperson_lefthand": {
			"rotation": [135, 90, 20],
			"translation": [0, -5, 4.35],
			"scale": [2, 2, 2]
		},
		"firstperson_righthand": {
			"rotation": [0, -83, 0],
			"translation": [0, -2.75, 2]
		},
		"firstperson_lefthand": {
			"rotation": [145, 111, -35],
			"translation": [3.29, 2.08, 4.01],
			"scale": [2, 2, 2]
		},
		"ground": {
			"translation": [0, 10.25, 0]
		},
		"gui": {
			"rotation": [14.5, 17, -44.5],
			"translation": [-2.25, -0.5, 0],
			"scale": [0.77, 0.75, 1.48]
		},
		"head": {
			"translation": [0, 7, 0]
		},
		"fixed": {
			"rotation": [0, 0, -137.25],
			"translation": [-1, 3.5, -1.75]
		}
	}
}