{
	"credit": "Made with Blockbench",
	"textures": {
		"28": "block/bee_nest_bottom",
		"150": "block/composter_side",
		"259": "block/gold_block",
		"314": "block/jukebox_side",
		"560": "block/spruce_log",
		"644": "block/yellow_glazed_terracotta",
		"particle": "block/acacia_door_bottom"
	},
	"gui_light": "front",
	"elements": [
		{
			"from": [7.5, 7.5, 7.5],
			"to": [8.5, 8.5, 8.5],
			"faces": {
				"north": {"uv": [0, 0, 16, 16], "texture": "#28"},
				"east": {"uv": [0, 0, 16, 16], "texture": "#28"},
				"south": {"uv": [0, 0, 16, 16], "texture": "#28"},
				"west": {"uv": [0, 0, 16, 16], "texture": "#28"},
				"up": {"uv": [0, 0, 16, 16], "texture": "#28"},
				"down": {"uv": [0, 0, 16, 16], "texture": "#28"}
			}
		},
		{
			"from": [7.5, 13.5, 7.5],
			"to": [8.5, 14.5, 8.5],
			"faces": {
				"north": {"uv": [0, 0, 16, 16], "texture": "#28"},
				"east": {"uv": [0, 0, 16, 16], "texture": "#28"},
				"south": {"uv": [0, 0, 16, 16], "texture": "#28"},
				"west": {"uv": [0, 0, 16, 16], "texture": "#28"},
				"up": {"uv": [0, 0, 16, 16], "texture": "#28"},
				"down": {"uv": [0, 0, 16, 16], "texture": "#28"}
			}
		},
		{
			"from": [7.6, 14.3, 7.5],
			"to": [8.4, 17.3, 8.3],
			"rotation": {"angle": -22.5, "axis": "x", "origin": [8, 14.8, 7.9]},
			"faces": {
				"north": {"uv": [0, 0, 16, 16], "texture": "#560"},
				"east": {"uv": [0, 0, 16, 16], "texture": "#560"},
				"south": {"uv": [0, 0, 16, 16], "texture": "#560"},
				"west": {"uv": [0, 0, 16, 16], "texture": "#560"},
				"up": {"uv": [0, 0, 16, 16], "texture": "#560"},
				"down": {"uv": [0, 0, 16, 16], "texture": "#560"}
			}
		},
		{
			"from": [7.5, 15.8, 7.4],
			"to": [8.5, 16.3, 8.4],
			"rotation": {"angle": -22.5, "axis": "x", "origin": [8, 14.8, 7.9]},
			"faces": {
				"north": {"uv": [3, 5, 11, 13], "texture": "#259"},
				"east": {"uv": [3, 5, 11, 13], "texture": "#259"},
				"south": {"uv": [3, 5, 11, 13], "texture": "#259"},
				"west": {"uv": [3, 5, 11, 13], "texture": "#259"},
				"up": {"uv": [3, 5, 11, 13], "texture": "#259"},
				"down": {"uv": [3, 5, 11, 13], "texture": "#259"}
			}
		},
		{
			"from": [7.5, 5.7, 7.4],
			"to": [8.5, 6.2, 8.4],
			"rotation": {"angle": 22.5, "axis": "x", "origin": [8, 7.2, 7.9]},
			"faces": {
				"north": {"uv": [3, 5, 11, 13], "texture": "#259"},
				"east": {"uv": [3, 5, 11, 13], "texture": "#259"},
				"south": {"uv": [3, 5, 11, 13], "texture": "#259"},
				"west": {"uv": [3, 5, 11, 13], "texture": "#259"},
				"up": {"uv": [3, 5, 11, 13], "texture": "#259"},
				"down": {"uv": [3, 5, 11, 13], "texture": "#259"}
			}
		},
		{
			"from": [7.6, 4.7, 7.5],
			"to": [8.4, 7.7, 8.3],
			"rotation": {"angle": 22.5, "axis": "x", "origin": [8, 7.2, 7.9]},
			"faces": {
				"north": {"uv": [0, 0, 16, 16], "texture": "#560"},
				"east": {"uv": [0, 0, 16, 16], "texture": "#560"},
				"south": {"uv": [0, 0, 16, 16], "texture": "#560"},
				"west": {"uv": [0, 0, 16, 16], "texture": "#560"},
				"up": {"uv": [0, 0, 16, 16], "texture": "#560"},
				"down": {"uv": [0, 0, 16, 16], "texture": "#560"}
			}
		},
		{
			"from": [7.625, 16.94888, 6.59232],
			"to": [8.375, 19.94888, 7.34232],
			"rotation": {"angle": 0, "axis": "x", "origin": [8, 18.44888, 6.96732]},
			"faces": {
				"north": {"uv": [0, 0, 16, 16], "texture": "#560"},
				"east": {"uv": [0, 0, 16, 16], "texture": "#560"},
				"south": {"uv": [0, 0, 16, 16], "texture": "#560"},
				"west": {"uv": [0, 0, 16, 16], "texture": "#560"},
				"up": {"uv": [0, 0, 16, 16], "texture": "#560"},
				"down": {"uv": [0, 0, 16, 16], "texture": "#560"}
			}
		},
		{
			"from": [7.625, 2.05112, 6.59232],
			"to": [8.375, 5.05112, 7.34232],
			"rotation": {"angle": 0, "axis": "x", "origin": [8, 3.55112, 6.96732]},
			"faces": {
				"north": {"uv": [0, 0, 16, 16], "texture": "#560"},
				"east": {"uv": [0, 0, 16, 16], "texture": "#560"},
				"south": {"uv": [0, 0, 16, 16], "texture": "#560"},
				"west": {"uv": [0, 0, 16, 16], "texture": "#560"},
				"up": {"uv": [0, 0, 16, 16], "texture": "#560"},
				"down": {"uv": [0, 0, 16, 16], "texture": "#560"}
			}
		},
		{
			"from": [7.65, 19.69888, 7.16732],
			"to": [8.35, 21.89888, 7.86732],
			"rotation": {"angle": 22.5, "axis": "x", "origin": [8, 21.19888, 7.51732]},
			"faces": {
				"north": {"uv": [0, 0, 16, 16], "texture": "#560"},
				"east": {"uv": [0, 0, 16, 16], "texture": "#560"},
				"south": {"uv": [0, 0, 16, 16], "texture": "#560"},
				"west": {"uv": [0, 0, 16, 16], "texture": "#560"},
				"up": {"uv": [0, 0, 16, 16], "texture": "#560"},
				"down": {"uv": [0, 0, 16, 16], "texture": "#560"}
			}
		},
		{
			"from": [7.65, 0.10112, 7.16732],
			"to": [8.35, 2.30112, 7.86732],
			"rotation": {"angle": -22.5, "axis": "x", "origin": [8, 0.80112, 7.51732]},
			"faces": {
				"north": {"uv": [0, 0, 16, 16], "texture": "#560"},
				"east": {"uv": [0, 0, 16, 16], "texture": "#560"},
				"south": {"uv": [0, 0, 16, 16], "texture": "#560"},
				"west": {"uv": [0, 0, 16, 16], "texture": "#560"},
				"up": {"uv": [0, 0, 16, 16], "texture": "#560"},
				"down": {"uv": [0, 0, 16, 16], "texture": "#560"}
			}
		},
		{
			"from": [7.75, 21.29888, 8.51732],
			"to": [8.25, 23.49888, 9.11732],
			"rotation": {"angle": 45, "axis": "x", "origin": [8, 22.79888, 8.76732]},
			"faces": {
				"north": {"uv": [0, 0, 16, 16], "texture": "#560"},
				"east": {"uv": [0, 0, 16, 16], "texture": "#560"},
				"south": {"uv": [0, 0, 16, 16], "texture": "#560"},
				"west": {"uv": [0, 0, 16, 16], "texture": "#560"},
				"up": {"uv": [0, 0, 16, 16], "texture": "#560"},
				"down": {"uv": [0, 0, 16, 16], "texture": "#560"}
			}
		},
		{
			"from": [7.75, -1.49888, 8.51732],
			"to": [8.25, 0.70112, 9.11732],
			"rotation": {"angle": -45, "axis": "x", "origin": [8, -0.79888, 8.76732]},
			"faces": {
				"north": {"uv": [0, 0, 16, 16], "texture": "#560"},
				"east": {"uv": [0, 0, 16, 16], "texture": "#560"},
				"south": {"uv": [0, 0, 16, 16], "texture": "#560"},
				"west": {"uv": [0, 0, 16, 16], "texture": "#560"},
				"up": {"uv": [0, 0, 16, 16], "texture": "#560"},
				"down": {"uv": [0, 0, 16, 16], "texture": "#560"}
			}
		},
		{
			"from": [7.8, 24.45568, 10.81983],
			"to": [8.2, 24.93068, 12.01983],
			"rotation": {"angle": -45, "axis": "x", "origin": [8, 24.75568, 11.91983]},
			"faces": {
				"north": {"uv": [0, 0, 16, 16], "rotation": 270, "texture": "#560"},
				"east": {"uv": [0, 0, 16, 16], "rotation": 270, "texture": "#560"},
				"south": {"uv": [0, 0, 16, 16], "rotation": 270, "texture": "#560"},
				"west": {"uv": [0, 0, 16, 16], "rotation": 270, "texture": "#560"},
				"up": {"uv": [0, 0, 16, 16], "rotation": 270, "texture": "#560"},
				"down": {"uv": [0, 0, 16, 16], "rotation": 270, "texture": "#560"}
			}
		},
		{
			"from": [7.8, -2.93068, 10.81983],
			"to": [8.2, -2.45568, 12.01983],
			"rotation": {"angle": 45, "axis": "x", "origin": [8, -2.75568, 11.91983]},
			"faces": {
				"north": {"uv": [0, 0, 16, 16], "rotation": 270, "texture": "#560"},
				"east": {"uv": [0, 0, 16, 16], "rotation": 270, "texture": "#560"},
				"south": {"uv": [0, 0, 16, 16], "rotation": 270, "texture": "#560"},
				"west": {"uv": [0, 0, 16, 16], "rotation": 270, "texture": "#560"},
				"up": {"uv": [0, 0, 16, 16], "rotation": 270, "texture": "#560"},
				"down": {"uv": [0, 0, 16, 16], "rotation": 270, "texture": "#560"}
			}
		},
		{
			"from": [7.825, 24.60793, 11.74797],
			"to": [8.175, 25.50793, 12.17297],
			"rotation": {"angle": 0, "axis": "x", "origin": [8, 25.20793, 11.96047]},
			"faces": {
				"north": {"uv": [0, 0, 16, 16], "texture": "#560"},
				"east": {"uv": [0, 0, 16, 16], "texture": "#560"},
				"south": {"uv": [0, 0, 16, 16], "texture": "#560"},
				"west": {"uv": [0, 0, 16, 16], "texture": "#560"},
				"up": {"uv": [0, 0, 16, 16], "texture": "#560"},
				"down": {"uv": [0, 0, 16, 16], "texture": "#560"}
			}
		},
		{
			"from": [7.825, -3.50793, 11.74797],
			"to": [8.175, -2.60793, 12.17297],
			"rotation": {"angle": 0, "axis": "x", "origin": [8, -3.20793, 11.96047]},
			"faces": {
				"north": {"uv": [0, 0, 16, 16], "texture": "#560"},
				"east": {"uv": [0, 0, 16, 16], "texture": "#560"},
				"south": {"uv": [0, 0, 16, 16], "texture": "#560"},
				"west": {"uv": [0, 0, 16, 16], "texture": "#560"},
				"up": {"uv": [0, 0, 16, 16], "texture": "#560"},
				"down": {"uv": [0, 0, 16, 16], "texture": "#560"}
			}
		},
		{
			"from": [7.85, 25.38293, 11.54797],
			"to": [8.15, 26.08293, 11.94797],
			"rotation": {"angle": -22.5, "axis": "x", "origin": [8, 25.98293, 11.73547]},
			"faces": {
				"north": {"uv": [0, 0, 16, 16], "texture": "#560"},
				"east": {"uv": [0, 0, 16, 16], "texture": "#560"},
				"south": {"uv": [0, 0, 16, 16], "texture": "#560"},
				"west": {"uv": [0, 0, 16, 16], "texture": "#560"},
				"up": {"uv": [0, 0, 16, 16], "texture": "#560"},
				"down": {"uv": [0, 0, 16, 16], "texture": "#560"}
			}
		},
		{
			"from": [7.85, -4.08293, 11.54797],
			"to": [8.15, -3.38293, 11.94797],
			"rotation": {"angle": 22.5, "axis": "x", "origin": [8, -3.98293, 11.73547]},
			"faces": {
				"north": {"uv": [0, 0, 16, 16], "texture": "#560"},
				"east": {"uv": [0, 0, 16, 16], "texture": "#560"},
				"south": {"uv": [0, 0, 16, 16], "texture": "#560"},
				"west": {"uv": [0, 0, 16, 16], "texture": "#560"},
				"up": {"uv": [0, 0, 16, 16], "texture": "#560"},
				"down": {"uv": [0, 0, 16, 16], "texture": "#560"}
			}
		},
		{
			"from": [7.875, 26.04543, 11.16047],
			"to": [8.125, 26.37043, 11.86047],
			"rotation": {"angle": 22.5, "axis": "x", "origin": [8, 26.18293, 11.26047]},
			"faces": {
				"north": {"uv": [0, 0, 16, 16], "rotation": 90, "texture": "#560"},
				"east": {"uv": [0, 0, 16, 16], "rotation": 90, "texture": "#560"},
				"south": {"uv": [0, 0, 16, 16], "rotation": 90, "texture": "#560"},
				"west": {"uv": [0, 0, 16, 16], "rotation": 90, "texture": "#560"},
				"up": {"uv": [0, 0, 16, 16], "rotation": 90, "texture": "#560"},
				"down": {"uv": [0, 0, 16, 16], "rotation": 90, "texture": "#560"}
			}
		},
		{
			"from": [7.875, -4.37043, 11.16047],
			"to": [8.125, -4.04543, 11.86047],
			"rotation": {"angle": -22.5, "axis": "x", "origin": [8, -4.18293, 11.26047]},
			"faces": {
				"north": {"uv": [0, 0, 16, 16], "rotation": 90, "texture": "#560"},
				"east": {"uv": [0, 0, 16, 16], "rotation": 90, "texture": "#560"},
				"south": {"uv": [0, 0, 16, 16], "rotation": 90, "texture": "#560"},
				"west": {"uv": [0, 0, 16, 16], "rotation": 90, "texture": "#560"},
				"up": {"uv": [0, 0, 16, 16], "rotation": 90, "texture": "#560"},
				"down": {"uv": [0, 0, 16, 16], "rotation": 90, "texture": "#560"}
			}
		},
		{
			"from": [7.9, 25.87043, 10.81047],
			"to": [8.1, 26.17043, 11.36047],
			"rotation": {"angle": -22.5, "axis": "x", "origin": [8, 25.98293, 10.76047]},
			"faces": {
				"north": {"uv": [0, 0, 16, 16], "rotation": 90, "texture": "#560"},
				"east": {"uv": [0, 0, 16, 16], "rotation": 90, "texture": "#560"},
				"south": {"uv": [0, 0, 16, 16], "rotation": 90, "texture": "#560"},
				"west": {"uv": [0, 0, 16, 16], "rotation": 90, "texture": "#560"},
				"up": {"uv": [0, 0, 16, 16], "rotation": 90, "texture": "#560"},
				"down": {"uv": [0, 0, 16, 16], "rotation": 90, "texture": "#560"}
			}
		},
		{
			"from": [7.9, -4.17043, 10.81047],
			"to": [8.1, -3.87043, 11.36047],
			"rotation": {"angle": 22.5, "axis": "x", "origin": [8, -3.98293, 10.76047]},
			"faces": {
				"north": {"uv": [0, 0, 16, 16], "rotation": 90, "texture": "#560"},
				"east": {"uv": [0, 0, 16, 16], "rotation": 90, "texture": "#560"},
				"south": {"uv": [0, 0, 16, 16], "rotation": 90, "texture": "#560"},
				"west": {"uv": [0, 0, 16, 16], "rotation": 90, "texture": "#560"},
				"up": {"uv": [0, 0, 16, 16], "rotation": 90, "texture": "#560"},
				"down": {"uv": [0, 0, 16, 16], "rotation": 90, "texture": "#560"}
			}
		},
		{
			"from": [7.925, 25.60793, 10.52297],
			"to": [8.075, 26.15793, 10.77297],
			"rotation": {"angle": 22.5, "axis": "x", "origin": [8, 25.55793, 10.68547]},
			"faces": {
				"north": {"uv": [0, 0, 16, 16], "rotation": 180, "texture": "#560"},
				"east": {"uv": [0, 0, 16, 16], "rotation": 180, "texture": "#560"},
				"south": {"uv": [0, 0, 16, 16], "rotation": 180, "texture": "#560"},
				"west": {"uv": [0, 0, 16, 16], "rotation": 180, "texture": "#560"},
				"up": {"uv": [0, 0, 16, 16], "rotation": 180, "texture": "#560"},
				"down": {"uv": [0, 0, 16, 16], "rotation": 180, "texture": "#560"}
			}
		},
		{
			"from": [7.925, -4.15793, 10.52297],
			"to": [8.075, -3.60793, 10.77297],
			"rotation": {"angle": -22.5, "axis": "x", "origin": [8, -3.55793, 10.68547]},
			"faces": {
				"north": {"uv": [0, 0, 16, 16], "rotation": 180, "texture": "#560"},
				"east": {"uv": [0, 0, 16, 16], "rotation": 180, "texture": "#560"},
				"south": {"uv": [0, 0, 16, 16], "rotation": 180, "texture": "#560"},
				"west": {"uv": [0, 0, 16, 16], "rotation": 180, "texture": "#560"},
				"up": {"uv": [0, 0, 16, 16], "rotation": 180, "texture": "#560"},
				"down": {"uv": [0, 0, 16, 16], "rotation": 180, "texture": "#560"}
			}
		},
		{
			"from": [7.95, 25.43293, 10.82297],
			"to": [8.05, 25.78293, 11.02297],
			"rotation": {"angle": -22.5, "axis": "x", "origin": [8, 25.18293, 10.93547]},
			"faces": {
				"north": {"uv": [0, 0, 16, 16], "rotation": 180, "texture": "#560"},
				"east": {"uv": [0, 0, 16, 16], "rotation": 180, "texture": "#560"},
				"south": {"uv": [0, 0, 16, 16], "rotation": 180, "texture": "#560"},
				"west": {"uv": [0, 0, 16, 16], "rotation": 180, "texture": "#560"},
				"up": {"uv": [0, 0, 16, 16], "rotation": 180, "texture": "#560"},
				"down": {"uv": [0, 0, 16, 16], "rotation": 180, "texture": "#560"}
			}
		},
		{
			"from": [7.95, -3.78293, 10.82297],
			"to": [8.05, -3.43293, 11.02297],
			"rotation": {"angle": 22.5, "axis": "x", "origin": [8, -3.18293, 10.93547]},
			"faces": {
				"north": {"uv": [0, 0, 16, 16], "rotation": 180, "texture": "#560"},
				"east": {"uv": [0, 0, 16, 16], "rotation": 180, "texture": "#560"},
				"south": {"uv": [0, 0, 16, 16], "rotation": 180, "texture": "#560"},
				"west": {"uv": [0, 0, 16, 16], "rotation": 180, "texture": "#560"},
				"up": {"uv": [0, 0, 16, 16], "rotation": 180, "texture": "#560"},
				"down": {"uv": [0, 0, 16, 16], "rotation": 180, "texture": "#560"}
			}
		},
		{
			"from": [7.975, 25.3708, 10.76128],
			"to": [8.025, 25.4708, 11.11128],
			"rotation": {"angle": 22.5, "axis": "x", "origin": [8, 25.3958, 10.93628]},
			"faces": {
				"north": {"uv": [0, 0, 16, 16], "rotation": 270, "texture": "#560"},
				"east": {"uv": [0, 0, 16, 16], "rotation": 270, "texture": "#560"},
				"south": {"uv": [0, 0, 16, 16], "rotation": 270, "texture": "#560"},
				"west": {"uv": [0, 0, 16, 16], "rotation": 270, "texture": "#560"},
				"up": {"uv": [0, 0, 16, 16], "rotation": 270, "texture": "#560"},
				"down": {"uv": [0, 0, 16, 16], "rotation": 270, "texture": "#560"}
			}
		},
		{
			"from": [7.975, -3.4708, 10.76128],
			"to": [8.025, -3.3708, 11.11128],
			"rotation": {"angle": -22.5, "axis": "x", "origin": [8, -3.3958, 10.93628]},
			"faces": {
				"north": {"uv": [0, 0, 16, 16], "rotation": 270, "texture": "#560"},
				"east": {"uv": [0, 0, 16, 16], "rotation": 270, "texture": "#560"},
				"south": {"uv": [0, 0, 16, 16], "rotation": 270, "texture": "#560"},
				"west": {"uv": [0, 0, 16, 16], "rotation": 270, "texture": "#560"},
				"up": {"uv": [0, 0, 16, 16], "rotation": 270, "texture": "#560"},
				"down": {"uv": [0, 0, 16, 16], "rotation": 270, "texture": "#560"}
			}
		},
		{
			"from": [7.775, 23.30568, 9.11983],
			"to": [8.225, 23.88068, 11.31983],
			"rotation": {"angle": -22.5, "axis": "x", "origin": [8, 23.60568, 10.21983]},
			"faces": {
				"north": {"uv": [0, 0, 16, 16], "rotation": 270, "texture": "#560"},
				"east": {"uv": [0, 0, 16, 16], "rotation": 270, "texture": "#560"},
				"south": {"uv": [0, 0, 16, 16], "rotation": 270, "texture": "#560"},
				"west": {"uv": [0, 0, 16, 16], "rotation": 270, "texture": "#560"},
				"up": {"uv": [0, 0, 16, 16], "rotation": 270, "texture": "#560"},
				"down": {"uv": [0, 0, 16, 16], "rotation": 270, "texture": "#560"}
			}
		},
		{
			"from": [7.675, 23.20568, 10.86983],
			"to": [8.325, 23.98068, 11.06983],
			"rotation": {"angle": -22.5, "axis": "x", "origin": [8, 23.60568, 10.21983]},
			"faces": {
				"north": {"uv": [0, 0, 16, 16], "rotation": 270, "texture": "#644"},
				"east": {"uv": [0, 0, 16, 16], "rotation": 270, "texture": "#644"},
				"south": {"uv": [0, 0, 16, 16], "rotation": 270, "texture": "#644"},
				"west": {"uv": [0, 0, 16, 16], "rotation": 270, "texture": "#644"},
				"up": {"uv": [0, 0, 16, 16], "rotation": 270, "texture": "#644"},
				"down": {"uv": [0, 0, 16, 16], "rotation": 270, "texture": "#644"}
			}
		},
		{
			"from": [7.675, -1.98068, 10.86983],
			"to": [8.325, -1.20568, 11.06983],
			"rotation": {"angle": 22.5, "axis": "x", "origin": [8, -1.60568, 10.21983]},
			"faces": {
				"north": {"uv": [0, 0, 16, 16], "rotation": 270, "texture": "#644"},
				"east": {"uv": [0, 0, 16, 16], "rotation": 270, "texture": "#644"},
				"south": {"uv": [0, 0, 16, 16], "rotation": 270, "texture": "#644"},
				"west": {"uv": [0, 0, 16, 16], "rotation": 270, "texture": "#644"},
				"up": {"uv": [0, 0, 16, 16], "rotation": 270, "texture": "#644"},
				"down": {"uv": [0, 0, 16, 16], "rotation": 270, "texture": "#644"}
			}
		},
		{
			"from": [7.925, -1.58068, 11.01983],
			"to": [8.075, 23.99432, 11.11983],
			"rotation": {"angle": 0, "axis": "x", "origin": [7.95, -1.20568, 10.26983]},
			"faces": {
				"north": {"uv": [0, 0, 16, 16], "rotation": 270, "texture": "#644"},
				"east": {"uv": [0, 0, 16, 16], "rotation": 270, "texture": "#644"},
				"south": {"uv": [0, 0, 16, 16], "rotation": 270, "texture": "#644"},
				"west": {"uv": [0, 0, 16, 16], "rotation": 270, "texture": "#644"},
				"up": {"uv": [0, 0, 16, 16], "rotation": 270, "texture": "#644"},
				"down": {"uv": [0, 0, 16, 16], "rotation": 270, "texture": "#644"}
			}
		},
		{
			"from": [7.775, -1.88068, 9.11983],
			"to": [8.225, -1.30568, 11.31983],
			"rotation": {"angle": 22.5, "axis": "x", "origin": [8, -1.60568, 10.21983]},
			"faces": {
				"north": {"uv": [0, 0, 16, 16], "rotation": 270, "texture": "#560"},
				"east": {"uv": [0, 0, 16, 16], "rotation": 270, "texture": "#560"},
				"south": {"uv": [0, 0, 16, 16], "rotation": 270, "texture": "#560"},
				"west": {"uv": [0, 0, 16, 16], "rotation": 270, "texture": "#560"},
				"up": {"uv": [0, 0, 16, 16], "rotation": 270, "texture": "#560"},
				"down": {"uv": [0, 0, 16, 16], "rotation": 270, "texture": "#560"}
			}
		},
		{
			"from": [7.6, 12.9, 7.8],
			"to": [8.4, 13.9, 8.6],
			"rotation": {"angle": -45, "axis": "x", "origin": [8, 13.5, 8.2]},
			"faces": {
				"north": {"uv": [0, 0, 16, 16], "rotation": 90, "texture": "#314"},
				"east": {"uv": [0, 0, 16, 16], "rotation": 90, "texture": "#314"},
				"south": {"uv": [0, 0, 16, 16], "rotation": 90, "texture": "#314"},
				"west": {"uv": [0, 0, 16, 16], "rotation": 90, "texture": "#314"},
				"up": {"uv": [0, 0, 16, 16], "rotation": 90, "texture": "#314"},
				"down": {"uv": [0, 0, 16, 16], "rotation": 90, "texture": "#314"}
			}
		},
		{
			"from": [7.7, 8.575, 8.225],
			"to": [8.3, 13.425, 8.825],
			"rotation": {"angle": 0, "axis": "x", "origin": [8, 12.925, 8.525]},
			"faces": {
				"north": {"uv": [0, 0, 16, 16], "rotation": 90, "texture": "#314"},
				"east": {"uv": [0, 0, 16, 16], "rotation": 90, "texture": "#314"},
				"south": {"uv": [0, 0, 16, 16], "rotation": 90, "texture": "#314"},
				"west": {"uv": [0, 0, 16, 16], "rotation": 90, "texture": "#314"},
				"up": {"uv": [0, 0, 16, 16], "rotation": 90, "texture": "#314"},
				"down": {"uv": [0, 0, 16, 16], "rotation": 90, "texture": "#314"}
			}
		},
		{
			"from": [7.6, 12.075, 8.125],
			"to": [8.4, 12.425, 8.925],
			"rotation": {"angle": 0, "axis": "x", "origin": [8, 12.925, 8.525]},
			"faces": {
				"north": {"uv": [0, 0, 16, 16], "rotation": 180, "texture": "#150"},
				"east": {"uv": [0, 0, 16, 16], "rotation": 180, "texture": "#150"},
				"south": {"uv": [0, 0, 16, 16], "rotation": 180, "texture": "#150"},
				"west": {"uv": [0, 0, 16, 16], "rotation": 180, "texture": "#150"},
				"up": {"uv": [0, 0, 16, 16], "rotation": 180, "texture": "#150"},
				"down": {"uv": [0, 0, 16, 16], "rotation": 180, "texture": "#150"}
			}
		},
		{
			"from": [7.6, 11.325, 8.125],
			"to": [8.4, 11.675, 8.925],
			"rotation": {"angle": 0, "axis": "x", "origin": [8, 12.175, 8.525]},
			"faces": {
				"north": {"uv": [0, 0, 16, 16], "rotation": 180, "texture": "#150"},
				"east": {"uv": [0, 0, 16, 16], "rotation": 180, "texture": "#150"},
				"south": {"uv": [0, 0, 16, 16], "rotation": 180, "texture": "#150"},
				"west": {"uv": [0, 0, 16, 16], "rotation": 180, "texture": "#150"},
				"up": {"uv": [0, 0, 16, 16], "rotation": 180, "texture": "#150"},
				"down": {"uv": [0, 0, 16, 16], "rotation": 180, "texture": "#150"}
			}
		},
		{
			"from": [7.6, 9.575, 8.125],
			"to": [8.4, 9.925, 8.925],
			"rotation": {"angle": 0, "axis": "x", "origin": [8, 10.425, 8.525]},
			"faces": {
				"north": {"uv": [0, 0, 16, 16], "rotation": 180, "texture": "#150"},
				"east": {"uv": [0, 0, 16, 16], "rotation": 180, "texture": "#150"},
				"south": {"uv": [0, 0, 16, 16], "rotation": 180, "texture": "#150"},
				"west": {"uv": [0, 0, 16, 16], "rotation": 180, "texture": "#150"},
				"up": {"uv": [0, 0, 16, 16], "rotation": 180, "texture": "#150"},
				"down": {"uv": [0, 0, 16, 16], "rotation": 180, "texture": "#150"}
			}
		},
		{
			"from": [7.6, 10.325, 8.125],
			"to": [8.4, 10.675, 8.925],
			"rotation": {"angle": 0, "axis": "x", "origin": [8, 11.175, 8.525]},
			"faces": {
				"north": {"uv": [0, 0, 16, 16], "rotation": 180, "texture": "#150"},
				"east": {"uv": [0, 0, 16, 16], "rotation": 180, "texture": "#150"},
				"south": {"uv": [0, 0, 16, 16], "rotation": 180, "texture": "#150"},
				"west": {"uv": [0, 0, 16, 16], "rotation": 180, "texture": "#150"},
				"up": {"uv": [0, 0, 16, 16], "rotation": 180, "texture": "#150"},
				"down": {"uv": [0, 0, 16, 16], "rotation": 180, "texture": "#150"}
			}
		},
		{
			"from": [7.6, 8, 7.7],
			"to": [8.4, 8.9, 8.7],
			"rotation": {"angle": -45, "axis": "x", "origin": [8, 8.5, 8.2]},
			"faces": {
				"north": {"uv": [0, 0, 16, 16], "rotation": 90, "texture": "#314"},
				"east": {"uv": [0, 0, 16, 16], "rotation": 90, "texture": "#314"},
				"south": {"uv": [0, 0, 16, 16], "rotation": 90, "texture": "#314"},
				"west": {"uv": [0, 0, 16, 16], "rotation": 90, "texture": "#314"},
				"up": {"uv": [0, 0, 16, 16], "rotation": 90, "texture": "#314"},
				"down": {"uv": [0, 0, 16, 16], "rotation": 90, "texture": "#314"}
			}
		}
	],
	"display": {
		"thirdperson_righthand": {
			"translation": [0, -4.5, -0.25]
		},
		"firstperson_righthand": {
			"translation": [0, -1.5, 0]
		},
		"firstperson_lefthand": {
			"translation": [0, -1.25, 0]
		},
		"ground": {
			"translation": [0, 11.75, 0]
		},
		"gui": {
			"rotation": [118.5, -38.5, 115],
			"translation": [2.75, 0.75, 0],
			"scale": [0.78, 0.71, 1]
		},
		"fixed": {
			"rotation": [0, 92.5, 0],
			"translation": [0, -1.5, -1.75]
		}
	}
}