{
	"credit": "Made with Blockbench",
	"textures": {
		"12": "block/anvil",
		"27": "block/bedrock",
		"54": "block/black_glazed_terracotta",
		"59": "block/black_wool",
		"150": "block/composter_side",
		"254": "block/furnace_side",
		"259": "block/gold_block"
	},
	"elements": [
		{
			"from": [7.5, 13, 7.5],
			"to": [8.5, 14, 8.5],
			"faces": {
				"north": {"uv": [1, 9, 15, 15], "texture": "#254"},
				"east": {"uv": [1, 9, 15, 15], "texture": "#254"},
				"south": {"uv": [1, 9, 15, 15], "texture": "#254"},
				"west": {"uv": [1, 9, 15, 15], "texture": "#254"},
				"up": {"uv": [1, 9, 15, 15], "texture": "#254"},
				"down": {"uv": [1, 9, 15, 15], "texture": "#254"}
			}
		},
		{
			"from": [7.6, 13.65, 8.475],
			"to": [8.4, 16.65, 9.275],
			"rotation": {"angle": 22.5, "axis": "x", "origin": [8, 16.15, 8.875]},
			"faces": {
				"north": {"uv": [0, 0, 16, 16], "rotation": 270, "texture": "#12"},
				"east": {"uv": [0, 0, 16, 16], "rotation": 270, "texture": "#12"},
				"south": {"uv": [0, 0, 16, 16], "rotation": 270, "texture": "#12"},
				"west": {"uv": [0, 0, 16, 16], "rotation": 270, "texture": "#12"},
				"up": {"uv": [0, 0, 16, 16], "rotation": 270, "texture": "#12"},
				"down": {"uv": [0, 0, 16, 16], "rotation": 270, "texture": "#12"}
			}
		},
		{
			"from": [7.6, 5.35, 8.475],
			"to": [8.4, 8.35, 9.275],
			"rotation": {"angle": -22.5, "axis": "x", "origin": [8, 5.85, 8.875]},
			"faces": {
				"north": {"uv": [0, 0, 16, 16], "rotation": 270, "texture": "#12"},
				"east": {"uv": [0, 0, 16, 16], "rotation": 270, "texture": "#12"},
				"south": {"uv": [0, 0, 16, 16], "rotation": 270, "texture": "#12"},
				"west": {"uv": [0, 0, 16, 16], "rotation": 270, "texture": "#12"},
				"up": {"uv": [0, 0, 16, 16], "rotation": 270, "texture": "#12"},
				"down": {"uv": [0, 0, 16, 16], "rotation": 270, "texture": "#12"}
			}
		},
		{
			"from": [7.625, 16.45, 8.7],
			"to": [8.375, 19.45, 9.425],
			"rotation": {"angle": 0, "axis": "x", "origin": [8, 18.95, 9.075]},
			"faces": {
				"north": {"uv": [0, 0, 16, 16], "rotation": 270, "texture": "#12"},
				"east": {"uv": [0, 0, 16, 16], "rotation": 270, "texture": "#12"},
				"south": {"uv": [0, 0, 16, 16], "rotation": 270, "texture": "#12"},
				"west": {"uv": [0, 0, 16, 16], "rotation": 270, "texture": "#12"},
				"up": {"uv": [0, 0, 16, 16], "rotation": 270, "texture": "#12"},
				"down": {"uv": [0, 0, 16, 16], "rotation": 270, "texture": "#12"}
			}
		},
		{
			"from": [7.525, 17.7, 8.6],
			"to": [8.475, 17.95, 9.525],
			"rotation": {"angle": 0, "axis": "x", "origin": [8, 18.95, 9.075]},
			"faces": {
				"north": {"uv": [0, 0, 16, 16], "rotation": 270, "texture": "#59"},
				"east": {"uv": [0, 0, 16, 16], "rotation": 270, "texture": "#59"},
				"south": {"uv": [0, 0, 16, 16], "rotation": 270, "texture": "#59"},
				"west": {"uv": [0, 0, 16, 16], "rotation": 270, "texture": "#59"},
				"up": {"uv": [0, 0, 16, 16], "rotation": 270, "texture": "#59"},
				"down": {"uv": [0, 0, 16, 16], "rotation": 270, "texture": "#59"}
			}
		},
		{
			"from": [7.525, 4.05, 8.6],
			"to": [8.475, 4.3, 9.525],
			"rotation": {"angle": 0, "axis": "x", "origin": [8, 3.05, 9.075]},
			"faces": {
				"north": {"uv": [0, 0, 16, 16], "rotation": 270, "texture": "#59"},
				"east": {"uv": [0, 0, 16, 16], "rotation": 270, "texture": "#59"},
				"south": {"uv": [0, 0, 16, 16], "rotation": 270, "texture": "#59"},
				"west": {"uv": [0, 0, 16, 16], "rotation": 270, "texture": "#59"},
				"up": {"uv": [0, 0, 16, 16], "rotation": 270, "texture": "#59"},
				"down": {"uv": [0, 0, 16, 16], "rotation": 270, "texture": "#59"}
			}
		},
		{
			"from": [7.625, 2.55, 8.7],
			"to": [8.375, 5.55, 9.425],
			"rotation": {"angle": 0, "axis": "x", "origin": [8, 3.05, 9.075]},
			"faces": {
				"north": {"uv": [0, 0, 16, 16], "rotation": 270, "texture": "#12"},
				"east": {"uv": [0, 0, 16, 16], "rotation": 270, "texture": "#12"},
				"south": {"uv": [0, 0, 16, 16], "rotation": 270, "texture": "#12"},
				"west": {"uv": [0, 0, 16, 16], "rotation": 270, "texture": "#12"},
				"up": {"uv": [0, 0, 16, 16], "rotation": 270, "texture": "#12"},
				"down": {"uv": [0, 0, 16, 16], "rotation": 270, "texture": "#12"}
			}
		},
		{
			"from": [7.725, 18.45, 10.45],
			"to": [8.275, 21.45, 11.075],
			"rotation": {"angle": 45, "axis": "x", "origin": [8, 20.95, 10.725]},
			"faces": {
				"north": {"uv": [0, 0, 16, 16], "rotation": 270, "texture": "#12"},
				"east": {"uv": [0, 0, 16, 16], "rotation": 270, "texture": "#12"},
				"south": {"uv": [0, 0, 16, 16], "rotation": 270, "texture": "#12"},
				"west": {"uv": [0, 0, 16, 16], "rotation": 270, "texture": "#12"},
				"up": {"uv": [0, 0, 16, 16], "rotation": 270, "texture": "#12"},
				"down": {"uv": [0, 0, 16, 16], "rotation": 270, "texture": "#12"}
			}
		},
		{
			"from": [7.725, 16.1, 8.225],
			"to": [8.275, 16.725, 11.225],
			"rotation": {"angle": -22.5, "axis": "x", "origin": [8, 16.45, 10.725]},
			"faces": {
				"north": {"uv": [0, 0, 16, 16], "texture": "#12"},
				"east": {"uv": [0, 0, 16, 16], "texture": "#12"},
				"south": {"uv": [0, 0, 16, 16], "texture": "#12"},
				"west": {"uv": [0, 0, 16, 16], "texture": "#12"},
				"up": {"uv": [0, 0, 16, 16], "texture": "#12"},
				"down": {"uv": [0, 0, 16, 16], "texture": "#12"}
			}
		},
		{
			"from": [7.725, 5.525, 8.225],
			"to": [8.275, 6.15, 11.225],
			"rotation": {"angle": 22.5, "axis": "x", "origin": [8, 5.8, 10.725]},
			"faces": {
				"north": {"uv": [0, 0, 16, 16], "texture": "#12"},
				"east": {"uv": [0, 0, 16, 16], "texture": "#12"},
				"south": {"uv": [0, 0, 16, 16], "texture": "#12"},
				"west": {"uv": [0, 0, 16, 16], "texture": "#12"},
				"up": {"uv": [0, 0, 16, 16], "texture": "#12"},
				"down": {"uv": [0, 0, 16, 16], "texture": "#12"}
			}
		},
		{
			"from": [7.725, 0.55, 10.45],
			"to": [8.275, 3.55, 11.075],
			"rotation": {"angle": -45, "axis": "x", "origin": [8, 1.05, 10.725]},
			"faces": {
				"north": {"uv": [0, 0, 16, 16], "rotation": 270, "texture": "#12"},
				"east": {"uv": [0, 0, 16, 16], "rotation": 270, "texture": "#12"},
				"south": {"uv": [0, 0, 16, 16], "rotation": 270, "texture": "#12"},
				"west": {"uv": [0, 0, 16, 16], "rotation": 270, "texture": "#12"},
				"up": {"uv": [0, 0, 16, 16], "rotation": 270, "texture": "#12"},
				"down": {"uv": [0, 0, 16, 16], "rotation": 270, "texture": "#12"}
			}
		},
		{
			"from": [7.75, 21, 11.7],
			"to": [8.25, 24, 12.275],
			"rotation": {"angle": 22.5, "axis": "x", "origin": [8, 23.5, 11.95]},
			"faces": {
				"north": {"uv": [0, 0, 16, 16], "rotation": 270, "texture": "#12"},
				"east": {"uv": [0, 0, 16, 16], "rotation": 270, "texture": "#12"},
				"south": {"uv": [0, 0, 16, 16], "rotation": 270, "texture": "#12"},
				"west": {"uv": [0, 0, 16, 16], "rotation": 270, "texture": "#12"},
				"up": {"uv": [0, 0, 16, 16], "rotation": 270, "texture": "#12"},
				"down": {"uv": [0, 0, 16, 16], "rotation": 270, "texture": "#12"}
			}
		},
		{
			"from": [7.65, 22.5, 11.6],
			"to": [8.35, 22.7, 12.375],
			"rotation": {"angle": 22.5, "axis": "x", "origin": [8, 23.5, 11.95]},
			"faces": {
				"north": {"uv": [0, 0, 16, 16], "rotation": 270, "texture": "#59"},
				"east": {"uv": [0, 0, 16, 16], "rotation": 270, "texture": "#59"},
				"south": {"uv": [0, 0, 16, 16], "rotation": 270, "texture": "#59"},
				"west": {"uv": [0, 0, 16, 16], "rotation": 270, "texture": "#59"},
				"up": {"uv": [0, 0, 16, 16], "rotation": 270, "texture": "#59"},
				"down": {"uv": [0, 0, 16, 16], "rotation": 270, "texture": "#59"}
			}
		},
		{
			"from": [7.65, -0.7, 11.6],
			"to": [8.35, -0.5, 12.375],
			"rotation": {"angle": -22.5, "axis": "x", "origin": [8, -1.5, 11.95]},
			"faces": {
				"north": {"uv": [0, 0, 16, 16], "rotation": 270, "texture": "#59"},
				"east": {"uv": [0, 0, 16, 16], "rotation": 270, "texture": "#59"},
				"south": {"uv": [0, 0, 16, 16], "rotation": 270, "texture": "#59"},
				"west": {"uv": [0, 0, 16, 16], "rotation": 270, "texture": "#59"},
				"up": {"uv": [0, 0, 16, 16], "rotation": 270, "texture": "#59"},
				"down": {"uv": [0, 0, 16, 16], "rotation": 270, "texture": "#59"}
			}
		},
		{
			"from": [7.75, 15.8, 12.6],
			"to": [8.25, 18.8, 13.175],
			"rotation": {"angle": 45, "axis": "x", "origin": [8, 18.3, 12.85]},
			"faces": {
				"north": {"uv": [0, 0, 16, 16], "rotation": 270, "texture": "#12"},
				"east": {"uv": [0, 0, 16, 16], "rotation": 270, "texture": "#12"},
				"south": {"uv": [0, 0, 16, 16], "rotation": 270, "texture": "#12"},
				"west": {"uv": [0, 0, 16, 16], "rotation": 270, "texture": "#12"},
				"up": {"uv": [0, 0, 16, 16], "rotation": 270, "texture": "#12"},
				"down": {"uv": [0, 0, 16, 16], "rotation": 270, "texture": "#12"}
			}
		},
		{
			"from": [7.75, 3.45, 12.6],
			"to": [8.25, 6.45, 13.175],
			"rotation": {"angle": -45, "axis": "x", "origin": [8, 3.95, 12.85]},
			"faces": {
				"north": {"uv": [0, 0, 16, 16], "rotation": 270, "texture": "#12"},
				"east": {"uv": [0, 0, 16, 16], "rotation": 270, "texture": "#12"},
				"south": {"uv": [0, 0, 16, 16], "rotation": 270, "texture": "#12"},
				"west": {"uv": [0, 0, 16, 16], "rotation": 270, "texture": "#12"},
				"up": {"uv": [0, 0, 16, 16], "rotation": 270, "texture": "#12"},
				"down": {"uv": [0, 0, 16, 16], "rotation": 270, "texture": "#12"}
			}
		},
		{
			"from": [7.85, 18.325, 13.925],
			"to": [8.15, 21.325, 14.3],
			"rotation": {"angle": 22.5, "axis": "x", "origin": [8, 20.825, 14.075]},
			"faces": {
				"north": {"uv": [0, 0, 16, 16], "rotation": 270, "texture": "#12"},
				"east": {"uv": [0, 0, 16, 16], "rotation": 270, "texture": "#12"},
				"south": {"uv": [0, 0, 16, 16], "rotation": 270, "texture": "#12"},
				"west": {"uv": [0, 0, 16, 16], "rotation": 270, "texture": "#12"},
				"up": {"uv": [0, 0, 16, 16], "rotation": 270, "texture": "#12"},
				"down": {"uv": [0, 0, 16, 16], "rotation": 270, "texture": "#12"}
			}
		},
		{
			"from": [7.875, 17.125, 11.225],
			"to": [7.975, 20.7, 11.3],
			"rotation": {"angle": 45, "axis": "x", "origin": [7.825, 19.625, 11.275]},
			"faces": {
				"north": {"uv": [0, 0, 16, 16], "rotation": 270, "texture": "#59"},
				"east": {"uv": [0, 0, 16, 16], "rotation": 270, "texture": "#59"},
				"south": {"uv": [0, 0, 16, 16], "rotation": 270, "texture": "#59"},
				"west": {"uv": [0, 0, 16, 16], "rotation": 270, "texture": "#59"},
				"up": {"uv": [0, 0, 16, 16], "rotation": 270, "texture": "#59"},
				"down": {"uv": [0, 0, 16, 16], "rotation": 270, "texture": "#59"}
			}
		},
		{
			"from": [7.875, 1.3, 11.225],
			"to": [7.975, 4.875, 11.3],
			"rotation": {"angle": -45, "axis": "x", "origin": [7.825, 2.375, 11.275]},
			"faces": {
				"north": {"uv": [0, 0, 16, 16], "rotation": 270, "texture": "#59"},
				"east": {"uv": [0, 0, 16, 16], "rotation": 270, "texture": "#59"},
				"south": {"uv": [0, 0, 16, 16], "rotation": 270, "texture": "#59"},
				"west": {"uv": [0, 0, 16, 16], "rotation": 270, "texture": "#59"},
				"up": {"uv": [0, 0, 16, 16], "rotation": 270, "texture": "#59"},
				"down": {"uv": [0, 0, 16, 16], "rotation": 270, "texture": "#59"}
			}
		},
		{
			"from": [7.875, 20.3, 11.975],
			"to": [7.975, 20.375, 13.675],
			"rotation": {"angle": 0, "axis": "x", "origin": [7.825, 20.325, 11.475]},
			"faces": {
				"north": {"uv": [0, 0, 16, 16], "texture": "#59"},
				"east": {"uv": [0, 0, 16, 16], "texture": "#59"},
				"south": {"uv": [0, 0, 16, 16], "texture": "#59"},
				"west": {"uv": [0, 0, 16, 16], "texture": "#59"},
				"up": {"uv": [0, 0, 16, 16], "texture": "#59"},
				"down": {"uv": [0, 0, 16, 16], "texture": "#59"}
			}
		},
		{
			"from": [7.875, 1.625, 11.975],
			"to": [7.975, 1.7, 13.675],
			"rotation": {"angle": 0, "axis": "x", "origin": [7.825, 1.675, 11.475]},
			"faces": {
				"north": {"uv": [0, 0, 16, 16], "texture": "#59"},
				"east": {"uv": [0, 0, 16, 16], "texture": "#59"},
				"south": {"uv": [0, 0, 16, 16], "texture": "#59"},
				"west": {"uv": [0, 0, 16, 16], "texture": "#59"},
				"up": {"uv": [0, 0, 16, 16], "texture": "#59"},
				"down": {"uv": [0, 0, 16, 16], "texture": "#59"}
			}
		},
		{
			"from": [7.875, 20.325, 11.925],
			"to": [7.975, 22.525, 12],
			"rotation": {"angle": 0, "axis": "x", "origin": [7.825, 20.325, 11.975]},
			"faces": {
				"north": {"uv": [0, 0, 16, 16], "rotation": 270, "texture": "#59"},
				"east": {"uv": [0, 0, 16, 16], "rotation": 270, "texture": "#59"},
				"south": {"uv": [0, 0, 16, 16], "rotation": 270, "texture": "#59"},
				"west": {"uv": [0, 0, 16, 16], "rotation": 270, "texture": "#59"},
				"up": {"uv": [0, 0, 16, 16], "rotation": 270, "texture": "#59"},
				"down": {"uv": [0, 0, 16, 16], "rotation": 270, "texture": "#59"}
			}
		},
		{
			"from": [7.875, -0.525, 11.925],
			"to": [7.975, 1.675, 12],
			"rotation": {"angle": 0, "axis": "x", "origin": [7.825, 1.675, 11.975]},
			"faces": {
				"north": {"uv": [0, 0, 16, 16], "rotation": 270, "texture": "#59"},
				"east": {"uv": [0, 0, 16, 16], "rotation": 270, "texture": "#59"},
				"south": {"uv": [0, 0, 16, 16], "rotation": 270, "texture": "#59"},
				"west": {"uv": [0, 0, 16, 16], "rotation": 270, "texture": "#59"},
				"up": {"uv": [0, 0, 16, 16], "rotation": 270, "texture": "#59"},
				"down": {"uv": [0, 0, 16, 16], "rotation": 270, "texture": "#59"}
			}
		},
		{
			"from": [7.875, 1.925, 14.025],
			"to": [7.975, 20.125, 14.1],
			"rotation": {"angle": 0, "axis": "x", "origin": [7.825, 17.925, 14.075]},
			"faces": {
				"north": {"uv": [0, 0, 16, 16], "rotation": 270, "texture": "#59"},
				"east": {"uv": [0, 0, 16, 16], "rotation": 270, "texture": "#59"},
				"south": {"uv": [0, 0, 16, 16], "rotation": 270, "texture": "#59"},
				"west": {"uv": [0, 0, 16, 16], "rotation": 270, "texture": "#59"},
				"up": {"uv": [0, 0, 16, 16], "rotation": 270, "texture": "#59"},
				"down": {"uv": [0, 0, 16, 16], "rotation": 270, "texture": "#59"}
			}
		},
		{
			"from": [7.775, 20.225, 11.825],
			"to": [8.075, 20.525, 12.1],
			"rotation": {"angle": 0, "axis": "x", "origin": [7.825, 20.325, 11.975]},
			"faces": {
				"north": {"uv": [0, 0, 16, 16], "rotation": 270, "texture": "#27"},
				"east": {"uv": [0, 0, 16, 16], "rotation": 270, "texture": "#27"},
				"south": {"uv": [0, 0, 16, 16], "rotation": 270, "texture": "#27"},
				"west": {"uv": [0, 0, 16, 16], "rotation": 270, "texture": "#27"},
				"up": {"uv": [0, 0, 16, 16], "rotation": 270, "texture": "#27"},
				"down": {"uv": [0, 0, 16, 16], "rotation": 270, "texture": "#27"}
			}
		},
		{
			"from": [7.775, 1.475, 11.825],
			"to": [8.075, 1.775, 12.1],
			"rotation": {"angle": 0, "axis": "x", "origin": [7.825, 1.675, 11.975]},
			"faces": {
				"north": {"uv": [0, 0, 16, 16], "rotation": 270, "texture": "#27"},
				"east": {"uv": [0, 0, 16, 16], "rotation": 270, "texture": "#27"},
				"south": {"uv": [0, 0, 16, 16], "rotation": 270, "texture": "#27"},
				"west": {"uv": [0, 0, 16, 16], "rotation": 270, "texture": "#27"},
				"up": {"uv": [0, 0, 16, 16], "rotation": 270, "texture": "#27"},
				"down": {"uv": [0, 0, 16, 16], "rotation": 270, "texture": "#27"}
			}
		},
		{
			"from": [7.75, 20.075, 13.825],
			"to": [8.25, 20.325, 14.4],
			"rotation": {"angle": 22.5, "axis": "x", "origin": [8, 20.825, 14.075]},
			"faces": {
				"north": {"uv": [0, 0, 16, 16], "rotation": 270, "texture": "#59"},
				"east": {"uv": [0, 0, 16, 16], "rotation": 270, "texture": "#59"},
				"south": {"uv": [0, 0, 16, 16], "rotation": 270, "texture": "#59"},
				"west": {"uv": [0, 0, 16, 16], "rotation": 270, "texture": "#59"},
				"up": {"uv": [0, 0, 16, 16], "rotation": 270, "texture": "#59"},
				"down": {"uv": [0, 0, 16, 16], "rotation": 270, "texture": "#59"}
			}
		},
		{
			"from": [7.75, 1.675, 13.825],
			"to": [8.25, 1.925, 14.5],
			"rotation": {"angle": -22.5, "axis": "x", "origin": [8, 1.175, 14.075]},
			"faces": {
				"north": {"uv": [0, 0, 16, 16], "rotation": 270, "texture": "#59"},
				"east": {"uv": [0, 0, 16, 16], "rotation": 270, "texture": "#59"},
				"south": {"uv": [0, 0, 16, 16], "rotation": 270, "texture": "#59"},
				"west": {"uv": [0, 0, 16, 16], "rotation": 270, "texture": "#59"},
				"up": {"uv": [0, 0, 16, 16], "rotation": 270, "texture": "#59"},
				"down": {"uv": [0, 0, 16, 16], "rotation": 270, "texture": "#59"}
			}
		},
		{
			"from": [7.85, 0.925, 13.925],
			"to": [8.15, 3.925, 14.3],
			"rotation": {"angle": -22.5, "axis": "x", "origin": [8, 1.425, 14.075]},
			"faces": {
				"north": {"uv": [0, 0, 16, 16], "rotation": 270, "texture": "#12"},
				"east": {"uv": [0, 0, 16, 16], "rotation": 270, "texture": "#12"},
				"south": {"uv": [0, 0, 16, 16], "rotation": 270, "texture": "#12"},
				"west": {"uv": [0, 0, 16, 16], "rotation": 270, "texture": "#12"},
				"up": {"uv": [0, 0, 16, 16], "rotation": 270, "texture": "#12"},
				"down": {"uv": [0, 0, 16, 16], "rotation": 270, "texture": "#12"}
			}
		},
		{
			"from": [7.75, -2, 11.7],
			"to": [8.25, 1, 12.275],
			"rotation": {"angle": -22.5, "axis": "x", "origin": [8, -1.5, 11.95]},
			"faces": {
				"north": {"uv": [0, 0, 16, 16], "rotation": 270, "texture": "#12"},
				"east": {"uv": [0, 0, 16, 16], "rotation": 270, "texture": "#12"},
				"south": {"uv": [0, 0, 16, 16], "rotation": 270, "texture": "#12"},
				"west": {"uv": [0, 0, 16, 16], "rotation": 270, "texture": "#12"},
				"up": {"uv": [0, 0, 16, 16], "rotation": 270, "texture": "#12"},
				"down": {"uv": [0, 0, 16, 16], "rotation": 270, "texture": "#12"}
			}
		},
		{
			"from": [7.85, 23.85, 11.975],
			"to": [8.15, 25.85, 12.35],
			"rotation": {"angle": 0, "axis": "x", "origin": [8, 26.35, 12.125]},
			"faces": {
				"north": {"uv": [0, 0, 16, 16], "rotation": 270, "texture": "#12"},
				"east": {"uv": [0, 0, 16, 16], "rotation": 270, "texture": "#12"},
				"south": {"uv": [0, 0, 16, 16], "rotation": 270, "texture": "#12"},
				"west": {"uv": [0, 0, 16, 16], "rotation": 270, "texture": "#12"},
				"up": {"uv": [0, 0, 16, 16], "rotation": 270, "texture": "#12"},
				"down": {"uv": [0, 0, 16, 16], "rotation": 270, "texture": "#12"}
			}
		},
		{
			"from": [7.85, -3.85, 11.975],
			"to": [8.15, -1.85, 12.35],
			"rotation": {"angle": 0, "axis": "x", "origin": [8, -4.35, 12.125]},
			"faces": {
				"north": {"uv": [0, 0, 16, 16], "rotation": 270, "texture": "#12"},
				"east": {"uv": [0, 0, 16, 16], "rotation": 270, "texture": "#12"},
				"south": {"uv": [0, 0, 16, 16], "rotation": 270, "texture": "#12"},
				"west": {"uv": [0, 0, 16, 16], "rotation": 270, "texture": "#12"},
				"up": {"uv": [0, 0, 16, 16], "rotation": 270, "texture": "#12"},
				"down": {"uv": [0, 0, 16, 16], "rotation": 270, "texture": "#12"}
			}
		},
		{
			"from": [7.9, 24.95, 12.075],
			"to": [8.1, 26.15, 12.45],
			"rotation": {"angle": 22.5, "axis": "x", "origin": [8, 25.15, 12.2625]},
			"faces": {
				"north": {"uv": [10, 10, 16, 16], "rotation": 90, "texture": "#54"},
				"east": {"uv": [10, 10, 16, 16], "rotation": 90, "texture": "#54"},
				"south": {"uv": [10, 10, 16, 16], "rotation": 90, "texture": "#54"},
				"west": {"uv": [10, 10, 16, 16], "rotation": 90, "texture": "#54"},
				"up": {"uv": [10, 10, 16, 16], "rotation": 90, "texture": "#54"},
				"down": {"uv": [10, 10, 16, 16], "rotation": 90, "texture": "#54"}
			}
		},
		{
			"from": [7.9, -4.15, 12.075],
			"to": [8.1, -2.95, 12.45],
			"rotation": {"angle": -22.5, "axis": "x", "origin": [8, -3.15, 12.2625]},
			"faces": {
				"north": {"uv": [16, 10, 10, 16], "rotation": 90, "texture": "#54"},
				"east": {"uv": [16, 10, 10, 16], "rotation": 90, "texture": "#54"},
				"south": {"uv": [16, 10, 10, 16], "rotation": 90, "texture": "#54"},
				"west": {"uv": [16, 10, 10, 16], "rotation": 90, "texture": "#54"},
				"up": {"uv": [16, 10, 10, 16], "rotation": 90, "texture": "#54"},
				"down": {"uv": [16, 10, 10, 16], "rotation": 90, "texture": "#54"}
			}
		},
		{
			"from": [7.975, 25.05, 12.375],
			"to": [8.05, 26.05, 12.6],
			"rotation": {"angle": 22.5, "axis": "x", "origin": [8, 25.15, 12.2625]},
			"faces": {
				"north": {"uv": [0, 0, 16, 16], "rotation": 270, "texture": "#27"},
				"east": {"uv": [0, 0, 16, 16], "rotation": 270, "texture": "#27"},
				"south": {"uv": [0, 0, 16, 16], "rotation": 270, "texture": "#27"},
				"west": {"uv": [0, 0, 16, 16], "rotation": 270, "texture": "#27"},
				"up": {"uv": [0, 0, 16, 16], "rotation": 270, "texture": "#27"},
				"down": {"uv": [0, 0, 16, 16], "rotation": 270, "texture": "#27"}
			}
		},
		{
			"from": [7.975, -4.05, 12.375],
			"to": [8.05, -3.05, 12.6],
			"rotation": {"angle": -22.5, "axis": "x", "origin": [8, -3.15, 12.2625]},
			"faces": {
				"north": {"uv": [16, 0, 0, 16], "rotation": 270, "texture": "#27"},
				"east": {"uv": [16, 0, 0, 16], "rotation": 270, "texture": "#27"},
				"south": {"uv": [16, 0, 0, 16], "rotation": 270, "texture": "#27"},
				"west": {"uv": [16, 0, 0, 16], "rotation": 270, "texture": "#27"},
				"up": {"uv": [16, 0, 0, 16], "rotation": 270, "texture": "#27"},
				"down": {"uv": [16, 0, 0, 16], "rotation": 270, "texture": "#27"}
			}
		},
		{
			"from": [7.75, 25.75, 11.175],
			"to": [8.25, 25.85, 12.45],
			"rotation": {"angle": -22.5, "axis": "x", "origin": [8, 26.35, 12.125]},
			"faces": {
				"north": {"uv": [10, 10, 16, 16], "rotation": 90, "texture": "#54"},
				"east": {"uv": [10, 10, 16, 16], "rotation": 90, "texture": "#54"},
				"south": {"uv": [10, 10, 16, 16], "rotation": 90, "texture": "#54"},
				"west": {"uv": [10, 10, 16, 16], "rotation": 90, "texture": "#54"},
				"up": {"uv": [10, 10, 16, 16], "rotation": 90, "texture": "#54"},
				"down": {"uv": [10, 10, 16, 16], "rotation": 90, "texture": "#54"}
			}
		},
		{
			"from": [7.75, -3.85, 11.175],
			"to": [8.25, -3.75, 12.45],
			"rotation": {"angle": 22.5, "axis": "x", "origin": [8, -4.35, 12.125]},
			"faces": {
				"north": {"uv": [16, 10, 10, 16], "rotation": 90, "texture": "#54"},
				"east": {"uv": [16, 10, 10, 16], "rotation": 90, "texture": "#54"},
				"south": {"uv": [16, 10, 10, 16], "rotation": 90, "texture": "#54"},
				"west": {"uv": [16, 10, 10, 16], "rotation": 90, "texture": "#54"},
				"up": {"uv": [16, 10, 10, 16], "rotation": 90, "texture": "#54"},
				"down": {"uv": [16, 10, 10, 16], "rotation": 90, "texture": "#54"}
			}
		},
		{
			"from": [7.65, 25.75, 12.15],
			"to": [8.35, 26.625, 12.65],
			"rotation": {"angle": -22.5, "axis": "x", "origin": [8, 26.35, 12.125]},
			"faces": {
				"north": {"uv": [10, 10, 16, 16], "rotation": 90, "texture": "#54"},
				"east": {"uv": [10, 10, 16, 16], "rotation": 90, "texture": "#54"},
				"south": {"uv": [10, 10, 16, 16], "rotation": 90, "texture": "#54"},
				"west": {"uv": [10, 10, 16, 16], "rotation": 90, "texture": "#54"},
				"up": {"uv": [10, 10, 16, 16], "rotation": 90, "texture": "#54"},
				"down": {"uv": [10, 10, 16, 16], "rotation": 90, "texture": "#54"}
			}
		},
		{
			"from": [7.65, -4.625, 12.15],
			"to": [8.35, -3.75, 12.65],
			"rotation": {"angle": 22.5, "axis": "x", "origin": [8, -4.35, 12.125]},
			"faces": {
				"north": {"uv": [16, 10, 10, 16], "rotation": 90, "texture": "#54"},
				"east": {"uv": [16, 10, 10, 16], "rotation": 90, "texture": "#54"},
				"south": {"uv": [16, 10, 10, 16], "rotation": 90, "texture": "#54"},
				"west": {"uv": [16, 10, 10, 16], "rotation": 90, "texture": "#54"},
				"up": {"uv": [16, 10, 10, 16], "rotation": 90, "texture": "#54"},
				"down": {"uv": [16, 10, 10, 16], "rotation": 90, "texture": "#54"}
			}
		},
		{
			"from": [7.65, 26.625, 12.55],
			"to": [8.35, 27.125, 12.65],
			"rotation": {"angle": -22.5, "axis": "x", "origin": [8, 26.35, 12.125]},
			"faces": {
				"north": {"uv": [0, 0, 16, 16], "rotation": 180, "texture": "#54"},
				"east": {"uv": [0, 0, 16, 16], "rotation": 180, "texture": "#54"},
				"south": {"uv": [0, 0, 16, 16], "rotation": 180, "texture": "#54"},
				"west": {"uv": [0, 0, 16, 16], "rotation": 180, "texture": "#54"},
				"up": {"uv": [0, 0, 16, 16], "rotation": 180, "texture": "#54"},
				"down": {"uv": [0, 0, 16, 16], "rotation": 180, "texture": "#54"}
			}
		},
		{
			"from": [7.65, -5.125, 12.55],
			"to": [8.35, -4.625, 12.65],
			"rotation": {"angle": 22.5, "axis": "x", "origin": [8, -4.35, 12.125]},
			"faces": {
				"north": {"uv": [0, 16, 16, 0], "rotation": 180, "texture": "#54"},
				"east": {"uv": [0, 16, 16, 0], "rotation": 180, "texture": "#54"},
				"south": {"uv": [0, 16, 16, 0], "rotation": 180, "texture": "#54"},
				"west": {"uv": [0, 16, 16, 0], "rotation": 180, "texture": "#54"},
				"up": {"uv": [0, 16, 16, 0], "rotation": 180, "texture": "#54"},
				"down": {"uv": [0, 16, 16, 0], "rotation": 180, "texture": "#54"}
			}
		},
		{
			"from": [7.95, 25.925, 12.65],
			"to": [8.05, 26.825, 12.85],
			"rotation": {"angle": -22.5, "axis": "x", "origin": [8, 26.35, 12.125]},
			"faces": {
				"north": {"uv": [0, 0, 16, 16], "rotation": 270, "texture": "#27"},
				"east": {"uv": [0, 0, 16, 16], "rotation": 270, "texture": "#27"},
				"south": {"uv": [0, 0, 16, 16], "rotation": 270, "texture": "#27"},
				"west": {"uv": [0, 0, 16, 16], "rotation": 270, "texture": "#27"},
				"up": {"uv": [0, 0, 16, 16], "rotation": 270, "texture": "#27"},
				"down": {"uv": [0, 0, 16, 16], "rotation": 270, "texture": "#27"}
			}
		},
		{
			"from": [7.95, -4.825, 12.65],
			"to": [8.05, -3.925, 12.85],
			"rotation": {"angle": 22.5, "axis": "x", "origin": [8, -4.35, 12.125]},
			"faces": {
				"north": {"uv": [16, 0, 0, 16], "rotation": 270, "texture": "#27"},
				"east": {"uv": [16, 0, 0, 16], "rotation": 270, "texture": "#27"},
				"south": {"uv": [16, 0, 0, 16], "rotation": 270, "texture": "#27"},
				"west": {"uv": [16, 0, 0, 16], "rotation": 270, "texture": "#27"},
				"up": {"uv": [16, 0, 0, 16], "rotation": 270, "texture": "#27"},
				"down": {"uv": [16, 0, 0, 16], "rotation": 270, "texture": "#27"}
			}
		},
		{
			"from": [7.35, 26.31681, 12.41293],
			"to": [7.85, 27.16681, 12.51293],
			"rotation": {"angle": -22.5, "axis": "x", "origin": [7.6, 26.81681, 12.46293]},
			"faces": {
				"north": {"uv": [0, 0, 16, 16], "rotation": 270, "texture": "#54"},
				"east": {"uv": [0, 0, 16, 16], "rotation": 270, "texture": "#54"},
				"south": {"uv": [0, 0, 16, 16], "rotation": 270, "texture": "#54"},
				"west": {"uv": [0, 0, 16, 16], "rotation": 270, "texture": "#54"},
				"up": {"uv": [0, 0, 16, 16], "rotation": 270, "texture": "#54"},
				"down": {"uv": [0, 0, 16, 16], "rotation": 270, "texture": "#54"}
			}
		},
		{
			"from": [7.35, -5.16681, 12.41293],
			"to": [7.85, -4.31681, 12.51293],
			"rotation": {"angle": 22.5, "axis": "x", "origin": [7.6, -4.81681, 12.46293]},
			"faces": {
				"north": {"uv": [16, 0, 0, 16], "rotation": 270, "texture": "#54"},
				"east": {"uv": [16, 0, 0, 16], "rotation": 270, "texture": "#54"},
				"south": {"uv": [16, 0, 0, 16], "rotation": 270, "texture": "#54"},
				"west": {"uv": [16, 0, 0, 16], "rotation": 270, "texture": "#54"},
				"up": {"uv": [16, 0, 0, 16], "rotation": 270, "texture": "#54"},
				"down": {"uv": [16, 0, 0, 16], "rotation": 270, "texture": "#54"}
			}
		},
		{
			"from": [7.25, 26.31681, 12.36293],
			"to": [7.85, 26.41681, 12.56293],
			"rotation": {"angle": -22.5, "axis": "x", "origin": [7.6, 26.81681, 12.46293]},
			"faces": {
				"north": {"uv": [0, 0, 16, 16], "texture": "#27"},
				"east": {"uv": [0, 0, 16, 16], "texture": "#27"},
				"south": {"uv": [0, 0, 16, 16], "texture": "#27"},
				"west": {"uv": [0, 0, 16, 16], "texture": "#27"},
				"up": {"uv": [0, 0, 16, 16], "texture": "#27"},
				"down": {"uv": [0, 0, 16, 16], "texture": "#27"}
			}
		},
		{
			"from": [7.25, -4.41681, 12.36293],
			"to": [7.85, -4.31681, 12.56293],
			"rotation": {"angle": 22.5, "axis": "x", "origin": [7.6, -4.81681, 12.46293]},
			"faces": {
				"north": {"uv": [0, 16, 16, 0], "texture": "#27"},
				"east": {"uv": [0, 16, 16, 0], "texture": "#27"},
				"south": {"uv": [0, 16, 16, 0], "texture": "#27"},
				"west": {"uv": [0, 16, 16, 0], "texture": "#27"},
				"up": {"uv": [0, 16, 16, 0], "texture": "#27"},
				"down": {"uv": [0, 16, 16, 0], "texture": "#27"}
			}
		},
		{
			"from": [8.15, 26.31681, 12.36293],
			"to": [8.75, 26.41681, 12.56293],
			"rotation": {"angle": -22.5, "axis": "x", "origin": [8.4, 26.81681, 12.46293]},
			"faces": {
				"north": {"uv": [0, 0, 16, 16], "texture": "#27"},
				"east": {"uv": [0, 0, 16, 16], "texture": "#27"},
				"south": {"uv": [0, 0, 16, 16], "texture": "#27"},
				"west": {"uv": [0, 0, 16, 16], "texture": "#27"},
				"up": {"uv": [0, 0, 16, 16], "texture": "#27"},
				"down": {"uv": [0, 0, 16, 16], "texture": "#27"}
			}
		},
		{
			"from": [8.15, -4.41681, 12.36293],
			"to": [8.75, -4.31681, 12.56293],
			"rotation": {"angle": 22.5, "axis": "x", "origin": [8.4, -4.81681, 12.46293]},
			"faces": {
				"north": {"uv": [0, 16, 16, 0], "texture": "#27"},
				"east": {"uv": [0, 16, 16, 0], "texture": "#27"},
				"south": {"uv": [0, 16, 16, 0], "texture": "#27"},
				"west": {"uv": [0, 16, 16, 0], "texture": "#27"},
				"up": {"uv": [0, 16, 16, 0], "texture": "#27"},
				"down": {"uv": [0, 16, 16, 0], "texture": "#27"}
			}
		},
		{
			"from": [7.05, 26.34181, 12.41293],
			"to": [7.25, 26.39181, 12.51293],
			"rotation": {"angle": -22.5, "axis": "x", "origin": [7.6, 26.81681, 12.46293]},
			"faces": {
				"north": {"uv": [0, 0, 16, 16], "texture": "#27"},
				"east": {"uv": [0, 0, 16, 16], "texture": "#27"},
				"south": {"uv": [0, 0, 16, 16], "texture": "#27"},
				"west": {"uv": [0, 0, 16, 16], "texture": "#27"},
				"up": {"uv": [0, 0, 16, 16], "texture": "#27"},
				"down": {"uv": [0, 0, 16, 16], "texture": "#27"}
			}
		},
		{
			"from": [7.05, -4.39181, 12.41293],
			"to": [7.25, -4.34181, 12.51293],
			"rotation": {"angle": 22.5, "axis": "x", "origin": [7.6, -4.81681, 12.46293]},
			"faces": {
				"north": {"uv": [0, 16, 16, 0], "texture": "#27"},
				"east": {"uv": [0, 16, 16, 0], "texture": "#27"},
				"south": {"uv": [0, 16, 16, 0], "texture": "#27"},
				"west": {"uv": [0, 16, 16, 0], "texture": "#27"},
				"up": {"uv": [0, 16, 16, 0], "texture": "#27"},
				"down": {"uv": [0, 16, 16, 0], "texture": "#27"}
			}
		},
		{
			"from": [8.75, 26.34181, 12.41293],
			"to": [8.95, 26.39181, 12.51293],
			"rotation": {"angle": -22.5, "axis": "x", "origin": [8.4, 26.81681, 12.46293]},
			"faces": {
				"north": {"uv": [0, 0, 16, 16], "texture": "#27"},
				"east": {"uv": [0, 0, 16, 16], "texture": "#27"},
				"south": {"uv": [0, 0, 16, 16], "texture": "#27"},
				"west": {"uv": [0, 0, 16, 16], "texture": "#27"},
				"up": {"uv": [0, 0, 16, 16], "texture": "#27"},
				"down": {"uv": [0, 0, 16, 16], "texture": "#27"}
			}
		},
		{
			"from": [8.75, -4.39181, 12.41293],
			"to": [8.95, -4.34181, 12.51293],
			"rotation": {"angle": 22.5, "axis": "x", "origin": [8.4, -4.81681, 12.46293]},
			"faces": {
				"north": {"uv": [0, 16, 16, 0], "texture": "#27"},
				"east": {"uv": [0, 16, 16, 0], "texture": "#27"},
				"south": {"uv": [0, 16, 16, 0], "texture": "#27"},
				"west": {"uv": [0, 16, 16, 0], "texture": "#27"},
				"up": {"uv": [0, 16, 16, 0], "texture": "#27"},
				"down": {"uv": [0, 16, 16, 0], "texture": "#27"}
			}
		},
		{
			"from": [8.15, 26.31681, 12.41293],
			"to": [8.65, 27.16681, 12.51293],
			"rotation": {"angle": -22.5, "axis": "x", "origin": [8.4, 26.81681, 12.46293]},
			"faces": {
				"north": {"uv": [0, 0, 16, 16], "rotation": 270, "texture": "#54"},
				"east": {"uv": [0, 0, 16, 16], "rotation": 270, "texture": "#54"},
				"south": {"uv": [0, 0, 16, 16], "rotation": 270, "texture": "#54"},
				"west": {"uv": [0, 0, 16, 16], "rotation": 270, "texture": "#54"},
				"up": {"uv": [0, 0, 16, 16], "rotation": 270, "texture": "#54"},
				"down": {"uv": [0, 0, 16, 16], "rotation": 270, "texture": "#54"}
			}
		},
		{
			"from": [8.15, -5.16681, 12.41293],
			"to": [8.65, -4.31681, 12.51293],
			"rotation": {"angle": 22.5, "axis": "x", "origin": [8.4, -4.81681, 12.46293]},
			"faces": {
				"north": {"uv": [16, 0, 0, 16], "rotation": 270, "texture": "#54"},
				"east": {"uv": [16, 0, 0, 16], "rotation": 270, "texture": "#54"},
				"south": {"uv": [16, 0, 0, 16], "rotation": 270, "texture": "#54"},
				"west": {"uv": [16, 0, 0, 16], "rotation": 270, "texture": "#54"},
				"up": {"uv": [16, 0, 0, 16], "rotation": 270, "texture": "#54"},
				"down": {"uv": [16, 0, 0, 16], "rotation": 270, "texture": "#54"}
			}
		},
		{
			"from": [8.275, 26.31681, 12.36293],
			"to": [8.375, 27.56681, 12.53793],
			"rotation": {"angle": -22.5, "axis": "x", "origin": [8.4, 26.81681, 12.46293]},
			"faces": {
				"north": {"uv": [0, 0, 16, 16], "texture": "#27"},
				"east": {"uv": [0, 0, 16, 16], "texture": "#27"},
				"south": {"uv": [0, 0, 16, 16], "texture": "#27"},
				"west": {"uv": [0, 0, 16, 16], "texture": "#27"},
				"up": {"uv": [0, 0, 16, 16], "texture": "#27"},
				"down": {"uv": [0, 0, 16, 16], "texture": "#27"}
			}
		},
		{
			"from": [8.275, -5.56681, 12.36293],
			"to": [8.375, -4.31681, 12.53793],
			"rotation": {"angle": 22.5, "axis": "x", "origin": [8.4, -4.81681, 12.46293]},
			"faces": {
				"north": {"uv": [0, 16, 16, 0], "texture": "#27"},
				"east": {"uv": [0, 16, 16, 0], "texture": "#27"},
				"south": {"uv": [0, 16, 16, 0], "texture": "#27"},
				"west": {"uv": [0, 16, 16, 0], "texture": "#27"},
				"up": {"uv": [0, 16, 16, 0], "texture": "#27"},
				"down": {"uv": [0, 16, 16, 0], "texture": "#27"}
			}
		},
		{
			"from": [7.625, 26.31681, 12.36293],
			"to": [7.725, 27.56681, 12.53793],
			"rotation": {"angle": -22.5, "axis": "x", "origin": [7.6, 26.81681, 12.46293]},
			"faces": {
				"north": {"uv": [0, 0, 16, 16], "texture": "#27"},
				"east": {"uv": [0, 0, 16, 16], "texture": "#27"},
				"south": {"uv": [0, 0, 16, 16], "texture": "#27"},
				"west": {"uv": [0, 0, 16, 16], "texture": "#27"},
				"up": {"uv": [0, 0, 16, 16], "texture": "#27"},
				"down": {"uv": [0, 0, 16, 16], "texture": "#27"}
			}
		},
		{
			"from": [7.625, -5.56681, 12.36293],
			"to": [7.725, -4.31681, 12.53793],
			"rotation": {"angle": 22.5, "axis": "x", "origin": [7.6, -4.81681, 12.46293]},
			"faces": {
				"north": {"uv": [0, 16, 16, 0], "texture": "#27"},
				"east": {"uv": [0, 16, 16, 0], "texture": "#27"},
				"south": {"uv": [0, 16, 16, 0], "texture": "#27"},
				"west": {"uv": [0, 16, 16, 0], "texture": "#27"},
				"up": {"uv": [0, 16, 16, 0], "texture": "#27"},
				"down": {"uv": [0, 16, 16, 0], "texture": "#27"}
			}
		},
		{
			"from": [7.65, 27.51681, 12.38793],
			"to": [7.7, 27.76681, 12.51293],
			"rotation": {"angle": -22.5, "axis": "x", "origin": [7.6, 26.81681, 12.46293]},
			"faces": {
				"north": {"uv": [0, 0, 16, 16], "texture": "#27"},
				"east": {"uv": [0, 0, 16, 16], "texture": "#27"},
				"south": {"uv": [0, 0, 16, 16], "texture": "#27"},
				"west": {"uv": [0, 0, 16, 16], "texture": "#27"},
				"up": {"uv": [0, 0, 16, 16], "texture": "#27"},
				"down": {"uv": [0, 0, 16, 16], "texture": "#27"}
			}
		},
		{
			"from": [7.65, -5.76681, 12.38793],
			"to": [7.7, -5.51681, 12.51293],
			"rotation": {"angle": 22.5, "axis": "x", "origin": [7.6, -4.81681, 12.46293]},
			"faces": {
				"north": {"uv": [0, 16, 16, 0], "texture": "#27"},
				"east": {"uv": [0, 16, 16, 0], "texture": "#27"},
				"south": {"uv": [0, 16, 16, 0], "texture": "#27"},
				"west": {"uv": [0, 16, 16, 0], "texture": "#27"},
				"up": {"uv": [0, 16, 16, 0], "texture": "#27"},
				"down": {"uv": [0, 16, 16, 0], "texture": "#27"}
			}
		},
		{
			"from": [8.3, 27.51681, 12.38793],
			"to": [8.35, 27.76681, 12.51293],
			"rotation": {"angle": -22.5, "axis": "x", "origin": [8.4, 26.81681, 12.46293]},
			"faces": {
				"north": {"uv": [0, 0, 16, 16], "texture": "#27"},
				"east": {"uv": [0, 0, 16, 16], "texture": "#27"},
				"south": {"uv": [0, 0, 16, 16], "texture": "#27"},
				"west": {"uv": [0, 0, 16, 16], "texture": "#27"},
				"up": {"uv": [0, 0, 16, 16], "texture": "#27"},
				"down": {"uv": [0, 0, 16, 16], "texture": "#27"}
			}
		},
		{
			"from": [8.3, -5.76681, 12.38793],
			"to": [8.35, -5.51681, 12.51293],
			"rotation": {"angle": 22.5, "axis": "x", "origin": [8.4, -4.81681, 12.46293]},
			"faces": {
				"north": {"uv": [0, 16, 16, 0], "texture": "#27"},
				"east": {"uv": [0, 16, 16, 0], "texture": "#27"},
				"south": {"uv": [0, 16, 16, 0], "texture": "#27"},
				"west": {"uv": [0, 16, 16, 0], "texture": "#27"},
				"up": {"uv": [0, 16, 16, 0], "texture": "#27"},
				"down": {"uv": [0, 16, 16, 0], "texture": "#27"}
			}
		},
		{
			"from": [7.75, 26.05, 12],
			"to": [8.25, 26.425, 12.35],
			"rotation": {"angle": -22.5, "axis": "x", "origin": [8, 26.35, 12.125]},
			"faces": {
				"north": {"uv": [10, 10, 16, 16], "rotation": 90, "texture": "#54"},
				"east": {"uv": [10, 10, 16, 16], "rotation": 90, "texture": "#54"},
				"south": {"uv": [10, 10, 16, 16], "rotation": 90, "texture": "#54"},
				"west": {"uv": [10, 10, 16, 16], "rotation": 90, "texture": "#54"},
				"up": {"uv": [10, 10, 16, 16], "rotation": 90, "texture": "#54"},
				"down": {"uv": [10, 10, 16, 16], "rotation": 90, "texture": "#54"}
			}
		},
		{
			"from": [7.75, -4.425, 12],
			"to": [8.25, -4.05, 12.35],
			"rotation": {"angle": 22.5, "axis": "x", "origin": [8, -4.35, 12.125]},
			"faces": {
				"north": {"uv": [16, 10, 10, 16], "rotation": 90, "texture": "#54"},
				"east": {"uv": [16, 10, 10, 16], "rotation": 90, "texture": "#54"},
				"south": {"uv": [16, 10, 10, 16], "rotation": 90, "texture": "#54"},
				"west": {"uv": [16, 10, 10, 16], "rotation": 90, "texture": "#54"},
				"up": {"uv": [16, 10, 10, 16], "rotation": 90, "texture": "#54"},
				"down": {"uv": [16, 10, 10, 16], "rotation": 90, "texture": "#54"}
			}
		},
		{
			"from": [7.75, 26.05, 11.175],
			"to": [8.25, 26.3, 12.45],
			"rotation": {"angle": -22.5, "axis": "x", "origin": [8, 26.35, 12.125]},
			"faces": {
				"north": {"uv": [10, 10, 16, 16], "rotation": 90, "texture": "#54"},
				"east": {"uv": [10, 10, 16, 16], "rotation": 90, "texture": "#54"},
				"south": {"uv": [10, 10, 16, 16], "rotation": 90, "texture": "#54"},
				"west": {"uv": [10, 10, 16, 16], "rotation": 90, "texture": "#54"},
				"up": {"uv": [10, 10, 16, 16], "rotation": 90, "texture": "#54"},
				"down": {"uv": [10, 10, 16, 16], "rotation": 90, "texture": "#54"}
			}
		},
		{
			"from": [7.75, -4.3, 11.175],
			"to": [8.25, -4.05, 12.45],
			"rotation": {"angle": 22.5, "axis": "x", "origin": [8, -4.35, 12.125]},
			"faces": {
				"north": {"uv": [16, 10, 10, 16], "rotation": 90, "texture": "#54"},
				"east": {"uv": [16, 10, 10, 16], "rotation": 90, "texture": "#54"},
				"south": {"uv": [16, 10, 10, 16], "rotation": 90, "texture": "#54"},
				"west": {"uv": [16, 10, 10, 16], "rotation": 90, "texture": "#54"},
				"up": {"uv": [16, 10, 10, 16], "rotation": 90, "texture": "#54"},
				"down": {"uv": [16, 10, 10, 16], "rotation": 90, "texture": "#54"}
			}
		},
		{
			"from": [7.8, 26.17043, 11.65064],
			"to": [8.2, 26.34543, 12.57564],
			"rotation": {"angle": -45, "axis": "x", "origin": [8, 26.19543, 12.01314]},
			"faces": {
				"north": {"uv": [10, 10, 16, 16], "rotation": 90, "texture": "#54"},
				"east": {"uv": [10, 10, 16, 16], "rotation": 90, "texture": "#54"},
				"south": {"uv": [10, 10, 16, 16], "rotation": 90, "texture": "#54"},
				"west": {"uv": [10, 10, 16, 16], "rotation": 90, "texture": "#54"},
				"up": {"uv": [10, 10, 16, 16], "rotation": 90, "texture": "#54"},
				"down": {"uv": [10, 10, 16, 16], "rotation": 90, "texture": "#54"}
			}
		},
		{
			"from": [7.8, -4.34543, 11.65064],
			"to": [8.2, -4.17043, 12.57564],
			"rotation": {"angle": 45, "axis": "x", "origin": [8, -4.19543, 12.01314]},
			"faces": {
				"north": {"uv": [16, 10, 10, 16], "rotation": 90, "texture": "#54"},
				"east": {"uv": [16, 10, 10, 16], "rotation": 90, "texture": "#54"},
				"south": {"uv": [16, 10, 10, 16], "rotation": 90, "texture": "#54"},
				"west": {"uv": [16, 10, 10, 16], "rotation": 90, "texture": "#54"},
				"up": {"uv": [16, 10, 10, 16], "rotation": 90, "texture": "#54"},
				"down": {"uv": [16, 10, 10, 16], "rotation": 90, "texture": "#54"}
			}
		},
		{
			"from": [7.7, 25.75, 11.375],
			"to": [7.95, 25.825, 12.45],
			"rotation": {"angle": -22.5, "axis": "x", "origin": [8, 26.35, 12.125]},
			"faces": {
				"north": {"uv": [10, 10, 16, 16], "rotation": 90, "texture": "#54"},
				"east": {"uv": [10, 10, 16, 16], "rotation": 90, "texture": "#54"},
				"south": {"uv": [10, 10, 16, 16], "rotation": 90, "texture": "#54"},
				"west": {"uv": [10, 10, 16, 16], "rotation": 90, "texture": "#54"},
				"up": {"uv": [10, 10, 16, 16], "rotation": 90, "texture": "#54"},
				"down": {"uv": [10, 10, 16, 16], "rotation": 90, "texture": "#54"}
			}
		},
		{
			"from": [7.7, -3.825, 11.375],
			"to": [7.95, -3.75, 12.45],
			"rotation": {"angle": 22.5, "axis": "x", "origin": [8, -4.35, 12.125]},
			"faces": {
				"north": {"uv": [16, 10, 10, 16], "rotation": 90, "texture": "#54"},
				"east": {"uv": [16, 10, 10, 16], "rotation": 90, "texture": "#54"},
				"south": {"uv": [16, 10, 10, 16], "rotation": 90, "texture": "#54"},
				"west": {"uv": [16, 10, 10, 16], "rotation": 90, "texture": "#54"},
				"up": {"uv": [16, 10, 10, 16], "rotation": 90, "texture": "#54"},
				"down": {"uv": [16, 10, 10, 16], "rotation": 90, "texture": "#54"}
			}
		},
		{
			"from": [7.7, 26.05, 11.375],
			"to": [7.95, 26.25, 12.45],
			"rotation": {"angle": -22.5, "axis": "x", "origin": [8, 26.35, 12.125]},
			"faces": {
				"north": {"uv": [10, 10, 16, 16], "rotation": 90, "texture": "#54"},
				"east": {"uv": [10, 10, 16, 16], "rotation": 90, "texture": "#54"},
				"south": {"uv": [10, 10, 16, 16], "rotation": 90, "texture": "#54"},
				"west": {"uv": [10, 10, 16, 16], "rotation": 90, "texture": "#54"},
				"up": {"uv": [10, 10, 16, 16], "rotation": 90, "texture": "#54"},
				"down": {"uv": [10, 10, 16, 16], "rotation": 90, "texture": "#54"}
			}
		},
		{
			"from": [7.7, -4.25, 11.375],
			"to": [7.95, -4.05, 12.45],
			"rotation": {"angle": 22.5, "axis": "x", "origin": [8, -4.35, 12.125]},
			"faces": {
				"north": {"uv": [16, 10, 10, 16], "rotation": 90, "texture": "#54"},
				"east": {"uv": [16, 10, 10, 16], "rotation": 90, "texture": "#54"},
				"south": {"uv": [16, 10, 10, 16], "rotation": 90, "texture": "#54"},
				"west": {"uv": [16, 10, 10, 16], "rotation": 90, "texture": "#54"},
				"up": {"uv": [16, 10, 10, 16], "rotation": 90, "texture": "#54"},
				"down": {"uv": [16, 10, 10, 16], "rotation": 90, "texture": "#54"}
			}
		},
		{
			"from": [7.7, 25.85, 11.775],
			"to": [7.95, 26.15, 12.45],
			"rotation": {"angle": -22.5, "axis": "x", "origin": [8, 26.35, 12.125]},
			"faces": {
				"north": {"uv": [10, 10, 16, 16], "rotation": 90, "texture": "#54"},
				"east": {"uv": [10, 10, 16, 16], "rotation": 90, "texture": "#54"},
				"south": {"uv": [10, 10, 16, 16], "rotation": 90, "texture": "#54"},
				"west": {"uv": [10, 10, 16, 16], "rotation": 90, "texture": "#54"},
				"up": {"uv": [10, 10, 16, 16], "rotation": 90, "texture": "#54"},
				"down": {"uv": [10, 10, 16, 16], "rotation": 90, "texture": "#54"}
			}
		},
		{
			"from": [7.7, -4.15, 11.775],
			"to": [7.95, -3.85, 12.45],
			"rotation": {"angle": 22.5, "axis": "x", "origin": [8, -4.35, 12.125]},
			"faces": {
				"north": {"uv": [16, 10, 10, 16], "rotation": 90, "texture": "#54"},
				"east": {"uv": [16, 10, 10, 16], "rotation": 90, "texture": "#54"},
				"south": {"uv": [16, 10, 10, 16], "rotation": 90, "texture": "#54"},
				"west": {"uv": [16, 10, 10, 16], "rotation": 90, "texture": "#54"},
				"up": {"uv": [16, 10, 10, 16], "rotation": 90, "texture": "#54"},
				"down": {"uv": [16, 10, 10, 16], "rotation": 90, "texture": "#54"}
			}
		},
		{
			"from": [8.05, 25.85, 11.775],
			"to": [8.3, 26.05, 12.45],
			"rotation": {"angle": -22.5, "axis": "x", "origin": [8.35, 26.35, 12.125]},
			"faces": {
				"north": {"uv": [10, 10, 16, 16], "rotation": 90, "texture": "#54"},
				"east": {"uv": [10, 10, 16, 16], "rotation": 90, "texture": "#54"},
				"south": {"uv": [10, 10, 16, 16], "rotation": 90, "texture": "#54"},
				"west": {"uv": [10, 10, 16, 16], "rotation": 90, "texture": "#54"},
				"up": {"uv": [10, 10, 16, 16], "rotation": 90, "texture": "#54"},
				"down": {"uv": [10, 10, 16, 16], "rotation": 90, "texture": "#54"}
			}
		},
		{
			"from": [8.05, -4.05, 11.775],
			"to": [8.3, -3.85, 12.45],
			"rotation": {"angle": 22.5, "axis": "x", "origin": [8.35, -4.35, 12.125]},
			"faces": {
				"north": {"uv": [16, 10, 10, 16], "rotation": 90, "texture": "#54"},
				"east": {"uv": [16, 10, 10, 16], "rotation": 90, "texture": "#54"},
				"south": {"uv": [16, 10, 10, 16], "rotation": 90, "texture": "#54"},
				"west": {"uv": [16, 10, 10, 16], "rotation": 90, "texture": "#54"},
				"up": {"uv": [16, 10, 10, 16], "rotation": 90, "texture": "#54"},
				"down": {"uv": [16, 10, 10, 16], "rotation": 90, "texture": "#54"}
			}
		},
		{
			"from": [8.05, 25.75, 11.375],
			"to": [8.3, 25.825, 12.45],
			"rotation": {"angle": -22.5, "axis": "x", "origin": [8.3, 26.35, 12.125]},
			"faces": {
				"north": {"uv": [10, 10, 16, 16], "rotation": 90, "texture": "#54"},
				"east": {"uv": [10, 10, 16, 16], "rotation": 90, "texture": "#54"},
				"south": {"uv": [10, 10, 16, 16], "rotation": 90, "texture": "#54"},
				"west": {"uv": [10, 10, 16, 16], "rotation": 90, "texture": "#54"},
				"up": {"uv": [10, 10, 16, 16], "rotation": 90, "texture": "#54"},
				"down": {"uv": [10, 10, 16, 16], "rotation": 90, "texture": "#54"}
			}
		},
		{
			"from": [8.05, -3.825, 11.375],
			"to": [8.3, -3.75, 12.45],
			"rotation": {"angle": 22.5, "axis": "x", "origin": [8.3, -4.35, 12.125]},
			"faces": {
				"north": {"uv": [16, 10, 10, 16], "rotation": 90, "texture": "#54"},
				"east": {"uv": [16, 10, 10, 16], "rotation": 90, "texture": "#54"},
				"south": {"uv": [16, 10, 10, 16], "rotation": 90, "texture": "#54"},
				"west": {"uv": [16, 10, 10, 16], "rotation": 90, "texture": "#54"},
				"up": {"uv": [16, 10, 10, 16], "rotation": 90, "texture": "#54"},
				"down": {"uv": [16, 10, 10, 16], "rotation": 90, "texture": "#54"}
			}
		},
		{
			"from": [8.05, 26.05, 11.375],
			"to": [8.3, 26.25, 12.45],
			"rotation": {"angle": -22.5, "axis": "x", "origin": [8.3, 26.35, 12.125]},
			"faces": {
				"north": {"uv": [10, 10, 16, 16], "rotation": 90, "texture": "#54"},
				"east": {"uv": [10, 10, 16, 16], "rotation": 90, "texture": "#54"},
				"south": {"uv": [10, 10, 16, 16], "rotation": 90, "texture": "#54"},
				"west": {"uv": [10, 10, 16, 16], "rotation": 90, "texture": "#54"},
				"up": {"uv": [10, 10, 16, 16], "rotation": 90, "texture": "#54"},
				"down": {"uv": [10, 10, 16, 16], "rotation": 90, "texture": "#54"}
			}
		},
		{
			"from": [8.05, -4.25, 11.375],
			"to": [8.3, -4.05, 12.45],
			"rotation": {"angle": 22.5, "axis": "x", "origin": [8.3, -4.35, 12.125]},
			"faces": {
				"north": {"uv": [16, 10, 10, 16], "rotation": 90, "texture": "#54"},
				"east": {"uv": [16, 10, 10, 16], "rotation": 90, "texture": "#54"},
				"south": {"uv": [16, 10, 10, 16], "rotation": 90, "texture": "#54"},
				"west": {"uv": [16, 10, 10, 16], "rotation": 90, "texture": "#54"},
				"up": {"uv": [16, 10, 10, 16], "rotation": 90, "texture": "#54"},
				"down": {"uv": [16, 10, 10, 16], "rotation": 90, "texture": "#54"}
			}
		},
		{
			"from": [7.8, 25.75, 11.125],
			"to": [8.2, 25.825, 11.6],
			"rotation": {"angle": -22.5, "axis": "x", "origin": [8, 26.35, 12.125]},
			"faces": {
				"north": {"uv": [10, 10, 16, 16], "rotation": 90, "texture": "#54"},
				"east": {"uv": [10, 10, 16, 16], "rotation": 90, "texture": "#54"},
				"south": {"uv": [10, 10, 16, 16], "rotation": 90, "texture": "#54"},
				"west": {"uv": [10, 10, 16, 16], "rotation": 90, "texture": "#54"},
				"up": {"uv": [10, 10, 16, 16], "rotation": 90, "texture": "#54"},
				"down": {"uv": [10, 10, 16, 16], "rotation": 90, "texture": "#54"}
			}
		},
		{
			"from": [7.8, -3.825, 11.125],
			"to": [8.2, -3.75, 11.6],
			"rotation": {"angle": 22.5, "axis": "x", "origin": [8, -4.35, 12.125]},
			"faces": {
				"north": {"uv": [16, 10, 10, 16], "rotation": 90, "texture": "#54"},
				"east": {"uv": [16, 10, 10, 16], "rotation": 90, "texture": "#54"},
				"south": {"uv": [16, 10, 10, 16], "rotation": 90, "texture": "#54"},
				"west": {"uv": [16, 10, 10, 16], "rotation": 90, "texture": "#54"},
				"up": {"uv": [16, 10, 10, 16], "rotation": 90, "texture": "#54"},
				"down": {"uv": [16, 10, 10, 16], "rotation": 90, "texture": "#54"}
			}
		},
		{
			"from": [7.8, 26.05, 11.125],
			"to": [8.2, 26.25, 11.6],
			"rotation": {"angle": -22.5, "axis": "x", "origin": [8, 26.35, 12.125]},
			"faces": {
				"north": {"uv": [10, 10, 16, 16], "rotation": 90, "texture": "#54"},
				"east": {"uv": [10, 10, 16, 16], "rotation": 90, "texture": "#54"},
				"south": {"uv": [10, 10, 16, 16], "rotation": 90, "texture": "#54"},
				"west": {"uv": [10, 10, 16, 16], "rotation": 90, "texture": "#54"},
				"up": {"uv": [10, 10, 16, 16], "rotation": 90, "texture": "#54"},
				"down": {"uv": [10, 10, 16, 16], "rotation": 90, "texture": "#54"}
			}
		},
		{
			"from": [7.8, -4.25, 11.125],
			"to": [8.2, -4.05, 11.6],
			"rotation": {"angle": 22.5, "axis": "x", "origin": [8, -4.35, 12.125]},
			"faces": {
				"north": {"uv": [16, 10, 10, 16], "rotation": 90, "texture": "#54"},
				"east": {"uv": [16, 10, 10, 16], "rotation": 90, "texture": "#54"},
				"south": {"uv": [16, 10, 10, 16], "rotation": 90, "texture": "#54"},
				"west": {"uv": [16, 10, 10, 16], "rotation": 90, "texture": "#54"},
				"up": {"uv": [16, 10, 10, 16], "rotation": 90, "texture": "#54"},
				"down": {"uv": [16, 10, 10, 16], "rotation": 90, "texture": "#54"}
			}
		},
		{
			"from": [7.9, 25.78114, 11.39837],
			"to": [8.1, 26.28114, 11.57337],
			"rotation": {"angle": -45, "axis": "x", "origin": [8, 26.03114, 11.48587]},
			"faces": {
				"north": {"uv": [0, 0, 16, 16], "texture": "#27"},
				"east": {"uv": [0, 0, 16, 16], "texture": "#27"},
				"south": {"uv": [0, 0, 16, 16], "texture": "#27"},
				"west": {"uv": [0, 0, 16, 16], "texture": "#27"},
				"up": {"uv": [0, 0, 16, 16], "texture": "#27"},
				"down": {"uv": [0, 0, 16, 16], "texture": "#27"}
			}
		},
		{
			"from": [7.9, -4.28114, 11.39837],
			"to": [8.1, -3.78114, 11.57337],
			"rotation": {"angle": 45, "axis": "x", "origin": [8, -4.03114, 11.48587]},
			"faces": {
				"north": {"uv": [0, 16, 16, 0], "texture": "#27"},
				"east": {"uv": [0, 16, 16, 0], "texture": "#27"},
				"south": {"uv": [0, 16, 16, 0], "texture": "#27"},
				"west": {"uv": [0, 16, 16, 0], "texture": "#27"},
				"up": {"uv": [0, 16, 16, 0], "texture": "#27"},
				"down": {"uv": [0, 16, 16, 0], "texture": "#27"}
			}
		},
		{
			"from": [7.925, 26.15614, 11.17337],
			"to": [8.025, 26.45614, 11.27337],
			"rotation": {"angle": -22.5, "axis": "x", "origin": [8, 26.40614, 11.23587]},
			"faces": {
				"north": {"uv": [0, 0, 16, 16], "texture": "#27"},
				"east": {"uv": [0, 0, 16, 16], "texture": "#27"},
				"south": {"uv": [0, 0, 16, 16], "texture": "#27"},
				"west": {"uv": [0, 0, 16, 16], "texture": "#27"},
				"up": {"uv": [0, 0, 16, 16], "texture": "#27"},
				"down": {"uv": [0, 0, 16, 16], "texture": "#27"}
			}
		},
		{
			"from": [7.925, -4.45614, 11.17337],
			"to": [8.025, -4.15614, 11.27337],
			"rotation": {"angle": 22.5, "axis": "x", "origin": [8, -4.40614, 11.23587]},
			"faces": {
				"north": {"uv": [0, 16, 16, 0], "texture": "#27"},
				"east": {"uv": [0, 16, 16, 0], "texture": "#27"},
				"south": {"uv": [0, 16, 16, 0], "texture": "#27"},
				"west": {"uv": [0, 16, 16, 0], "texture": "#27"},
				"up": {"uv": [0, 16, 16, 0], "texture": "#27"},
				"down": {"uv": [0, 16, 16, 0], "texture": "#27"}
			}
		},
		{
			"from": [7.5, 8, 7.5],
			"to": [8.5, 9, 8.5],
			"rotation": {"angle": 0, "axis": "y", "origin": [8, 14, 8]},
			"faces": {
				"north": {"uv": [1, 9, 15, 15], "texture": "#254"},
				"east": {"uv": [1, 9, 15, 15], "texture": "#254"},
				"south": {"uv": [1, 9, 15, 15], "texture": "#254"},
				"west": {"uv": [1, 9, 15, 15], "texture": "#254"},
				"up": {"uv": [1, 9, 15, 15], "texture": "#254"},
				"down": {"uv": [1, 9, 15, 15], "texture": "#254"}
			}
		},
		{
			"from": [7.925, 11.875, 7.625],
			"to": [8.35, 12.3, 8.375],
			"rotation": {"angle": -45, "axis": "z", "origin": [8, 12.225, 8]},
			"faces": {
				"north": {"uv": [1, 9, 15, 15], "texture": "#254"},
				"east": {"uv": [1, 9, 15, 15], "texture": "#254"},
				"south": {"uv": [1, 9, 15, 15], "texture": "#254"},
				"west": {"uv": [1, 9, 15, 15], "texture": "#254"},
				"up": {"uv": [1, 9, 15, 15], "texture": "#254"},
				"down": {"uv": [1, 9, 15, 15], "texture": "#254"}
			}
		},
		{
			"from": [7.925, 9.7, 7.625],
			"to": [8.35, 10.125, 8.375],
			"rotation": {"angle": 45, "axis": "z", "origin": [8, 9.775, 8]},
			"faces": {
				"north": {"uv": [1, 9, 15, 15], "texture": "#254"},
				"east": {"uv": [1, 9, 15, 15], "texture": "#254"},
				"south": {"uv": [1, 9, 15, 15], "texture": "#254"},
				"west": {"uv": [1, 9, 15, 15], "texture": "#254"},
				"up": {"uv": [1, 9, 15, 15], "texture": "#254"},
				"down": {"uv": [1, 9, 15, 15], "texture": "#254"}
			}
		},
		{
			"from": [7.8, 12.725, 7.525],
			"to": [8.5, 13.425, 8.475],
			"rotation": {"angle": -45, "axis": "z", "origin": [8, 13.225, 8]},
			"faces": {
				"north": {"uv": [1, 9, 15, 15], "texture": "#254"},
				"east": {"uv": [1, 9, 15, 15], "texture": "#254"},
				"south": {"uv": [1, 9, 15, 15], "texture": "#254"},
				"west": {"uv": [1, 9, 15, 15], "texture": "#254"},
				"up": {"uv": [1, 9, 15, 15], "texture": "#254"},
				"down": {"uv": [1, 9, 15, 15], "texture": "#254"}
			}
		},
		{
			"from": [7.8, 13.725, 7.525],
			"to": [8.5, 14.425, 8.475],
			"rotation": {"angle": -45, "axis": "z", "origin": [8, 14.225, 8]},
			"faces": {
				"north": {"uv": [1, 9, 15, 15], "texture": "#254"},
				"east": {"uv": [1, 9, 15, 15], "texture": "#254"},
				"south": {"uv": [1, 9, 15, 15], "texture": "#254"},
				"west": {"uv": [1, 9, 15, 15], "texture": "#254"},
				"up": {"uv": [1, 9, 15, 15], "texture": "#254"},
				"down": {"uv": [1, 9, 15, 15], "texture": "#254"}
			}
		},
		{
			"from": [7.9, 13.325, 7.425],
			"to": [8.5, 13.925, 8.575],
			"rotation": {"angle": -45, "axis": "z", "origin": [8, 13.825, 8]},
			"faces": {
				"north": {"uv": [0, 0, 16, 16], "texture": "#259"},
				"east": {"uv": [0, 0, 16, 16], "texture": "#259"},
				"south": {"uv": [0, 0, 16, 16], "texture": "#259"},
				"west": {"uv": [0, 0, 16, 16], "texture": "#259"},
				"up": {"uv": [0, 0, 16, 16], "texture": "#259"},
				"down": {"uv": [0, 0, 16, 16], "texture": "#259"}
			}
		},
		{
			"from": [7.9, 8.075, 7.425],
			"to": [8.5, 8.675, 8.575],
			"rotation": {"angle": 45, "axis": "z", "origin": [8, 8.175, 8]},
			"faces": {
				"north": {"uv": [0, 16, 16, 0], "texture": "#259"},
				"east": {"uv": [0, 16, 16, 0], "texture": "#259"},
				"south": {"uv": [0, 16, 16, 0], "texture": "#259"},
				"west": {"uv": [0, 16, 16, 0], "texture": "#259"},
				"up": {"uv": [0, 16, 16, 0], "texture": "#259"},
				"down": {"uv": [0, 16, 16, 0], "texture": "#259"}
			}
		},
		{
			"from": [7.8, 7.725, 7.525],
			"to": [8.5, 8.425, 8.475],
			"rotation": {"angle": -45, "axis": "z", "origin": [8, 8.225, 8]},
			"faces": {
				"north": {"uv": [1, 9, 15, 15], "texture": "#254"},
				"east": {"uv": [1, 9, 15, 15], "texture": "#254"},
				"south": {"uv": [1, 9, 15, 15], "texture": "#254"},
				"west": {"uv": [1, 9, 15, 15], "texture": "#254"},
				"up": {"uv": [1, 9, 15, 15], "texture": "#254"},
				"down": {"uv": [1, 9, 15, 15], "texture": "#254"}
			}
		},
		{
			"from": [7.8, 8.575, 7.525],
			"to": [8.5, 9.275, 8.475],
			"rotation": {"angle": 45, "axis": "z", "origin": [8, 8.775, 8]},
			"faces": {
				"north": {"uv": [1, 9, 15, 15], "texture": "#254"},
				"east": {"uv": [1, 9, 15, 15], "texture": "#254"},
				"south": {"uv": [1, 9, 15, 15], "texture": "#254"},
				"west": {"uv": [1, 9, 15, 15], "texture": "#254"},
				"up": {"uv": [1, 9, 15, 15], "texture": "#254"},
				"down": {"uv": [1, 9, 15, 15], "texture": "#254"}
			}
		},
		{
			"from": [7.7, 12, 7.6],
			"to": [8.3, 13, 8.4],
			"rotation": {"angle": 0, "axis": "y", "origin": [8, 7, 8]},
			"faces": {
				"north": {"uv": [1, 9, 15, 15], "texture": "#254"},
				"east": {"uv": [1, 9, 15, 15], "texture": "#254"},
				"south": {"uv": [1, 9, 15, 15], "texture": "#254"},
				"west": {"uv": [1, 9, 15, 15], "texture": "#254"},
				"up": {"uv": [1, 9, 15, 15], "texture": "#254"},
				"down": {"uv": [1, 9, 15, 15], "texture": "#254"}
			}
		},
		{
			"from": [7.7, 9, 7.6],
			"to": [8.3, 10, 8.4],
			"rotation": {"angle": 0, "axis": "y", "origin": [8, 15, 8]},
			"faces": {
				"north": {"uv": [1, 9, 15, 15], "texture": "#254"},
				"east": {"uv": [1, 9, 15, 15], "texture": "#254"},
				"south": {"uv": [1, 9, 15, 15], "texture": "#254"},
				"west": {"uv": [1, 9, 15, 15], "texture": "#254"},
				"up": {"uv": [1, 9, 15, 15], "texture": "#254"},
				"down": {"uv": [1, 9, 15, 15], "texture": "#254"}
			}
		},
		{
			"from": [7.85, 10, 7.7],
			"to": [8.15, 12, 8.3],
			"rotation": {"angle": 0, "axis": "y", "origin": [8, 6, 8]},
			"faces": {
				"north": {"uv": [0, 0, 16, 16], "texture": "#12"},
				"east": {"uv": [0, 0, 16, 16], "texture": "#12"},
				"south": {"uv": [0, 0, 16, 16], "texture": "#12"},
				"west": {"uv": [0, 0, 16, 16], "texture": "#12"},
				"up": {"uv": [0, 0, 16, 16], "texture": "#12"},
				"down": {"uv": [0, 0, 16, 16], "texture": "#12"}
			}
		},
		{
			"from": [7.75, 11.5, 7.6],
			"to": [8.25, 11.7, 8.4],
			"rotation": {"angle": 0, "axis": "y", "origin": [8, 6.7, 8]},
			"faces": {
				"north": {"uv": [0, 0, 16, 16], "texture": "#150"},
				"east": {"uv": [0, 0, 16, 16], "texture": "#150"},
				"south": {"uv": [0, 0, 16, 16], "texture": "#150"},
				"west": {"uv": [0, 0, 16, 16], "texture": "#150"},
				"up": {"uv": [0, 0, 16, 16], "texture": "#150"},
				"down": {"uv": [0, 0, 16, 16], "texture": "#150"}
			}
		},
		{
			"from": [7.75, 11.1, 7.6],
			"to": [8.25, 11.3, 8.4],
			"rotation": {"angle": 0, "axis": "y", "origin": [8, 6.3, 8]},
			"faces": {
				"north": {"uv": [0, 0, 16, 16], "texture": "#150"},
				"east": {"uv": [0, 0, 16, 16], "texture": "#150"},
				"south": {"uv": [0, 0, 16, 16], "texture": "#150"},
				"west": {"uv": [0, 0, 16, 16], "texture": "#150"},
				"up": {"uv": [0, 0, 16, 16], "texture": "#150"},
				"down": {"uv": [0, 0, 16, 16], "texture": "#150"}
			}
		},
		{
			"from": [7.75, 10.3, 7.6],
			"to": [8.25, 10.5, 8.4],
			"rotation": {"angle": 0, "axis": "y", "origin": [8, 5.5, 8]},
			"faces": {
				"north": {"uv": [0, 0, 16, 16], "texture": "#150"},
				"east": {"uv": [0, 0, 16, 16], "texture": "#150"},
				"south": {"uv": [0, 0, 16, 16], "texture": "#150"},
				"west": {"uv": [0, 0, 16, 16], "texture": "#150"},
				"up": {"uv": [0, 0, 16, 16], "texture": "#150"},
				"down": {"uv": [0, 0, 16, 16], "texture": "#150"}
			}
		},
		{
			"from": [7.75, 10.7, 7.6],
			"to": [8.25, 10.9, 8.4],
			"rotation": {"angle": 0, "axis": "y", "origin": [8, 5.9, 8]},
			"faces": {
				"north": {"uv": [0, 0, 16, 16], "texture": "#150"},
				"east": {"uv": [0, 0, 16, 16], "texture": "#150"},
				"south": {"uv": [0, 0, 16, 16], "texture": "#150"},
				"west": {"uv": [0, 0, 16, 16], "texture": "#150"},
				"up": {"uv": [0, 0, 16, 16], "texture": "#150"},
				"down": {"uv": [0, 0, 16, 16], "texture": "#150"}
			}
		}
	],
	"gui_light": "front",
	"display": {
		"thirdperson_righthand": {
			"translation": [0, -5, 0]
		},
		"firstperson_righthand": {
			"translation": [0, -5, 0]
		},
		"firstperson_lefthand": {
			"translation": [0, -5.5, 0]
		},
		"ground": {
			"translation": [0, 14, -2.5]
		},
		"gui": {
			"rotation": [-90, 139, 132],
			"translation": [-6.5, 4, 0],
			"scale": [0.8, 0.87, 1.8]
		},
		"fixed": {
			"rotation": [0, 100.25, 0],
			"translation": [-0.75, -2, -2.25]
		}
	}
}