{
	"credit": "Made with Blockbench",
	"textures": {
		"3": "block/acacia_log",
		"85": "block/brown_glazed_terracotta",
		"92": "block/brown_wool",
		"147": "block/composter_bottom",
		"224": "block/emerald_block",
		"particle": "block/acacia_door_bottom"
	},
	"elements": [
		{
			"from": [7.6, 11.5, 1.8],
			"to": [8.4, 17.5, 2.2],
			"rotation": {"angle": 0, "axis": "y", "origin": [8, 12, 2]},
			"faces": {
				"north": {"uv": [0, 0, 16, 16], "texture": "#85"},
				"east": {"uv": [0, 0, 16, 16], "texture": "#85"},
				"south": {"uv": [0, 0, 16, 16], "texture": "#85"},
				"west": {"uv": [0, 0, 16, 16], "texture": "#85"},
				"up": {"uv": [0, 0, 16, 16], "texture": "#85"},
				"down": {"uv": [0, 0, 16, 16], "texture": "#85"}
			}
		},
		{
			"from": [7.7, 11.5, 1.7],
			"to": [8.3, 17.5, 2.3],
			"rotation": {"angle": 0, "axis": "y", "origin": [8, 12, 2]},
			"faces": {
				"north": {"uv": [0, 0, 16, 16], "texture": "#85"},
				"east": {"uv": [0, 0, 16, 16], "texture": "#85"},
				"south": {"uv": [0, 0, 16, 16], "texture": "#85"},
				"west": {"uv": [0, 0, 16, 16], "texture": "#85"},
				"up": {"uv": [0, 0, 16, 16], "texture": "#85"},
				"down": {"uv": [0, 0, 16, 16], "texture": "#85"}
			}
		},
		{
			"from": [7.8, 11.5, 1.6],
			"to": [8.2, 17.5, 2.4],
			"rotation": {"angle": 0, "axis": "y", "origin": [8, 14.5, 2]},
			"faces": {
				"north": {"uv": [0, 0, 16, 16], "texture": "#85"},
				"east": {"uv": [0, 0, 16, 16], "texture": "#85"},
				"south": {"uv": [0, 0, 16, 16], "texture": "#85"},
				"west": {"uv": [0, 0, 16, 16], "texture": "#85"},
				"up": {"uv": [0, 0, 16, 16], "texture": "#85"},
				"down": {"uv": [0, 0, 16, 16], "texture": "#85"}
			}
		},
		{
			"from": [7.95, 3.4, 6.25],
			"to": [8.05, 24.4, 6.35],
			"rotation": {"angle": 0, "axis": "y", "origin": [8.05, 21.4, 6.35]},
			"faces": {
				"north": {"uv": [0, 0, 16, 16], "texture": "#92"},
				"east": {"uv": [0, 0, 16, 16], "texture": "#92"},
				"south": {"uv": [0, 0, 16, 16], "texture": "#92"},
				"west": {"uv": [0, 0, 16, 16], "texture": "#92"},
				"up": {"uv": [0, 0, 16, 16], "texture": "#92"},
				"down": {"uv": [0, 0, 16, 16], "texture": "#92"}
			}
		},
		{
			"from": [7.9, 16, 1.5],
			"to": [8.1, 16.5, 2.5],
			"rotation": {"angle": 0, "axis": "y", "origin": [8, 14.5, 2]},
			"faces": {
				"north": {"uv": [0, 0, 16, 16], "texture": "#147"},
				"east": {"uv": [0, 0, 16, 16], "texture": "#147"},
				"south": {"uv": [0, 0, 16, 16], "texture": "#147"},
				"west": {"uv": [0, 0, 16, 16], "texture": "#147"},
				"up": {"uv": [0, 0, 16, 16], "texture": "#147"},
				"down": {"uv": [0, 0, 16, 16], "texture": "#147"}
			}
		},
		{
			"from": [7.9, 11.5, 1.5],
			"to": [8.1, 12, 2.5],
			"rotation": {"angle": 0, "axis": "y", "origin": [8, 10, 2]},
			"faces": {
				"north": {"uv": [0, 0, 16, 16], "texture": "#147"},
				"east": {"uv": [0, 0, 16, 16], "texture": "#147"},
				"south": {"uv": [0, 0, 16, 16], "texture": "#147"},
				"west": {"uv": [0, 0, 16, 16], "texture": "#147"},
				"up": {"uv": [0, 0, 16, 16], "texture": "#147"},
				"down": {"uv": [0, 0, 16, 16], "texture": "#147"}
			}
		},
		{
			"from": [7.5, 16.5, 1.5],
			"to": [8.5, 17.5, 2.5],
			"rotation": {"angle": 0, "axis": "y", "origin": [8, 12, 2]},
			"faces": {
				"north": {"uv": [0, 0, 16, 16], "texture": "#147"},
				"east": {"uv": [0, 0, 16, 16], "texture": "#147"},
				"south": {"uv": [0, 0, 16, 16], "texture": "#147"},
				"west": {"uv": [0, 0, 16, 16], "texture": "#147"},
				"up": {"uv": [0, 0, 16, 16], "texture": "#147"},
				"down": {"uv": [0, 0, 16, 16], "texture": "#147"}
			}
		},
		{
			"from": [7.8, 17.1, 1.525],
			"to": [8.5, 17.8, 2.475],
			"rotation": {"angle": 45, "axis": "z", "origin": [8, 17.3, 2]},
			"faces": {
				"north": {"uv": [0, 0, 16, 16], "texture": "#147"},
				"east": {"uv": [0, 0, 16, 16], "texture": "#147"},
				"south": {"uv": [0, 0, 16, 16], "texture": "#147"},
				"west": {"uv": [0, 0, 16, 16], "texture": "#147"},
				"up": {"uv": [0, 0, 16, 16], "texture": "#147"},
				"down": {"uv": [0, 0, 16, 16], "texture": "#147"}
			}
		},
		{
			"from": [7.9, 17.1, 1.425],
			"to": [8.5, 17.7, 2.475],
			"rotation": {"angle": 45, "axis": "z", "origin": [8, 17.2, 2]},
			"faces": {
				"north": {"uv": [0, 0, 16, 16], "texture": "#224"},
				"east": {"uv": [0, 0, 16, 16], "texture": "#224"},
				"south": {"uv": [0, 0, 16, 16], "texture": "#224"},
				"west": {"uv": [0, 0, 16, 16], "texture": "#224"},
				"up": {"uv": [0, 0, 16, 16], "texture": "#224"},
				"down": {"uv": [0, 0, 16, 16], "texture": "#224"}
			}
		},
		{
			"from": [7.9, 10.175, 1.425],
			"to": [8.5, 10.775, 2.475],
			"rotation": {"angle": 45, "axis": "z", "origin": [8, 10.275, 2]},
			"faces": {
				"north": {"uv": [0, 0, 16, 16], "texture": "#224"},
				"east": {"uv": [0, 0, 16, 16], "texture": "#224"},
				"south": {"uv": [0, 0, 16, 16], "texture": "#224"},
				"west": {"uv": [0, 0, 16, 16], "texture": "#224"},
				"up": {"uv": [0, 0, 16, 16], "texture": "#224"},
				"down": {"uv": [0, 0, 16, 16], "texture": "#224"}
			}
		},
		{
			"from": [7.8, 10.2, 1.525],
			"to": [8.5, 10.9, 2.475],
			"rotation": {"angle": -45, "axis": "z", "origin": [8, 10.7, 2]},
			"faces": {
				"north": {"uv": [0, 0, 16, 16], "texture": "#147"},
				"east": {"uv": [0, 0, 16, 16], "texture": "#147"},
				"south": {"uv": [0, 0, 16, 16], "texture": "#147"},
				"west": {"uv": [0, 0, 16, 16], "texture": "#147"},
				"up": {"uv": [0, 0, 16, 16], "texture": "#147"},
				"down": {"uv": [0, 0, 16, 16], "texture": "#147"}
			}
		},
		{
			"from": [7.5, 10.5, 1.5],
			"to": [8.5, 11.5, 2.5],
			"rotation": {"angle": 0, "axis": "y", "origin": [8, 16, 2]},
			"faces": {
				"north": {"uv": [0, 0, 16, 16], "texture": "#147"},
				"east": {"uv": [0, 0, 16, 16], "texture": "#147"},
				"south": {"uv": [0, 0, 16, 16], "texture": "#147"},
				"west": {"uv": [0, 0, 16, 16], "texture": "#147"},
				"up": {"uv": [0, 0, 16, 16], "texture": "#147"},
				"down": {"uv": [0, 0, 16, 16], "texture": "#147"}
			}
		},
		{
			"from": [7.6, 17.25, 1.75],
			"to": [8.4, 19.25, 2.55],
			"rotation": {"angle": 22.5, "axis": "x", "origin": [8, 17.75, 2.15]},
			"faces": {
				"north": {"uv": [0, 0, 16, 16], "texture": "#3"},
				"east": {"uv": [0, 0, 16, 16], "texture": "#3"},
				"south": {"uv": [0, 0, 16, 16], "texture": "#3"},
				"west": {"uv": [0, 0, 16, 16], "texture": "#3"},
				"up": {"uv": [0, 0, 16, 16], "texture": "#3"},
				"down": {"uv": [0, 0, 16, 16], "texture": "#3"}
			}
		},
		{
			"from": [7.6, 8.75, 1.75],
			"to": [8.4, 10.75, 2.55],
			"rotation": {"angle": -22.5, "axis": "x", "origin": [8, 10.25, 2.15]},
			"faces": {
				"north": {"uv": [0, 0, 16, 16], "texture": "#3"},
				"east": {"uv": [0, 0, 16, 16], "texture": "#3"},
				"south": {"uv": [0, 0, 16, 16], "texture": "#3"},
				"west": {"uv": [0, 0, 16, 16], "texture": "#3"},
				"up": {"uv": [0, 0, 16, 16], "texture": "#3"},
				"down": {"uv": [0, 0, 16, 16], "texture": "#3"}
			}
		},
		{
			"from": [7.7, 18.95, 2.4],
			"to": [8.3, 20.95, 3],
			"rotation": {"angle": 0, "axis": "x", "origin": [8, 19.45, 2.7]},
			"faces": {
				"north": {"uv": [0, 0, 16, 16], "texture": "#3"},
				"east": {"uv": [0, 0, 16, 16], "texture": "#3"},
				"south": {"uv": [0, 0, 16, 16], "texture": "#3"},
				"west": {"uv": [0, 0, 16, 16], "texture": "#3"},
				"up": {"uv": [0, 0, 16, 16], "texture": "#3"},
				"down": {"uv": [0, 0, 16, 16], "texture": "#3"}
			}
		},
		{
			"from": [7.7, 7.05, 2.4],
			"to": [8.3, 9.05, 3],
			"rotation": {"angle": 0, "axis": "x", "origin": [8, 8.55, 2.7]},
			"faces": {
				"north": {"uv": [0, 0, 16, 16], "texture": "#3"},
				"east": {"uv": [0, 0, 16, 16], "texture": "#3"},
				"south": {"uv": [0, 0, 16, 16], "texture": "#3"},
				"west": {"uv": [0, 0, 16, 16], "texture": "#3"},
				"up": {"uv": [0, 0, 16, 16], "texture": "#3"},
				"down": {"uv": [0, 0, 16, 16], "texture": "#3"}
			}
		},
		{
			"from": [7.725, 20.8, 2.6],
			"to": [8.275, 22.8, 3.15],
			"rotation": {"angle": 22.5, "axis": "x", "origin": [8, 21.3, 2.875]},
			"faces": {
				"north": {"uv": [0, 0, 16, 16], "texture": "#3"},
				"east": {"uv": [0, 0, 16, 16], "texture": "#3"},
				"south": {"uv": [0, 0, 16, 16], "texture": "#3"},
				"west": {"uv": [0, 0, 16, 16], "texture": "#3"},
				"up": {"uv": [0, 0, 16, 16], "texture": "#3"},
				"down": {"uv": [0, 0, 16, 16], "texture": "#3"}
			}
		},
		{
			"from": [7.725, 5.2, 2.6],
			"to": [8.275, 7.2, 3.15],
			"rotation": {"angle": -22.5, "axis": "x", "origin": [8, 6.7, 2.875]},
			"faces": {
				"north": {"uv": [0, 0, 16, 16], "texture": "#3"},
				"east": {"uv": [0, 0, 16, 16], "texture": "#3"},
				"south": {"uv": [0, 0, 16, 16], "texture": "#3"},
				"west": {"uv": [0, 0, 16, 16], "texture": "#3"},
				"up": {"uv": [0, 0, 16, 16], "texture": "#3"},
				"down": {"uv": [0, 0, 16, 16], "texture": "#3"}
			}
		},
		{
			"from": [7.8, 22.425, 3.525],
			"to": [8.2, 24.425, 3.925],
			"rotation": {"angle": 45, "axis": "x", "origin": [8, 22.925, 3.725]},
			"faces": {
				"north": {"uv": [0, 0, 16, 16], "texture": "#3"},
				"east": {"uv": [0, 0, 16, 16], "texture": "#3"},
				"south": {"uv": [0, 0, 16, 16], "texture": "#3"},
				"west": {"uv": [0, 0, 16, 16], "texture": "#3"},
				"up": {"uv": [0, 0, 16, 16], "texture": "#3"},
				"down": {"uv": [0, 0, 16, 16], "texture": "#3"}
			}
		},
		{
			"from": [7.8, 3.575, 3.525],
			"to": [8.2, 5.575, 3.925],
			"rotation": {"angle": -45, "axis": "x", "origin": [8, 5.075, 3.725]},
			"faces": {
				"north": {"uv": [0, 0, 16, 16], "texture": "#3"},
				"east": {"uv": [0, 0, 16, 16], "texture": "#3"},
				"south": {"uv": [0, 0, 16, 16], "texture": "#3"},
				"west": {"uv": [0, 0, 16, 16], "texture": "#3"},
				"up": {"uv": [0, 0, 16, 16], "texture": "#3"},
				"down": {"uv": [0, 0, 16, 16], "texture": "#3"}
			}
		},
		{
			"from": [7.825, 23.95, 4.675],
			"to": [8.175, 24.3, 6.675],
			"rotation": {"angle": -22.5, "axis": "x", "origin": [8, 24.125, 5.175]},
			"faces": {
				"north": {"uv": [0, 0, 16, 16], "rotation": 270, "texture": "#3"},
				"east": {"uv": [0, 0, 16, 16], "rotation": 270, "texture": "#3"},
				"south": {"uv": [0, 0, 16, 16], "rotation": 270, "texture": "#3"},
				"west": {"uv": [0, 0, 16, 16], "rotation": 270, "texture": "#3"},
				"up": {"uv": [0, 0, 16, 16], "rotation": 270, "texture": "#3"},
				"down": {"uv": [0, 0, 16, 16], "rotation": 270, "texture": "#3"}
			}
		},
		{
			"from": [7.725, 23.85, 6.175],
			"to": [8.275, 24.4, 6.375],
			"rotation": {"angle": -22.5, "axis": "x", "origin": [8, 24.125, 5.175]},
			"faces": {
				"north": {"uv": [0, 0, 16, 16], "rotation": 270, "texture": "#92"},
				"east": {"uv": [0, 0, 16, 16], "rotation": 270, "texture": "#92"},
				"south": {"uv": [0, 0, 16, 16], "rotation": 270, "texture": "#92"},
				"west": {"uv": [0, 0, 16, 16], "rotation": 270, "texture": "#92"},
				"up": {"uv": [0, 0, 16, 16], "rotation": 270, "texture": "#92"},
				"down": {"uv": [0, 0, 16, 16], "rotation": 270, "texture": "#92"}
			}
		},
		{
			"from": [7.725, 3.6, 6.175],
			"to": [8.275, 4.15, 6.375],
			"rotation": {"angle": 22.5, "axis": "x", "origin": [8, 3.875, 5.175]},
			"faces": {
				"north": {"uv": [0, 0, 16, 16], "rotation": 270, "texture": "#92"},
				"east": {"uv": [0, 0, 16, 16], "rotation": 270, "texture": "#92"},
				"south": {"uv": [0, 0, 16, 16], "rotation": 270, "texture": "#92"},
				"west": {"uv": [0, 0, 16, 16], "rotation": 270, "texture": "#92"},
				"up": {"uv": [0, 0, 16, 16], "rotation": 270, "texture": "#92"},
				"down": {"uv": [0, 0, 16, 16], "rotation": 270, "texture": "#92"}
			}
		},
		{
			"from": [7.825, 3.7, 4.675],
			"to": [8.175, 4.05, 6.675],
			"rotation": {"angle": 22.5, "axis": "x", "origin": [8, 3.875, 5.175]},
			"faces": {
				"north": {"uv": [0, 0, 16, 16], "rotation": 270, "texture": "#3"},
				"east": {"uv": [0, 0, 16, 16], "rotation": 270, "texture": "#3"},
				"south": {"uv": [0, 0, 16, 16], "rotation": 270, "texture": "#3"},
				"west": {"uv": [0, 0, 16, 16], "rotation": 270, "texture": "#3"},
				"up": {"uv": [0, 0, 16, 16], "rotation": 270, "texture": "#3"},
				"down": {"uv": [0, 0, 16, 16], "rotation": 270, "texture": "#3"}
			}
		},
		{
			"from": [7.9, 24.9, 6.325],
			"to": [8.1, 25.1, 7.625],
			"rotation": {"angle": -45, "axis": "x", "origin": [8, 25, 6.825]},
			"faces": {
				"north": {"uv": [0, 0, 16, 16], "rotation": 270, "texture": "#3"},
				"east": {"uv": [0, 0, 16, 16], "rotation": 270, "texture": "#3"},
				"south": {"uv": [0, 0, 16, 16], "rotation": 270, "texture": "#3"},
				"west": {"uv": [0, 0, 16, 16], "rotation": 270, "texture": "#3"},
				"up": {"uv": [0, 0, 16, 16], "rotation": 270, "texture": "#3"},
				"down": {"uv": [0, 0, 16, 16], "rotation": 270, "texture": "#3"}
			}
		},
		{
			"from": [7.9, 2.9, 6.325],
			"to": [8.1, 3.1, 7.625],
			"rotation": {"angle": 45, "axis": "x", "origin": [8, 3, 6.825]},
			"faces": {
				"north": {"uv": [0, 0, 16, 16], "rotation": 270, "texture": "#3"},
				"east": {"uv": [0, 0, 16, 16], "rotation": 270, "texture": "#3"},
				"south": {"uv": [0, 0, 16, 16], "rotation": 270, "texture": "#3"},
				"west": {"uv": [0, 0, 16, 16], "rotation": 270, "texture": "#3"},
				"up": {"uv": [0, 0, 16, 16], "rotation": 270, "texture": "#3"},
				"down": {"uv": [0, 0, 16, 16], "rotation": 270, "texture": "#3"}
			}
		}
	],
	"gui_light": "front",
	"display": {
		"thirdperson_righthand": {
			"translation": [0, -7.75, 5.75]
		},
		"thirdperson_lefthand": {
			"translation": [0, -8.25, 6]
		},
		"firstperson_righthand": {
			"translation": [0, -6.75, 0]
		},
		"firstperson_lefthand": {
			"translation": [0, -6, 0]
		},
		"ground": {
			"translation": [0, 6, 0]
		},
		"gui": {
			"rotation": [113, 39, 97],
			"translation": [5.75, -0.5, 0],
			"scale": [0.88, 0.85, 1.61]
		},
		"fixed": {
			"rotation": [0, 87.5, 0],
			"translation": [2.75, -5.5, -2.25]
		}
	}
}