{
	"credit": "Made with Blockbench",
	"textures": {
		"184": "block/crying_obsidian",
		"484": "block/polished_basalt_top",
		"502": "block/purple_concrete_powder",
		"559": "block/respawn_anchor_top_off",
		"717": "block/warped_stem",
		"particle": "block/acacia_door_bottom"
	},
	"elements": [
		{
			"from": [7.7, 7.5, 7.7],
			"to": [8.2, 10.5, 8.3],
			"rotation": {"angle": 0, "axis": "y", "origin": [8, 8, 8]},
			"faces": {
				"north": {"uv": [6, 0, 16, 16], "texture": "#184"},
				"east": {"uv": [6, 0, 16, 16], "texture": "#184"},
				"south": {"uv": [6, 0, 16, 16], "texture": "#184"},
				"west": {"uv": [6, 0, 16, 16], "texture": "#184"},
				"up": {"uv": [6, 0, 16, 16], "texture": "#184"},
				"down": {"uv": [6, 0, 16, 16], "texture": "#184"}
			}
		},
		{
			"from": [7.075, 10.175, 7.775],
			"to": [7.675, 12.675, 8.225],
			"rotation": {"angle": -22.5, "axis": "z", "origin": [8, 9, 8]},
			"faces": {
				"north": {"uv": [0, 0, 16, 16], "texture": "#184"},
				"east": {"uv": [0, 0, 16, 16], "texture": "#184"},
				"south": {"uv": [0, 0, 16, 16], "texture": "#184"},
				"west": {"uv": [0, 0, 16, 16], "texture": "#184"},
				"up": {"uv": [0, 0, 16, 16], "texture": "#184"},
				"down": {"uv": [0, 0, 16, 16], "texture": "#184"}
			}
		},
		{
			"from": [7.075, 5.225, 7.775],
			"to": [7.675, 7.725, 8.225],
			"rotation": {"angle": 22.5, "axis": "z", "origin": [8, 8.9, 8]},
			"faces": {
				"north": {"uv": [6, 0, 16, 16], "texture": "#184"},
				"east": {"uv": [6, 0, 16, 16], "texture": "#184"},
				"south": {"uv": [6, 0, 16, 16], "texture": "#184"},
				"west": {"uv": [6, 0, 16, 16], "texture": "#184"},
				"up": {"uv": [6, 0, 16, 16], "texture": "#184"},
				"down": {"uv": [6, 0, 16, 16], "texture": "#184"}
			}
		},
		{
			"from": [6.975, 11.425, 7.675],
			"to": [7.775, 11.925, 8.325],
			"rotation": {"angle": -22.5, "axis": "z", "origin": [8, 9, 8]},
			"faces": {
				"north": {"uv": [0, 0, 16, 16], "texture": "#559"},
				"east": {"uv": [0, 0, 16, 16], "texture": "#559"},
				"south": {"uv": [0, 0, 16, 16], "texture": "#559"},
				"west": {"uv": [0, 0, 16, 16], "texture": "#559"},
				"up": {"uv": [0, 0, 16, 16], "texture": "#559"},
				"down": {"uv": [0, 0, 16, 16], "texture": "#559"}
			}
		},
		{
			"from": [6.975, 5.975, 7.675],
			"to": [7.775, 6.475, 8.325],
			"rotation": {"angle": 22.5, "axis": "z", "origin": [8, 8.9, 8]},
			"faces": {
				"north": {"uv": [0, 0, 16, 16], "texture": "#559"},
				"east": {"uv": [0, 0, 16, 16], "texture": "#559"},
				"south": {"uv": [0, 0, 16, 16], "texture": "#559"},
				"west": {"uv": [0, 0, 16, 16], "texture": "#559"},
				"up": {"uv": [0, 0, 16, 16], "texture": "#559"},
				"down": {"uv": [0, 0, 16, 16], "texture": "#559"}
			}
		},
		{
			"from": [6.975, 10.65, 7.675],
			"to": [7.775, 11.15, 8.325],
			"rotation": {"angle": -22.5, "axis": "z", "origin": [8, 9, 8]},
			"faces": {
				"north": {"uv": [0, 0, 16, 16], "texture": "#559"},
				"east": {"uv": [0, 0, 16, 16], "texture": "#559"},
				"south": {"uv": [0, 0, 16, 16], "texture": "#559"},
				"west": {"uv": [0, 0, 16, 16], "texture": "#559"},
				"up": {"uv": [0, 0, 16, 16], "texture": "#559"},
				"down": {"uv": [0, 0, 16, 16], "texture": "#559"}
			}
		},
		{
			"from": [6.975, 6.75, 7.675],
			"to": [7.775, 7.25, 8.325],
			"rotation": {"angle": 22.5, "axis": "z", "origin": [8, 8.9, 8]},
			"faces": {
				"north": {"uv": [0, 0, 16, 16], "texture": "#559"},
				"east": {"uv": [0, 0, 16, 16], "texture": "#559"},
				"south": {"uv": [0, 0, 16, 16], "texture": "#559"},
				"west": {"uv": [0, 0, 16, 16], "texture": "#559"},
				"up": {"uv": [0, 0, 16, 16], "texture": "#559"},
				"down": {"uv": [0, 0, 16, 16], "texture": "#559"}
			}
		},
		{
			"from": [6.975, 9.9, 7.675],
			"to": [7.775, 10.4, 8.325],
			"rotation": {"angle": -22.5, "axis": "z", "origin": [8, 9, 8]},
			"faces": {
				"north": {"uv": [0, 0, 16, 16], "texture": "#559"},
				"east": {"uv": [0, 0, 16, 16], "texture": "#559"},
				"south": {"uv": [0, 0, 16, 16], "texture": "#559"},
				"west": {"uv": [0, 0, 16, 16], "texture": "#559"},
				"up": {"uv": [0, 0, 16, 16], "texture": "#559"},
				"down": {"uv": [0, 0, 16, 16], "texture": "#559"}
			}
		},
		{
			"from": [6.975, 7.5, 7.675],
			"to": [7.775, 8, 8.325],
			"rotation": {"angle": 22.5, "axis": "z", "origin": [8, 8.9, 8]},
			"faces": {
				"north": {"uv": [0, 0, 16, 16], "texture": "#559"},
				"east": {"uv": [0, 0, 16, 16], "texture": "#559"},
				"south": {"uv": [0, 0, 16, 16], "texture": "#559"},
				"west": {"uv": [0, 0, 16, 16], "texture": "#559"},
				"up": {"uv": [0, 0, 16, 16], "texture": "#559"},
				"down": {"uv": [0, 0, 16, 16], "texture": "#559"}
			}
		},
		{
			"from": [7.56266, 9.35164, 7.675],
			"to": [8.36266, 9.85164, 8.325],
			"rotation": {"angle": 0, "axis": "z", "origin": [7.86266, 10.30164, 8]},
			"faces": {
				"north": {"uv": [0, 0, 16, 16], "texture": "#559"},
				"east": {"uv": [0, 0, 16, 16], "texture": "#559"},
				"south": {"uv": [0, 0, 16, 16], "texture": "#559"},
				"west": {"uv": [0, 0, 16, 16], "texture": "#559"},
				"up": {"uv": [0, 0, 16, 16], "texture": "#559"},
				"down": {"uv": [0, 0, 16, 16], "texture": "#559"}
			}
		},
		{
			"from": [7.56266, 8.05164, 7.675],
			"to": [8.36266, 8.55164, 8.325],
			"rotation": {"angle": 0, "axis": "z", "origin": [7.86266, 10.30164, 8]},
			"faces": {
				"north": {"uv": [0, 0, 16, 16], "texture": "#559"},
				"east": {"uv": [0, 0, 16, 16], "texture": "#559"},
				"south": {"uv": [0, 0, 16, 16], "texture": "#559"},
				"west": {"uv": [0, 0, 16, 16], "texture": "#559"},
				"up": {"uv": [0, 0, 16, 16], "texture": "#559"},
				"down": {"uv": [0, 0, 16, 16], "texture": "#559"}
			}
		},
		{
			"from": [6.875, 12.175, 7.575],
			"to": [7.875, 12.675, 8.425],
			"rotation": {"angle": -22.5, "axis": "z", "origin": [8, 9, 8]},
			"faces": {
				"north": {"uv": [0, 0, 16, 16], "texture": "#484"},
				"east": {"uv": [0, 0, 16, 16], "texture": "#484"},
				"south": {"uv": [0, 0, 16, 16], "texture": "#484"},
				"west": {"uv": [0, 0, 16, 16], "texture": "#484"},
				"up": {"uv": [0, 0, 16, 16], "texture": "#484"},
				"down": {"uv": [0, 0, 16, 16], "texture": "#484"}
			}
		},
		{
			"from": [6.875, 5.225, 7.575],
			"to": [7.875, 5.725, 8.425],
			"rotation": {"angle": 22.5, "axis": "z", "origin": [8, 8.9, 8]},
			"faces": {
				"north": {"uv": [0, 0, 16, 16], "texture": "#484"},
				"east": {"uv": [0, 0, 16, 16], "texture": "#484"},
				"south": {"uv": [0, 0, 16, 16], "texture": "#484"},
				"west": {"uv": [0, 0, 16, 16], "texture": "#484"},
				"up": {"uv": [0, 0, 16, 16], "texture": "#484"},
				"down": {"uv": [0, 0, 16, 16], "texture": "#484"}
			}
		},
		{
			"from": [10.06507, 14.53058, 7.7],
			"to": [12.56507, 15.53058, 8.3],
			"rotation": {"angle": 0, "axis": "z", "origin": [9.21522, 15.75435, 8]},
			"faces": {
				"north": {"uv": [0, 0, 16, 16], "rotation": 90, "texture": "#717"},
				"east": {"uv": [0, 0, 16, 16], "rotation": 90, "texture": "#717"},
				"south": {"uv": [0, 0, 16, 16], "rotation": 90, "texture": "#717"},
				"west": {"uv": [0, 0, 16, 16], "rotation": 90, "texture": "#717"},
				"up": {"uv": [0, 0, 16, 16], "rotation": 90, "texture": "#717"},
				"down": {"uv": [0, 0, 16, 16], "rotation": 90, "texture": "#717"}
			}
		},
		{
			"from": [10.06507, 2.36942, 7.7],
			"to": [12.56507, 3.36942, 8.3],
			"rotation": {"angle": 0, "axis": "z", "origin": [9.21522, 2.14565, 8]},
			"faces": {
				"north": {"uv": [0, 0, 16, 16], "rotation": 90, "texture": "#717"},
				"east": {"uv": [0, 0, 16, 16], "rotation": 90, "texture": "#717"},
				"south": {"uv": [0, 0, 16, 16], "rotation": 90, "texture": "#717"},
				"west": {"uv": [0, 0, 16, 16], "rotation": 90, "texture": "#717"},
				"up": {"uv": [0, 0, 16, 16], "rotation": 90, "texture": "#717"},
				"down": {"uv": [0, 0, 16, 16], "rotation": 90, "texture": "#717"}
			}
		},
		{
			"from": [5.84007, 17.73058, 7.825],
			"to": [6.94007, 18.73058, 8.175],
			"rotation": {"angle": 45, "axis": "z", "origin": [7.07457, 18.36703, 7.99063]},
			"faces": {
				"north": {"uv": [0, 0, 16, 16], "rotation": 90, "texture": "#717"},
				"east": {"uv": [0, 0, 16, 16], "rotation": 90, "texture": "#717"},
				"south": {"uv": [0, 0, 16, 16], "rotation": 90, "texture": "#717"},
				"west": {"uv": [0, 0, 16, 16], "rotation": 90, "texture": "#717"},
				"up": {"uv": [0, 0, 16, 16], "rotation": 90, "texture": "#717"},
				"down": {"uv": [0, 0, 16, 16], "rotation": 90, "texture": "#717"}
			}
		},
		{
			"from": [5.84007, -0.83058, 7.825],
			"to": [6.94007, 0.16942, 8.175],
			"rotation": {"angle": -45, "axis": "z", "origin": [7.07457, -0.46703, 7.99063]},
			"faces": {
				"north": {"uv": [0, 0, 16, 16], "rotation": 90, "texture": "#717"},
				"east": {"uv": [0, 0, 16, 16], "rotation": 90, "texture": "#717"},
				"south": {"uv": [0, 0, 16, 16], "rotation": 90, "texture": "#717"},
				"west": {"uv": [0, 0, 16, 16], "rotation": 90, "texture": "#717"},
				"up": {"uv": [0, 0, 16, 16], "rotation": 90, "texture": "#717"},
				"down": {"uv": [0, 0, 16, 16], "rotation": 90, "texture": "#717"}
			}
		},
		{
			"from": [4.49007, 18.68058, 7.775],
			"to": [6.99007, 19.23058, 8.2],
			"rotation": {"angle": -22.5, "axis": "z", "origin": [3.64022, 19.45435, 8]},
			"faces": {
				"north": {"uv": [0, 0, 16, 16], "rotation": 90, "texture": "#717"},
				"east": {"uv": [0, 0, 16, 16], "rotation": 90, "texture": "#717"},
				"south": {"uv": [0, 0, 16, 16], "rotation": 90, "texture": "#717"},
				"west": {"uv": [0, 0, 16, 16], "rotation": 90, "texture": "#717"},
				"up": {"uv": [0, 0, 16, 16], "rotation": 90, "texture": "#717"},
				"down": {"uv": [0, 0, 16, 16], "rotation": 90, "texture": "#717"}
			}
		},
		{
			"from": [5.74007, 18.58058, 7.675],
			"to": [5.99007, 19.33058, 8.3],
			"rotation": {"angle": -22.5, "axis": "z", "origin": [3.64022, 19.45435, 8]},
			"faces": {
				"north": {"uv": [0, 0, 16, 16], "rotation": 90, "texture": "#502"},
				"east": {"uv": [0, 0, 16, 16], "rotation": 90, "texture": "#502"},
				"south": {"uv": [0, 0, 16, 16], "rotation": 90, "texture": "#502"},
				"west": {"uv": [0, 0, 16, 16], "rotation": 90, "texture": "#502"},
				"up": {"uv": [0, 0, 16, 16], "rotation": 90, "texture": "#502"},
				"down": {"uv": [0, 0, 16, 16], "rotation": 90, "texture": "#502"}
			}
		},
		{
			"from": [5.74007, -1.40558, 7.675],
			"to": [5.99007, -0.65558, 8.3],
			"rotation": {"angle": 22.5, "axis": "z", "origin": [3.64022, -1.52935, 8]},
			"faces": {
				"north": {"uv": [0, 0, 16, 16], "rotation": 90, "texture": "#502"},
				"east": {"uv": [0, 0, 16, 16], "rotation": 90, "texture": "#502"},
				"south": {"uv": [0, 0, 16, 16], "rotation": 90, "texture": "#502"},
				"west": {"uv": [0, 0, 16, 16], "rotation": 90, "texture": "#502"},
				"up": {"uv": [0, 0, 16, 16], "rotation": 90, "texture": "#502"},
				"down": {"uv": [0, 0, 16, 16], "rotation": 90, "texture": "#502"}
			}
		},
		{
			"from": [5.30484, 0.00786, 7.925],
			"to": [5.42984, 17.95786, 8.05],
			"rotation": {"angle": 0, "axis": "z", "origin": [5.50484, -0.21714, 7.9875]},
			"faces": {
				"north": {"uv": [0, 0, 16, 16], "rotation": 90, "texture": "#502"},
				"east": {"uv": [0, 0, 16, 16], "rotation": 90, "texture": "#502"},
				"south": {"uv": [0, 0, 16, 16], "rotation": 90, "texture": "#502"},
				"west": {"uv": [0, 0, 16, 16], "rotation": 90, "texture": "#502"},
				"up": {"uv": [0, 0, 16, 16], "rotation": 90, "texture": "#502"},
				"down": {"uv": [0, 0, 16, 16], "rotation": 90, "texture": "#502"}
			}
		},
		{
			"from": [5.04007, 18.58058, 7.675],
			"to": [5.29007, 19.33058, 8.3],
			"rotation": {"angle": -22.5, "axis": "z", "origin": [3.64022, 19.45435, 8]},
			"faces": {
				"north": {"uv": [0, 0, 16, 16], "rotation": 270, "texture": "#484"},
				"east": {"uv": [0, 0, 16, 16], "rotation": 270, "texture": "#484"},
				"south": {"uv": [0, 0, 16, 16], "rotation": 270, "texture": "#484"},
				"west": {"uv": [0, 0, 16, 16], "rotation": 270, "texture": "#484"},
				"up": {"uv": [0, 0, 16, 16], "rotation": 270, "texture": "#484"},
				"down": {"uv": [0, 0, 16, 16], "rotation": 270, "texture": "#484"}
			}
		},
		{
			"from": [5.04007, -1.40558, 7.675],
			"to": [5.29007, -0.65558, 8.3],
			"rotation": {"angle": 22.5, "axis": "z", "origin": [3.64022, -1.52935, 8]},
			"faces": {
				"north": {"uv": [0, 0, 16, 16], "rotation": 270, "texture": "#484"},
				"east": {"uv": [0, 0, 16, 16], "rotation": 270, "texture": "#484"},
				"south": {"uv": [0, 0, 16, 16], "rotation": 270, "texture": "#484"},
				"west": {"uv": [0, 0, 16, 16], "rotation": 270, "texture": "#484"},
				"up": {"uv": [0, 0, 16, 16], "rotation": 270, "texture": "#484"},
				"down": {"uv": [0, 0, 16, 16], "rotation": 270, "texture": "#484"}
			}
		},
		{
			"from": [4.49007, -1.33058, 7.775],
			"to": [6.99007, -0.78058, 8.2],
			"rotation": {"angle": 22.5, "axis": "z", "origin": [3.64022, -1.55435, 8]},
			"faces": {
				"north": {"uv": [0, 0, 16, 16], "rotation": 90, "texture": "#717"},
				"east": {"uv": [0, 0, 16, 16], "rotation": 90, "texture": "#717"},
				"south": {"uv": [0, 0, 16, 16], "rotation": 90, "texture": "#717"},
				"west": {"uv": [0, 0, 16, 16], "rotation": 90, "texture": "#717"},
				"up": {"uv": [0, 0, 16, 16], "rotation": 90, "texture": "#717"},
				"down": {"uv": [0, 0, 16, 16], "rotation": 90, "texture": "#717"}
			}
		},
		{
			"from": [7.51797, 12.39132, 7.625],
			"to": [8.21797, 14.89132, 8.35],
			"rotation": {"angle": -45, "axis": "z", "origin": [8.44297, 11.44132, 8]},
			"faces": {
				"north": {"uv": [0, 0, 16, 16], "texture": "#717"},
				"east": {"uv": [0, 0, 16, 16], "texture": "#717"},
				"south": {"uv": [0, 0, 16, 16], "texture": "#717"},
				"west": {"uv": [0, 0, 16, 16], "texture": "#717"},
				"up": {"uv": [0, 0, 16, 16], "texture": "#717"},
				"down": {"uv": [0, 0, 16, 16], "texture": "#717"}
			}
		},
		{
			"from": [7.51797, 3.00868, 7.625],
			"to": [8.21797, 5.50868, 8.35],
			"rotation": {"angle": 45, "axis": "z", "origin": [8.44297, 6.45868, 8]},
			"faces": {
				"north": {"uv": [0, 0, 16, 16], "texture": "#717"},
				"east": {"uv": [0, 0, 16, 16], "texture": "#717"},
				"south": {"uv": [0, 0, 16, 16], "texture": "#717"},
				"west": {"uv": [0, 0, 16, 16], "texture": "#717"},
				"up": {"uv": [0, 0, 16, 16], "texture": "#717"},
				"down": {"uv": [0, 0, 16, 16], "texture": "#717"}
			}
		},
		{
			"from": [7.9822, 15.06425, 7.725],
			"to": [10.4822, 15.96425, 8.25],
			"rotation": {"angle": -22.5, "axis": "z", "origin": [9.21522, 15.75435, 8]},
			"faces": {
				"north": {"uv": [0, 0, 16, 16], "rotation": 90, "texture": "#717"},
				"east": {"uv": [0, 0, 16, 16], "rotation": 90, "texture": "#717"},
				"south": {"uv": [0, 0, 16, 16], "rotation": 90, "texture": "#717"},
				"west": {"uv": [0, 0, 16, 16], "rotation": 90, "texture": "#717"},
				"up": {"uv": [0, 0, 16, 16], "rotation": 90, "texture": "#717"},
				"down": {"uv": [0, 0, 16, 16], "rotation": 90, "texture": "#717"}
			}
		},
		{
			"from": [8.7322, 14.96425, 7.625],
			"to": [8.9822, 16.06425, 8.35],
			"rotation": {"angle": -22.5, "axis": "z", "origin": [9.21522, 15.75435, 8]},
			"faces": {
				"north": {"uv": [0, 0, 16, 16], "rotation": 270, "texture": "#484"},
				"east": {"uv": [0, 0, 16, 16], "rotation": 270, "texture": "#484"},
				"south": {"uv": [0, 0, 16, 16], "rotation": 270, "texture": "#484"},
				"west": {"uv": [0, 0, 16, 16], "rotation": 270, "texture": "#484"},
				"up": {"uv": [0, 0, 16, 16], "rotation": 270, "texture": "#484"},
				"down": {"uv": [0, 0, 16, 16], "rotation": 270, "texture": "#484"}
			}
		},
		{
			"from": [8.7322, 1.86075, 7.625],
			"to": [8.9822, 2.96075, 8.35],
			"rotation": {"angle": 22.5, "axis": "z", "origin": [9.21522, 2.17065, 8]},
			"faces": {
				"north": {"uv": [0, 0, 16, 16], "rotation": 270, "texture": "#484"},
				"east": {"uv": [0, 0, 16, 16], "rotation": 270, "texture": "#484"},
				"south": {"uv": [0, 0, 16, 16], "rotation": 270, "texture": "#484"},
				"west": {"uv": [0, 0, 16, 16], "rotation": 270, "texture": "#484"},
				"up": {"uv": [0, 0, 16, 16], "rotation": 270, "texture": "#484"},
				"down": {"uv": [0, 0, 16, 16], "rotation": 270, "texture": "#484"}
			}
		},
		{
			"from": [9.4322, 14.96425, 7.625],
			"to": [9.6822, 16.06425, 8.35],
			"rotation": {"angle": -22.5, "axis": "z", "origin": [9.21522, 15.75435, 8]},
			"faces": {
				"north": {"uv": [0, 0, 16, 16], "rotation": 270, "texture": "#484"},
				"east": {"uv": [0, 0, 16, 16], "rotation": 270, "texture": "#484"},
				"south": {"uv": [0, 0, 16, 16], "rotation": 270, "texture": "#484"},
				"west": {"uv": [0, 0, 16, 16], "rotation": 270, "texture": "#484"},
				"up": {"uv": [0, 0, 16, 16], "rotation": 270, "texture": "#484"},
				"down": {"uv": [0, 0, 16, 16], "rotation": 270, "texture": "#484"}
			}
		},
		{
			"from": [9.4322, 1.86075, 7.625],
			"to": [9.6822, 2.96075, 8.35],
			"rotation": {"angle": 22.5, "axis": "z", "origin": [9.21522, 2.17065, 8]},
			"faces": {
				"north": {"uv": [0, 0, 16, 16], "rotation": 270, "texture": "#484"},
				"east": {"uv": [0, 0, 16, 16], "rotation": 270, "texture": "#484"},
				"south": {"uv": [0, 0, 16, 16], "rotation": 270, "texture": "#484"},
				"west": {"uv": [0, 0, 16, 16], "rotation": 270, "texture": "#484"},
				"up": {"uv": [0, 0, 16, 16], "rotation": 270, "texture": "#484"},
				"down": {"uv": [0, 0, 16, 16], "rotation": 270, "texture": "#484"}
			}
		},
		{
			"from": [7.9822, 1.93575, 7.725],
			"to": [10.4822, 2.83575, 8.25],
			"rotation": {"angle": 22.5, "axis": "z", "origin": [9.21522, 2.14565, 8]},
			"faces": {
				"north": {"uv": [0, 0, 16, 16], "rotation": 90, "texture": "#717"},
				"east": {"uv": [0, 0, 16, 16], "rotation": 90, "texture": "#717"},
				"south": {"uv": [0, 0, 16, 16], "rotation": 90, "texture": "#717"},
				"west": {"uv": [0, 0, 16, 16], "rotation": 90, "texture": "#717"},
				"up": {"uv": [0, 0, 16, 16], "rotation": 90, "texture": "#717"},
				"down": {"uv": [0, 0, 16, 16], "rotation": 90, "texture": "#717"}
			}
		},
		{
			"from": [3.2072, 19.16425, 7.875],
			"to": [4.9072, 19.66425, 8.15],
			"rotation": {"angle": -45, "axis": "z", "origin": [3.64022, 19.45435, 8]},
			"faces": {
				"north": {"uv": [0, 0, 16, 16], "rotation": 90, "texture": "#717"},
				"east": {"uv": [0, 0, 16, 16], "rotation": 90, "texture": "#717"},
				"south": {"uv": [0, 0, 16, 16], "rotation": 90, "texture": "#717"},
				"west": {"uv": [0, 0, 16, 16], "rotation": 90, "texture": "#717"},
				"up": {"uv": [0, 0, 16, 16], "rotation": 90, "texture": "#717"},
				"down": {"uv": [0, 0, 16, 16], "rotation": 90, "texture": "#717"}
			}
		},
		{
			"from": [3.2072, -1.73925, 7.875],
			"to": [4.9072, -1.23925, 8.15],
			"rotation": {"angle": 45, "axis": "z", "origin": [3.64022, -1.52935, 8]},
			"faces": {
				"north": {"uv": [0, 0, 16, 16], "rotation": 90, "texture": "#717"},
				"east": {"uv": [0, 0, 16, 16], "rotation": 90, "texture": "#717"},
				"south": {"uv": [0, 0, 16, 16], "rotation": 90, "texture": "#717"},
				"west": {"uv": [0, 0, 16, 16], "rotation": 90, "texture": "#717"},
				"up": {"uv": [0, 0, 16, 16], "rotation": 90, "texture": "#717"},
				"down": {"uv": [0, 0, 16, 16], "rotation": 90, "texture": "#717"}
			}
		},
		{
			"from": [3.35012, 19.73737, 7.9],
			"to": [3.70012, 20.43737, 8.1],
			"rotation": {"angle": 22.5, "axis": "z", "origin": [3.64022, 19.45435, 8]},
			"faces": {
				"north": {"uv": [0, 0, 16, 16], "texture": "#717"},
				"east": {"uv": [0, 0, 16, 16], "texture": "#717"},
				"south": {"uv": [0, 0, 16, 16], "texture": "#717"},
				"west": {"uv": [0, 0, 16, 16], "texture": "#717"},
				"up": {"uv": [0, 0, 16, 16], "texture": "#717"},
				"down": {"uv": [0, 0, 16, 16], "texture": "#717"}
			}
		},
		{
			"from": [3.35012, -2.51237, 7.9],
			"to": [3.70012, -1.81237, 8.1],
			"rotation": {"angle": -22.5, "axis": "z", "origin": [3.64022, -1.52935, 8]},
			"faces": {
				"north": {"uv": [0, 0, 16, 16], "texture": "#717"},
				"east": {"uv": [0, 0, 16, 16], "texture": "#717"},
				"south": {"uv": [0, 0, 16, 16], "texture": "#717"},
				"west": {"uv": [0, 0, 16, 16], "texture": "#717"},
				"up": {"uv": [0, 0, 16, 16], "texture": "#717"},
				"down": {"uv": [0, 0, 16, 16], "texture": "#717"}
			}
		},
		{
			"from": [10.69809, 13.34747, 7.65],
			"to": [13.19809, 14.24747, 8.325],
			"rotation": {"angle": 22.5, "axis": "z", "origin": [9.69809, 13.29747, 8]},
			"faces": {
				"north": {"uv": [0, 0, 16, 16], "rotation": 270, "texture": "#717"},
				"east": {"uv": [0, 0, 16, 16], "rotation": 270, "texture": "#717"},
				"south": {"uv": [0, 0, 16, 16], "rotation": 270, "texture": "#717"},
				"west": {"uv": [0, 0, 16, 16], "rotation": 270, "texture": "#717"},
				"up": {"uv": [0, 0, 16, 16], "rotation": 270, "texture": "#717"},
				"down": {"uv": [0, 0, 16, 16], "rotation": 270, "texture": "#717"}
			}
		},
		{
			"from": [10.69809, 3.65253, 7.65],
			"to": [13.19809, 4.55253, 8.325],
			"rotation": {"angle": -22.5, "axis": "z", "origin": [9.69809, 4.60253, 8]},
			"faces": {
				"north": {"uv": [0, 0, 16, 16], "rotation": 270, "texture": "#717"},
				"east": {"uv": [0, 0, 16, 16], "rotation": 270, "texture": "#717"},
				"south": {"uv": [0, 0, 16, 16], "rotation": 270, "texture": "#717"},
				"west": {"uv": [0, 0, 16, 16], "rotation": 270, "texture": "#717"},
				"up": {"uv": [0, 0, 16, 16], "rotation": 270, "texture": "#717"},
				"down": {"uv": [0, 0, 16, 16], "rotation": 270, "texture": "#717"}
			}
		},
		{
			"from": [6.64115, 17.18947, 7.775],
			"to": [7.54115, 18.28947, 8.2],
			"rotation": {"angle": 0, "axis": "z", "origin": [6.94115, 17.83947, 7.9875]},
			"faces": {
				"north": {"uv": [0, 0, 16, 16], "texture": "#717"},
				"east": {"uv": [0, 0, 16, 16], "texture": "#717"},
				"south": {"uv": [0, 0, 16, 16], "texture": "#717"},
				"west": {"uv": [0, 0, 16, 16], "texture": "#717"},
				"up": {"uv": [0, 0, 16, 16], "texture": "#717"},
				"down": {"uv": [0, 0, 16, 16], "texture": "#717"}
			}
		},
		{
			"from": [6.64115, -0.38947, 7.775],
			"to": [7.54115, 0.71053, 8.2],
			"rotation": {"angle": 0, "axis": "z", "origin": [6.94115, 0.06053, 7.9875]},
			"faces": {
				"north": {"uv": [0, 0, 16, 16], "texture": "#717"},
				"east": {"uv": [0, 0, 16, 16], "texture": "#717"},
				"south": {"uv": [0, 0, 16, 16], "texture": "#717"},
				"west": {"uv": [0, 0, 16, 16], "texture": "#717"},
				"up": {"uv": [0, 0, 16, 16], "texture": "#717"},
				"down": {"uv": [0, 0, 16, 16], "texture": "#717"}
			}
		},
		{
			"from": [13.19809, 13.49747, 7.75],
			"to": [13.79809, 13.99747, 8.225],
			"rotation": {"angle": 22.5, "axis": "z", "origin": [9.69809, 13.29747, 8]},
			"faces": {
				"north": {"uv": [0, 0, 16, 16], "rotation": 270, "texture": "#184"},
				"east": {"uv": [0, 0, 16, 16], "rotation": 270, "texture": "#184"},
				"south": {"uv": [0, 0, 16, 16], "rotation": 270, "texture": "#184"},
				"west": {"uv": [0, 0, 16, 16], "rotation": 270, "texture": "#184"},
				"up": {"uv": [0, 0, 16, 16], "rotation": 270, "texture": "#184"},
				"down": {"uv": [0, 0, 16, 16], "rotation": 270, "texture": "#184"}
			}
		},
		{
			"from": [13.19809, 3.90253, 7.75],
			"to": [13.79809, 4.40253, 8.225],
			"rotation": {"angle": -22.5, "axis": "z", "origin": [9.69809, 4.60253, 8]},
			"faces": {
				"north": {"uv": [0, 0, 16, 16], "rotation": 270, "texture": "#184"},
				"east": {"uv": [0, 0, 16, 16], "rotation": 270, "texture": "#184"},
				"south": {"uv": [0, 0, 16, 16], "rotation": 270, "texture": "#184"},
				"west": {"uv": [0, 0, 16, 16], "rotation": 270, "texture": "#184"},
				"up": {"uv": [0, 0, 16, 16], "rotation": 270, "texture": "#184"},
				"down": {"uv": [0, 0, 16, 16], "rotation": 270, "texture": "#184"}
			}
		},
		{
			"from": [6.8532, 18.17857, 7.875],
			"to": [7.3532, 18.77857, 8.1],
			"rotation": {"angle": -22.5, "axis": "z", "origin": [7.07457, 18.36703, 7.99063]},
			"faces": {
				"north": {"uv": [0, 0, 16, 16], "texture": "#184"},
				"east": {"uv": [0, 0, 16, 16], "texture": "#184"},
				"south": {"uv": [0, 0, 16, 16], "texture": "#184"},
				"west": {"uv": [0, 0, 16, 16], "texture": "#184"},
				"up": {"uv": [0, 0, 16, 16], "texture": "#184"},
				"down": {"uv": [0, 0, 16, 16], "texture": "#184"}
			}
		},
		{
			"from": [6.8532, -0.87857, 7.875],
			"to": [7.3532, -0.27857, 8.1],
			"rotation": {"angle": 22.5, "axis": "z", "origin": [7.07457, -0.46703, 7.99063]},
			"faces": {
				"north": {"uv": [0, 0, 16, 16], "texture": "#184"},
				"east": {"uv": [0, 0, 16, 16], "texture": "#184"},
				"south": {"uv": [0, 0, 16, 16], "texture": "#184"},
				"west": {"uv": [0, 0, 16, 16], "texture": "#184"},
				"up": {"uv": [0, 0, 16, 16], "texture": "#184"},
				"down": {"uv": [0, 0, 16, 16], "texture": "#184"}
			}
		},
		{
			"from": [13.79809, 13.59747, 7.85],
			"to": [14.39809, 13.89747, 8.125],
			"rotation": {"angle": 22.5, "axis": "z", "origin": [9.69809, 13.29747, 8]},
			"faces": {
				"north": {"uv": [0, 0, 16, 16], "rotation": 270, "texture": "#184"},
				"east": {"uv": [0, 0, 16, 16], "rotation": 270, "texture": "#184"},
				"south": {"uv": [0, 0, 16, 16], "rotation": 270, "texture": "#184"},
				"west": {"uv": [0, 0, 16, 16], "rotation": 270, "texture": "#184"},
				"up": {"uv": [0, 0, 16, 16], "rotation": 270, "texture": "#184"},
				"down": {"uv": [0, 0, 16, 16], "rotation": 270, "texture": "#184"}
			}
		},
		{
			"from": [13.79809, 4.00253, 7.85],
			"to": [14.39809, 4.30253, 8.125],
			"rotation": {"angle": -22.5, "axis": "z", "origin": [9.69809, 4.60253, 8]},
			"faces": {
				"north": {"uv": [0, 0, 16, 16], "rotation": 270, "texture": "#184"},
				"east": {"uv": [0, 0, 16, 16], "rotation": 270, "texture": "#184"},
				"south": {"uv": [0, 0, 16, 16], "rotation": 270, "texture": "#184"},
				"west": {"uv": [0, 0, 16, 16], "rotation": 270, "texture": "#184"},
				"up": {"uv": [0, 0, 16, 16], "rotation": 270, "texture": "#184"},
				"down": {"uv": [0, 0, 16, 16], "rotation": 270, "texture": "#184"}
			}
		},
		{
			"from": [6.9532, 18.77857, 7.925],
			"to": [7.2532, 19.37857, 8.05],
			"rotation": {"angle": -22.5, "axis": "z", "origin": [7.07457, 18.36703, 7.99063]},
			"faces": {
				"north": {"uv": [0, 0, 16, 16], "texture": "#184"},
				"east": {"uv": [0, 0, 16, 16], "texture": "#184"},
				"south": {"uv": [0, 0, 16, 16], "texture": "#184"},
				"west": {"uv": [0, 0, 16, 16], "texture": "#184"},
				"up": {"uv": [0, 0, 16, 16], "texture": "#184"},
				"down": {"uv": [0, 0, 16, 16], "texture": "#184"}
			}
		},
		{
			"from": [6.9532, -1.47857, 7.925],
			"to": [7.2532, -0.87857, 8.05],
			"rotation": {"angle": 22.5, "axis": "z", "origin": [7.07457, -0.46703, 7.99063]},
			"faces": {
				"north": {"uv": [0, 0, 16, 16], "texture": "#184"},
				"east": {"uv": [0, 0, 16, 16], "texture": "#184"},
				"south": {"uv": [0, 0, 16, 16], "texture": "#184"},
				"west": {"uv": [0, 0, 16, 16], "texture": "#184"},
				"up": {"uv": [0, 0, 16, 16], "texture": "#184"},
				"down": {"uv": [0, 0, 16, 16], "texture": "#184"}
			}
		},
		{
			"from": [8.2037, 16.62765, 7.75],
			"to": [9.0037, 19.12765, 8.225],
			"rotation": {"angle": 45, "axis": "z", "origin": [9.21522, 15.75435, 8]},
			"faces": {
				"north": {"uv": [0, 0, 16, 16], "texture": "#717"},
				"east": {"uv": [0, 0, 16, 16], "texture": "#717"},
				"south": {"uv": [0, 0, 16, 16], "texture": "#717"},
				"west": {"uv": [0, 0, 16, 16], "texture": "#717"},
				"up": {"uv": [0, 0, 16, 16], "texture": "#717"},
				"down": {"uv": [0, 0, 16, 16], "texture": "#717"}
			}
		},
		{
			"from": [8.1037, 17.62765, 7.65],
			"to": [9.1037, 17.87765, 8.325],
			"rotation": {"angle": 45, "axis": "z", "origin": [9.21522, 15.75435, 8]},
			"faces": {
				"north": {"uv": [0, 0, 16, 16], "texture": "#484"},
				"east": {"uv": [0, 0, 16, 16], "texture": "#484"},
				"south": {"uv": [0, 0, 16, 16], "texture": "#484"},
				"west": {"uv": [0, 0, 16, 16], "texture": "#484"},
				"up": {"uv": [0, 0, 16, 16], "texture": "#484"},
				"down": {"uv": [0, 0, 16, 16], "texture": "#484"}
			}
		},
		{
			"from": [8.1037, 0.04735, 7.65],
			"to": [9.1037, 0.29735, 8.325],
			"rotation": {"angle": -45, "axis": "z", "origin": [9.21522, 2.17065, 8]},
			"faces": {
				"north": {"uv": [0, 0, 16, 16], "texture": "#484"},
				"east": {"uv": [0, 0, 16, 16], "texture": "#484"},
				"south": {"uv": [0, 0, 16, 16], "texture": "#484"},
				"west": {"uv": [0, 0, 16, 16], "texture": "#484"},
				"up": {"uv": [0, 0, 16, 16], "texture": "#484"},
				"down": {"uv": [0, 0, 16, 16], "texture": "#484"}
			}
		},
		{
			"from": [8.2037, -1.22765, 7.75],
			"to": [9.0037, 1.27235, 8.225],
			"rotation": {"angle": -45, "axis": "z", "origin": [9.21522, 2.14565, 8]},
			"faces": {
				"north": {"uv": [0, 0, 16, 16], "texture": "#717"},
				"east": {"uv": [0, 0, 16, 16], "texture": "#717"},
				"south": {"uv": [0, 0, 16, 16], "texture": "#717"},
				"west": {"uv": [0, 0, 16, 16], "texture": "#717"},
				"up": {"uv": [0, 0, 16, 16], "texture": "#717"},
				"down": {"uv": [0, 0, 16, 16], "texture": "#717"}
			}
		}
	],
	"gui_light": "front",
	"display": {
		"thirdperson_righthand": {
			"rotation": [0, 81.25, 0],
			"translation": [0, -2.5, 0]
		},
		"thirdperson_lefthand": {
			"rotation": [54, -88, 0],
			"translation": [0, -4.54, -1.51]
		},
		"firstperson_righthand": {
			"rotation": [0, 91, 0],
			"translation": [2.65, -0.57, 0.7]
		},
		"firstperson_lefthand": {
			"rotation": [0, -96, 0],
			"translation": [0.94, 0.38, 2.95]
		},
		"ground": {
			"translation": [0, 9.75, 0]
		},
		"gui": {
			"rotation": [0, -167, 43.25],
			"translation": [-1.5, 1, 0],
			"scale": [0.86, 0.79, 1]
		},
		"fixed": {
			"rotation": [0, 0, 47],
			"translation": [2, 1.25, -2.5]
		}
	}
}