{"file_name":"base","texture_size":[128,128],"textures":{"350c99d0-0729-1a55-b34a-6b4ca7330174":"modelengine:entity/babu"},"elements":[{"name":"base","from":[6.8,2.5999975,6.8],"to":[9.2,12.799999,9.2],"rotation":{"angle":0.0,"axis":"x","origin":[8.0,2.5999975,8.0]},"faces":{"down":{"uv":[11.0,11.5,11.5,12.0],"rotation":0,"texture":"#350c99d0-0729-1a55-b34a-6b4ca7330174","tintindex":0},"east":{"uv":[11.0,11.125,11.5,13.125],"rotation":0,"texture":"#350c99d0-0729-1a55-b34a-6b4ca7330174","tintindex":0},"north":{"uv":[11.0,11.125,11.5,13.125],"rotation":0,"texture":"#350c99d0-0729-1a55-b34a-6b4ca7330174","tintindex":0},"south":{"uv":[11.0,11.125,11.5,13.125],"rotation":0,"texture":"#350c99d0-0729-1a55-b34a-6b4ca7330174","tintindex":0},"up":{"uv":[11.5,12.125,11.0,11.625],"rotation":0,"texture":"#350c99d0-0729-1a55-b34a-6b4ca7330174","tintindex":0},"west":{"uv":[11.0,11.125,11.5,13.125],"rotation":0,"texture":"#350c99d0-0729-1a55-b34a-6b4ca7330174","tintindex":0}}},{"name":"base","from":[6.8,12.799999,6.8],"to":[9.2,23.0,9.2],"rotation":{"angle":0.0,"axis":"x","origin":[8.0,2.5999975,8.0]},"faces":{"down":{"uv":[11.0,11.5,11.5,12.0],"rotation":0,"texture":"#350c99d0-0729-1a55-b34a-6b4ca7330174","tintindex":0},"east":{"uv":[11.0,11.125,11.5,13.125],"rotation":0,"texture":"#350c99d0-0729-1a55-b34a-6b4ca7330174","tintindex":0},"north":{"uv":[11.0,11.125,11.5,13.125],"rotation":0,"texture":"#350c99d0-0729-1a55-b34a-6b4ca7330174","tintindex":0},"south":{"uv":[11.0,11.125,11.5,13.125],"rotation":0,"texture":"#350c99d0-0729-1a55-b34a-6b4ca7330174","tintindex":0},"up":{"uv":[11.5,12.125,11.0,11.625],"rotation":0,"texture":"#350c99d0-0729-1a55-b34a-6b4ca7330174","tintindex":0},"west":{"uv":[11.0,11.125,11.5,13.125],"rotation":0,"texture":"#350c99d0-0729-1a55-b34a-6b4ca7330174","tintindex":0}}},{"name":"base","from":[3.1999998,12.799999,5.0],"to":[12.8,24.8,11.0],"rotation":{"angle":0.0,"axis":"x","origin":[8.0,2.5999975,8.0]},"faces":{"down":{"uv":[8.5,0.125,10.5,1.375],"rotation":0,"texture":"#350c99d0-0729-1a55-b34a-6b4ca7330174","tintindex":0},"east":{"uv":[0.0,2.5,1.25,5.0],"rotation":0,"texture":"#350c99d0-0729-1a55-b34a-6b4ca7330174","tintindex":0},"north":{"uv":[0.0,0.0,2.0,2.5],"rotation":0,"texture":"#350c99d0-0729-1a55-b34a-6b4ca7330174","tintindex":0},"south":{"uv":[2.0,0.0,4.0,2.5],"rotation":0,"texture":"#350c99d0-0729-1a55-b34a-6b4ca7330174","tintindex":0},"up":{"uv":[6.25,10.125,4.25,8.875],"rotation":0,"texture":"#350c99d0-0729-1a55-b34a-6b4ca7330174","tintindex":0},"west":{"uv":[1.25,2.5,2.5,5.0],"rotation":0,"texture":"#350c99d0-0729-1a55-b34a-6b4ca7330174","tintindex":0}}},{"name":"base","from":[4.3999996,24.8,4.3999996],"to":[11.6,32.0,11.6],"rotation":{"angle":0.0,"axis":"x","origin":[8.0,2.5999975,8.0]},"faces":{"down":{"uv":[0.0,8.75,2.0,10.75],"rotation":0,"texture":"#350c99d0-0729-1a55-b34a-6b4ca7330174","tintindex":0},"east":{"uv":[0.0,8.75,2.0,10.75],"rotation":0,"texture":"#350c99d0-0729-1a55-b34a-6b4ca7330174","tintindex":0},"north":{"uv":[2.125,8.75,4.125,10.75],"rotation":0,"texture":"#350c99d0-0729-1a55-b34a-6b4ca7330174","tintindex":0},"south":{"uv":[0.0,8.75,2.0,10.75],"rotation":0,"texture":"#350c99d0-0729-1a55-b34a-6b4ca7330174","tintindex":0},"up":{"uv":[2.0,10.75,0.0,8.75],"rotation":0,"texture":"#350c99d0-0729-1a55-b34a-6b4ca7330174","tintindex":0},"west":{"uv":[0.0,8.75,2.0,10.75],"rotation":0,"texture":"#350c99d0-0729-1a55-b34a-6b4ca7330174","tintindex":0}}},{"name":"base","from":[-4.0000005,19.399998,5.6],"to":[3.1999998,24.199997,10.4],"rotation":{"angle":0.0,"axis":"x","origin":[8.0,2.5999975,8.0]},"faces":{"down":{"uv":[14.0,9.125,15.5,10.125],"rotation":0,"texture":"#350c99d0-0729-1a55-b34a-6b4ca7330174","tintindex":0},"east":{"uv":[7.125,9.0,8.125,10.0],"rotation":0,"texture":"#350c99d0-0729-1a55-b34a-6b4ca7330174","tintindex":0},"north":{"uv":[13.75,8.875,15.25,9.875],"rotation":0,"texture":"#350c99d0-0729-1a55-b34a-6b4ca7330174","tintindex":0},"south":{"uv":[13.625,9.0,15.125,10.0],"rotation":0,"texture":"#350c99d0-0729-1a55-b34a-6b4ca7330174","tintindex":0},"up":{"uv":[15.25,10.0,13.75,9.0],"rotation":0,"texture":"#350c99d0-0729-1a55-b34a-6b4ca7330174","tintindex":0},"west":{"uv":[7.0,9.375,8.0,10.375],"rotation":0,"texture":"#350c99d0-0729-1a55-b34a-6b4ca7330174","tintindex":0}}},{"name":"base","from":[12.8,19.399998,5.6],"to":[20.0,24.199997,10.4],"rotation":{"angle":0.0,"axis":"x","origin":[8.0,2.5999975,8.0]},"faces":{"down":{"uv":[15.5,9.125,14.0,10.125],"rotation":0,"texture":"#350c99d0-0729-1a55-b34a-6b4ca7330174","tintindex":0},"east":{"uv":[8.0,9.375,7.0,10.375],"rotation":0,"texture":"#350c99d0-0729-1a55-b34a-6b4ca7330174","tintindex":0},"north":{"uv":[15.25,8.875,13.75,9.875],"rotation":0,"texture":"#350c99d0-0729-1a55-b34a-6b4ca7330174","tintindex":0},"south":{"uv":[15.125,9.0,13.625,10.0],"rotation":0,"texture":"#350c99d0-0729-1a55-b34a-6b4ca7330174","tintindex":0},"up":{"uv":[13.75,10.0,15.25,9.0],"rotation":0,"texture":"#350c99d0-0729-1a55-b34a-6b4ca7330174","tintindex":0},"west":{"uv":[8.125,9.0,7.125,10.0],"rotation":0,"texture":"#350c99d0-0729-1a55-b34a-6b4ca7330174","tintindex":0}}},{"name":"base","from":[-7.000001,19.399998,5.6],"to":[-4.0000005,24.199997,5.6],"rotation":{"angle":0.0,"axis":"x","origin":[8.0,2.5999975,8.0]},"faces":{"down":{"uv":[7.25,9.75,7.875,9.75],"rotation":0,"texture":"#350c99d0-0729-1a55-b34a-6b4ca7330174","tintindex":0},"east":{"uv":[7.25,9.125,7.25,10.125],"rotation":0,"texture":"#350c99d0-0729-1a55-b34a-6b4ca7330174","tintindex":0},"north":{"uv":[0.0,11.375,0.625,12.375],"rotation":0,"texture":"#350c99d0-0729-1a55-b34a-6b4ca7330174","tintindex":0},"south":{"uv":[2.75,11.375,3.375,12.375],"rotation":0,"texture":"#350c99d0-0729-1a55-b34a-6b4ca7330174","tintindex":0},"up":{"uv":[7.875,9.5,7.25,9.5],"rotation":0,"texture":"#350c99d0-0729-1a55-b34a-6b4ca7330174","tintindex":0},"west":{"uv":[7.875,9.25,7.875,10.25],"rotation":0,"texture":"#350c99d0-0729-1a55-b34a-6b4ca7330174","tintindex":0}}},{"name":"base","from":[20.0,19.399998,5.6],"to":[23.0,24.199997,5.6],"rotation":{"angle":0.0,"axis":"x","origin":[8.0,2.5999975,8.0]},"faces":{"down":{"uv":[7.875,9.75,7.25,9.75],"rotation":0,"texture":"#350c99d0-0729-1a55-b34a-6b4ca7330174","tintindex":0},"east":{"uv":[7.875,9.25,7.875,10.25],"rotation":0,"texture":"#350c99d0-0729-1a55-b34a-6b4ca7330174","tintindex":0},"north":{"uv":[0.625,11.375,0.0,12.375],"rotation":0,"texture":"#350c99d0-0729-1a55-b34a-6b4ca7330174","tintindex":0},"south":{"uv":[3.375,11.375,2.75,12.375],"rotation":0,"texture":"#350c99d0-0729-1a55-b34a-6b4ca7330174","tintindex":0},"up":{"uv":[7.25,9.5,7.875,9.5],"rotation":0,"texture":"#350c99d0-0729-1a55-b34a-6b4ca7330174","tintindex":0},"west":{"uv":[7.25,9.125,7.25,10.125],"rotation":0,"texture":"#350c99d0-0729-1a55-b34a-6b4ca7330174","tintindex":0}}},{"name":"base","from":[-7.000001,19.399998,10.4],"to":[-4.0000005,24.199997,10.4],"rotation":{"angle":0.0,"axis":"x","origin":[8.0,2.5999975,8.0]},"faces":{"down":{"uv":[7.25,9.75,7.875,9.75],"rotation":0,"texture":"#350c99d0-0729-1a55-b34a-6b4ca7330174","tintindex":0},"east":{"uv":[7.375,9.25,7.375,10.25],"rotation":0,"texture":"#350c99d0-0729-1a55-b34a-6b4ca7330174","tintindex":0},"north":{"uv":[0.0,11.375,0.625,12.375],"rotation":0,"texture":"#350c99d0-0729-1a55-b34a-6b4ca7330174","tintindex":0},"south":{"uv":[2.75,11.375,3.375,12.375],"rotation":0,"texture":"#350c99d0-0729-1a55-b34a-6b4ca7330174","tintindex":0},"up":{"uv":[7.75,9.375,7.125,9.375],"rotation":0,"texture":"#350c99d0-0729-1a55-b34a-6b4ca7330174","tintindex":0},"west":{"uv":[7.375,9.25,7.375,10.25],"rotation":0,"texture":"#350c99d0-0729-1a55-b34a-6b4ca7330174","tintindex":0}}},{"name":"base","from":[20.0,19.399998,10.4],"to":[23.0,24.199997,10.4],"rotation":{"angle":0.0,"axis":"x","origin":[8.0,2.5999975,8.0]},"faces":{"down":{"uv":[7.875,9.75,7.25,9.75],"rotation":0,"texture":"#350c99d0-0729-1a55-b34a-6b4ca7330174","tintindex":0},"east":{"uv":[7.375,9.25,7.375,10.25],"rotation":0,"texture":"#350c99d0-0729-1a55-b34a-6b4ca7330174","tintindex":0},"north":{"uv":[0.625,11.375,0.0,12.375],"rotation":0,"texture":"#350c99d0-0729-1a55-b34a-6b4ca7330174","tintindex":0},"south":{"uv":[3.375,11.375,2.75,12.375],"rotation":0,"texture":"#350c99d0-0729-1a55-b34a-6b4ca7330174","tintindex":0},"up":{"uv":[7.125,9.375,7.75,9.375],"rotation":0,"texture":"#350c99d0-0729-1a55-b34a-6b4ca7330174","tintindex":0},"west":{"uv":[7.375,9.25,7.375,10.25],"rotation":0,"texture":"#350c99d0-0729-1a55-b34a-6b4ca7330174","tintindex":0}}},{"name":"base","from":[-7.000001,24.199997,5.6],"to":[-4.0000005,24.199997,10.4],"rotation":{"angle":0.0,"axis":"x","origin":[8.0,2.5999975,8.0]},"faces":{"down":{"uv":[0.0,11.375,0.625,12.375],"rotation":0,"texture":"#350c99d0-0729-1a55-b34a-6b4ca7330174","tintindex":0},"east":{"uv":[4.75,9.625,5.75,9.625],"rotation":0,"texture":"#350c99d0-0729-1a55-b34a-6b4ca7330174","tintindex":0},"north":{"uv":[5.0,9.625,5.625,9.625],"rotation":0,"texture":"#350c99d0-0729-1a55-b34a-6b4ca7330174","tintindex":0},"south":{"uv":[5.0,9.625,5.625,9.625],"rotation":0,"texture":"#350c99d0-0729-1a55-b34a-6b4ca7330174","tintindex":0},"up":{"uv":[0.625,12.375,0.0,11.375],"rotation":0,"texture":"#350c99d0-0729-1a55-b34a-6b4ca7330174","tintindex":0},"west":{"uv":[5.0,9.5,6.0,9.5],"rotation":0,"texture":"#350c99d0-0729-1a55-b34a-6b4ca7330174","tintindex":0}}},{"name":"base","from":[20.0,24.199997,5.6],"to":[23.0,24.199997,10.4],"rotation":{"angle":0.0,"axis":"x","origin":[8.0,2.5999975,8.0]},"faces":{"down":{"uv":[0.625,11.375,0.0,12.375],"rotation":0,"texture":"#350c99d0-0729-1a55-b34a-6b4ca7330174","tintindex":0},"east":{"uv":[6.0,9.5,5.0,9.5],"rotation":0,"texture":"#350c99d0-0729-1a55-b34a-6b4ca7330174","tintindex":0},"north":{"uv":[5.625,9.625,5.0,9.625],"rotation":0,"texture":"#350c99d0-0729-1a55-b34a-6b4ca7330174","tintindex":0},"south":{"uv":[5.625,9.625,5.0,9.625],"rotation":0,"texture":"#350c99d0-0729-1a55-b34a-6b4ca7330174","tintindex":0},"up":{"uv":[0.0,12.375,0.625,11.375],"rotation":0,"texture":"#350c99d0-0729-1a55-b34a-6b4ca7330174","tintindex":0},"west":{"uv":[5.75,9.625,4.75,9.625],"rotation":0,"texture":"#350c99d0-0729-1a55-b34a-6b4ca7330174","tintindex":0}}},{"name":"base","from":[-7.000001,19.399998,5.6],"to":[-4.0000005,19.399998,10.4],"rotation":{"angle":0.0,"axis":"x","origin":[8.0,2.5999975,8.0]},"faces":{"down":{"uv":[0.0,11.5,0.625,12.5],"rotation":0,"texture":"#350c99d0-0729-1a55-b34a-6b4ca7330174","tintindex":0},"east":{"uv":[7.125,9.625,8.125,9.625],"rotation":0,"texture":"#350c99d0-0729-1a55-b34a-6b4ca7330174","tintindex":0},"north":{"uv":[7.375,9.75,8.0,9.75],"rotation":0,"texture":"#350c99d0-0729-1a55-b34a-6b4ca7330174","tintindex":0},"south":{"uv":[7.375,9.625,8.0,9.625],"rotation":0,"texture":"#350c99d0-0729-1a55-b34a-6b4ca7330174","tintindex":0},"up":{"uv":[0.625,12.375,0.0,11.375],"rotation":0,"texture":"#350c99d0-0729-1a55-b34a-6b4ca7330174","tintindex":0},"west":{"uv":[7.0,9.75,8.0,9.75],"rotation":0,"texture":"#350c99d0-0729-1a55-b34a-6b4ca7330174","tintindex":0}}},{"name":"base","from":[20.0,19.399998,5.6],"to":[23.0,19.399998,10.4],"rotation":{"angle":0.0,"axis":"x","origin":[8.0,2.5999975,8.0]},"faces":{"down":{"uv":[0.625,11.5,0.0,12.5],"rotation":0,"texture":"#350c99d0-0729-1a55-b34a-6b4ca7330174","tintindex":0},"east":{"uv":[8.0,9.75,7.0,9.75],"rotation":0,"texture":"#350c99d0-0729-1a55-b34a-6b4ca7330174","tintindex":0},"north":{"uv":[8.0,9.75,7.375,9.75],"rotation":0,"texture":"#350c99d0-0729-1a55-b34a-6b4ca7330174","tintindex":0},"south":{"uv":[8.0,9.625,7.375,9.625],"rotation":0,"texture":"#350c99d0-0729-1a55-b34a-6b4ca7330174","tintindex":0},"up":{"uv":[0.0,12.375,0.625,11.375],"rotation":0,"texture":"#350c99d0-0729-1a55-b34a-6b4ca7330174","tintindex":0},"west":{"uv":[8.125,9.625,7.125,9.625],"rotation":0,"texture":"#350c99d0-0729-1a55-b34a-6b4ca7330174","tintindex":0}}},{"name":"cube","from":[-8.200001,21.199997,7.4],"to":[0.19999981,22.399998,8.6],"rotation":{"angle":0.0,"axis":"x","origin":[8.0,2.5999975,8.0]},"faces":{"down":{"uv":[12.875,9.5,11.125,9.75],"rotation":0,"texture":"#350c99d0-0729-1a55-b34a-6b4ca7330174","tintindex":0},"east":{"uv":[11.75,9.375,12.0,9.625],"rotation":0,"texture":"#350c99d0-0729-1a55-b34a-6b4ca7330174","tintindex":0},"north":{"uv":[11.0,9.125,12.75,9.375],"rotation":0,"texture":"#350c99d0-0729-1a55-b34a-6b4ca7330174","tintindex":0},"south":{"uv":[11.0,9.125,12.75,9.375],"rotation":0,"texture":"#350c99d0-0729-1a55-b34a-6b4ca7330174","tintindex":0},"up":{"uv":[11.125,9.0,12.875,9.25],"rotation":0,"texture":"#350c99d0-0729-1a55-b34a-6b4ca7330174","tintindex":0},"west":{"uv":[11.625,9.375,11.875,9.625],"rotation":0,"texture":"#350c99d0-0729-1a55-b34a-6b4ca7330174","tintindex":0}}},{"name":"cube","from":[15.8,21.199997,7.4],"to":[24.2,22.399998,8.6],"rotation":{"angle":0.0,"axis":"x","origin":[8.0,2.5999975,8.0]},"faces":{"down":{"uv":[11.125,9.5,12.875,9.75],"rotation":0,"texture":"#350c99d0-0729-1a55-b34a-6b4ca7330174","tintindex":0},"east":{"uv":[11.875,9.375,11.625,9.625],"rotation":0,"texture":"#350c99d0-0729-1a55-b34a-6b4ca7330174","tintindex":0},"north":{"uv":[12.75,9.125,11.0,9.375],"rotation":0,"texture":"#350c99d0-0729-1a55-b34a-6b4ca7330174","tintindex":0},"south":{"uv":[12.75,9.125,11.0,9.375],"rotation":0,"texture":"#350c99d0-0729-1a55-b34a-6b4ca7330174","tintindex":0},"up":{"uv":[12.875,9.0,11.125,9.25],"rotation":0,"texture":"#350c99d0-0729-1a55-b34a-6b4ca7330174","tintindex":0},"west":{"uv":[12.0,9.375,11.75,9.625],"rotation":0,"texture":"#350c99d0-0729-1a55-b34a-6b4ca7330174","tintindex":0}}}],"display":{"head":{"translation":[0.0,18.24001,0.0],"rotation":[0.0,0.0,0.0],"scale":[3.8095,3.8095,3.8095]},"gui":{"translation":[0.0,0.0,0.0],"rotation":[35.0,225.0,0.0],"scale":[0.625,0.625,0.625]}}}