{
	"credit": "Made with Blockbench",
	"textures": {
		"23": "block/barrel_side",
		"89": "block/brown_stained_glass",
		"279": "block/green_concrete_powder",
		"300": "block/horn_coral_block",
		"361": "block/lime_concrete_powder",
		"364": "block/lime_stained_glass",
		"402": "block/oak_log",
		"particle": "block/acacia_door_bottom"
	},
	"elements": [
		{
			"from": [7.6, 4.5, 7.6],
			"to": [8.4, 9.4, 8.4],
			"faces": {
				"north": {"uv": [0, 0, 16, 16], "texture": "#23"},
				"east": {"uv": [0, 0, 16, 16], "texture": "#23"},
				"south": {"uv": [0, 0, 16, 16], "texture": "#23"},
				"west": {"uv": [0, 0, 16, 16], "texture": "#23"},
				"up": {"uv": [0, 0, 16, 16], "texture": "#23"},
				"down": {"uv": [0, 0, 16, 16], "texture": "#23"}
			}
		},
		{
			"from": [7.5, 9.2, 7.5],
			"to": [8.5, 9.6, 8.5],
			"faces": {
				"north": {"uv": [0, 0, 16, 16], "texture": "#300"},
				"east": {"uv": [0, 0, 16, 16], "texture": "#300"},
				"south": {"uv": [0, 0, 16, 16], "texture": "#300"},
				"west": {"uv": [0, 0, 16, 16], "texture": "#300"},
				"up": {"uv": [0, 0, 16, 16], "texture": "#300"},
				"down": {"uv": [0, 0, 16, 16], "texture": "#300"}
			}
		},
		{
			"from": [7.4, 9.2, 7.8],
			"to": [8.6, 9.6, 8.2],
			"rotation": {"angle": -45, "axis": "x", "origin": [8, 9.4, 8]},
			"faces": {
				"north": {"uv": [0, 0, 16, 16], "texture": "#300"},
				"east": {"uv": [0, 0, 16, 16], "texture": "#300"},
				"south": {"uv": [0, 0, 16, 16], "texture": "#300"},
				"west": {"uv": [0, 0, 16, 16], "texture": "#300"},
				"up": {"uv": [0, 0, 16, 16], "texture": "#300"},
				"down": {"uv": [0, 0, 16, 16], "texture": "#300"}
			}
		},
		{
			"from": [7.4, 8.8, 7.8],
			"to": [8.6, 9.1, 8.1],
			"rotation": {"angle": -45, "axis": "x", "origin": [8, 9, 8]},
			"faces": {
				"north": {"uv": [0, 0, 16, 16], "texture": "#300"},
				"east": {"uv": [0, 0, 16, 16], "texture": "#300"},
				"south": {"uv": [0, 0, 16, 16], "texture": "#300"},
				"west": {"uv": [0, 0, 16, 16], "texture": "#300"},
				"up": {"uv": [0, 0, 16, 16], "texture": "#300"},
				"down": {"uv": [0, 0, 16, 16], "texture": "#300"}
			}
		},
		{
			"from": [7.8, 8.8, 7.4],
			"to": [8.1, 9.1, 8.6],
			"rotation": {"angle": 45, "axis": "z", "origin": [8, 9, 8]},
			"faces": {
				"north": {"uv": [0, 0, 16, 16], "texture": "#300"},
				"east": {"uv": [0, 0, 16, 16], "texture": "#300"},
				"south": {"uv": [0, 0, 16, 16], "texture": "#300"},
				"west": {"uv": [0, 0, 16, 16], "texture": "#300"},
				"up": {"uv": [0, 0, 16, 16], "texture": "#300"},
				"down": {"uv": [0, 0, 16, 16], "texture": "#300"}
			}
		},
		{
			"from": [7.8, 9.2, 7.4],
			"to": [8.2, 9.6, 8.6],
			"rotation": {"angle": 45, "axis": "z", "origin": [8, 9.4, 8]},
			"faces": {
				"north": {"uv": [0, 0, 16, 16], "texture": "#300"},
				"east": {"uv": [0, 0, 16, 16], "texture": "#300"},
				"south": {"uv": [0, 0, 16, 16], "texture": "#300"},
				"west": {"uv": [0, 0, 16, 16], "texture": "#300"},
				"up": {"uv": [0, 0, 16, 16], "texture": "#300"},
				"down": {"uv": [0, 0, 16, 16], "texture": "#300"}
			}
		},
		{
			"from": [7.7, 16.4, 7.7],
			"to": [8.3, 20.3, 8.3],
			"rotation": {"angle": 0, "axis": "y", "origin": [8, 19.9, 8]},
			"faces": {
				"north": {"uv": [0, 0, 16, 16], "texture": "#402"},
				"east": {"uv": [0, 0, 16, 16], "texture": "#402"},
				"south": {"uv": [0, 0, 16, 16], "texture": "#402"},
				"west": {"uv": [0, 0, 16, 16], "texture": "#402"},
				"up": {"uv": [0, 0, 16, 16], "texture": "#402"},
				"down": {"uv": [0, 0, 16, 16], "texture": "#402"}
			}
		},
		{
			"from": [7.95, 21.7, 7.85],
			"to": [8.05, 24.3, 8.15],
			"rotation": {"angle": 0, "axis": "y", "origin": [8, 23.4, 8]},
			"faces": {
				"north": {"uv": [4, 4, 13, 13], "texture": "#89"},
				"east": {"uv": [4, 4, 13, 13], "texture": "#89"},
				"south": {"uv": [4, 4, 13, 13], "texture": "#89"},
				"west": {"uv": [4, 4, 13, 13], "texture": "#89"},
				"up": {"uv": [4, 4, 13, 13], "texture": "#89"},
				"down": {"uv": [4, 4, 13, 13], "texture": "#89"}
			}
		},
		{
			"from": [7.85, 21.8, 7.95],
			"to": [8.15, 24.7, 8.05],
			"rotation": {"angle": 0, "axis": "y", "origin": [8, 23.4, 8]},
			"faces": {
				"north": {"uv": [4, 4, 13, 13], "texture": "#364"},
				"east": {"uv": [4, 4, 13, 13], "texture": "#364"},
				"south": {"uv": [4, 4, 13, 13], "texture": "#364"},
				"west": {"uv": [4, 4, 13, 13], "texture": "#364"},
				"up": {"uv": [4, 4, 13, 13], "texture": "#364"},
				"down": {"uv": [4, 4, 13, 13], "texture": "#364"}
			}
		},
		{
			"from": [7.95, 24.7, 7.95],
			"to": [8.05, 24.8, 8.05],
			"rotation": {"angle": 0, "axis": "y", "origin": [8, 23.4, 8]},
			"faces": {
				"north": {"uv": [4, 4, 13, 13], "texture": "#364"},
				"east": {"uv": [4, 4, 13, 13], "texture": "#364"},
				"south": {"uv": [4, 4, 13, 13], "texture": "#364"},
				"west": {"uv": [4, 4, 13, 13], "texture": "#364"},
				"up": {"uv": [4, 4, 13, 13], "texture": "#364"},
				"down": {"uv": [4, 4, 13, 13], "texture": "#364"}
			}
		},
		{
			"from": [7.65, 21.9, 7.95],
			"to": [7.85, 24.4, 8.05],
			"rotation": {"angle": 0, "axis": "y", "origin": [7.7, 23.4, 8]},
			"faces": {
				"north": {"uv": [4, 4, 13, 13], "texture": "#364"},
				"east": {"uv": [4, 4, 13, 13], "texture": "#364"},
				"south": {"uv": [4, 4, 13, 13], "texture": "#364"},
				"west": {"uv": [4, 4, 13, 13], "texture": "#364"},
				"up": {"uv": [4, 4, 13, 13], "texture": "#364"},
				"down": {"uv": [4, 4, 13, 13], "texture": "#364"}
			}
		},
		{
			"from": [8.15, 21.9, 7.95],
			"to": [8.35, 24.4, 8.05],
			"rotation": {"angle": 0, "axis": "y", "origin": [8.3, 23.4, 8]},
			"faces": {
				"north": {"uv": [4, 4, 13, 13], "texture": "#364"},
				"east": {"uv": [4, 4, 13, 13], "texture": "#364"},
				"south": {"uv": [4, 4, 13, 13], "texture": "#364"},
				"west": {"uv": [4, 4, 13, 13], "texture": "#364"},
				"up": {"uv": [4, 4, 13, 13], "texture": "#364"},
				"down": {"uv": [4, 4, 13, 13], "texture": "#364"}
			}
		},
		{
			"from": [7.45, 22.1, 7.95],
			"to": [7.65, 24.2, 8.05],
			"rotation": {"angle": 0, "axis": "y", "origin": [7.5, 23.4, 8]},
			"faces": {
				"north": {"uv": [4, 4, 13, 13], "texture": "#364"},
				"east": {"uv": [4, 4, 13, 13], "texture": "#364"},
				"south": {"uv": [4, 4, 13, 13], "texture": "#364"},
				"west": {"uv": [4, 4, 13, 13], "texture": "#364"},
				"up": {"uv": [4, 4, 13, 13], "texture": "#364"},
				"down": {"uv": [4, 4, 13, 13], "texture": "#364"}
			}
		},
		{
			"from": [8.35, 22.1, 7.95],
			"to": [8.55, 24.2, 8.05],
			"rotation": {"angle": 0, "axis": "y", "origin": [8.5, 23.4, 8]},
			"faces": {
				"north": {"uv": [4, 4, 13, 13], "texture": "#364"},
				"east": {"uv": [4, 4, 13, 13], "texture": "#364"},
				"south": {"uv": [4, 4, 13, 13], "texture": "#364"},
				"west": {"uv": [4, 4, 13, 13], "texture": "#364"},
				"up": {"uv": [4, 4, 13, 13], "texture": "#364"},
				"down": {"uv": [4, 4, 13, 13], "texture": "#364"}
			}
		},
		{
			"from": [7.25, 22.4, 7.95],
			"to": [7.45, 23.8, 8.05],
			"rotation": {"angle": 0, "axis": "y", "origin": [7.3, 23.4, 8]},
			"faces": {
				"north": {"uv": [4, 4, 13, 13], "texture": "#364"},
				"east": {"uv": [4, 4, 13, 13], "texture": "#364"},
				"south": {"uv": [4, 4, 13, 13], "texture": "#364"},
				"west": {"uv": [4, 4, 13, 13], "texture": "#364"},
				"up": {"uv": [4, 4, 13, 13], "texture": "#364"},
				"down": {"uv": [4, 4, 13, 13], "texture": "#364"}
			}
		},
		{
			"from": [8.55, 22.4, 7.95],
			"to": [8.75, 23.8, 8.05],
			"rotation": {"angle": 0, "axis": "y", "origin": [8.7, 23.4, 8]},
			"faces": {
				"north": {"uv": [4, 4, 13, 13], "texture": "#364"},
				"east": {"uv": [4, 4, 13, 13], "texture": "#364"},
				"south": {"uv": [4, 4, 13, 13], "texture": "#364"},
				"west": {"uv": [4, 4, 13, 13], "texture": "#364"},
				"up": {"uv": [4, 4, 13, 13], "texture": "#364"},
				"down": {"uv": [4, 4, 13, 13], "texture": "#364"}
			}
		},
		{
			"from": [7.15, 22.6, 7.95],
			"to": [7.25, 23.4, 8.05],
			"rotation": {"angle": 0, "axis": "y", "origin": [7.1, 23.4, 8]},
			"faces": {
				"north": {"uv": [4, 4, 13, 13], "texture": "#364"},
				"east": {"uv": [4, 4, 13, 13], "texture": "#364"},
				"south": {"uv": [4, 4, 13, 13], "texture": "#364"},
				"west": {"uv": [4, 4, 13, 13], "texture": "#364"},
				"up": {"uv": [4, 4, 13, 13], "texture": "#364"},
				"down": {"uv": [4, 4, 13, 13], "texture": "#364"}
			}
		},
		{
			"from": [8.75, 22.6, 7.95],
			"to": [8.85, 23.4, 8.05],
			"rotation": {"angle": 0, "axis": "y", "origin": [8.9, 23.4, 8]},
			"faces": {
				"north": {"uv": [4, 4, 13, 13], "texture": "#364"},
				"east": {"uv": [4, 4, 13, 13], "texture": "#364"},
				"south": {"uv": [4, 4, 13, 13], "texture": "#364"},
				"west": {"uv": [4, 4, 13, 13], "texture": "#364"},
				"up": {"uv": [4, 4, 13, 13], "texture": "#364"},
				"down": {"uv": [4, 4, 13, 13], "texture": "#364"}
			}
		},
		{
			"from": [8.35, 21.875, 7.85],
			"to": [8.45, 22.875, 8.15],
			"rotation": {"angle": -45, "axis": "z", "origin": [8.4, 22.425, 8]},
			"faces": {
				"north": {"uv": [4, 4, 13, 13], "texture": "#89"},
				"east": {"uv": [4, 4, 13, 13], "texture": "#89"},
				"south": {"uv": [4, 4, 13, 13], "texture": "#89"},
				"west": {"uv": [4, 4, 13, 13], "texture": "#89"},
				"up": {"uv": [4, 4, 13, 13], "texture": "#89"},
				"down": {"uv": [4, 4, 13, 13], "texture": "#89"}
			}
		},
		{
			"from": [7.55, 21.875, 7.85],
			"to": [7.65, 22.875, 8.15],
			"rotation": {"angle": 45, "axis": "z", "origin": [7.6, 22.425, 8]},
			"faces": {
				"north": {"uv": [4, 4, 13, 13], "texture": "#89"},
				"east": {"uv": [4, 4, 13, 13], "texture": "#89"},
				"south": {"uv": [4, 4, 13, 13], "texture": "#89"},
				"west": {"uv": [4, 4, 13, 13], "texture": "#89"},
				"up": {"uv": [4, 4, 13, 13], "texture": "#89"},
				"down": {"uv": [4, 4, 13, 13], "texture": "#89"}
			}
		},
		{
			"from": [8.35, 22.475, 7.85],
			"to": [8.45, 23.275, 8.15],
			"rotation": {"angle": -45, "axis": "z", "origin": [8.4, 23.025, 8]},
			"faces": {
				"north": {"uv": [4, 4, 13, 13], "texture": "#89"},
				"east": {"uv": [4, 4, 13, 13], "texture": "#89"},
				"south": {"uv": [4, 4, 13, 13], "texture": "#89"},
				"west": {"uv": [4, 4, 13, 13], "texture": "#89"},
				"up": {"uv": [4, 4, 13, 13], "texture": "#89"},
				"down": {"uv": [4, 4, 13, 13], "texture": "#89"}
			}
		},
		{
			"from": [7.55, 22.475, 7.85],
			"to": [7.65, 23.275, 8.15],
			"rotation": {"angle": 45, "axis": "z", "origin": [7.6, 23.025, 8]},
			"faces": {
				"north": {"uv": [4, 4, 13, 13], "texture": "#89"},
				"east": {"uv": [4, 4, 13, 13], "texture": "#89"},
				"south": {"uv": [4, 4, 13, 13], "texture": "#89"},
				"west": {"uv": [4, 4, 13, 13], "texture": "#89"},
				"up": {"uv": [4, 4, 13, 13], "texture": "#89"},
				"down": {"uv": [4, 4, 13, 13], "texture": "#89"}
			}
		},
		{
			"from": [8.35, 23.075, 7.85],
			"to": [8.45, 23.675, 8.15],
			"rotation": {"angle": -45, "axis": "z", "origin": [8.4, 23.625, 8]},
			"faces": {
				"north": {"uv": [4, 4, 13, 13], "texture": "#89"},
				"east": {"uv": [4, 4, 13, 13], "texture": "#89"},
				"south": {"uv": [4, 4, 13, 13], "texture": "#89"},
				"west": {"uv": [4, 4, 13, 13], "texture": "#89"},
				"up": {"uv": [4, 4, 13, 13], "texture": "#89"},
				"down": {"uv": [4, 4, 13, 13], "texture": "#89"}
			}
		},
		{
			"from": [7.55, 23.075, 7.85],
			"to": [7.65, 23.675, 8.15],
			"rotation": {"angle": 45, "axis": "z", "origin": [7.6, 23.625, 8]},
			"faces": {
				"north": {"uv": [4, 4, 13, 13], "texture": "#89"},
				"east": {"uv": [4, 4, 13, 13], "texture": "#89"},
				"south": {"uv": [4, 4, 13, 13], "texture": "#89"},
				"west": {"uv": [4, 4, 13, 13], "texture": "#89"},
				"up": {"uv": [4, 4, 13, 13], "texture": "#89"},
				"down": {"uv": [4, 4, 13, 13], "texture": "#89"}
			}
		},
		{
			"from": [8.35, 23.675, 7.85],
			"to": [8.45, 24.075, 8.15],
			"rotation": {"angle": -45, "axis": "z", "origin": [8.4, 24.225, 8]},
			"faces": {
				"north": {"uv": [4, 4, 13, 13], "texture": "#89"},
				"east": {"uv": [4, 4, 13, 13], "texture": "#89"},
				"south": {"uv": [4, 4, 13, 13], "texture": "#89"},
				"west": {"uv": [4, 4, 13, 13], "texture": "#89"},
				"up": {"uv": [4, 4, 13, 13], "texture": "#89"},
				"down": {"uv": [4, 4, 13, 13], "texture": "#89"}
			}
		},
		{
			"from": [7.55, 23.675, 7.85],
			"to": [7.65, 24.075, 8.15],
			"rotation": {"angle": 45, "axis": "z", "origin": [7.6, 24.225, 8]},
			"faces": {
				"north": {"uv": [4, 4, 13, 13], "texture": "#89"},
				"east": {"uv": [4, 4, 13, 13], "texture": "#89"},
				"south": {"uv": [4, 4, 13, 13], "texture": "#89"},
				"west": {"uv": [4, 4, 13, 13], "texture": "#89"},
				"up": {"uv": [4, 4, 13, 13], "texture": "#89"},
				"down": {"uv": [4, 4, 13, 13], "texture": "#89"}
			}
		},
		{
			"from": [7.575, 13.25, 7.725],
			"to": [8.175, 16.55, 8.275],
			"rotation": {"angle": -22.5, "axis": "z", "origin": [7.875, 16.15, 8]},
			"faces": {
				"north": {"uv": [0, 0, 16, 16], "texture": "#402"},
				"east": {"uv": [0, 0, 16, 16], "texture": "#402"},
				"south": {"uv": [0, 0, 16, 16], "texture": "#402"},
				"west": {"uv": [0, 0, 16, 16], "texture": "#402"},
				"up": {"uv": [0, 0, 16, 16], "texture": "#402"},
				"down": {"uv": [0, 0, 16, 16], "texture": "#402"}
			}
		},
		{
			"from": [6.525, 12.325, 7.75],
			"to": [7.1, 13.575, 8.25],
			"rotation": {"angle": 0, "axis": "x", "origin": [6.8, 15.225, 8]},
			"faces": {
				"north": {"uv": [0, 0, 16, 16], "texture": "#402"},
				"east": {"uv": [0, 0, 16, 16], "texture": "#402"},
				"south": {"uv": [0, 0, 16, 16], "texture": "#402"},
				"west": {"uv": [0, 0, 16, 16], "texture": "#402"},
				"up": {"uv": [0, 0, 16, 16], "texture": "#402"},
				"down": {"uv": [0, 0, 16, 16], "texture": "#402"}
			}
		},
		{
			"from": [6.65, 9.175, 7.725],
			"to": [7.25, 12.475, 8.275],
			"rotation": {"angle": 22.5, "axis": "z", "origin": [6.95, 12.075, 8]},
			"faces": {
				"north": {"uv": [0, 0, 16, 16], "texture": "#402"},
				"east": {"uv": [0, 0, 16, 16], "texture": "#402"},
				"south": {"uv": [0, 0, 16, 16], "texture": "#402"},
				"west": {"uv": [0, 0, 16, 16], "texture": "#402"},
				"up": {"uv": [0, 0, 16, 16], "texture": "#402"},
				"down": {"uv": [0, 0, 16, 16], "texture": "#402"}
			}
		},
		{
			"from": [8.3, 19.725, 7.8],
			"to": [8.7, 21.625, 8.2],
			"rotation": {"angle": -45, "axis": "z", "origin": [8.4, 20.225, 8]},
			"faces": {
				"north": {"uv": [0, 0, 16, 16], "texture": "#402"},
				"east": {"uv": [0, 0, 16, 16], "texture": "#402"},
				"south": {"uv": [0, 0, 16, 16], "texture": "#402"},
				"west": {"uv": [0, 0, 16, 16], "texture": "#402"},
				"up": {"uv": [0, 0, 16, 16], "texture": "#402"},
				"down": {"uv": [0, 0, 16, 16], "texture": "#402"}
			}
		},
		{
			"from": [8.6, 20.375, 7.85],
			"to": [8.85, 21.775, 8.15],
			"rotation": {"angle": -45, "axis": "x", "origin": [8.65, 20.375, 8]},
			"faces": {
				"north": {"uv": [0, 0, 16, 16], "texture": "#402"},
				"east": {"uv": [0, 0, 16, 16], "texture": "#402"},
				"south": {"uv": [0, 0, 16, 16], "texture": "#402"},
				"west": {"uv": [0, 0, 16, 16], "texture": "#402"},
				"up": {"uv": [0, 0, 16, 16], "texture": "#402"},
				"down": {"uv": [0, 0, 16, 16], "texture": "#402"}
			}
		},
		{
			"from": [7.15663, 20.375, 7.85],
			"to": [7.40663, 21.775, 8.15],
			"rotation": {"angle": 45, "axis": "x", "origin": [7.35663, 20.375, 8]},
			"faces": {
				"north": {"uv": [0, 0, 16, 16], "texture": "#402"},
				"east": {"uv": [0, 0, 16, 16], "texture": "#402"},
				"south": {"uv": [0, 0, 16, 16], "texture": "#402"},
				"west": {"uv": [0, 0, 16, 16], "texture": "#402"},
				"up": {"uv": [0, 0, 16, 16], "texture": "#402"},
				"down": {"uv": [0, 0, 16, 16], "texture": "#402"}
			}
		},
		{
			"from": [8.6, 20.8, 7.425],
			"to": [8.8, 22.05, 7.575],
			"rotation": {"angle": -22.5, "axis": "z", "origin": [8.65, 20.725, 7.625]},
			"faces": {
				"north": {"uv": [0, 0, 16, 16], "texture": "#402"},
				"east": {"uv": [0, 0, 16, 16], "texture": "#402"},
				"south": {"uv": [0, 0, 16, 16], "texture": "#402"},
				"west": {"uv": [0, 0, 16, 16], "texture": "#402"},
				"up": {"uv": [0, 0, 16, 16], "texture": "#402"},
				"down": {"uv": [0, 0, 16, 16], "texture": "#402"}
			}
		},
		{
			"from": [7.20663, 20.8, 8.425],
			"to": [7.40663, 22.05, 8.575],
			"rotation": {"angle": 22.5, "axis": "z", "origin": [7.35663, 20.725, 8.375]},
			"faces": {
				"north": {"uv": [0, 0, 16, 16], "texture": "#402"},
				"east": {"uv": [0, 0, 16, 16], "texture": "#402"},
				"south": {"uv": [0, 0, 16, 16], "texture": "#402"},
				"west": {"uv": [0, 0, 16, 16], "texture": "#402"},
				"up": {"uv": [0, 0, 16, 16], "texture": "#402"},
				"down": {"uv": [0, 0, 16, 16], "texture": "#402"}
			}
		},
		{
			"from": [8.35332, 22.09085, 8.325],
			"to": [9.50332, 22.29085, 8.475],
			"rotation": {"angle": -22.5, "axis": "z", "origin": [8.87832, 22.19085, 8.4]},
			"faces": {
				"north": {"uv": [0, 0, 16, 16], "rotation": 270, "texture": "#402"},
				"east": {"uv": [0, 0, 16, 16], "rotation": 270, "texture": "#402"},
				"south": {"uv": [0, 0, 16, 16], "rotation": 270, "texture": "#402"},
				"west": {"uv": [0, 0, 16, 16], "rotation": 270, "texture": "#402"},
				"up": {"uv": [0, 0, 16, 16], "rotation": 270, "texture": "#402"},
				"down": {"uv": [0, 0, 16, 16], "rotation": 270, "texture": "#402"}
			}
		},
		{
			"from": [6.50332, 22.09085, 7.525],
			"to": [7.65332, 22.29085, 7.675],
			"rotation": {"angle": 22.5, "axis": "z", "origin": [7.12832, 22.19085, 7.6]},
			"faces": {
				"north": {"uv": [0, 0, 16, 16], "rotation": 90, "texture": "#402"},
				"east": {"uv": [0, 0, 16, 16], "rotation": 90, "texture": "#402"},
				"south": {"uv": [0, 0, 16, 16], "rotation": 90, "texture": "#402"},
				"west": {"uv": [0, 0, 16, 16], "rotation": 90, "texture": "#402"},
				"up": {"uv": [0, 0, 16, 16], "rotation": 90, "texture": "#402"},
				"down": {"uv": [0, 0, 16, 16], "rotation": 90, "texture": "#402"}
			}
		},
		{
			"from": [9.35332, 20.99085, 7.125],
			"to": [9.50332, 21.09085, 7.875],
			"rotation": {"angle": 22.5, "axis": "x", "origin": [9.42832, 21.09085, 7.75]},
			"faces": {
				"north": {"uv": [0, 0, 16, 16], "rotation": 180, "texture": "#402"},
				"east": {"uv": [0, 0, 16, 16], "rotation": 180, "texture": "#402"},
				"south": {"uv": [0, 0, 16, 16], "rotation": 180, "texture": "#402"},
				"west": {"uv": [0, 0, 16, 16], "rotation": 180, "texture": "#402"},
				"up": {"uv": [0, 0, 16, 16], "rotation": 180, "texture": "#402"},
				"down": {"uv": [0, 0, 16, 16], "rotation": 180, "texture": "#402"}
			}
		},
		{
			"from": [6.50332, 20.99085, 8.125],
			"to": [6.65332, 21.09085, 8.875],
			"rotation": {"angle": -22.5, "axis": "x", "origin": [6.57832, 21.09085, 8.25]},
			"faces": {
				"north": {"uv": [0, 0, 16, 16], "texture": "#402"},
				"east": {"uv": [0, 0, 16, 16], "texture": "#402"},
				"south": {"uv": [0, 0, 16, 16], "texture": "#402"},
				"west": {"uv": [0, 0, 16, 16], "texture": "#402"},
				"up": {"uv": [0, 0, 16, 16], "texture": "#402"},
				"down": {"uv": [0, 0, 16, 16], "texture": "#402"}
			}
		},
		{
			"from": [8.75332, 20.56585, 8.05],
			"to": [8.90332, 20.66585, 8.8],
			"rotation": {"angle": -22.5, "axis": "x", "origin": [8.82832, 20.66585, 8.675]},
			"faces": {
				"north": {"uv": [0, 0, 16, 16], "rotation": 180, "texture": "#402"},
				"east": {"uv": [0, 0, 16, 16], "rotation": 180, "texture": "#402"},
				"south": {"uv": [0, 0, 16, 16], "rotation": 180, "texture": "#402"},
				"west": {"uv": [0, 0, 16, 16], "rotation": 180, "texture": "#402"},
				"up": {"uv": [0, 0, 16, 16], "rotation": 180, "texture": "#402"},
				"down": {"uv": [0, 0, 16, 16], "rotation": 180, "texture": "#402"}
			}
		},
		{
			"from": [7.10332, 20.56585, 7.2],
			"to": [7.25332, 20.66585, 7.95],
			"rotation": {"angle": 22.5, "axis": "x", "origin": [7.17832, 20.66585, 7.325]},
			"faces": {
				"north": {"uv": [0, 0, 16, 16], "texture": "#402"},
				"east": {"uv": [0, 0, 16, 16], "texture": "#402"},
				"south": {"uv": [0, 0, 16, 16], "texture": "#402"},
				"west": {"uv": [0, 0, 16, 16], "texture": "#402"},
				"up": {"uv": [0, 0, 16, 16], "texture": "#402"},
				"down": {"uv": [0, 0, 16, 16], "texture": "#402"}
			}
		},
		{
			"from": [9.2, 20.95, 8],
			"to": [9.525, 22.825, 8.35],
			"rotation": {"angle": 22.5, "axis": "x", "origin": [9.3, 21.425, 8.2]},
			"faces": {
				"north": {"uv": [0, 0, 16, 16], "texture": "#402"},
				"east": {"uv": [0, 0, 16, 16], "texture": "#402"},
				"south": {"uv": [0, 0, 16, 16], "texture": "#402"},
				"west": {"uv": [0, 0, 16, 16], "texture": "#402"},
				"up": {"uv": [0, 0, 16, 16], "texture": "#402"},
				"down": {"uv": [0, 0, 16, 16], "texture": "#402"}
			}
		},
		{
			"from": [6.48163, 20.95, 7.65],
			"to": [6.80663, 22.825, 8],
			"rotation": {"angle": -22.5, "axis": "x", "origin": [6.70663, 21.425, 7.8]},
			"faces": {
				"north": {"uv": [0, 0, 16, 16], "texture": "#402"},
				"east": {"uv": [0, 0, 16, 16], "texture": "#402"},
				"south": {"uv": [0, 0, 16, 16], "texture": "#402"},
				"west": {"uv": [0, 0, 16, 16], "texture": "#402"},
				"up": {"uv": [0, 0, 16, 16], "texture": "#402"},
				"down": {"uv": [0, 0, 16, 16], "texture": "#402"}
			}
		},
		{
			"from": [9.275, 21.425, 8.05],
			"to": [9.525, 22.825, 8.275],
			"rotation": {"angle": -22.5, "axis": "z", "origin": [9.3, 21.425, 8.2]},
			"faces": {
				"north": {"uv": [0, 0, 16, 16], "texture": "#402"},
				"east": {"uv": [0, 0, 16, 16], "texture": "#402"},
				"south": {"uv": [0, 0, 16, 16], "texture": "#402"},
				"west": {"uv": [0, 0, 16, 16], "texture": "#402"},
				"up": {"uv": [0, 0, 16, 16], "texture": "#402"},
				"down": {"uv": [0, 0, 16, 16], "texture": "#402"}
			}
		},
		{
			"from": [6.48163, 21.425, 7.725],
			"to": [6.73163, 22.825, 7.95],
			"rotation": {"angle": 22.5, "axis": "z", "origin": [6.70663, 21.425, 7.8]},
			"faces": {
				"north": {"uv": [0, 0, 16, 16], "texture": "#402"},
				"east": {"uv": [0, 0, 16, 16], "texture": "#402"},
				"south": {"uv": [0, 0, 16, 16], "texture": "#402"},
				"west": {"uv": [0, 0, 16, 16], "texture": "#402"},
				"up": {"uv": [0, 0, 16, 16], "texture": "#402"},
				"down": {"uv": [0, 0, 16, 16], "texture": "#402"}
			}
		},
		{
			"from": [7.3, 19.725, 7.8],
			"to": [7.7, 21.625, 8.2],
			"rotation": {"angle": 45, "axis": "z", "origin": [7.6, 20.225, 8]},
			"faces": {
				"north": {"uv": [0, 0, 16, 16], "texture": "#402"},
				"east": {"uv": [0, 0, 16, 16], "texture": "#402"},
				"south": {"uv": [0, 0, 16, 16], "texture": "#402"},
				"west": {"uv": [0, 0, 16, 16], "texture": "#402"},
				"up": {"uv": [0, 0, 16, 16], "texture": "#402"},
				"down": {"uv": [0, 0, 16, 16], "texture": "#402"}
			}
		},
		{
			"from": [7.925, 4.5, 7.05],
			"to": [8.1, 6.5, 7.25],
			"rotation": {"angle": -45, "axis": "x", "origin": [8, 5.5, 7.15]},
			"faces": {
				"north": {"uv": [0, 0, 16, 16], "texture": "#402"},
				"east": {"uv": [0, 0, 16, 16], "texture": "#402"},
				"south": {"uv": [0, 0, 16, 16], "texture": "#402"},
				"west": {"uv": [0, 0, 16, 16], "texture": "#402"},
				"up": {"uv": [0, 0, 16, 16], "texture": "#402"},
				"down": {"uv": [0, 0, 16, 16], "texture": "#402"}
			}
		},
		{
			"from": [7.925, 0.2, 8.75],
			"to": [8.1, 1.3, 8.95],
			"rotation": {"angle": 45, "axis": "x", "origin": [8, 1.2, 8.85]},
			"faces": {
				"north": {"uv": [0, 0, 16, 16], "texture": "#402"},
				"east": {"uv": [0, 0, 16, 16], "texture": "#402"},
				"south": {"uv": [0, 0, 16, 16], "texture": "#402"},
				"west": {"uv": [0, 0, 16, 16], "texture": "#402"},
				"up": {"uv": [0, 0, 16, 16], "texture": "#402"},
				"down": {"uv": [0, 0, 16, 16], "texture": "#402"}
			}
		},
		{
			"from": [7.7, -0.5, 7.7],
			"to": [8.3, 4.5, 8.3],
			"rotation": {"angle": 0, "axis": "y", "origin": [8, 1, 8]},
			"faces": {
				"north": {"uv": [0, 0, 16, 16], "texture": "#402"},
				"east": {"uv": [0, 0, 16, 16], "texture": "#402"},
				"south": {"uv": [0, 0, 16, 16], "texture": "#402"},
				"west": {"uv": [0, 0, 16, 16], "texture": "#402"},
				"up": {"uv": [0, 0, 16, 16], "texture": "#402"},
				"down": {"uv": [0, 0, 16, 16], "texture": "#402"}
			}
		},
		{
			"from": [7.8, -5.5, 7.8],
			"to": [8.2, -0.5, 8.2],
			"rotation": {"angle": 0, "axis": "y", "origin": [8, -4, 8]},
			"faces": {
				"north": {"uv": [0, 0, 16, 16], "texture": "#402"},
				"east": {"uv": [0, 0, 16, 16], "texture": "#402"},
				"south": {"uv": [0, 0, 16, 16], "texture": "#402"},
				"west": {"uv": [0, 0, 16, 16], "texture": "#402"},
				"up": {"uv": [0, 0, 16, 16], "texture": "#402"},
				"down": {"uv": [0, 0, 16, 16], "texture": "#402"}
			}
		},
		{
			"from": [8, -3.5, 7.95],
			"to": [8.1, -2, 8.1],
			"rotation": {"angle": 22.5, "axis": "z", "origin": [8.2, -4, 8]},
			"faces": {
				"north": {"uv": [0, 0, 16, 16], "texture": "#402"},
				"east": {"uv": [0, 0, 16, 16], "texture": "#402"},
				"south": {"uv": [0, 0, 16, 16], "texture": "#402"},
				"west": {"uv": [0, 0, 16, 16], "texture": "#402"},
				"up": {"uv": [0, 0, 16, 16], "texture": "#402"},
				"down": {"uv": [0, 0, 16, 16], "texture": "#402"}
			}
		},
		{
			"from": [7.26748, -3.74448, 7.975],
			"to": [7.31748, -2.26948, 8.075],
			"rotation": {"angle": 0, "axis": "z", "origin": [7.29248, -2.97484, 8.025]},
			"faces": {
				"north": {"uv": [0, 0, 16, 16], "texture": "#279"},
				"east": {"uv": [0, 0, 16, 16], "texture": "#279"},
				"south": {"uv": [0, 0, 16, 16], "texture": "#279"},
				"west": {"uv": [0, 0, 16, 16], "texture": "#279"},
				"up": {"uv": [0, 0, 16, 16], "texture": "#279"},
				"down": {"uv": [0, 0, 16, 16], "texture": "#279"}
			}
		},
		{
			"from": [7.94248, -0.29448, 8.9],
			"to": [8.04248, 1.18052, 8.95],
			"rotation": {"angle": 0, "axis": "z", "origin": [7.99248, 0.47516, 8.925]},
			"faces": {
				"north": {"uv": [0, 0, 16, 16], "rotation": 90, "texture": "#279"},
				"east": {"uv": [0, 0, 16, 16], "rotation": 90, "texture": "#279"},
				"south": {"uv": [0, 0, 16, 16], "rotation": 90, "texture": "#279"},
				"west": {"uv": [0, 0, 16, 16], "rotation": 90, "texture": "#279"},
				"up": {"uv": [0, 0, 16, 16], "rotation": 90, "texture": "#279"},
				"down": {"uv": [0, 0, 16, 16], "rotation": 90, "texture": "#279"}
			}
		},
		{
			"from": [8.29248, 4.13052, 7.025],
			"to": [8.39248, 5.60552, 7.075],
			"rotation": {"angle": 22.5, "axis": "z", "origin": [8.34248, 4.90016, 7.05]},
			"faces": {
				"north": {"uv": [0, 0, 16, 16], "rotation": 90, "texture": "#279"},
				"east": {"uv": [0, 0, 16, 16], "rotation": 90, "texture": "#279"},
				"south": {"uv": [0, 0, 16, 16], "rotation": 90, "texture": "#279"},
				"west": {"uv": [0, 0, 16, 16], "rotation": 90, "texture": "#279"},
				"up": {"uv": [0, 0, 16, 16], "rotation": 90, "texture": "#279"},
				"down": {"uv": [0, 0, 16, 16], "rotation": 90, "texture": "#279"}
			}
		},
		{
			"from": [7.19248, 2.23052, 7.925],
			"to": [7.29248, 3.70552, 7.975],
			"rotation": {"angle": -45, "axis": "z", "origin": [7.24248, 3.00016, 7.95]},
			"faces": {
				"north": {"uv": [0, 0, 16, 16], "rotation": 90, "texture": "#279"},
				"east": {"uv": [0, 0, 16, 16], "rotation": 90, "texture": "#279"},
				"south": {"uv": [0, 0, 16, 16], "rotation": 90, "texture": "#279"},
				"west": {"uv": [0, 0, 16, 16], "rotation": 90, "texture": "#279"},
				"up": {"uv": [0, 0, 16, 16], "rotation": 90, "texture": "#279"},
				"down": {"uv": [0, 0, 16, 16], "rotation": 90, "texture": "#279"}
			}
		},
		{
			"from": [5.56748, 21.13052, 7.875],
			"to": [5.66748, 22.60552, 7.925],
			"rotation": {"angle": -45, "axis": "z", "origin": [5.61748, 21.90016, 7.9]},
			"faces": {
				"north": {"uv": [0, 0, 16, 16], "rotation": 90, "texture": "#279"},
				"east": {"uv": [0, 0, 16, 16], "rotation": 90, "texture": "#279"},
				"south": {"uv": [0, 0, 16, 16], "rotation": 90, "texture": "#279"},
				"west": {"uv": [0, 0, 16, 16], "rotation": 90, "texture": "#279"},
				"up": {"uv": [0, 0, 16, 16], "rotation": 90, "texture": "#279"},
				"down": {"uv": [0, 0, 16, 16], "rotation": 90, "texture": "#279"}
			}
		},
		{
			"from": [8.74248, 20.57516, 5.89464],
			"to": [8.79248, 20.67516, 7.36964],
			"rotation": {"angle": -45, "axis": "x", "origin": [8.76748, 20.62516, 6.6]},
			"faces": {
				"north": {"uv": [0, 0, 16, 16], "rotation": 180, "texture": "#279"},
				"east": {"uv": [0, 0, 16, 16], "rotation": 180, "texture": "#279"},
				"south": {"uv": [0, 0, 16, 16], "rotation": 180, "texture": "#279"},
				"west": {"uv": [0, 0, 16, 16], "rotation": 180, "texture": "#279"},
				"up": {"uv": [0, 0, 16, 16], "rotation": 180, "texture": "#279"},
				"down": {"uv": [0, 0, 16, 16], "rotation": 180, "texture": "#279"}
			}
		},
		{
			"from": [9.31748, 21.13052, 9.2],
			"to": [9.36748, 22.60552, 9.3],
			"rotation": {"angle": -45, "axis": "x", "origin": [9.34248, 21.90016, 9.25]},
			"faces": {
				"north": {"uv": [0, 0, 16, 16], "rotation": 180, "texture": "#279"},
				"east": {"uv": [0, 0, 16, 16], "rotation": 180, "texture": "#279"},
				"south": {"uv": [0, 0, 16, 16], "rotation": 180, "texture": "#279"},
				"west": {"uv": [0, 0, 16, 16], "rotation": 180, "texture": "#279"},
				"up": {"uv": [0, 0, 16, 16], "rotation": 180, "texture": "#279"},
				"down": {"uv": [0, 0, 16, 16], "rotation": 180, "texture": "#279"}
			}
		},
		{
			"from": [8.29248, 4.13052, 7.025],
			"to": [8.39248, 5.60552, 7.075],
			"rotation": {"angle": 22.5, "axis": "z", "origin": [8.34248, 4.90016, 7.05]},
			"color": 0,
			"faces": {
				"north": {"uv": [0, 0, 0.1, 1.475], "texture": "#missing"},
				"east": {"uv": [0, 0, 0.05, 1.475], "texture": "#missing"},
				"south": {"uv": [0, 0, 0.1, 1.475], "texture": "#missing"},
				"west": {"uv": [0, 0, 0.05, 1.475], "texture": "#missing"},
				"up": {"uv": [0, 0, 0.05, 0.1], "rotation": 270, "texture": "#missing"},
				"down": {"uv": [0, 0, 0.05, 0.1], "rotation": 90, "texture": "#missing"}
			}
		},
		{
			"from": [7.71748, 4.73052, 6.425],
			"to": [7.81748, 6.20552, 6.475],
			"rotation": {"angle": -22.5, "axis": "z", "origin": [7.76748, 5.50016, 6.45]},
			"faces": {
				"north": {"uv": [0, 0, 16, 16], "rotation": 90, "texture": "#279"},
				"east": {"uv": [0, 0, 16, 16], "rotation": 90, "texture": "#279"},
				"south": {"uv": [0, 0, 16, 16], "rotation": 90, "texture": "#279"},
				"west": {"uv": [0, 0, 16, 16], "rotation": 90, "texture": "#279"},
				"up": {"uv": [0, 0, 16, 16], "rotation": 90, "texture": "#279"},
				"down": {"uv": [0, 0, 16, 16], "rotation": 90, "texture": "#279"}
			}
		},
		{
			"from": [8.61748, -1.61948, 7.825],
			"to": [8.71748, -0.14448, 7.875],
			"rotation": {"angle": 45, "axis": "z", "origin": [8.66748, -0.84984, 7.85]},
			"faces": {
				"north": {"uv": [0, 0, 16, 16], "rotation": 90, "texture": "#279"},
				"east": {"uv": [0, 0, 16, 16], "rotation": 90, "texture": "#279"},
				"south": {"uv": [0, 0, 16, 16], "rotation": 90, "texture": "#279"},
				"west": {"uv": [0, 0, 16, 16], "rotation": 90, "texture": "#279"},
				"up": {"uv": [0, 0, 16, 16], "rotation": 90, "texture": "#279"},
				"down": {"uv": [0, 0, 16, 16], "rotation": 90, "texture": "#279"}
			}
		},
		{
			"from": [7.94248, -5.21948, 7.3],
			"to": [7.99248, -3.74448, 7.4],
			"rotation": {"angle": 45, "axis": "x", "origin": [7.96748, -4.44984, 7.35]},
			"faces": {
				"north": {"uv": [0, 0, 16, 16], "rotation": 180, "texture": "#279"},
				"east": {"uv": [0, 0, 16, 16], "rotation": 180, "texture": "#279"},
				"south": {"uv": [0, 0, 16, 16], "rotation": 180, "texture": "#279"},
				"west": {"uv": [0, 0, 16, 16], "rotation": 180, "texture": "#279"},
				"up": {"uv": [0, 0, 16, 16], "rotation": 180, "texture": "#279"},
				"down": {"uv": [0, 0, 16, 16], "rotation": 180, "texture": "#279"}
			}
		},
		{
			"from": [7.94248, 2.83052, 8.7],
			"to": [7.99248, 4.30552, 8.8],
			"rotation": {"angle": 45, "axis": "x", "origin": [7.96748, 3.60016, 8.75]},
			"faces": {
				"north": {"uv": [0, 0, 16, 16], "texture": "#279"},
				"east": {"uv": [0, 0, 16, 16], "texture": "#279"},
				"south": {"uv": [0, 0, 16, 16], "texture": "#279"},
				"west": {"uv": [0, 0, 16, 16], "texture": "#279"},
				"up": {"uv": [0, 0, 16, 16], "texture": "#279"},
				"down": {"uv": [0, 0, 16, 16], "texture": "#279"}
			}
		},
		{
			"from": [7.26748, -3.59448, 8.075],
			"to": [7.31748, -2.34448, 8.2],
			"rotation": {"angle": 0, "axis": "z", "origin": [7.29248, -2.97484, 8.025]},
			"faces": {
				"north": {"uv": [0, 0, 16, 16], "texture": "#361"},
				"east": {"uv": [0, 0, 16, 16], "texture": "#361"},
				"south": {"uv": [0, 0, 16, 16], "texture": "#361"},
				"west": {"uv": [0, 0, 16, 16], "texture": "#361"},
				"up": {"uv": [0, 0, 16, 16], "texture": "#361"},
				"down": {"uv": [0, 0, 16, 16], "texture": "#361"}
			}
		},
		{
			"from": [8.04248, -0.14448, 8.9],
			"to": [8.16748, 1.10552, 8.95],
			"rotation": {"angle": 0, "axis": "z", "origin": [7.99248, 0.47516, 8.925]},
			"faces": {
				"north": {"uv": [0, 0, 16, 16], "texture": "#361"},
				"east": {"uv": [0, 0, 16, 16], "texture": "#361"},
				"south": {"uv": [0, 0, 16, 16], "texture": "#361"},
				"west": {"uv": [0, 0, 16, 16], "texture": "#361"},
				"up": {"uv": [0, 0, 16, 16], "texture": "#361"},
				"down": {"uv": [0, 0, 16, 16], "texture": "#361"}
			}
		},
		{
			"from": [7.29248, 2.38052, 7.925],
			"to": [7.41748, 3.63052, 7.975],
			"rotation": {"angle": -45, "axis": "z", "origin": [7.24248, 3.00016, 7.95]},
			"faces": {
				"north": {"uv": [0, 0, 16, 16], "texture": "#361"},
				"east": {"uv": [0, 0, 16, 16], "texture": "#361"},
				"south": {"uv": [0, 0, 16, 16], "texture": "#361"},
				"west": {"uv": [0, 0, 16, 16], "texture": "#361"},
				"up": {"uv": [0, 0, 16, 16], "texture": "#361"},
				"down": {"uv": [0, 0, 16, 16], "texture": "#361"}
			}
		},
		{
			"from": [5.66748, 21.28052, 7.875],
			"to": [5.79248, 22.53052, 7.925],
			"rotation": {"angle": -45, "axis": "z", "origin": [5.61748, 21.90016, 7.9]},
			"faces": {
				"north": {"uv": [0, 0, 16, 16], "texture": "#361"},
				"east": {"uv": [0, 0, 16, 16], "texture": "#361"},
				"south": {"uv": [0, 0, 16, 16], "texture": "#361"},
				"west": {"uv": [0, 0, 16, 16], "texture": "#361"},
				"up": {"uv": [0, 0, 16, 16], "texture": "#361"},
				"down": {"uv": [0, 0, 16, 16], "texture": "#361"}
			}
		},
		{
			"from": [8.74248, 20.45016, 5.96964],
			"to": [8.79248, 20.57516, 7.21964],
			"rotation": {"angle": -45, "axis": "x", "origin": [8.76748, 20.62516, 6.6]},
			"faces": {
				"north": {"uv": [0, 0, 16, 16], "rotation": 90, "texture": "#361"},
				"east": {"uv": [0, 0, 16, 16], "rotation": 90, "texture": "#361"},
				"south": {"uv": [0, 0, 16, 16], "rotation": 90, "texture": "#361"},
				"west": {"uv": [0, 0, 16, 16], "rotation": 90, "texture": "#361"},
				"up": {"uv": [0, 0, 16, 16], "rotation": 90, "texture": "#361"},
				"down": {"uv": [0, 0, 16, 16], "rotation": 90, "texture": "#361"}
			}
		},
		{
			"from": [9.31748, 21.28052, 9.075],
			"to": [9.36748, 22.53052, 9.2],
			"rotation": {"angle": -45, "axis": "x", "origin": [9.34248, 21.90016, 9.25]},
			"faces": {
				"north": {"uv": [0, 0, 16, 16], "texture": "#361"},
				"east": {"uv": [0, 0, 16, 16], "texture": "#361"},
				"south": {"uv": [0, 0, 16, 16], "texture": "#361"},
				"west": {"uv": [0, 0, 16, 16], "texture": "#361"},
				"up": {"uv": [0, 0, 16, 16], "texture": "#361"},
				"down": {"uv": [0, 0, 16, 16], "texture": "#361"}
			}
		},
		{
			"from": [8.39248, 4.28052, 7.025],
			"to": [8.51748, 5.53052, 7.075],
			"rotation": {"angle": 22.5, "axis": "z", "origin": [8.34248, 4.90016, 7.05]},
			"faces": {
				"north": {"uv": [0, 0, 16, 16], "texture": "#361"},
				"east": {"uv": [0, 0, 16, 16], "texture": "#361"},
				"south": {"uv": [0, 0, 16, 16], "texture": "#361"},
				"west": {"uv": [0, 0, 16, 16], "texture": "#361"},
				"up": {"uv": [0, 0, 16, 16], "texture": "#361"},
				"down": {"uv": [0, 0, 16, 16], "texture": "#361"}
			}
		},
		{
			"from": [7.81748, 4.88052, 6.425],
			"to": [7.94248, 6.13052, 6.475],
			"rotation": {"angle": -22.5, "axis": "z", "origin": [7.76748, 5.50016, 6.45]},
			"faces": {
				"north": {"uv": [0, 0, 16, 16], "texture": "#361"},
				"east": {"uv": [0, 0, 16, 16], "texture": "#361"},
				"south": {"uv": [0, 0, 16, 16], "texture": "#361"},
				"west": {"uv": [0, 0, 16, 16], "texture": "#361"},
				"up": {"uv": [0, 0, 16, 16], "texture": "#361"},
				"down": {"uv": [0, 0, 16, 16], "texture": "#361"}
			}
		},
		{
			"from": [8.71748, -1.46948, 7.825],
			"to": [8.84248, -0.21948, 7.875],
			"rotation": {"angle": 45, "axis": "z", "origin": [8.66748, -0.84984, 7.85]},
			"faces": {
				"north": {"uv": [0, 0, 16, 16], "texture": "#361"},
				"east": {"uv": [0, 0, 16, 16], "texture": "#361"},
				"south": {"uv": [0, 0, 16, 16], "texture": "#361"},
				"west": {"uv": [0, 0, 16, 16], "texture": "#361"},
				"up": {"uv": [0, 0, 16, 16], "texture": "#361"},
				"down": {"uv": [0, 0, 16, 16], "texture": "#361"}
			}
		},
		{
			"from": [7.94248, -5.06948, 7.175],
			"to": [7.99248, -3.81948, 7.3],
			"rotation": {"angle": 45, "axis": "x", "origin": [7.96748, -4.44984, 7.35]},
			"faces": {
				"north": {"uv": [0, 0, 16, 16], "texture": "#361"},
				"east": {"uv": [0, 0, 16, 16], "texture": "#361"},
				"south": {"uv": [0, 0, 16, 16], "texture": "#361"},
				"west": {"uv": [0, 0, 16, 16], "texture": "#361"},
				"up": {"uv": [0, 0, 16, 16], "texture": "#361"},
				"down": {"uv": [0, 0, 16, 16], "texture": "#361"}
			}
		},
		{
			"from": [7.94248, 2.98052, 8.575],
			"to": [7.99248, 4.23052, 8.7],
			"rotation": {"angle": 45, "axis": "x", "origin": [7.96748, 3.60016, 8.75]},
			"faces": {
				"north": {"uv": [0, 0, 16, 16], "texture": "#361"},
				"east": {"uv": [0, 0, 16, 16], "texture": "#361"},
				"south": {"uv": [0, 0, 16, 16], "texture": "#361"},
				"west": {"uv": [0, 0, 16, 16], "texture": "#361"},
				"up": {"uv": [0, 0, 16, 16], "texture": "#361"},
				"down": {"uv": [0, 0, 16, 16], "texture": "#361"}
			}
		},
		{
			"from": [7.26748, -3.49448, 8.2],
			"to": [7.31748, -2.44448, 8.275],
			"rotation": {"angle": 0, "axis": "z", "origin": [7.29248, -2.97484, 8.025]},
			"faces": {
				"north": {"uv": [0, 0, 16, 16], "texture": "#361"},
				"east": {"uv": [0, 0, 16, 16], "texture": "#361"},
				"south": {"uv": [0, 0, 16, 16], "texture": "#361"},
				"west": {"uv": [0, 0, 16, 16], "texture": "#361"},
				"up": {"uv": [0, 0, 16, 16], "texture": "#361"},
				"down": {"uv": [0, 0, 16, 16], "texture": "#361"}
			}
		},
		{
			"from": [8.16748, -0.04448, 8.9],
			"to": [8.24248, 1.00552, 8.95],
			"rotation": {"angle": 0, "axis": "z", "origin": [7.99248, 0.47516, 8.925]},
			"faces": {
				"north": {"uv": [0, 0, 16, 16], "texture": "#361"},
				"east": {"uv": [0, 0, 16, 16], "texture": "#361"},
				"south": {"uv": [0, 0, 16, 16], "texture": "#361"},
				"west": {"uv": [0, 0, 16, 16], "texture": "#361"},
				"up": {"uv": [0, 0, 16, 16], "texture": "#361"},
				"down": {"uv": [0, 0, 16, 16], "texture": "#361"}
			}
		},
		{
			"from": [7.41748, 2.48052, 7.925],
			"to": [7.49248, 3.53052, 7.975],
			"rotation": {"angle": -45, "axis": "z", "origin": [7.24248, 3.00016, 7.95]},
			"faces": {
				"north": {"uv": [0, 0, 16, 16], "texture": "#361"},
				"east": {"uv": [0, 0, 16, 16], "texture": "#361"},
				"south": {"uv": [0, 0, 16, 16], "texture": "#361"},
				"west": {"uv": [0, 0, 16, 16], "texture": "#361"},
				"up": {"uv": [0, 0, 16, 16], "texture": "#361"},
				"down": {"uv": [0, 0, 16, 16], "texture": "#361"}
			}
		},
		{
			"from": [5.79248, 21.38052, 7.875],
			"to": [5.86748, 22.43052, 7.925],
			"rotation": {"angle": -45, "axis": "z", "origin": [5.61748, 21.90016, 7.9]},
			"faces": {
				"north": {"uv": [0, 0, 16, 16], "texture": "#361"},
				"east": {"uv": [0, 0, 16, 16], "texture": "#361"},
				"south": {"uv": [0, 0, 16, 16], "texture": "#361"},
				"west": {"uv": [0, 0, 16, 16], "texture": "#361"},
				"up": {"uv": [0, 0, 16, 16], "texture": "#361"},
				"down": {"uv": [0, 0, 16, 16], "texture": "#361"}
			}
		},
		{
			"from": [8.74248, 20.37516, 6.06964],
			"to": [8.79248, 20.45016, 7.11964],
			"rotation": {"angle": -45, "axis": "x", "origin": [8.76748, 20.62516, 6.6]},
			"faces": {
				"north": {"uv": [0, 0, 16, 16], "rotation": 90, "texture": "#361"},
				"east": {"uv": [0, 0, 16, 16], "rotation": 90, "texture": "#361"},
				"south": {"uv": [0, 0, 16, 16], "rotation": 90, "texture": "#361"},
				"west": {"uv": [0, 0, 16, 16], "rotation": 90, "texture": "#361"},
				"up": {"uv": [0, 0, 16, 16], "rotation": 90, "texture": "#361"},
				"down": {"uv": [0, 0, 16, 16], "rotation": 90, "texture": "#361"}
			}
		},
		{
			"from": [9.31748, 21.38052, 9],
			"to": [9.36748, 22.43052, 9.075],
			"rotation": {"angle": -45, "axis": "x", "origin": [9.34248, 21.90016, 9.25]},
			"faces": {
				"north": {"uv": [0, 0, 16, 16], "texture": "#361"},
				"east": {"uv": [0, 0, 16, 16], "texture": "#361"},
				"south": {"uv": [0, 0, 16, 16], "texture": "#361"},
				"west": {"uv": [0, 0, 16, 16], "texture": "#361"},
				"up": {"uv": [0, 0, 16, 16], "texture": "#361"},
				"down": {"uv": [0, 0, 16, 16], "texture": "#361"}
			}
		},
		{
			"from": [8.51748, 4.38052, 7.025],
			"to": [8.59248, 5.43052, 7.075],
			"rotation": {"angle": 22.5, "axis": "z", "origin": [8.34248, 4.90016, 7.05]},
			"faces": {
				"north": {"uv": [0, 0, 16, 16], "texture": "#361"},
				"east": {"uv": [0, 0, 16, 16], "texture": "#361"},
				"south": {"uv": [0, 0, 16, 16], "texture": "#361"},
				"west": {"uv": [0, 0, 16, 16], "texture": "#361"},
				"up": {"uv": [0, 0, 16, 16], "texture": "#361"},
				"down": {"uv": [0, 0, 16, 16], "texture": "#361"}
			}
		},
		{
			"from": [7.94248, 4.98052, 6.425],
			"to": [8.01748, 6.03052, 6.475],
			"rotation": {"angle": -22.5, "axis": "z", "origin": [7.76748, 5.50016, 6.45]},
			"faces": {
				"north": {"uv": [0, 0, 16, 16], "texture": "#361"},
				"east": {"uv": [0, 0, 16, 16], "texture": "#361"},
				"south": {"uv": [0, 0, 16, 16], "texture": "#361"},
				"west": {"uv": [0, 0, 16, 16], "texture": "#361"},
				"up": {"uv": [0, 0, 16, 16], "texture": "#361"},
				"down": {"uv": [0, 0, 16, 16], "texture": "#361"}
			}
		},
		{
			"from": [8.84248, -1.36948, 7.825],
			"to": [8.91748, -0.31948, 7.875],
			"rotation": {"angle": 45, "axis": "z", "origin": [8.66748, -0.84984, 7.85]},
			"faces": {
				"north": {"uv": [0, 0, 16, 16], "texture": "#361"},
				"east": {"uv": [0, 0, 16, 16], "texture": "#361"},
				"south": {"uv": [0, 0, 16, 16], "texture": "#361"},
				"west": {"uv": [0, 0, 16, 16], "texture": "#361"},
				"up": {"uv": [0, 0, 16, 16], "texture": "#361"},
				"down": {"uv": [0, 0, 16, 16], "texture": "#361"}
			}
		},
		{
			"from": [7.94248, -4.96948, 7.1],
			"to": [7.99248, -3.91948, 7.175],
			"rotation": {"angle": 45, "axis": "x", "origin": [7.96748, -4.44984, 7.35]},
			"faces": {
				"north": {"uv": [0, 0, 16, 16], "texture": "#361"},
				"east": {"uv": [0, 0, 16, 16], "texture": "#361"},
				"south": {"uv": [0, 0, 16, 16], "texture": "#361"},
				"west": {"uv": [0, 0, 16, 16], "texture": "#361"},
				"up": {"uv": [0, 0, 16, 16], "texture": "#361"},
				"down": {"uv": [0, 0, 16, 16], "texture": "#361"}
			}
		},
		{
			"from": [7.94248, 3.08052, 8.5],
			"to": [7.99248, 4.13052, 8.575],
			"rotation": {"angle": 45, "axis": "x", "origin": [7.96748, 3.60016, 8.75]},
			"faces": {
				"north": {"uv": [0, 0, 16, 16], "texture": "#361"},
				"east": {"uv": [0, 0, 16, 16], "texture": "#361"},
				"south": {"uv": [0, 0, 16, 16], "texture": "#361"},
				"west": {"uv": [0, 0, 16, 16], "texture": "#361"},
				"up": {"uv": [0, 0, 16, 16], "texture": "#361"},
				"down": {"uv": [0, 0, 16, 16], "texture": "#361"}
			}
		},
		{
			"from": [7.26748, -3.29448, 8.275],
			"to": [7.31748, -2.64448, 8.35],
			"rotation": {"angle": 0, "axis": "z", "origin": [7.29248, -2.97484, 8.025]},
			"faces": {
				"north": {"uv": [0, 0, 16, 16], "texture": "#361"},
				"east": {"uv": [0, 0, 16, 16], "texture": "#361"},
				"south": {"uv": [0, 0, 16, 16], "texture": "#361"},
				"west": {"uv": [0, 0, 16, 16], "texture": "#361"},
				"up": {"uv": [0, 0, 16, 16], "texture": "#361"},
				"down": {"uv": [0, 0, 16, 16], "texture": "#361"}
			}
		},
		{
			"from": [8.24248, 0.15552, 8.9],
			"to": [8.31748, 0.80552, 8.95],
			"rotation": {"angle": 0, "axis": "z", "origin": [7.99248, 0.47516, 8.925]},
			"faces": {
				"north": {"uv": [0, 0, 16, 16], "texture": "#361"},
				"east": {"uv": [0, 0, 16, 16], "texture": "#361"},
				"south": {"uv": [0, 0, 16, 16], "texture": "#361"},
				"west": {"uv": [0, 0, 16, 16], "texture": "#361"},
				"up": {"uv": [0, 0, 16, 16], "texture": "#361"},
				"down": {"uv": [0, 0, 16, 16], "texture": "#361"}
			}
		},
		{
			"from": [7.49248, 2.68052, 7.925],
			"to": [7.56748, 3.33052, 7.975],
			"rotation": {"angle": -45, "axis": "z", "origin": [7.24248, 3.00016, 7.95]},
			"faces": {
				"north": {"uv": [0, 0, 16, 16], "texture": "#361"},
				"east": {"uv": [0, 0, 16, 16], "texture": "#361"},
				"south": {"uv": [0, 0, 16, 16], "texture": "#361"},
				"west": {"uv": [0, 0, 16, 16], "texture": "#361"},
				"up": {"uv": [0, 0, 16, 16], "texture": "#361"},
				"down": {"uv": [0, 0, 16, 16], "texture": "#361"}
			}
		},
		{
			"from": [5.86748, 21.58052, 7.875],
			"to": [5.94248, 22.23052, 7.925],
			"rotation": {"angle": -45, "axis": "z", "origin": [5.61748, 21.90016, 7.9]},
			"faces": {
				"north": {"uv": [0, 0, 16, 16], "texture": "#361"},
				"east": {"uv": [0, 0, 16, 16], "texture": "#361"},
				"south": {"uv": [0, 0, 16, 16], "texture": "#361"},
				"west": {"uv": [0, 0, 16, 16], "texture": "#361"},
				"up": {"uv": [0, 0, 16, 16], "texture": "#361"},
				"down": {"uv": [0, 0, 16, 16], "texture": "#361"}
			}
		},
		{
			"from": [8.74248, 20.30016, 6.26964],
			"to": [8.79248, 20.37516, 6.91964],
			"rotation": {"angle": -45, "axis": "x", "origin": [8.76748, 20.62516, 6.6]},
			"faces": {
				"north": {"uv": [0, 0, 16, 16], "rotation": 90, "texture": "#361"},
				"east": {"uv": [0, 0, 16, 16], "rotation": 90, "texture": "#361"},
				"south": {"uv": [0, 0, 16, 16], "rotation": 90, "texture": "#361"},
				"west": {"uv": [0, 0, 16, 16], "rotation": 90, "texture": "#361"},
				"up": {"uv": [0, 0, 16, 16], "rotation": 90, "texture": "#361"},
				"down": {"uv": [0, 0, 16, 16], "rotation": 90, "texture": "#361"}
			}
		},
		{
			"from": [9.31748, 21.58052, 8.925],
			"to": [9.36748, 22.23052, 9],
			"rotation": {"angle": -45, "axis": "x", "origin": [9.34248, 21.90016, 9.25]},
			"faces": {
				"north": {"uv": [0, 0, 16, 16], "texture": "#361"},
				"east": {"uv": [0, 0, 16, 16], "texture": "#361"},
				"south": {"uv": [0, 0, 16, 16], "texture": "#361"},
				"west": {"uv": [0, 0, 16, 16], "texture": "#361"},
				"up": {"uv": [0, 0, 16, 16], "texture": "#361"},
				"down": {"uv": [0, 0, 16, 16], "texture": "#361"}
			}
		},
		{
			"from": [8.59248, 4.58052, 7.025],
			"to": [8.66748, 5.23052, 7.075],
			"rotation": {"angle": 22.5, "axis": "z", "origin": [8.34248, 4.90016, 7.05]},
			"faces": {
				"north": {"uv": [0, 0, 16, 16], "texture": "#361"},
				"east": {"uv": [0, 0, 16, 16], "texture": "#361"},
				"south": {"uv": [0, 0, 16, 16], "texture": "#361"},
				"west": {"uv": [0, 0, 16, 16], "texture": "#361"},
				"up": {"uv": [0, 0, 16, 16], "texture": "#361"},
				"down": {"uv": [0, 0, 16, 16], "texture": "#361"}
			}
		},
		{
			"from": [8.01748, 5.18052, 6.425],
			"to": [8.09248, 5.83052, 6.475],
			"rotation": {"angle": -22.5, "axis": "z", "origin": [7.76748, 5.50016, 6.45]},
			"faces": {
				"north": {"uv": [0, 0, 16, 16], "texture": "#361"},
				"east": {"uv": [0, 0, 16, 16], "texture": "#361"},
				"south": {"uv": [0, 0, 16, 16], "texture": "#361"},
				"west": {"uv": [0, 0, 16, 16], "texture": "#361"},
				"up": {"uv": [0, 0, 16, 16], "texture": "#361"},
				"down": {"uv": [0, 0, 16, 16], "texture": "#361"}
			}
		},
		{
			"from": [8.91748, -1.16948, 7.825],
			"to": [8.99248, -0.51948, 7.875],
			"rotation": {"angle": 45, "axis": "z", "origin": [8.66748, -0.84984, 7.85]},
			"faces": {
				"north": {"uv": [0, 0, 16, 16], "texture": "#361"},
				"east": {"uv": [0, 0, 16, 16], "texture": "#361"},
				"south": {"uv": [0, 0, 16, 16], "texture": "#361"},
				"west": {"uv": [0, 0, 16, 16], "texture": "#361"},
				"up": {"uv": [0, 0, 16, 16], "texture": "#361"},
				"down": {"uv": [0, 0, 16, 16], "texture": "#361"}
			}
		},
		{
			"from": [7.94248, -4.76948, 7.025],
			"to": [7.99248, -4.11948, 7.1],
			"rotation": {"angle": 45, "axis": "x", "origin": [7.96748, -4.44984, 7.35]},
			"faces": {
				"north": {"uv": [0, 0, 16, 16], "texture": "#361"},
				"east": {"uv": [0, 0, 16, 16], "texture": "#361"},
				"south": {"uv": [0, 0, 16, 16], "texture": "#361"},
				"west": {"uv": [0, 0, 16, 16], "texture": "#361"},
				"up": {"uv": [0, 0, 16, 16], "texture": "#361"},
				"down": {"uv": [0, 0, 16, 16], "texture": "#361"}
			}
		},
		{
			"from": [7.94248, 3.28052, 8.425],
			"to": [7.99248, 3.93052, 8.5],
			"rotation": {"angle": 45, "axis": "x", "origin": [7.96748, 3.60016, 8.75]},
			"faces": {
				"north": {"uv": [0, 0, 16, 16], "texture": "#361"},
				"east": {"uv": [0, 0, 16, 16], "texture": "#361"},
				"south": {"uv": [0, 0, 16, 16], "texture": "#361"},
				"west": {"uv": [0, 0, 16, 16], "texture": "#361"},
				"up": {"uv": [0, 0, 16, 16], "texture": "#361"},
				"down": {"uv": [0, 0, 16, 16], "texture": "#361"}
			}
		},
		{
			"from": [7.26748, -3.29448, 7.7],
			"to": [7.31748, -2.64448, 7.775],
			"rotation": {"angle": 0, "axis": "z", "origin": [7.29248, -2.97484, 8.025]},
			"faces": {
				"north": {"uv": [0, 0, 16, 16], "texture": "#361"},
				"east": {"uv": [0, 0, 16, 16], "texture": "#361"},
				"south": {"uv": [0, 0, 16, 16], "texture": "#361"},
				"west": {"uv": [0, 0, 16, 16], "texture": "#361"},
				"up": {"uv": [0, 0, 16, 16], "texture": "#361"},
				"down": {"uv": [0, 0, 16, 16], "texture": "#361"}
			}
		},
		{
			"from": [7.66748, 0.15552, 8.9],
			"to": [7.74248, 0.80552, 8.95],
			"rotation": {"angle": 0, "axis": "z", "origin": [7.99248, 0.47516, 8.925]},
			"faces": {
				"north": {"uv": [0, 0, 16, 16], "texture": "#361"},
				"east": {"uv": [0, 0, 16, 16], "texture": "#361"},
				"south": {"uv": [0, 0, 16, 16], "texture": "#361"},
				"west": {"uv": [0, 0, 16, 16], "texture": "#361"},
				"up": {"uv": [0, 0, 16, 16], "texture": "#361"},
				"down": {"uv": [0, 0, 16, 16], "texture": "#361"}
			}
		},
		{
			"from": [6.91748, 2.68052, 7.925],
			"to": [6.99248, 3.33052, 7.975],
			"rotation": {"angle": -45, "axis": "z", "origin": [7.24248, 3.00016, 7.95]},
			"faces": {
				"north": {"uv": [0, 0, 16, 16], "texture": "#361"},
				"east": {"uv": [0, 0, 16, 16], "texture": "#361"},
				"south": {"uv": [0, 0, 16, 16], "texture": "#361"},
				"west": {"uv": [0, 0, 16, 16], "texture": "#361"},
				"up": {"uv": [0, 0, 16, 16], "texture": "#361"},
				"down": {"uv": [0, 0, 16, 16], "texture": "#361"}
			}
		},
		{
			"from": [5.29248, 21.58052, 7.875],
			"to": [5.36748, 22.23052, 7.925],
			"rotation": {"angle": -45, "axis": "z", "origin": [5.61748, 21.90016, 7.9]},
			"faces": {
				"north": {"uv": [0, 0, 16, 16], "texture": "#361"},
				"east": {"uv": [0, 0, 16, 16], "texture": "#361"},
				"south": {"uv": [0, 0, 16, 16], "texture": "#361"},
				"west": {"uv": [0, 0, 16, 16], "texture": "#361"},
				"up": {"uv": [0, 0, 16, 16], "texture": "#361"},
				"down": {"uv": [0, 0, 16, 16], "texture": "#361"}
			}
		},
		{
			"from": [8.74248, 20.87516, 6.26964],
			"to": [8.79248, 20.95016, 6.91964],
			"rotation": {"angle": -45, "axis": "x", "origin": [8.76748, 20.62516, 6.6]},
			"faces": {
				"north": {"uv": [0, 0, 16, 16], "rotation": 90, "texture": "#361"},
				"east": {"uv": [0, 0, 16, 16], "rotation": 90, "texture": "#361"},
				"south": {"uv": [0, 0, 16, 16], "rotation": 90, "texture": "#361"},
				"west": {"uv": [0, 0, 16, 16], "rotation": 90, "texture": "#361"},
				"up": {"uv": [0, 0, 16, 16], "rotation": 90, "texture": "#361"},
				"down": {"uv": [0, 0, 16, 16], "rotation": 90, "texture": "#361"}
			}
		},
		{
			"from": [9.31748, 21.58052, 9.5],
			"to": [9.36748, 22.23052, 9.575],
			"rotation": {"angle": -45, "axis": "x", "origin": [9.34248, 21.90016, 9.25]},
			"faces": {
				"north": {"uv": [0, 0, 16, 16], "texture": "#361"},
				"east": {"uv": [0, 0, 16, 16], "texture": "#361"},
				"south": {"uv": [0, 0, 16, 16], "texture": "#361"},
				"west": {"uv": [0, 0, 16, 16], "texture": "#361"},
				"up": {"uv": [0, 0, 16, 16], "texture": "#361"},
				"down": {"uv": [0, 0, 16, 16], "texture": "#361"}
			}
		},
		{
			"from": [8.01748, 4.58052, 7.025],
			"to": [8.09248, 5.23052, 7.075],
			"rotation": {"angle": 22.5, "axis": "z", "origin": [8.34248, 4.90016, 7.05]},
			"faces": {
				"north": {"uv": [0, 0, 16, 16], "texture": "#361"},
				"east": {"uv": [0, 0, 16, 16], "texture": "#361"},
				"south": {"uv": [0, 0, 16, 16], "texture": "#361"},
				"west": {"uv": [0, 0, 16, 16], "texture": "#361"},
				"up": {"uv": [0, 0, 16, 16], "texture": "#361"},
				"down": {"uv": [0, 0, 16, 16], "texture": "#361"}
			}
		},
		{
			"from": [7.44248, 5.18052, 6.425],
			"to": [7.51748, 5.83052, 6.475],
			"rotation": {"angle": -22.5, "axis": "z", "origin": [7.76748, 5.50016, 6.45]},
			"faces": {
				"north": {"uv": [0, 0, 16, 16], "texture": "#361"},
				"east": {"uv": [0, 0, 16, 16], "texture": "#361"},
				"south": {"uv": [0, 0, 16, 16], "texture": "#361"},
				"west": {"uv": [0, 0, 16, 16], "texture": "#361"},
				"up": {"uv": [0, 0, 16, 16], "texture": "#361"},
				"down": {"uv": [0, 0, 16, 16], "texture": "#361"}
			}
		},
		{
			"from": [8.34248, -1.16948, 7.825],
			"to": [8.41748, -0.51948, 7.875],
			"rotation": {"angle": 45, "axis": "z", "origin": [8.66748, -0.84984, 7.85]},
			"faces": {
				"north": {"uv": [0, 0, 16, 16], "texture": "#361"},
				"east": {"uv": [0, 0, 16, 16], "texture": "#361"},
				"south": {"uv": [0, 0, 16, 16], "texture": "#361"},
				"west": {"uv": [0, 0, 16, 16], "texture": "#361"},
				"up": {"uv": [0, 0, 16, 16], "texture": "#361"},
				"down": {"uv": [0, 0, 16, 16], "texture": "#361"}
			}
		},
		{
			"from": [7.94248, -4.76948, 7.6],
			"to": [7.99248, -4.11948, 7.675],
			"rotation": {"angle": 45, "axis": "x", "origin": [7.96748, -4.44984, 7.35]},
			"faces": {
				"north": {"uv": [0, 0, 16, 16], "texture": "#361"},
				"east": {"uv": [0, 0, 16, 16], "texture": "#361"},
				"south": {"uv": [0, 0, 16, 16], "texture": "#361"},
				"west": {"uv": [0, 0, 16, 16], "texture": "#361"},
				"up": {"uv": [0, 0, 16, 16], "texture": "#361"},
				"down": {"uv": [0, 0, 16, 16], "texture": "#361"}
			}
		},
		{
			"from": [7.94248, 3.28052, 9],
			"to": [7.99248, 3.93052, 9.075],
			"rotation": {"angle": 45, "axis": "x", "origin": [7.96748, 3.60016, 8.75]},
			"faces": {
				"north": {"uv": [0, 0, 16, 16], "texture": "#361"},
				"east": {"uv": [0, 0, 16, 16], "texture": "#361"},
				"south": {"uv": [0, 0, 16, 16], "texture": "#361"},
				"west": {"uv": [0, 0, 16, 16], "texture": "#361"},
				"up": {"uv": [0, 0, 16, 16], "texture": "#361"},
				"down": {"uv": [0, 0, 16, 16], "texture": "#361"}
			}
		},
		{
			"from": [7.26748, -3.49448, 7.775],
			"to": [7.31748, -2.44448, 7.85],
			"rotation": {"angle": 0, "axis": "z", "origin": [7.29248, -2.97484, 8.025]},
			"faces": {
				"north": {"uv": [0, 0, 16, 16], "texture": "#361"},
				"east": {"uv": [0, 0, 16, 16], "texture": "#361"},
				"south": {"uv": [0, 0, 16, 16], "texture": "#361"},
				"west": {"uv": [0, 0, 16, 16], "texture": "#361"},
				"up": {"uv": [0, 0, 16, 16], "texture": "#361"},
				"down": {"uv": [0, 0, 16, 16], "texture": "#361"}
			}
		},
		{
			"from": [7.74248, -0.04448, 8.9],
			"to": [7.81748, 1.00552, 8.95],
			"rotation": {"angle": 0, "axis": "z", "origin": [7.99248, 0.47516, 8.925]},
			"faces": {
				"north": {"uv": [0, 0, 16, 16], "texture": "#361"},
				"east": {"uv": [0, 0, 16, 16], "texture": "#361"},
				"south": {"uv": [0, 0, 16, 16], "texture": "#361"},
				"west": {"uv": [0, 0, 16, 16], "texture": "#361"},
				"up": {"uv": [0, 0, 16, 16], "texture": "#361"},
				"down": {"uv": [0, 0, 16, 16], "texture": "#361"}
			}
		},
		{
			"from": [6.99248, 2.48052, 7.925],
			"to": [7.06748, 3.53052, 7.975],
			"rotation": {"angle": -45, "axis": "z", "origin": [7.24248, 3.00016, 7.95]},
			"faces": {
				"north": {"uv": [0, 0, 16, 16], "texture": "#361"},
				"east": {"uv": [0, 0, 16, 16], "texture": "#361"},
				"south": {"uv": [0, 0, 16, 16], "texture": "#361"},
				"west": {"uv": [0, 0, 16, 16], "texture": "#361"},
				"up": {"uv": [0, 0, 16, 16], "texture": "#361"},
				"down": {"uv": [0, 0, 16, 16], "texture": "#361"}
			}
		},
		{
			"from": [5.36748, 21.38052, 7.875],
			"to": [5.44248, 22.43052, 7.925],
			"rotation": {"angle": -45, "axis": "z", "origin": [5.61748, 21.90016, 7.9]},
			"faces": {
				"north": {"uv": [0, 0, 16, 16], "texture": "#361"},
				"east": {"uv": [0, 0, 16, 16], "texture": "#361"},
				"south": {"uv": [0, 0, 16, 16], "texture": "#361"},
				"west": {"uv": [0, 0, 16, 16], "texture": "#361"},
				"up": {"uv": [0, 0, 16, 16], "texture": "#361"},
				"down": {"uv": [0, 0, 16, 16], "texture": "#361"}
			}
		},
		{
			"from": [8.74248, 20.80016, 6.06964],
			"to": [8.79248, 20.87516, 7.11964],
			"rotation": {"angle": -45, "axis": "x", "origin": [8.76748, 20.62516, 6.6]},
			"faces": {
				"north": {"uv": [0, 0, 16, 16], "rotation": 90, "texture": "#361"},
				"east": {"uv": [0, 0, 16, 16], "rotation": 90, "texture": "#361"},
				"south": {"uv": [0, 0, 16, 16], "rotation": 90, "texture": "#361"},
				"west": {"uv": [0, 0, 16, 16], "rotation": 90, "texture": "#361"},
				"up": {"uv": [0, 0, 16, 16], "rotation": 90, "texture": "#361"},
				"down": {"uv": [0, 0, 16, 16], "rotation": 90, "texture": "#361"}
			}
		},
		{
			"from": [9.31748, 21.38052, 9.425],
			"to": [9.36748, 22.43052, 9.5],
			"rotation": {"angle": -45, "axis": "x", "origin": [9.34248, 21.90016, 9.25]},
			"faces": {
				"north": {"uv": [0, 0, 16, 16], "texture": "#361"},
				"east": {"uv": [0, 0, 16, 16], "texture": "#361"},
				"south": {"uv": [0, 0, 16, 16], "texture": "#361"},
				"west": {"uv": [0, 0, 16, 16], "texture": "#361"},
				"up": {"uv": [0, 0, 16, 16], "texture": "#361"},
				"down": {"uv": [0, 0, 16, 16], "texture": "#361"}
			}
		},
		{
			"from": [8.09248, 4.38052, 7.025],
			"to": [8.16748, 5.43052, 7.075],
			"rotation": {"angle": 22.5, "axis": "z", "origin": [8.34248, 4.90016, 7.05]},
			"faces": {
				"north": {"uv": [0, 0, 16, 16], "texture": "#361"},
				"east": {"uv": [0, 0, 16, 16], "texture": "#361"},
				"south": {"uv": [0, 0, 16, 16], "texture": "#361"},
				"west": {"uv": [0, 0, 16, 16], "texture": "#361"},
				"up": {"uv": [0, 0, 16, 16], "texture": "#361"},
				"down": {"uv": [0, 0, 16, 16], "texture": "#361"}
			}
		},
		{
			"from": [7.51748, 4.98052, 6.425],
			"to": [7.59248, 6.03052, 6.475],
			"rotation": {"angle": -22.5, "axis": "z", "origin": [7.76748, 5.50016, 6.45]},
			"faces": {
				"north": {"uv": [0, 0, 16, 16], "texture": "#361"},
				"east": {"uv": [0, 0, 16, 16], "texture": "#361"},
				"south": {"uv": [0, 0, 16, 16], "texture": "#361"},
				"west": {"uv": [0, 0, 16, 16], "texture": "#361"},
				"up": {"uv": [0, 0, 16, 16], "texture": "#361"},
				"down": {"uv": [0, 0, 16, 16], "texture": "#361"}
			}
		},
		{
			"from": [8.41748, -1.36948, 7.825],
			"to": [8.49248, -0.31948, 7.875],
			"rotation": {"angle": 45, "axis": "z", "origin": [8.66748, -0.84984, 7.85]},
			"faces": {
				"north": {"uv": [0, 0, 16, 16], "texture": "#361"},
				"east": {"uv": [0, 0, 16, 16], "texture": "#361"},
				"south": {"uv": [0, 0, 16, 16], "texture": "#361"},
				"west": {"uv": [0, 0, 16, 16], "texture": "#361"},
				"up": {"uv": [0, 0, 16, 16], "texture": "#361"},
				"down": {"uv": [0, 0, 16, 16], "texture": "#361"}
			}
		},
		{
			"from": [7.94248, -4.96948, 7.525],
			"to": [7.99248, -3.91948, 7.6],
			"rotation": {"angle": 45, "axis": "x", "origin": [7.96748, -4.44984, 7.35]},
			"faces": {
				"north": {"uv": [0, 0, 16, 16], "texture": "#361"},
				"east": {"uv": [0, 0, 16, 16], "texture": "#361"},
				"south": {"uv": [0, 0, 16, 16], "texture": "#361"},
				"west": {"uv": [0, 0, 16, 16], "texture": "#361"},
				"up": {"uv": [0, 0, 16, 16], "texture": "#361"},
				"down": {"uv": [0, 0, 16, 16], "texture": "#361"}
			}
		},
		{
			"from": [7.94248, 3.08052, 8.925],
			"to": [7.99248, 4.13052, 9],
			"rotation": {"angle": 45, "axis": "x", "origin": [7.96748, 3.60016, 8.75]},
			"faces": {
				"north": {"uv": [0, 0, 16, 16], "texture": "#361"},
				"east": {"uv": [0, 0, 16, 16], "texture": "#361"},
				"south": {"uv": [0, 0, 16, 16], "texture": "#361"},
				"west": {"uv": [0, 0, 16, 16], "texture": "#361"},
				"up": {"uv": [0, 0, 16, 16], "texture": "#361"},
				"down": {"uv": [0, 0, 16, 16], "texture": "#361"}
			}
		},
		{
			"from": [7.26748, -3.59448, 7.85],
			"to": [7.31748, -2.34448, 7.975],
			"rotation": {"angle": 0, "axis": "z", "origin": [7.29248, -2.97484, 8.025]},
			"faces": {
				"north": {"uv": [0, 0, 16, 16], "texture": "#361"},
				"east": {"uv": [0, 0, 16, 16], "texture": "#361"},
				"south": {"uv": [0, 0, 16, 16], "texture": "#361"},
				"west": {"uv": [0, 0, 16, 16], "texture": "#361"},
				"up": {"uv": [0, 0, 16, 16], "texture": "#361"},
				"down": {"uv": [0, 0, 16, 16], "texture": "#361"}
			}
		},
		{
			"from": [7.81748, -0.14448, 8.9],
			"to": [7.94248, 1.10552, 8.95],
			"rotation": {"angle": 0, "axis": "z", "origin": [7.99248, 0.47516, 8.925]},
			"faces": {
				"north": {"uv": [0, 0, 16, 16], "texture": "#361"},
				"east": {"uv": [0, 0, 16, 16], "texture": "#361"},
				"south": {"uv": [0, 0, 16, 16], "texture": "#361"},
				"west": {"uv": [0, 0, 16, 16], "texture": "#361"},
				"up": {"uv": [0, 0, 16, 16], "texture": "#361"},
				"down": {"uv": [0, 0, 16, 16], "texture": "#361"}
			}
		},
		{
			"from": [7.06748, 2.38052, 7.925],
			"to": [7.19248, 3.63052, 7.975],
			"rotation": {"angle": -45, "axis": "z", "origin": [7.24248, 3.00016, 7.95]},
			"faces": {
				"north": {"uv": [0, 0, 16, 16], "texture": "#361"},
				"east": {"uv": [0, 0, 16, 16], "texture": "#361"},
				"south": {"uv": [0, 0, 16, 16], "texture": "#361"},
				"west": {"uv": [0, 0, 16, 16], "texture": "#361"},
				"up": {"uv": [0, 0, 16, 16], "texture": "#361"},
				"down": {"uv": [0, 0, 16, 16], "texture": "#361"}
			}
		},
		{
			"from": [5.44248, 21.28052, 7.875],
			"to": [5.56748, 22.53052, 7.925],
			"rotation": {"angle": -45, "axis": "z", "origin": [5.61748, 21.90016, 7.9]},
			"faces": {
				"north": {"uv": [0, 0, 16, 16], "texture": "#361"},
				"east": {"uv": [0, 0, 16, 16], "texture": "#361"},
				"south": {"uv": [0, 0, 16, 16], "texture": "#361"},
				"west": {"uv": [0, 0, 16, 16], "texture": "#361"},
				"up": {"uv": [0, 0, 16, 16], "texture": "#361"},
				"down": {"uv": [0, 0, 16, 16], "texture": "#361"}
			}
		},
		{
			"from": [8.74248, 20.67516, 5.96964],
			"to": [8.79248, 20.80016, 7.21964],
			"rotation": {"angle": -45, "axis": "x", "origin": [8.76748, 20.62516, 6.6]},
			"faces": {
				"north": {"uv": [0, 0, 16, 16], "rotation": 90, "texture": "#361"},
				"east": {"uv": [0, 0, 16, 16], "rotation": 90, "texture": "#361"},
				"south": {"uv": [0, 0, 16, 16], "rotation": 90, "texture": "#361"},
				"west": {"uv": [0, 0, 16, 16], "rotation": 90, "texture": "#361"},
				"up": {"uv": [0, 0, 16, 16], "rotation": 90, "texture": "#361"},
				"down": {"uv": [0, 0, 16, 16], "rotation": 90, "texture": "#361"}
			}
		},
		{
			"from": [9.31748, 21.28052, 9.3],
			"to": [9.36748, 22.53052, 9.425],
			"rotation": {"angle": -45, "axis": "x", "origin": [9.34248, 21.90016, 9.25]},
			"faces": {
				"north": {"uv": [0, 0, 16, 16], "texture": "#361"},
				"east": {"uv": [0, 0, 16, 16], "texture": "#361"},
				"south": {"uv": [0, 0, 16, 16], "texture": "#361"},
				"west": {"uv": [0, 0, 16, 16], "texture": "#361"},
				"up": {"uv": [0, 0, 16, 16], "texture": "#361"},
				"down": {"uv": [0, 0, 16, 16], "texture": "#361"}
			}
		},
		{
			"from": [8.16748, 4.28052, 7.025],
			"to": [8.29248, 5.53052, 7.075],
			"rotation": {"angle": 22.5, "axis": "z", "origin": [8.34248, 4.90016, 7.05]},
			"faces": {
				"north": {"uv": [0, 0, 16, 16], "texture": "#361"},
				"east": {"uv": [0, 0, 16, 16], "texture": "#361"},
				"south": {"uv": [0, 0, 16, 16], "texture": "#361"},
				"west": {"uv": [0, 0, 16, 16], "texture": "#361"},
				"up": {"uv": [0, 0, 16, 16], "texture": "#361"},
				"down": {"uv": [0, 0, 16, 16], "texture": "#361"}
			}
		},
		{
			"from": [7.59248, 4.88052, 6.425],
			"to": [7.71748, 6.13052, 6.475],
			"rotation": {"angle": -22.5, "axis": "z", "origin": [7.76748, 5.50016, 6.45]},
			"faces": {
				"north": {"uv": [0, 0, 16, 16], "texture": "#361"},
				"east": {"uv": [0, 0, 16, 16], "texture": "#361"},
				"south": {"uv": [0, 0, 16, 16], "texture": "#361"},
				"west": {"uv": [0, 0, 16, 16], "texture": "#361"},
				"up": {"uv": [0, 0, 16, 16], "texture": "#361"},
				"down": {"uv": [0, 0, 16, 16], "texture": "#361"}
			}
		},
		{
			"from": [8.49248, -1.46948, 7.825],
			"to": [8.61748, -0.21948, 7.875],
			"rotation": {"angle": 45, "axis": "z", "origin": [8.66748, -0.84984, 7.85]},
			"faces": {
				"north": {"uv": [0, 0, 16, 16], "texture": "#361"},
				"east": {"uv": [0, 0, 16, 16], "texture": "#361"},
				"south": {"uv": [0, 0, 16, 16], "texture": "#361"},
				"west": {"uv": [0, 0, 16, 16], "texture": "#361"},
				"up": {"uv": [0, 0, 16, 16], "texture": "#361"},
				"down": {"uv": [0, 0, 16, 16], "texture": "#361"}
			}
		},
		{
			"from": [7.94248, -5.06948, 7.4],
			"to": [7.99248, -3.81948, 7.525],
			"rotation": {"angle": 45, "axis": "x", "origin": [7.96748, -4.44984, 7.35]},
			"faces": {
				"north": {"uv": [0, 0, 16, 16], "texture": "#361"},
				"east": {"uv": [0, 0, 16, 16], "texture": "#361"},
				"south": {"uv": [0, 0, 16, 16], "texture": "#361"},
				"west": {"uv": [0, 0, 16, 16], "texture": "#361"},
				"up": {"uv": [0, 0, 16, 16], "texture": "#361"},
				"down": {"uv": [0, 0, 16, 16], "texture": "#361"}
			}
		},
		{
			"from": [7.94248, 2.98052, 8.8],
			"to": [7.99248, 4.23052, 8.925],
			"rotation": {"angle": 45, "axis": "x", "origin": [7.96748, 3.60016, 8.75]},
			"faces": {
				"north": {"uv": [0, 0, 16, 16], "texture": "#361"},
				"east": {"uv": [0, 0, 16, 16], "texture": "#361"},
				"south": {"uv": [0, 0, 16, 16], "texture": "#361"},
				"west": {"uv": [0, 0, 16, 16], "texture": "#361"},
				"up": {"uv": [0, 0, 16, 16], "texture": "#361"},
				"down": {"uv": [0, 0, 16, 16], "texture": "#361"}
			}
		}
	],
	"gui_light": "front",
	"display": {
		"thirdperson_righthand": {
			"translation": [0, -1, 0]
		},
		"firstperson_righthand": {
			"rotation": [0, 93.25, 0]
		},
		"firstperson_lefthand": {
			"rotation": [0, 92.25, 0]
		},
		"ground": {
			"translation": [0, 17.25, 0]
		},
		"gui": {
			"rotation": [36, 0, 35],
			"translation": [0.75, -0.5, 0],
			"scale": [1.76, 0.79, 2.46]
		},
		"fixed": {
			"translation": [0, 0, -2.5]
		}
	}
}