{
	"credit": "Made with Blockbench",
	"textures": {
		"289": "block/gold_block",
		"442": "block/oak_log",
		"571": "block/sea_lantern",
		"612": "block/soul_fire_0",
		"particle": "block/acacia_door_bottom"
	},
	"elements": [
		{
			"from": [7.7, 5.1, 7.7],
			"to": [8.3, 8.5, 8.3],
			"faces": {
				"north": {"uv": [0, 0, 5.5, 16], "texture": "#442"},
				"east": {"uv": [0, 0, 5.5, 16], "texture": "#442"},
				"south": {"uv": [0, 0, 5.5, 16], "texture": "#442"},
				"west": {"uv": [0, 0, 5.5, 16], "texture": "#442"},
				"up": {"uv": [0, 0, 5.5, 16], "texture": "#442"},
				"down": {"uv": [0, 0, 5.5, 16], "texture": "#442"}
			}
		},
		{
			"from": [7.85, 1.9, 7.7],
			"to": [8.45, 5.3, 8.3],
			"rotation": {"angle": 22.5, "axis": "z", "origin": [8.15, 4.8, 8]},
			"faces": {
				"north": {"uv": [0, 0, 5.5, 16], "texture": "#442"},
				"east": {"uv": [0, 0, 5.5, 16], "texture": "#442"},
				"south": {"uv": [0, 0, 5.5, 16], "texture": "#442"},
				"west": {"uv": [0, 0, 5.5, 16], "texture": "#442"},
				"up": {"uv": [0, 0, 5.5, 16], "texture": "#442"},
				"down": {"uv": [0, 0, 5.5, 16], "texture": "#442"}
			}
		},
		{
			"from": [8.9, -1, 7.525],
			"to": [9.5, 2.4, 8.125],
			"rotation": {"angle": 22.5, "axis": "x", "origin": [9.2, 1.9, 7.825]},
			"faces": {
				"north": {"uv": [0, 0, 5.5, 16], "texture": "#442"},
				"east": {"uv": [0, 0, 5.5, 16], "texture": "#442"},
				"south": {"uv": [0, 0, 5.5, 16], "texture": "#442"},
				"west": {"uv": [0, 0, 5.5, 16], "texture": "#442"},
				"up": {"uv": [0, 0, 5.5, 16], "texture": "#442"},
				"down": {"uv": [0, 0, 5.5, 16], "texture": "#442"}
			}
		},
		{
			"from": [8.9, -2.75, 7.525],
			"to": [9.5, -0.35, 8.125],
			"rotation": {"angle": 22.5, "axis": "x", "origin": [9.2, 1.9, 7.825]},
			"faces": {
				"north": {"uv": [0, 0, 5.5, 16], "texture": "#442"},
				"east": {"uv": [0, 0, 5.5, 16], "texture": "#442"},
				"south": {"uv": [0, 0, 5.5, 16], "texture": "#442"},
				"west": {"uv": [0, 0, 5.5, 16], "texture": "#442"},
				"up": {"uv": [0, 0, 5.5, 16], "texture": "#442"},
				"down": {"uv": [0, 0, 5.5, 16], "texture": "#442"}
			}
		},
		{
			"from": [8.9, -4.5, 5.825],
			"to": [9.5, -2.1, 6.425],
			"rotation": {"angle": 0, "axis": "y", "origin": [9.2, 0.15, 6.125]},
			"faces": {
				"north": {"uv": [0, 0, 5.5, 16], "texture": "#442"},
				"east": {"uv": [0, 0, 5.5, 16], "texture": "#442"},
				"south": {"uv": [0, 0, 5.5, 16], "texture": "#442"},
				"west": {"uv": [0, 0, 5.5, 16], "texture": "#442"},
				"up": {"uv": [0, 0, 5.5, 16], "texture": "#442"},
				"down": {"uv": [0, 0, 5.5, 16], "texture": "#442"}
			}
		},
		{
			"from": [8.85, -4.9, 5.775],
			"to": [9.55, -4.2, 6.475],
			"rotation": {"angle": 0, "axis": "y", "origin": [9.2, 0.4, 6.125]},
			"faces": {
				"north": {"uv": [2, 2, 13.7, 13.7], "texture": "#289"},
				"east": {"uv": [2, 2, 13.7, 13.7], "texture": "#289"},
				"south": {"uv": [2, 2, 13.7, 13.7], "texture": "#289"},
				"west": {"uv": [2, 2, 13.7, 13.7], "texture": "#289"},
				"up": {"uv": [2, 2, 13.7, 13.7], "texture": "#289"},
				"down": {"uv": [2, 2, 13.7, 13.7], "texture": "#289"}
			}
		},
		{
			"from": [8.85, -1.35, 7.225],
			"to": [9.55, -0.65, 7.925],
			"rotation": {"angle": 45, "axis": "x", "origin": [9.2, -1, 2.625]},
			"faces": {
				"north": {"uv": [2, 2, 13.7, 13.7], "texture": "#289"},
				"east": {"uv": [2, 2, 13.7, 13.7], "texture": "#289"},
				"south": {"uv": [2, 2, 13.7, 13.7], "texture": "#289"},
				"west": {"uv": [2, 2, 13.7, 13.7], "texture": "#289"},
				"up": {"uv": [2, 2, 13.7, 13.7], "texture": "#289"},
				"down": {"uv": [2, 2, 13.7, 13.7], "texture": "#289"}
			}
		},
		{
			"from": [8.75, -1.25, 7.325],
			"to": [9.65, -0.75, 7.825],
			"rotation": {"angle": 45, "axis": "x", "origin": [9.2, -1, 2.625]},
			"faces": {
				"north": {"uv": [2, 2, 13.7, 13.7], "texture": "#289"},
				"east": {"uv": [2, 2, 13.7, 13.7], "texture": "#289"},
				"south": {"uv": [2, 2, 13.7, 13.7], "texture": "#289"},
				"west": {"uv": [2, 2, 13.7, 13.7], "texture": "#289"},
				"up": {"uv": [2, 2, 13.7, 13.7], "texture": "#289"},
				"down": {"uv": [2, 2, 13.7, 13.7], "texture": "#289"}
			}
		},
		{
			"from": [8.65, -1.15, 7.425],
			"to": [9.75, -0.85, 7.725],
			"rotation": {"angle": 45, "axis": "x", "origin": [9.2, -1, 2.625]},
			"faces": {
				"north": {"uv": [0, 0, 16, 16], "texture": "#571"},
				"east": {"uv": [0, 0, 16, 16], "texture": "#571"},
				"south": {"uv": [0, 0, 16, 16], "texture": "#571"},
				"west": {"uv": [0, 0, 16, 16], "texture": "#571"},
				"up": {"uv": [0, 0, 16, 16], "texture": "#571"},
				"down": {"uv": [0, 0, 16, 16], "texture": "#571"}
			}
		},
		{
			"from": [5.35, -3.4, 5.775],
			"to": [6.05, -2.7, 6.475],
			"rotation": {"angle": -45, "axis": "z", "origin": [5.7, -8, 6.125]},
			"faces": {
				"north": {"uv": [2, 2, 13.7, 13.7], "rotation": 180, "texture": "#289"},
				"east": {"uv": [2, 2, 13.7, 13.7], "rotation": 180, "texture": "#289"},
				"south": {"uv": [2, 2, 13.7, 13.7], "rotation": 180, "texture": "#289"},
				"west": {"uv": [2, 2, 13.7, 13.7], "rotation": 180, "texture": "#289"},
				"up": {"uv": [2, 2, 13.7, 13.7], "rotation": 180, "texture": "#289"},
				"down": {"uv": [2, 2, 13.7, 13.7], "rotation": 180, "texture": "#289"}
			}
		},
		{
			"from": [5.45, -3.3, 5.675],
			"to": [5.95, -2.8, 6.575],
			"rotation": {"angle": -45, "axis": "z", "origin": [5.7, -8, 6.125]},
			"faces": {
				"north": {"uv": [2, 2, 13.7, 13.7], "rotation": 180, "texture": "#289"},
				"east": {"uv": [2, 2, 13.7, 13.7], "rotation": 180, "texture": "#289"},
				"south": {"uv": [2, 2, 13.7, 13.7], "rotation": 180, "texture": "#289"},
				"west": {"uv": [2, 2, 13.7, 13.7], "rotation": 180, "texture": "#289"},
				"up": {"uv": [2, 2, 13.7, 13.7], "rotation": 180, "texture": "#289"},
				"down": {"uv": [2, 2, 13.7, 13.7], "rotation": 180, "texture": "#289"}
			}
		},
		{
			"from": [5.55, -3.2, 5.575],
			"to": [5.85, -2.9, 6.675],
			"rotation": {"angle": -45, "axis": "z", "origin": [5.7, -8, 6.125]},
			"faces": {
				"north": {"uv": [0, 0, 16, 16], "rotation": 180, "texture": "#571"},
				"east": {"uv": [0, 0, 16, 16], "rotation": 180, "texture": "#571"},
				"south": {"uv": [0, 0, 16, 16], "rotation": 180, "texture": "#571"},
				"west": {"uv": [0, 0, 16, 16], "rotation": 180, "texture": "#571"},
				"up": {"uv": [0, 0, 16, 16], "rotation": 180, "texture": "#571"},
				"down": {"uv": [0, 0, 16, 16], "rotation": 180, "texture": "#571"}
			}
		},
		{
			"from": [8.85, 1.25, 7.475],
			"to": [9.55, 1.65, 8.175],
			"rotation": {"angle": 22.5, "axis": "x", "origin": [9.2, 1.9, 7.825]},
			"faces": {
				"north": {"uv": [2, 2, 13.8, 13.9], "texture": "#289"},
				"east": {"uv": [2, 2, 13.8, 13.9], "texture": "#289"},
				"south": {"uv": [2, 2, 13.8, 13.9], "texture": "#289"},
				"west": {"uv": [2, 2, 13.8, 13.9], "texture": "#289"},
				"up": {"uv": [2, 2, 13.8, 13.9], "texture": "#289"},
				"down": {"uv": [2, 2, 13.8, 13.9], "texture": "#289"}
			}
		},
		{
			"from": [8.85, 1.25, 7.275],
			"to": [9.55, 1.65, 7.975],
			"rotation": {"angle": 45, "axis": "y", "origin": [9.2, 1.9, 7.625]},
			"faces": {
				"north": {"uv": [2, 2, 13.8, 13.9], "texture": "#289"},
				"east": {"uv": [2, 2, 13.8, 13.9], "texture": "#289"},
				"south": {"uv": [2, 2, 13.8, 13.9], "texture": "#289"},
				"west": {"uv": [2, 2, 13.8, 13.9], "texture": "#289"},
				"up": {"uv": [2, 2, 13.8, 13.9], "texture": "#289"},
				"down": {"uv": [2, 2, 13.8, 13.9], "texture": "#289"}
			}
		},
		{
			"from": [7.7, 8.325, 7.875],
			"to": [8.3, 11.725, 8.475],
			"rotation": {"angle": 22.5, "axis": "x", "origin": [8, 8.825, 8.175]},
			"faces": {
				"north": {"uv": [0, 0, 5.5, 16], "rotation": 180, "texture": "#442"},
				"east": {"uv": [0, 0, 5.5, 16], "rotation": 180, "texture": "#442"},
				"south": {"uv": [0, 0, 5.5, 16], "rotation": 180, "texture": "#442"},
				"west": {"uv": [0, 0, 5.5, 16], "rotation": 180, "texture": "#442"},
				"up": {"uv": [0, 0, 5.5, 16], "rotation": 180, "texture": "#442"},
				"down": {"uv": [0, 0, 5.5, 16], "rotation": 180, "texture": "#442"}
			}
		},
		{
			"from": [7.7, 11.325, 8.95],
			"to": [8.3, 14.725, 9.55],
			"rotation": {"angle": 0, "axis": "y", "origin": [8, 11.825, 9.25]},
			"faces": {
				"north": {"uv": [0, 0, 5.5, 16], "rotation": 180, "texture": "#442"},
				"east": {"uv": [0, 0, 5.5, 16], "rotation": 180, "texture": "#442"},
				"south": {"uv": [0, 0, 5.5, 16], "rotation": 180, "texture": "#442"},
				"west": {"uv": [0, 0, 5.5, 16], "rotation": 180, "texture": "#442"},
				"up": {"uv": [0, 0, 5.5, 16], "rotation": 180, "texture": "#442"},
				"down": {"uv": [0, 0, 5.5, 16], "rotation": 180, "texture": "#442"}
			}
		},
		{
			"from": [7.6, 14.275, 8.925],
			"to": [8.4, 14.775, 9.725],
			"rotation": {"angle": 0, "axis": "y", "origin": [8, 11.825, 9.325]},
			"faces": {
				"north": {"uv": [2, 2, 13.8, 13.9], "rotation": 180, "texture": "#289"},
				"east": {"uv": [2, 2, 13.8, 13.9], "rotation": 180, "texture": "#289"},
				"south": {"uv": [2, 2, 13.8, 13.9], "rotation": 180, "texture": "#289"},
				"west": {"uv": [2, 2, 13.8, 13.9], "rotation": 180, "texture": "#289"},
				"up": {"uv": [2, 2, 13.8, 13.9], "rotation": 180, "texture": "#289"},
				"down": {"uv": [2, 2, 13.8, 13.9], "rotation": 180, "texture": "#289"}
			}
		},
		{
			"from": [7.6, 14.275, 8.925],
			"to": [8.4, 14.775, 9.725],
			"rotation": {"angle": -45, "axis": "y", "origin": [8, 11.825, 9.325]},
			"faces": {
				"north": {"uv": [2, 2, 13.8, 13.9], "rotation": 180, "texture": "#289"},
				"east": {"uv": [2, 2, 13.8, 13.9], "rotation": 180, "texture": "#289"},
				"south": {"uv": [2, 2, 13.8, 13.9], "rotation": 180, "texture": "#289"},
				"west": {"uv": [2, 2, 13.8, 13.9], "rotation": 180, "texture": "#289"},
				"up": {"uv": [2, 2, 13.8, 13.9], "rotation": 180, "texture": "#289"},
				"down": {"uv": [2, 2, 13.8, 13.9], "rotation": 180, "texture": "#289"}
			}
		},
		{
			"from": [7.825, 12.6, 9.025],
			"to": [8.275, 16, 9.45],
			"rotation": {"angle": 0, "axis": "y", "origin": [8, 13.1, 9.25]},
			"faces": {
				"north": {"uv": [0, 0, 5, 16], "rotation": 180, "texture": "#442"},
				"east": {"uv": [0, 0, 5, 16], "rotation": 180, "texture": "#442"},
				"south": {"uv": [0, 0, 5, 16], "rotation": 180, "texture": "#442"},
				"west": {"uv": [0, 0, 5, 16], "rotation": 180, "texture": "#442"},
				"up": {"uv": [0, 0, 5, 16], "rotation": 180, "texture": "#442"},
				"down": {"uv": [0, 0, 5, 16], "rotation": 180, "texture": "#442"}
			}
		},
		{
			"from": [7.8, 15.9, 9.35],
			"to": [8.3, 17.9, 9.85],
			"rotation": {"angle": -22.5, "axis": "x", "origin": [8, 15, 9.65]},
			"faces": {
				"north": {"uv": [0, 0, 5, 16], "rotation": 180, "texture": "#442"},
				"east": {"uv": [0, 0, 5, 16], "rotation": 180, "texture": "#442"},
				"south": {"uv": [0, 0, 5, 16], "rotation": 180, "texture": "#442"},
				"west": {"uv": [0, 0, 5, 16], "rotation": 180, "texture": "#442"},
				"up": {"uv": [0, 0, 5, 16], "rotation": 180, "texture": "#442"},
				"down": {"uv": [0, 0, 5, 16], "rotation": 180, "texture": "#442"}
			}
		},
		{
			"from": [8, 19, 9.35],
			"to": [8.1, 19.8, 9.85],
			"rotation": {"angle": 0, "axis": "y", "origin": [8, 16.6, 9.65]},
			"faces": {
				"north": {"uv": [0, 10, 14.1, 15.375], "rotation": 180, "texture": "#612"},
				"east": {"uv": [0, 10, 14.1, 15.375], "rotation": 180, "texture": "#612"},
				"south": {"uv": [0, 10, 14.1, 15.375], "rotation": 180, "texture": "#612"},
				"west": {"uv": [0, 10, 14.1, 15.375], "rotation": 180, "texture": "#612"},
				"up": {"uv": [0, 10, 14.1, 15.375], "rotation": 180, "texture": "#612"},
				"down": {"uv": [0, 10, 14.1, 15.375], "rotation": 180, "texture": "#612"}
			}
		},
		{
			"from": [7.95, 19.05, 9.4],
			"to": [8.15, 19.75, 9.8],
			"rotation": {"angle": 0, "axis": "y", "origin": [8, 16.6, 9.65]},
			"faces": {
				"north": {"uv": [0, 10, 14.1, 15.375], "rotation": 180, "texture": "#612"},
				"east": {"uv": [0, 10, 14.1, 15.375], "rotation": 180, "texture": "#612"},
				"south": {"uv": [0, 10, 14.1, 15.375], "rotation": 180, "texture": "#612"},
				"west": {"uv": [0, 10, 14.1, 15.375], "rotation": 180, "texture": "#612"},
				"up": {"uv": [0, 10, 14.1, 15.375], "rotation": 180, "texture": "#612"},
				"down": {"uv": [0, 10, 14.1, 15.375], "rotation": 180, "texture": "#612"}
			}
		},
		{
			"from": [8, 19.6, 7.625],
			"to": [8.1, 19.975, 7.95],
			"rotation": {"angle": 45, "axis": "x", "origin": [8, 17.2, 7.75]},
			"faces": {
				"north": {"uv": [0, 10, 14.1, 15.375], "rotation": 180, "texture": "#612"},
				"east": {"uv": [0, 10, 14.1, 15.375], "rotation": 180, "texture": "#612"},
				"south": {"uv": [0, 10, 14.1, 15.375], "rotation": 180, "texture": "#612"},
				"west": {"uv": [0, 10, 14.1, 15.375], "rotation": 180, "texture": "#612"},
				"up": {"uv": [0, 10, 14.1, 15.375], "rotation": 180, "texture": "#612"},
				"down": {"uv": [0, 10, 14.1, 15.375], "rotation": 180, "texture": "#612"}
			}
		},
		{
			"from": [7.975, 19.675, 7.625],
			"to": [8.125, 19.975, 7.875],
			"rotation": {"angle": 45, "axis": "x", "origin": [8, 17.2, 7.75]},
			"faces": {
				"north": {"uv": [0, 10, 14.1, 15.375], "rotation": 180, "texture": "#612"},
				"east": {"uv": [0, 10, 14.1, 15.375], "rotation": 180, "texture": "#612"},
				"south": {"uv": [0, 10, 14.1, 15.375], "rotation": 180, "texture": "#612"},
				"west": {"uv": [0, 10, 14.1, 15.375], "rotation": 180, "texture": "#612"},
				"up": {"uv": [0, 10, 14.1, 15.375], "rotation": 180, "texture": "#612"},
				"down": {"uv": [0, 10, 14.1, 15.375], "rotation": 180, "texture": "#612"}
			}
		},
		{
			"from": [7.975, 20.375, 7.675],
			"to": [8.125, 20.675, 7.95],
			"rotation": {"angle": 45, "axis": "x", "origin": [8, 17.975, 7.75]},
			"faces": {
				"north": {"uv": [0, 10, 14.1, 15.375], "rotation": 180, "texture": "#612"},
				"east": {"uv": [0, 10, 14.1, 15.375], "rotation": 180, "texture": "#612"},
				"south": {"uv": [0, 10, 14.1, 15.375], "rotation": 180, "texture": "#612"},
				"west": {"uv": [0, 10, 14.1, 15.375], "rotation": 180, "texture": "#612"},
				"up": {"uv": [0, 10, 14.1, 15.375], "rotation": 180, "texture": "#612"},
				"down": {"uv": [0, 10, 14.1, 15.375], "rotation": 180, "texture": "#612"}
			}
		},
		{
			"from": [7.925, 20.025, 7.675],
			"to": [8.175, 20.325, 7.975],
			"rotation": {"angle": 45, "axis": "x", "origin": [8, 17.625, 7.775]},
			"faces": {
				"north": {"uv": [0, 10, 14.1, 15.375], "rotation": 180, "texture": "#612"},
				"east": {"uv": [0, 10, 14.1, 15.375], "rotation": 180, "texture": "#612"},
				"south": {"uv": [0, 10, 14.1, 15.375], "rotation": 180, "texture": "#612"},
				"west": {"uv": [0, 10, 14.1, 15.375], "rotation": 180, "texture": "#612"},
				"up": {"uv": [0, 10, 14.1, 15.375], "rotation": 180, "texture": "#612"},
				"down": {"uv": [0, 10, 14.1, 15.375], "rotation": 180, "texture": "#612"}
			}
		},
		{
			"from": [8, 20.375, 7.6],
			"to": [8.1, 20.75, 7.95],
			"rotation": {"angle": 45, "axis": "x", "origin": [8, 17.975, 7.75]},
			"faces": {
				"north": {"uv": [0, 10, 14.1, 15.375], "rotation": 180, "texture": "#612"},
				"east": {"uv": [0, 10, 14.1, 15.375], "rotation": 180, "texture": "#612"},
				"south": {"uv": [0, 10, 14.1, 15.375], "rotation": 180, "texture": "#612"},
				"west": {"uv": [0, 10, 14.1, 15.375], "rotation": 180, "texture": "#612"},
				"up": {"uv": [0, 10, 14.1, 15.375], "rotation": 180, "texture": "#612"},
				"down": {"uv": [0, 10, 14.1, 15.375], "rotation": 180, "texture": "#612"}
			}
		},
		{
			"from": [7.9, 17, 8.95],
			"to": [8.2, 19, 9.35],
			"rotation": {"angle": -22.5, "axis": "x", "origin": [8, 16.1, 9.25]},
			"faces": {
				"north": {"uv": [0, 0, 5, 16], "rotation": 180, "texture": "#442"},
				"east": {"uv": [0, 0, 5, 16], "rotation": 180, "texture": "#442"},
				"south": {"uv": [0, 0, 5, 16], "rotation": 180, "texture": "#442"},
				"west": {"uv": [0, 0, 5, 16], "rotation": 180, "texture": "#442"},
				"up": {"uv": [0, 0, 5, 16], "rotation": 180, "texture": "#442"},
				"down": {"uv": [0, 0, 5, 16], "rotation": 180, "texture": "#442"}
			}
		},
		{
			"from": [7.9, 14.6, 8.825],
			"to": [8.2, 16.45, 9.225],
			"rotation": {"angle": 22.5, "axis": "x", "origin": [8, 13.7, 9.125]},
			"faces": {
				"north": {"uv": [0, 0, 5, 16], "rotation": 180, "texture": "#442"},
				"east": {"uv": [0, 0, 5, 16], "rotation": 180, "texture": "#442"},
				"south": {"uv": [0, 0, 5, 16], "rotation": 180, "texture": "#442"},
				"west": {"uv": [0, 0, 5, 16], "rotation": 180, "texture": "#442"},
				"up": {"uv": [0, 0, 5, 16], "rotation": 180, "texture": "#442"},
				"down": {"uv": [0, 0, 5, 16], "rotation": 180, "texture": "#442"}
			}
		},
		{
			"from": [7.875, 16.325, 9.1],
			"to": [8.225, 18.325, 9.5],
			"rotation": {"angle": 45, "axis": "x", "origin": [8, 15.425, 9.4]},
			"faces": {
				"north": {"uv": [0, 0, 5, 16], "rotation": 180, "texture": "#442"},
				"east": {"uv": [0, 0, 5, 16], "rotation": 180, "texture": "#442"},
				"south": {"uv": [0, 0, 5, 16], "rotation": 180, "texture": "#442"},
				"west": {"uv": [0, 0, 5, 16], "rotation": 180, "texture": "#442"},
				"up": {"uv": [0, 0, 5, 16], "rotation": 180, "texture": "#442"},
				"down": {"uv": [0, 0, 5, 16], "rotation": 180, "texture": "#442"}
			}
		},
		{
			"from": [7.925, 17.375, 10.8],
			"to": [8.175, 19.375, 11.025],
			"rotation": {"angle": 22.5, "axis": "x", "origin": [8.025, 16.475, 11.05]},
			"faces": {
				"north": {"uv": [0, 0, 5, 16], "rotation": 180, "texture": "#442"},
				"east": {"uv": [0, 0, 5, 16], "rotation": 180, "texture": "#442"},
				"south": {"uv": [0, 0, 5, 16], "rotation": 180, "texture": "#442"},
				"west": {"uv": [0, 0, 5, 16], "rotation": 180, "texture": "#442"},
				"up": {"uv": [0, 0, 5, 16], "rotation": 180, "texture": "#442"},
				"down": {"uv": [0, 0, 5, 16], "rotation": 180, "texture": "#442"}
			}
		},
		{
			"from": [7.525, 16.6, 10.3],
			"to": [7.825, 18.6, 10.525],
			"rotation": {"angle": -22.5, "axis": "z", "origin": [7.625, 15.7, 10.55]},
			"faces": {
				"north": {"uv": [0, 0, 5, 16], "rotation": 180, "texture": "#442"},
				"east": {"uv": [0, 0, 5, 16], "rotation": 180, "texture": "#442"},
				"south": {"uv": [0, 0, 5, 16], "rotation": 180, "texture": "#442"},
				"west": {"uv": [0, 0, 5, 16], "rotation": 180, "texture": "#442"},
				"up": {"uv": [0, 0, 5, 16], "rotation": 180, "texture": "#442"},
				"down": {"uv": [0, 0, 5, 16], "rotation": 180, "texture": "#442"}
			}
		},
		{
			"from": [8.7, 18.3, 10.725],
			"to": [8.875, 20.3, 10.825],
			"rotation": {"angle": -22.5, "axis": "x", "origin": [8.725, 17.4, 10.95]},
			"faces": {
				"north": {"uv": [0, 0, 5, 16], "rotation": 180, "texture": "#442"},
				"east": {"uv": [0, 0, 5, 16], "rotation": 180, "texture": "#442"},
				"south": {"uv": [0, 0, 5, 16], "rotation": 180, "texture": "#442"},
				"west": {"uv": [0, 0, 5, 16], "rotation": 180, "texture": "#442"},
				"up": {"uv": [0, 0, 5, 16], "rotation": 180, "texture": "#442"},
				"down": {"uv": [0, 0, 5, 16], "rotation": 180, "texture": "#442"}
			}
		},
		{
			"from": [8, 13.1, 9.325],
			"to": [8.175, 15.1, 9.425],
			"rotation": {"angle": -22.5, "axis": "x", "origin": [8.025, 12.2, 9.55]},
			"faces": {
				"north": {"uv": [0, 0, 4.5, 16], "rotation": 180, "texture": "#442"},
				"east": {"uv": [0, 0, 4.5, 16], "rotation": 180, "texture": "#442"},
				"south": {"uv": [0, 0, 4.5, 16], "rotation": 180, "texture": "#442"},
				"west": {"uv": [0, 0, 4.5, 16], "rotation": 180, "texture": "#442"},
				"up": {"uv": [0, 0, 4.5, 16], "rotation": 180, "texture": "#442"},
				"down": {"uv": [0, 0, 4.5, 16], "rotation": 180, "texture": "#442"}
			}
		},
		{
			"from": [8.7, 17.3, 11.125],
			"to": [8.875, 19.3, 11.225],
			"rotation": {"angle": 45, "axis": "z", "origin": [8.725, 16.4, 11.35]},
			"faces": {
				"north": {"uv": [0, 0, 5, 16], "rotation": 180, "texture": "#442"},
				"east": {"uv": [0, 0, 5, 16], "rotation": 180, "texture": "#442"},
				"south": {"uv": [0, 0, 5, 16], "rotation": 180, "texture": "#442"},
				"west": {"uv": [0, 0, 5, 16], "rotation": 180, "texture": "#442"},
				"up": {"uv": [0, 0, 5, 16], "rotation": 180, "texture": "#442"},
				"down": {"uv": [0, 0, 5, 16], "rotation": 180, "texture": "#442"}
			}
		},
		{
			"from": [7.8, 17.3, 8.525],
			"to": [7.975, 19.3, 8.625],
			"rotation": {"angle": -22.5, "axis": "z", "origin": [7.825, 16.4, 8.75]},
			"faces": {
				"north": {"uv": [0, 0, 5, 16], "rotation": 180, "texture": "#442"},
				"east": {"uv": [0, 0, 5, 16], "rotation": 180, "texture": "#442"},
				"south": {"uv": [0, 0, 5, 16], "rotation": 180, "texture": "#442"},
				"west": {"uv": [0, 0, 5, 16], "rotation": 180, "texture": "#442"},
				"up": {"uv": [0, 0, 5, 16], "rotation": 180, "texture": "#442"},
				"down": {"uv": [0, 0, 5, 16], "rotation": 180, "texture": "#442"}
			}
		},
		{
			"from": [7.8, 19.1, 8.125],
			"to": [7.975, 21.1, 8.225],
			"rotation": {"angle": 0, "axis": "y", "origin": [7.825, 18.2, 8.35]},
			"faces": {
				"north": {"uv": [0, 0, 5, 16], "rotation": 180, "texture": "#442"},
				"east": {"uv": [0, 0, 5, 16], "rotation": 180, "texture": "#442"},
				"south": {"uv": [0, 0, 5, 16], "rotation": 180, "texture": "#442"},
				"west": {"uv": [0, 0, 5, 16], "rotation": 180, "texture": "#442"},
				"up": {"uv": [0, 0, 5, 16], "rotation": 180, "texture": "#442"},
				"down": {"uv": [0, 0, 5, 16], "rotation": 180, "texture": "#442"}
			}
		},
		{
			"from": [5.625, 16.875, 8.325],
			"to": [7.625, 17.05, 8.425],
			"rotation": {"angle": -45, "axis": "z", "origin": [8.525, 16.9, 8.55]},
			"faces": {
				"north": {"uv": [0, 0, 5, 16], "rotation": 90, "texture": "#442"},
				"east": {"uv": [0, 0, 5, 16], "rotation": 90, "texture": "#442"},
				"south": {"uv": [0, 0, 5, 16], "rotation": 90, "texture": "#442"},
				"west": {"uv": [0, 0, 5, 16], "rotation": 90, "texture": "#442"},
				"up": {"uv": [0, 0, 5, 16], "rotation": 90, "texture": "#442"},
				"down": {"uv": [0, 0, 5, 16], "rotation": 90, "texture": "#442"}
			}
		},
		{
			"from": [8.3, 18.675, 7.875],
			"to": [8.6, 20.675, 8.275],
			"rotation": {"angle": 22.5, "axis": "z", "origin": [8.4, 17.775, 8.175]},
			"faces": {
				"north": {"uv": [0, 0, 5, 16], "rotation": 180, "texture": "#442"},
				"east": {"uv": [0, 0, 5, 16], "rotation": 180, "texture": "#442"},
				"south": {"uv": [0, 0, 5, 16], "rotation": 180, "texture": "#442"},
				"west": {"uv": [0, 0, 5, 16], "rotation": 180, "texture": "#442"},
				"up": {"uv": [0, 0, 5, 16], "rotation": 180, "texture": "#442"},
				"down": {"uv": [0, 0, 5, 16], "rotation": 180, "texture": "#442"}
			}
		}
	],
	"gui_light": "front",
	"display": {
		"thirdperson_righthand": {
			"translation": [0, 0, 0.25]
		},
		"ground": {
			"translation": [0, 9.25, 0]
		},
		"gui": {
			"rotation": [-22, 28, 67],
			"translation": [0.5, -0.5, 0],
			"scale": [0.96, 0.91, 2.65]
		},
		"fixed": {
			"rotation": [0, -16, 35],
			"translation": [-1.5, 0, -3.5]
		}
	}
}