{
	"credit": "Made with Blockbench",
	"textures": {
		"268": "block/fire_1",
		"285": "block/gilded_blackstone",
		"290": "block/gold_block",
		"602": "block/smithing_table_top",
		"particle": "block/anvil"
	},
	"elements": [
		{
			"from": [7.7, -5.95, 7.7],
			"to": [8.3, 11.7, 8.3],
			"faces": {
				"north": {"uv": [2, 2, 15, 15], "texture": "#290"},
				"east": {"uv": [2, 2, 15, 15], "texture": "#290"},
				"south": {"uv": [2, 2, 15, 15], "texture": "#290"},
				"west": {"uv": [2, 2, 15, 15], "texture": "#290"},
				"up": {"uv": [2, 2, 15, 15], "texture": "#290"},
				"down": {"uv": [2, 2, 15, 15], "texture": "#290"}
			}
		},
		{
			"from": [6.75, 16.45, 7.75],
			"to": [9.25, 16.95, 8.25],
			"rotation": {"angle": 0, "axis": "y", "origin": [9, 1.7, 8]},
			"faces": {
				"north": {"uv": [0, 0, 16, 16], "texture": "#602"},
				"east": {"uv": [0, 0, 16, 16], "texture": "#602"},
				"south": {"uv": [0, 0, 16, 16], "texture": "#602"},
				"west": {"uv": [0, 0, 16, 16], "texture": "#602"},
				"up": {"uv": [0, 0, 16, 16], "texture": "#602"},
				"down": {"uv": [0, 0, 16, 16], "texture": "#602"}
			}
		},
		{
			"from": [7.5, 18.45, 10.35],
			"to": [8.5, 18.55, 10.55],
			"rotation": {"angle": 0, "axis": "y", "origin": [8, 18.5, 10.45]},
			"faces": {
				"north": {"uv": [0, 0, 16, 9], "texture": "#268"},
				"east": {"uv": [0, 0, 16, 9], "texture": "#268"},
				"south": {"uv": [0, 0, 16, 9], "texture": "#268"},
				"west": {"uv": [0, 0, 16, 9], "texture": "#268"},
				"up": {"uv": [0, 0, 16, 9], "texture": "#268"},
				"down": {"uv": [0, 0, 16, 9], "texture": "#268"}
			}
		},
		{
			"from": [7.5, 20.45, 10.35],
			"to": [8.5, 20.55, 10.55],
			"rotation": {"angle": 0, "axis": "y", "origin": [8, 20.5, 10.45]},
			"faces": {
				"north": {"uv": [0, 0, 16, 9], "texture": "#268"},
				"east": {"uv": [0, 0, 16, 9], "texture": "#268"},
				"south": {"uv": [0, 0, 16, 9], "texture": "#268"},
				"west": {"uv": [0, 0, 16, 9], "texture": "#268"},
				"up": {"uv": [0, 0, 16, 9], "texture": "#268"},
				"down": {"uv": [0, 0, 16, 9], "texture": "#268"}
			}
		},
		{
			"from": [5.515, 18.45, 7.54],
			"to": [5.715, 18.55, 8.54],
			"rotation": {"angle": 0, "axis": "y", "origin": [6.575, 18.5, 6.59]},
			"faces": {
				"north": {"uv": [0, 0, 16, 9], "rotation": 90, "texture": "#268"},
				"east": {"uv": [0, 0, 16, 9], "rotation": 90, "texture": "#268"},
				"south": {"uv": [0, 0, 16, 9], "rotation": 90, "texture": "#268"},
				"west": {"uv": [0, 0, 16, 9], "rotation": 90, "texture": "#268"},
				"up": {"uv": [0, 0, 16, 9], "rotation": 90, "texture": "#268"},
				"down": {"uv": [0, 0, 16, 9], "rotation": 90, "texture": "#268"}
			}
		},
		{
			"from": [5.515, 20.45, 7.54],
			"to": [5.715, 20.55, 8.54],
			"rotation": {"angle": 0, "axis": "y", "origin": [6.575, 20.5, 6.59]},
			"faces": {
				"north": {"uv": [0, 0, 16, 9], "rotation": 90, "texture": "#268"},
				"east": {"uv": [0, 0, 16, 9], "rotation": 90, "texture": "#268"},
				"south": {"uv": [0, 0, 16, 9], "rotation": 90, "texture": "#268"},
				"west": {"uv": [0, 0, 16, 9], "rotation": 90, "texture": "#268"},
				"up": {"uv": [0, 0, 16, 9], "rotation": 90, "texture": "#268"},
				"down": {"uv": [0, 0, 16, 9], "rotation": 90, "texture": "#268"}
			}
		},
		{
			"from": [10.25214, 18.45, 7.54143],
			"to": [10.45214, 18.55, 8.54143],
			"rotation": {"angle": 0, "axis": "y", "origin": [9.68357, 18.5, 8.04071]},
			"faces": {
				"north": {"uv": [0, 0, 16, 9], "rotation": 270, "texture": "#268"},
				"east": {"uv": [0, 0, 16, 9], "rotation": 270, "texture": "#268"},
				"south": {"uv": [0, 0, 16, 9], "rotation": 270, "texture": "#268"},
				"west": {"uv": [0, 0, 16, 9], "rotation": 270, "texture": "#268"},
				"up": {"uv": [0, 0, 16, 9], "rotation": 270, "texture": "#268"},
				"down": {"uv": [0, 0, 16, 9], "rotation": 270, "texture": "#268"}
			}
		},
		{
			"from": [10.25214, 20.45, 7.54143],
			"to": [10.45214, 20.55, 8.54143],
			"rotation": {"angle": 0, "axis": "y", "origin": [9.68357, 20.5, 8.04071]},
			"faces": {
				"north": {"uv": [0, 0, 16, 9], "rotation": 270, "texture": "#268"},
				"east": {"uv": [0, 0, 16, 9], "rotation": 270, "texture": "#268"},
				"south": {"uv": [0, 0, 16, 9], "rotation": 270, "texture": "#268"},
				"west": {"uv": [0, 0, 16, 9], "rotation": 270, "texture": "#268"},
				"up": {"uv": [0, 0, 16, 9], "rotation": 270, "texture": "#268"},
				"down": {"uv": [0, 0, 16, 9], "rotation": 270, "texture": "#268"}
			}
		},
		{
			"from": [6.575, 18.45, 10.175],
			"to": [7.575, 18.55, 10.375],
			"rotation": {"angle": -22.5, "axis": "y", "origin": [7.075, 18.5, 10.275]},
			"faces": {
				"north": {"uv": [0, 0, 16, 9], "texture": "#268"},
				"east": {"uv": [0, 0, 16, 9], "texture": "#268"},
				"south": {"uv": [0, 0, 16, 9], "texture": "#268"},
				"west": {"uv": [0, 0, 16, 9], "texture": "#268"},
				"up": {"uv": [0, 0, 16, 9], "texture": "#268"},
				"down": {"uv": [0, 0, 16, 9], "texture": "#268"}
			}
		},
		{
			"from": [6.575, 20.45, 10.175],
			"to": [7.575, 20.55, 10.375],
			"rotation": {"angle": -22.5, "axis": "y", "origin": [7.075, 20.5, 10.275]},
			"faces": {
				"north": {"uv": [0, 0, 16, 9], "texture": "#268"},
				"east": {"uv": [0, 0, 16, 9], "texture": "#268"},
				"south": {"uv": [0, 0, 16, 9], "texture": "#268"},
				"west": {"uv": [0, 0, 16, 9], "texture": "#268"},
				"up": {"uv": [0, 0, 16, 9], "texture": "#268"},
				"down": {"uv": [0, 0, 16, 9], "texture": "#268"}
			}
		},
		{
			"from": [7.59736, 18.45, 6.17937],
			"to": [8.59736, 18.55, 6.37937],
			"rotation": {"angle": -22.5, "axis": "y", "origin": [9.68357, 18.5, 8.04071]},
			"faces": {
				"north": {"uv": [0, 0, 16, 9], "rotation": 180, "texture": "#268"},
				"east": {"uv": [0, 0, 16, 9], "rotation": 180, "texture": "#268"},
				"south": {"uv": [0, 0, 16, 9], "rotation": 180, "texture": "#268"},
				"west": {"uv": [0, 0, 16, 9], "rotation": 180, "texture": "#268"},
				"up": {"uv": [0, 0, 16, 9], "rotation": 180, "texture": "#268"},
				"down": {"uv": [0, 0, 16, 9], "rotation": 180, "texture": "#268"}
			}
		},
		{
			"from": [7.59736, 20.45, 6.17937],
			"to": [8.59736, 20.55, 6.37937],
			"rotation": {"angle": -22.5, "axis": "y", "origin": [9.68357, 20.5, 8.04071]},
			"faces": {
				"north": {"uv": [0, 0, 16, 9], "rotation": 180, "texture": "#268"},
				"east": {"uv": [0, 0, 16, 9], "rotation": 180, "texture": "#268"},
				"south": {"uv": [0, 0, 16, 9], "rotation": 180, "texture": "#268"},
				"west": {"uv": [0, 0, 16, 9], "rotation": 180, "texture": "#268"},
				"up": {"uv": [0, 0, 16, 9], "rotation": 180, "texture": "#268"},
				"down": {"uv": [0, 0, 16, 9], "rotation": 180, "texture": "#268"}
			}
		},
		{
			"from": [5.95066, 18.45, 6.87544],
			"to": [6.15066, 18.55, 7.87544],
			"rotation": {"angle": -22.5, "axis": "y", "origin": [6.575, 18.5, 6.59]},
			"faces": {
				"north": {"uv": [0, 0, 16, 9], "rotation": 90, "texture": "#268"},
				"east": {"uv": [0, 0, 16, 9], "rotation": 90, "texture": "#268"},
				"south": {"uv": [0, 0, 16, 9], "rotation": 90, "texture": "#268"},
				"west": {"uv": [0, 0, 16, 9], "rotation": 90, "texture": "#268"},
				"up": {"uv": [0, 0, 16, 9], "rotation": 90, "texture": "#268"},
				"down": {"uv": [0, 0, 16, 9], "rotation": 90, "texture": "#268"}
			}
		},
		{
			"from": [5.95066, 20.45, 6.87544],
			"to": [6.15066, 20.55, 7.87544],
			"rotation": {"angle": -22.5, "axis": "y", "origin": [6.575, 20.5, 6.59]},
			"faces": {
				"north": {"uv": [0, 0, 16, 9], "rotation": 90, "texture": "#268"},
				"east": {"uv": [0, 0, 16, 9], "rotation": 90, "texture": "#268"},
				"south": {"uv": [0, 0, 16, 9], "rotation": 90, "texture": "#268"},
				"west": {"uv": [0, 0, 16, 9], "rotation": 90, "texture": "#268"},
				"up": {"uv": [0, 0, 16, 9], "rotation": 90, "texture": "#268"},
				"down": {"uv": [0, 0, 16, 9], "rotation": 90, "texture": "#268"}
			}
		},
		{
			"from": [10.39383, 18.45, 8.20708],
			"to": [10.59383, 18.55, 9.20708],
			"rotation": {"angle": -22.5, "axis": "y", "origin": [9.68357, 18.5, 8.04071]},
			"faces": {
				"north": {"uv": [0, 0, 16, 9], "rotation": 270, "texture": "#268"},
				"east": {"uv": [0, 0, 16, 9], "rotation": 270, "texture": "#268"},
				"south": {"uv": [0, 0, 16, 9], "rotation": 270, "texture": "#268"},
				"west": {"uv": [0, 0, 16, 9], "rotation": 270, "texture": "#268"},
				"up": {"uv": [0, 0, 16, 9], "rotation": 270, "texture": "#268"},
				"down": {"uv": [0, 0, 16, 9], "rotation": 270, "texture": "#268"}
			}
		},
		{
			"from": [10.39383, 20.45, 8.20708],
			"to": [10.59383, 20.55, 9.20708],
			"rotation": {"angle": -22.5, "axis": "y", "origin": [9.68357, 20.5, 8.04071]},
			"faces": {
				"north": {"uv": [0, 0, 16, 9], "rotation": 270, "texture": "#268"},
				"east": {"uv": [0, 0, 16, 9], "rotation": 270, "texture": "#268"},
				"south": {"uv": [0, 0, 16, 9], "rotation": 270, "texture": "#268"},
				"west": {"uv": [0, 0, 16, 9], "rotation": 270, "texture": "#268"},
				"up": {"uv": [0, 0, 16, 9], "rotation": 270, "texture": "#268"},
				"down": {"uv": [0, 0, 16, 9], "rotation": 270, "texture": "#268"}
			}
		},
		{
			"from": [5.8, 18.45, 9.65],
			"to": [6.8, 18.55, 9.85],
			"rotation": {"angle": -45, "axis": "y", "origin": [6.3, 18.5, 9.75]},
			"faces": {
				"north": {"uv": [0, 0, 16, 9], "texture": "#268"},
				"east": {"uv": [0, 0, 16, 9], "texture": "#268"},
				"south": {"uv": [0, 0, 16, 9], "texture": "#268"},
				"west": {"uv": [0, 0, 16, 9], "texture": "#268"},
				"up": {"uv": [0, 0, 16, 9], "texture": "#268"},
				"down": {"uv": [0, 0, 16, 9], "texture": "#268"}
			}
		},
		{
			"from": [5.8, 20.45, 9.65],
			"to": [6.8, 20.55, 9.85],
			"rotation": {"angle": -45, "axis": "y", "origin": [6.3, 20.5, 9.75]},
			"faces": {
				"north": {"uv": [0, 0, 16, 9], "texture": "#268"},
				"east": {"uv": [0, 0, 16, 9], "texture": "#268"},
				"south": {"uv": [0, 0, 16, 9], "texture": "#268"},
				"west": {"uv": [0, 0, 16, 9], "texture": "#268"},
				"up": {"uv": [0, 0, 16, 9], "texture": "#268"},
				"down": {"uv": [0, 0, 16, 9], "texture": "#268"}
			}
		},
		{
			"from": [7.96331, 18.45, 6.74368],
			"to": [8.96331, 18.55, 6.94368],
			"rotation": {"angle": -45, "axis": "y", "origin": [9.68357, 18.5, 8.04071]},
			"faces": {
				"north": {"uv": [0, 0, 16, 9], "rotation": 180, "texture": "#268"},
				"east": {"uv": [0, 0, 16, 9], "rotation": 180, "texture": "#268"},
				"south": {"uv": [0, 0, 16, 9], "rotation": 180, "texture": "#268"},
				"west": {"uv": [0, 0, 16, 9], "rotation": 180, "texture": "#268"},
				"up": {"uv": [0, 0, 16, 9], "rotation": 180, "texture": "#268"},
				"down": {"uv": [0, 0, 16, 9], "rotation": 180, "texture": "#268"}
			}
		},
		{
			"from": [7.96331, 20.45, 6.74368],
			"to": [8.96331, 20.55, 6.94368],
			"rotation": {"angle": -45, "axis": "y", "origin": [9.68357, 20.5, 8.04071]},
			"faces": {
				"north": {"uv": [0, 0, 16, 9], "rotation": 180, "texture": "#268"},
				"east": {"uv": [0, 0, 16, 9], "rotation": 180, "texture": "#268"},
				"south": {"uv": [0, 0, 16, 9], "rotation": 180, "texture": "#268"},
				"west": {"uv": [0, 0, 16, 9], "rotation": 180, "texture": "#268"},
				"up": {"uv": [0, 0, 16, 9], "rotation": 180, "texture": "#268"},
				"down": {"uv": [0, 0, 16, 9], "rotation": 180, "texture": "#268"}
			}
		},
		{
			"from": [6.06793, 18.45, 6.12938],
			"to": [7.06793, 18.55, 6.32938],
			"rotation": {"angle": 45, "axis": "y", "origin": [6.575, 18.5, 6.59]},
			"faces": {
				"north": {"uv": [0, 0, 16, 9], "rotation": 180, "texture": "#268"},
				"east": {"uv": [0, 0, 16, 9], "rotation": 180, "texture": "#268"},
				"south": {"uv": [0, 0, 16, 9], "rotation": 180, "texture": "#268"},
				"west": {"uv": [0, 0, 16, 9], "rotation": 180, "texture": "#268"},
				"up": {"uv": [0, 0, 16, 9], "rotation": 180, "texture": "#268"},
				"down": {"uv": [0, 0, 16, 9], "rotation": 180, "texture": "#268"}
			}
		},
		{
			"from": [6.06793, 20.45, 6.12938],
			"to": [7.06793, 20.55, 6.32938],
			"rotation": {"angle": 45, "axis": "y", "origin": [6.575, 20.5, 6.59]},
			"faces": {
				"north": {"uv": [0, 0, 16, 9], "rotation": 180, "texture": "#268"},
				"east": {"uv": [0, 0, 16, 9], "rotation": 180, "texture": "#268"},
				"south": {"uv": [0, 0, 16, 9], "rotation": 180, "texture": "#268"},
				"west": {"uv": [0, 0, 16, 9], "rotation": 180, "texture": "#268"},
				"up": {"uv": [0, 0, 16, 9], "rotation": 180, "texture": "#268"},
				"down": {"uv": [0, 0, 16, 9], "rotation": 180, "texture": "#268"}
			}
		},
		{
			"from": [10.76393, 18.45, 8.76552],
			"to": [10.96393, 18.55, 9.76552],
			"rotation": {"angle": -45, "axis": "y", "origin": [9.68357, 18.5, 8.04071]},
			"faces": {
				"north": {"uv": [0, 0, 16, 9], "rotation": 270, "texture": "#268"},
				"east": {"uv": [0, 0, 16, 9], "rotation": 270, "texture": "#268"},
				"south": {"uv": [0, 0, 16, 9], "rotation": 270, "texture": "#268"},
				"west": {"uv": [0, 0, 16, 9], "rotation": 270, "texture": "#268"},
				"up": {"uv": [0, 0, 16, 9], "rotation": 270, "texture": "#268"},
				"down": {"uv": [0, 0, 16, 9], "rotation": 270, "texture": "#268"}
			}
		},
		{
			"from": [10.76393, 20.45, 8.76552],
			"to": [10.96393, 20.55, 9.76552],
			"rotation": {"angle": -45, "axis": "y", "origin": [9.68357, 20.5, 8.04071]},
			"faces": {
				"north": {"uv": [0, 0, 16, 9], "rotation": 270, "texture": "#268"},
				"east": {"uv": [0, 0, 16, 9], "rotation": 270, "texture": "#268"},
				"south": {"uv": [0, 0, 16, 9], "rotation": 270, "texture": "#268"},
				"west": {"uv": [0, 0, 16, 9], "rotation": 270, "texture": "#268"},
				"up": {"uv": [0, 0, 16, 9], "rotation": 270, "texture": "#268"},
				"down": {"uv": [0, 0, 16, 9], "rotation": 270, "texture": "#268"}
			}
		},
		{
			"from": [5.675, 18.45, 8.45],
			"to": [5.875, 18.55, 9.45],
			"rotation": {"angle": 22.5, "axis": "y", "origin": [5.775, 18.5, 8.95]},
			"faces": {
				"north": {"uv": [0, 0, 16, 9], "rotation": 90, "texture": "#268"},
				"east": {"uv": [0, 0, 16, 9], "rotation": 90, "texture": "#268"},
				"south": {"uv": [0, 0, 16, 9], "rotation": 90, "texture": "#268"},
				"west": {"uv": [0, 0, 16, 9], "rotation": 90, "texture": "#268"},
				"up": {"uv": [0, 0, 16, 9], "rotation": 90, "texture": "#268"},
				"down": {"uv": [0, 0, 16, 9], "rotation": 90, "texture": "#268"}
			}
		},
		{
			"from": [5.675, 20.45, 8.45],
			"to": [5.875, 20.55, 9.45],
			"rotation": {"angle": 22.5, "axis": "y", "origin": [5.775, 20.5, 8.95]},
			"faces": {
				"north": {"uv": [0, 0, 16, 9], "rotation": 90, "texture": "#268"},
				"east": {"uv": [0, 0, 16, 9], "rotation": 90, "texture": "#268"},
				"south": {"uv": [0, 0, 16, 9], "rotation": 90, "texture": "#268"},
				"west": {"uv": [0, 0, 16, 9], "rotation": 90, "texture": "#268"},
				"up": {"uv": [0, 0, 16, 9], "rotation": 90, "texture": "#268"},
				"down": {"uv": [0, 0, 16, 9], "rotation": 90, "texture": "#268"}
			}
		},
		{
			"from": [10.4014, 18.45, 6.89527],
			"to": [10.6014, 18.55, 7.89527],
			"rotation": {"angle": 22.5, "axis": "y", "origin": [9.68357, 18.5, 8.04071]},
			"faces": {
				"north": {"uv": [0, 0, 16, 9], "rotation": 270, "texture": "#268"},
				"east": {"uv": [0, 0, 16, 9], "rotation": 270, "texture": "#268"},
				"south": {"uv": [0, 0, 16, 9], "rotation": 270, "texture": "#268"},
				"west": {"uv": [0, 0, 16, 9], "rotation": 270, "texture": "#268"},
				"up": {"uv": [0, 0, 16, 9], "rotation": 270, "texture": "#268"},
				"down": {"uv": [0, 0, 16, 9], "rotation": 270, "texture": "#268"}
			}
		},
		{
			"from": [10.4014, 20.45, 6.89527],
			"to": [10.6014, 20.55, 7.89527],
			"rotation": {"angle": 22.5, "axis": "y", "origin": [9.68357, 20.5, 8.04071]},
			"faces": {
				"north": {"uv": [0, 0, 16, 9], "rotation": 270, "texture": "#268"},
				"east": {"uv": [0, 0, 16, 9], "rotation": 270, "texture": "#268"},
				"south": {"uv": [0, 0, 16, 9], "rotation": 270, "texture": "#268"},
				"west": {"uv": [0, 0, 16, 9], "rotation": 270, "texture": "#268"},
				"up": {"uv": [0, 0, 16, 9], "rotation": 270, "texture": "#268"},
				"down": {"uv": [0, 0, 16, 9], "rotation": 270, "texture": "#268"}
			}
		},
		{
			"from": [6.87047, 18.45, 5.98064],
			"to": [7.87047, 18.55, 6.18064],
			"rotation": {"angle": 22.5, "axis": "y", "origin": [6.575, 18.5, 6.59]},
			"faces": {
				"north": {"uv": [0, 0, 16, 9], "rotation": 180, "texture": "#268"},
				"east": {"uv": [0, 0, 16, 9], "rotation": 180, "texture": "#268"},
				"south": {"uv": [0, 0, 16, 9], "rotation": 180, "texture": "#268"},
				"west": {"uv": [0, 0, 16, 9], "rotation": 180, "texture": "#268"},
				"up": {"uv": [0, 0, 16, 9], "rotation": 180, "texture": "#268"},
				"down": {"uv": [0, 0, 16, 9], "rotation": 180, "texture": "#268"}
			}
		},
		{
			"from": [6.87047, 20.45, 5.98064],
			"to": [7.87047, 20.55, 6.18064],
			"rotation": {"angle": 22.5, "axis": "y", "origin": [6.575, 20.5, 6.59]},
			"faces": {
				"north": {"uv": [0, 0, 16, 9], "rotation": 180, "texture": "#268"},
				"east": {"uv": [0, 0, 16, 9], "rotation": 180, "texture": "#268"},
				"south": {"uv": [0, 0, 16, 9], "rotation": 180, "texture": "#268"},
				"west": {"uv": [0, 0, 16, 9], "rotation": 180, "texture": "#268"},
				"up": {"uv": [0, 0, 16, 9], "rotation": 180, "texture": "#268"},
				"down": {"uv": [0, 0, 16, 9], "rotation": 180, "texture": "#268"}
			}
		},
		{
			"from": [7.56369, 18.45, 9.67883],
			"to": [8.56369, 18.55, 9.87883],
			"rotation": {"angle": 22.5, "axis": "y", "origin": [9.68357, 18.5, 8.04071]},
			"faces": {
				"north": {"uv": [0, 0, 16, 9], "texture": "#268"},
				"east": {"uv": [0, 0, 16, 9], "texture": "#268"},
				"south": {"uv": [0, 0, 16, 9], "texture": "#268"},
				"west": {"uv": [0, 0, 16, 9], "texture": "#268"},
				"up": {"uv": [0, 0, 16, 9], "texture": "#268"},
				"down": {"uv": [0, 0, 16, 9], "texture": "#268"}
			}
		},
		{
			"from": [7.56369, 20.45, 9.67883],
			"to": [8.56369, 20.55, 9.87883],
			"rotation": {"angle": 22.5, "axis": "y", "origin": [9.68357, 20.5, 8.04071]},
			"faces": {
				"north": {"uv": [0, 0, 16, 9], "texture": "#268"},
				"east": {"uv": [0, 0, 16, 9], "texture": "#268"},
				"south": {"uv": [0, 0, 16, 9], "texture": "#268"},
				"west": {"uv": [0, 0, 16, 9], "texture": "#268"},
				"up": {"uv": [0, 0, 16, 9], "texture": "#268"},
				"down": {"uv": [0, 0, 16, 9], "texture": "#268"}
			}
		},
		{
			"from": [7.54, 18.45, 5.54],
			"to": [8.54, 18.55, 5.74],
			"rotation": {"angle": 0, "axis": "y", "origin": [6.575, 18.5, 6.59]},
			"faces": {
				"north": {"uv": [0, 0, 16, 9], "rotation": 180, "texture": "#268"},
				"east": {"uv": [0, 0, 16, 9], "rotation": 180, "texture": "#268"},
				"south": {"uv": [0, 0, 16, 9], "rotation": 180, "texture": "#268"},
				"west": {"uv": [0, 0, 16, 9], "rotation": 180, "texture": "#268"},
				"up": {"uv": [0, 0, 16, 9], "rotation": 180, "texture": "#268"},
				"down": {"uv": [0, 0, 16, 9], "rotation": 180, "texture": "#268"}
			}
		},
		{
			"from": [7.54, 20.45, 5.54],
			"to": [8.54, 20.55, 5.74],
			"rotation": {"angle": 0, "axis": "y", "origin": [6.575, 20.5, 6.59]},
			"faces": {
				"north": {"uv": [0, 0, 16, 9], "rotation": 180, "texture": "#268"},
				"east": {"uv": [0, 0, 16, 9], "rotation": 180, "texture": "#268"},
				"south": {"uv": [0, 0, 16, 9], "rotation": 180, "texture": "#268"},
				"west": {"uv": [0, 0, 16, 9], "rotation": 180, "texture": "#268"},
				"up": {"uv": [0, 0, 16, 9], "rotation": 180, "texture": "#268"},
				"down": {"uv": [0, 0, 16, 9], "rotation": 180, "texture": "#268"}
			}
		},
		{
			"from": [7.79, 21.45, 6.74],
			"to": [8.29, 21.55, 6.94],
			"rotation": {"angle": 0, "axis": "y", "origin": [6.575, 21.5, 7.79]},
			"faces": {
				"north": {"uv": [0, 0, 16, 9], "rotation": 180, "texture": "#268"},
				"east": {"uv": [0, 0, 16, 9], "rotation": 180, "texture": "#268"},
				"south": {"uv": [0, 0, 16, 9], "rotation": 180, "texture": "#268"},
				"west": {"uv": [0, 0, 16, 9], "rotation": 180, "texture": "#268"},
				"up": {"uv": [0, 0, 16, 9], "rotation": 180, "texture": "#268"},
				"down": {"uv": [0, 0, 16, 9], "rotation": 180, "texture": "#268"}
			}
		},
		{
			"from": [7.79, -2.55, 6.74],
			"to": [8.29, -2.45, 6.94],
			"rotation": {"angle": 0, "axis": "y", "origin": [6.575, -2.5, 7.79]},
			"faces": {
				"north": {"uv": [0, 0, 16, 9], "rotation": 180, "texture": "#268"},
				"east": {"uv": [0, 0, 16, 9], "rotation": 180, "texture": "#268"},
				"south": {"uv": [0, 0, 16, 9], "rotation": 180, "texture": "#268"},
				"west": {"uv": [0, 0, 16, 9], "rotation": 180, "texture": "#268"},
				"up": {"uv": [0, 0, 16, 9], "rotation": 180, "texture": "#268"},
				"down": {"uv": [0, 0, 16, 9], "rotation": 180, "texture": "#268"}
			}
		},
		{
			"from": [7.79, -6.55, 6.74],
			"to": [8.29, -6.45, 6.94],
			"rotation": {"angle": 0, "axis": "y", "origin": [6.575, -6.5, 7.79]},
			"faces": {
				"north": {"uv": [0, 0, 16, 9], "rotation": 180, "texture": "#268"},
				"east": {"uv": [0, 0, 16, 9], "rotation": 180, "texture": "#268"},
				"south": {"uv": [0, 0, 16, 9], "rotation": 180, "texture": "#268"},
				"west": {"uv": [0, 0, 16, 9], "rotation": 180, "texture": "#268"},
				"up": {"uv": [0, 0, 16, 9], "rotation": 180, "texture": "#268"},
				"down": {"uv": [0, 0, 16, 9], "rotation": 180, "texture": "#268"}
			}
		},
		{
			"from": [9.08375, 21.45, 7.75875],
			"to": [9.28375, 21.55, 8.25875],
			"rotation": {"angle": 0, "axis": "y", "origin": [8.89, 21.5, 8.58375]},
			"faces": {
				"north": {"uv": [0, 0, 16, 9], "rotation": 270, "texture": "#268"},
				"east": {"uv": [0, 0, 16, 9], "rotation": 270, "texture": "#268"},
				"south": {"uv": [0, 0, 16, 9], "rotation": 270, "texture": "#268"},
				"west": {"uv": [0, 0, 16, 9], "rotation": 270, "texture": "#268"},
				"up": {"uv": [0, 0, 16, 9], "rotation": 270, "texture": "#268"},
				"down": {"uv": [0, 0, 16, 9], "rotation": 270, "texture": "#268"}
			}
		},
		{
			"from": [9.08375, -2.55, 7.75875],
			"to": [9.28375, -2.45, 8.25875],
			"rotation": {"angle": 0, "axis": "y", "origin": [8.89, -2.5, 8.58375]},
			"faces": {
				"north": {"uv": [0, 0, 16, 9], "rotation": 270, "texture": "#268"},
				"east": {"uv": [0, 0, 16, 9], "rotation": 270, "texture": "#268"},
				"south": {"uv": [0, 0, 16, 9], "rotation": 270, "texture": "#268"},
				"west": {"uv": [0, 0, 16, 9], "rotation": 270, "texture": "#268"},
				"up": {"uv": [0, 0, 16, 9], "rotation": 270, "texture": "#268"},
				"down": {"uv": [0, 0, 16, 9], "rotation": 270, "texture": "#268"}
			}
		},
		{
			"from": [9.08375, -6.55, 7.75875],
			"to": [9.28375, -6.45, 8.25875],
			"rotation": {"angle": 0, "axis": "y", "origin": [8.89, -6.5, 8.58375]},
			"faces": {
				"north": {"uv": [0, 0, 16, 9], "rotation": 270, "texture": "#268"},
				"east": {"uv": [0, 0, 16, 9], "rotation": 270, "texture": "#268"},
				"south": {"uv": [0, 0, 16, 9], "rotation": 270, "texture": "#268"},
				"west": {"uv": [0, 0, 16, 9], "rotation": 270, "texture": "#268"},
				"up": {"uv": [0, 0, 16, 9], "rotation": 270, "texture": "#268"},
				"down": {"uv": [0, 0, 16, 9], "rotation": 270, "texture": "#268"}
			}
		},
		{
			"from": [6.79982, 21.45, 7.72482],
			"to": [6.99982, 21.55, 8.22482],
			"rotation": {"angle": 0, "axis": "y", "origin": [7.22929, 21.5, 7.97929]},
			"faces": {
				"north": {"uv": [0, 0, 16, 9], "rotation": 90, "texture": "#268"},
				"east": {"uv": [0, 0, 16, 9], "rotation": 90, "texture": "#268"},
				"south": {"uv": [0, 0, 16, 9], "rotation": 90, "texture": "#268"},
				"west": {"uv": [0, 0, 16, 9], "rotation": 90, "texture": "#268"},
				"up": {"uv": [0, 0, 16, 9], "rotation": 90, "texture": "#268"},
				"down": {"uv": [0, 0, 16, 9], "rotation": 90, "texture": "#268"}
			}
		},
		{
			"from": [6.79982, -2.55, 7.72482],
			"to": [6.99982, -2.45, 8.22482],
			"rotation": {"angle": 0, "axis": "y", "origin": [7.22929, -2.5, 7.97929]},
			"faces": {
				"north": {"uv": [0, 0, 16, 9], "rotation": 90, "texture": "#268"},
				"east": {"uv": [0, 0, 16, 9], "rotation": 90, "texture": "#268"},
				"south": {"uv": [0, 0, 16, 9], "rotation": 90, "texture": "#268"},
				"west": {"uv": [0, 0, 16, 9], "rotation": 90, "texture": "#268"},
				"up": {"uv": [0, 0, 16, 9], "rotation": 90, "texture": "#268"},
				"down": {"uv": [0, 0, 16, 9], "rotation": 90, "texture": "#268"}
			}
		},
		{
			"from": [6.79982, -6.55, 7.72482],
			"to": [6.99982, -6.45, 8.22482],
			"rotation": {"angle": 0, "axis": "y", "origin": [7.22929, -6.5, 7.97929]},
			"faces": {
				"north": {"uv": [0, 0, 16, 9], "rotation": 90, "texture": "#268"},
				"east": {"uv": [0, 0, 16, 9], "rotation": 90, "texture": "#268"},
				"south": {"uv": [0, 0, 16, 9], "rotation": 90, "texture": "#268"},
				"west": {"uv": [0, 0, 16, 9], "rotation": 90, "texture": "#268"},
				"up": {"uv": [0, 0, 16, 9], "rotation": 90, "texture": "#268"},
				"down": {"uv": [0, 0, 16, 9], "rotation": 90, "texture": "#268"}
			}
		},
		{
			"from": [8.24, 21.45, 6.84],
			"to": [8.74, 21.55, 7.04],
			"rotation": {"angle": -22.5, "axis": "y", "origin": [8.49, 21.5, 6.94]},
			"faces": {
				"north": {"uv": [0, 0, 16, 9], "rotation": 180, "texture": "#268"},
				"east": {"uv": [0, 0, 16, 9], "rotation": 180, "texture": "#268"},
				"south": {"uv": [0, 0, 16, 9], "rotation": 180, "texture": "#268"},
				"west": {"uv": [0, 0, 16, 9], "rotation": 180, "texture": "#268"},
				"up": {"uv": [0, 0, 16, 9], "rotation": 180, "texture": "#268"},
				"down": {"uv": [0, 0, 16, 9], "rotation": 180, "texture": "#268"}
			}
		},
		{
			"from": [8.24, -2.55, 6.84],
			"to": [8.74, -2.45, 7.04],
			"rotation": {"angle": -22.5, "axis": "y", "origin": [8.49, -2.5, 6.94]},
			"faces": {
				"north": {"uv": [0, 0, 16, 9], "rotation": 180, "texture": "#268"},
				"east": {"uv": [0, 0, 16, 9], "rotation": 180, "texture": "#268"},
				"south": {"uv": [0, 0, 16, 9], "rotation": 180, "texture": "#268"},
				"west": {"uv": [0, 0, 16, 9], "rotation": 180, "texture": "#268"},
				"up": {"uv": [0, 0, 16, 9], "rotation": 180, "texture": "#268"},
				"down": {"uv": [0, 0, 16, 9], "rotation": 180, "texture": "#268"}
			}
		},
		{
			"from": [8.24, -6.55, 6.84],
			"to": [8.74, -6.45, 7.04],
			"rotation": {"angle": -22.5, "axis": "y", "origin": [8.49, -6.5, 6.94]},
			"faces": {
				"north": {"uv": [0, 0, 16, 9], "rotation": 180, "texture": "#268"},
				"east": {"uv": [0, 0, 16, 9], "rotation": 180, "texture": "#268"},
				"south": {"uv": [0, 0, 16, 9], "rotation": 180, "texture": "#268"},
				"west": {"uv": [0, 0, 16, 9], "rotation": 180, "texture": "#268"},
				"up": {"uv": [0, 0, 16, 9], "rotation": 180, "texture": "#268"},
				"down": {"uv": [0, 0, 16, 9], "rotation": 180, "texture": "#268"}
			}
		},
		{
			"from": [7.72313, 21.45, 8.72315],
			"to": [8.22313, 21.55, 8.92315],
			"rotation": {"angle": -22.5, "axis": "y", "origin": [7.22929, 21.5, 7.97929]},
			"faces": {
				"north": {"uv": [0, 0, 16, 9], "texture": "#268"},
				"east": {"uv": [0, 0, 16, 9], "texture": "#268"},
				"south": {"uv": [0, 0, 16, 9], "texture": "#268"},
				"west": {"uv": [0, 0, 16, 9], "texture": "#268"},
				"up": {"uv": [0, 0, 16, 9], "texture": "#268"},
				"down": {"uv": [0, 0, 16, 9], "texture": "#268"}
			}
		},
		{
			"from": [7.72313, -2.55, 8.72315],
			"to": [8.22313, -2.45, 8.92315],
			"rotation": {"angle": -22.5, "axis": "y", "origin": [7.22929, -2.5, 7.97929]},
			"faces": {
				"north": {"uv": [0, 0, 16, 9], "texture": "#268"},
				"east": {"uv": [0, 0, 16, 9], "texture": "#268"},
				"south": {"uv": [0, 0, 16, 9], "texture": "#268"},
				"west": {"uv": [0, 0, 16, 9], "texture": "#268"},
				"up": {"uv": [0, 0, 16, 9], "texture": "#268"},
				"down": {"uv": [0, 0, 16, 9], "texture": "#268"}
			}
		},
		{
			"from": [7.72313, -6.55, 8.72315],
			"to": [8.22313, -6.45, 8.92315],
			"rotation": {"angle": -22.5, "axis": "y", "origin": [7.22929, -6.5, 7.97929]},
			"faces": {
				"north": {"uv": [0, 0, 16, 9], "texture": "#268"},
				"east": {"uv": [0, 0, 16, 9], "texture": "#268"},
				"south": {"uv": [0, 0, 16, 9], "texture": "#268"},
				"west": {"uv": [0, 0, 16, 9], "texture": "#268"},
				"up": {"uv": [0, 0, 16, 9], "texture": "#268"},
				"down": {"uv": [0, 0, 16, 9], "texture": "#268"}
			}
		},
		{
			"from": [8.92117, 21.45, 8.14412],
			"to": [9.12117, 21.55, 8.64412],
			"rotation": {"angle": -22.5, "axis": "y", "origin": [8.89, 21.5, 8.58375]},
			"faces": {
				"north": {"uv": [0, 0, 16, 9], "rotation": 270, "texture": "#268"},
				"east": {"uv": [0, 0, 16, 9], "rotation": 270, "texture": "#268"},
				"south": {"uv": [0, 0, 16, 9], "rotation": 270, "texture": "#268"},
				"west": {"uv": [0, 0, 16, 9], "rotation": 270, "texture": "#268"},
				"up": {"uv": [0, 0, 16, 9], "rotation": 270, "texture": "#268"},
				"down": {"uv": [0, 0, 16, 9], "rotation": 270, "texture": "#268"}
			}
		},
		{
			"from": [8.92117, -2.55, 8.14412],
			"to": [9.12117, -2.45, 8.64412],
			"rotation": {"angle": -22.5, "axis": "y", "origin": [8.89, -2.5, 8.58375]},
			"faces": {
				"north": {"uv": [0, 0, 16, 9], "rotation": 270, "texture": "#268"},
				"east": {"uv": [0, 0, 16, 9], "rotation": 270, "texture": "#268"},
				"south": {"uv": [0, 0, 16, 9], "rotation": 270, "texture": "#268"},
				"west": {"uv": [0, 0, 16, 9], "rotation": 270, "texture": "#268"},
				"up": {"uv": [0, 0, 16, 9], "rotation": 270, "texture": "#268"},
				"down": {"uv": [0, 0, 16, 9], "rotation": 270, "texture": "#268"}
			}
		},
		{
			"from": [8.92117, -6.55, 8.14412],
			"to": [9.12117, -6.45, 8.64412],
			"rotation": {"angle": -22.5, "axis": "y", "origin": [8.89, -6.5, 8.58375]},
			"faces": {
				"north": {"uv": [0, 0, 16, 9], "rotation": 270, "texture": "#268"},
				"east": {"uv": [0, 0, 16, 9], "rotation": 270, "texture": "#268"},
				"south": {"uv": [0, 0, 16, 9], "rotation": 270, "texture": "#268"},
				"west": {"uv": [0, 0, 16, 9], "rotation": 270, "texture": "#268"},
				"up": {"uv": [0, 0, 16, 9], "rotation": 270, "texture": "#268"},
				"down": {"uv": [0, 0, 16, 9], "rotation": 270, "texture": "#268"}
			}
		},
		{
			"from": [6.74337, 21.45, 7.39723],
			"to": [6.94337, 21.55, 7.89723],
			"rotation": {"angle": -22.5, "axis": "y", "origin": [7.22929, 21.5, 7.97929]},
			"faces": {
				"north": {"uv": [0, 0, 16, 9], "rotation": 90, "texture": "#268"},
				"east": {"uv": [0, 0, 16, 9], "rotation": 90, "texture": "#268"},
				"south": {"uv": [0, 0, 16, 9], "rotation": 90, "texture": "#268"},
				"west": {"uv": [0, 0, 16, 9], "rotation": 90, "texture": "#268"},
				"up": {"uv": [0, 0, 16, 9], "rotation": 90, "texture": "#268"},
				"down": {"uv": [0, 0, 16, 9], "rotation": 90, "texture": "#268"}
			}
		},
		{
			"from": [6.74337, -2.55, 7.39723],
			"to": [6.94337, -2.45, 7.89723],
			"rotation": {"angle": -22.5, "axis": "y", "origin": [7.22929, -2.5, 7.97929]},
			"faces": {
				"north": {"uv": [0, 0, 16, 9], "rotation": 90, "texture": "#268"},
				"east": {"uv": [0, 0, 16, 9], "rotation": 90, "texture": "#268"},
				"south": {"uv": [0, 0, 16, 9], "rotation": 90, "texture": "#268"},
				"west": {"uv": [0, 0, 16, 9], "rotation": 90, "texture": "#268"},
				"up": {"uv": [0, 0, 16, 9], "rotation": 90, "texture": "#268"},
				"down": {"uv": [0, 0, 16, 9], "rotation": 90, "texture": "#268"}
			}
		},
		{
			"from": [6.74337, -6.55, 7.39723],
			"to": [6.94337, -6.45, 7.89723],
			"rotation": {"angle": -22.5, "axis": "y", "origin": [7.22929, -6.5, 7.97929]},
			"faces": {
				"north": {"uv": [0, 0, 16, 9], "rotation": 90, "texture": "#268"},
				"east": {"uv": [0, 0, 16, 9], "rotation": 90, "texture": "#268"},
				"south": {"uv": [0, 0, 16, 9], "rotation": 90, "texture": "#268"},
				"west": {"uv": [0, 0, 16, 9], "rotation": 90, "texture": "#268"},
				"up": {"uv": [0, 0, 16, 9], "rotation": 90, "texture": "#268"},
				"down": {"uv": [0, 0, 16, 9], "rotation": 90, "texture": "#268"}
			}
		},
		{
			"from": [8.59, 21.45, 7.09],
			"to": [9.09, 21.55, 7.29],
			"rotation": {"angle": -45, "axis": "y", "origin": [8.84, 21.5, 7.19]},
			"faces": {
				"north": {"uv": [0, 0, 16, 9], "rotation": 180, "texture": "#268"},
				"east": {"uv": [0, 0, 16, 9], "rotation": 180, "texture": "#268"},
				"south": {"uv": [0, 0, 16, 9], "rotation": 180, "texture": "#268"},
				"west": {"uv": [0, 0, 16, 9], "rotation": 180, "texture": "#268"},
				"up": {"uv": [0, 0, 16, 9], "rotation": 180, "texture": "#268"},
				"down": {"uv": [0, 0, 16, 9], "rotation": 180, "texture": "#268"}
			}
		},
		{
			"from": [8.59, -2.55, 7.09],
			"to": [9.09, -2.45, 7.29],
			"rotation": {"angle": -45, "axis": "y", "origin": [8.84, -2.5, 7.19]},
			"faces": {
				"north": {"uv": [0, 0, 16, 9], "rotation": 180, "texture": "#268"},
				"east": {"uv": [0, 0, 16, 9], "rotation": 180, "texture": "#268"},
				"south": {"uv": [0, 0, 16, 9], "rotation": 180, "texture": "#268"},
				"west": {"uv": [0, 0, 16, 9], "rotation": 180, "texture": "#268"},
				"up": {"uv": [0, 0, 16, 9], "rotation": 180, "texture": "#268"},
				"down": {"uv": [0, 0, 16, 9], "rotation": 180, "texture": "#268"}
			}
		},
		{
			"from": [8.59, -6.55, 7.09],
			"to": [9.09, -6.45, 7.29],
			"rotation": {"angle": -45, "axis": "y", "origin": [8.84, -6.5, 7.19]},
			"faces": {
				"north": {"uv": [0, 0, 16, 9], "rotation": 180, "texture": "#268"},
				"east": {"uv": [0, 0, 16, 9], "rotation": 180, "texture": "#268"},
				"south": {"uv": [0, 0, 16, 9], "rotation": 180, "texture": "#268"},
				"west": {"uv": [0, 0, 16, 9], "rotation": 180, "texture": "#268"},
				"up": {"uv": [0, 0, 16, 9], "rotation": 180, "texture": "#268"},
				"down": {"uv": [0, 0, 16, 9], "rotation": 180, "texture": "#268"}
			}
		},
		{
			"from": [7.56517, 21.45, 8.44497],
			"to": [8.06517, 21.55, 8.64497],
			"rotation": {"angle": -45, "axis": "y", "origin": [7.22929, 21.5, 7.97929]},
			"faces": {
				"north": {"uv": [0, 0, 16, 9], "texture": "#268"},
				"east": {"uv": [0, 0, 16, 9], "texture": "#268"},
				"south": {"uv": [0, 0, 16, 9], "texture": "#268"},
				"west": {"uv": [0, 0, 16, 9], "texture": "#268"},
				"up": {"uv": [0, 0, 16, 9], "texture": "#268"},
				"down": {"uv": [0, 0, 16, 9], "texture": "#268"}
			}
		},
		{
			"from": [7.56517, -2.55, 8.44497],
			"to": [8.06517, -2.45, 8.64497],
			"rotation": {"angle": -45, "axis": "y", "origin": [7.22929, -2.5, 7.97929]},
			"faces": {
				"north": {"uv": [0, 0, 16, 9], "texture": "#268"},
				"east": {"uv": [0, 0, 16, 9], "texture": "#268"},
				"south": {"uv": [0, 0, 16, 9], "texture": "#268"},
				"west": {"uv": [0, 0, 16, 9], "texture": "#268"},
				"up": {"uv": [0, 0, 16, 9], "texture": "#268"},
				"down": {"uv": [0, 0, 16, 9], "texture": "#268"}
			}
		},
		{
			"from": [7.56517, -6.55, 8.44497],
			"to": [8.06517, -6.45, 8.64497],
			"rotation": {"angle": -45, "axis": "y", "origin": [7.22929, -6.5, 7.97929]},
			"faces": {
				"north": {"uv": [0, 0, 16, 9], "texture": "#268"},
				"east": {"uv": [0, 0, 16, 9], "texture": "#268"},
				"south": {"uv": [0, 0, 16, 9], "texture": "#268"},
				"west": {"uv": [0, 0, 16, 9], "texture": "#268"},
				"up": {"uv": [0, 0, 16, 9], "texture": "#268"},
				"down": {"uv": [0, 0, 16, 9], "texture": "#268"}
			}
		},
		{
			"from": [8.90932, 21.45, 8.53262],
			"to": [9.10932, 21.55, 9.03262],
			"rotation": {"angle": -45, "axis": "y", "origin": [8.89, 21.5, 8.58375]},
			"faces": {
				"north": {"uv": [0, 0, 16, 9], "rotation": 270, "texture": "#268"},
				"east": {"uv": [0, 0, 16, 9], "rotation": 270, "texture": "#268"},
				"south": {"uv": [0, 0, 16, 9], "rotation": 270, "texture": "#268"},
				"west": {"uv": [0, 0, 16, 9], "rotation": 270, "texture": "#268"},
				"up": {"uv": [0, 0, 16, 9], "rotation": 270, "texture": "#268"},
				"down": {"uv": [0, 0, 16, 9], "rotation": 270, "texture": "#268"}
			}
		},
		{
			"from": [8.90932, -2.55, 8.53262],
			"to": [9.10932, -2.45, 9.03262],
			"rotation": {"angle": -45, "axis": "y", "origin": [8.89, -2.5, 8.58375]},
			"faces": {
				"north": {"uv": [0, 0, 16, 9], "rotation": 270, "texture": "#268"},
				"east": {"uv": [0, 0, 16, 9], "rotation": 270, "texture": "#268"},
				"south": {"uv": [0, 0, 16, 9], "rotation": 270, "texture": "#268"},
				"west": {"uv": [0, 0, 16, 9], "rotation": 270, "texture": "#268"},
				"up": {"uv": [0, 0, 16, 9], "rotation": 270, "texture": "#268"},
				"down": {"uv": [0, 0, 16, 9], "rotation": 270, "texture": "#268"}
			}
		},
		{
			"from": [8.90932, -6.55, 8.53262],
			"to": [9.10932, -6.45, 9.03262],
			"rotation": {"angle": -45, "axis": "y", "origin": [8.89, -6.5, 8.58375]},
			"faces": {
				"north": {"uv": [0, 0, 16, 9], "rotation": 270, "texture": "#268"},
				"east": {"uv": [0, 0, 16, 9], "rotation": 270, "texture": "#268"},
				"south": {"uv": [0, 0, 16, 9], "rotation": 270, "texture": "#268"},
				"west": {"uv": [0, 0, 16, 9], "rotation": 270, "texture": "#268"},
				"up": {"uv": [0, 0, 16, 9], "rotation": 270, "texture": "#268"},
				"down": {"uv": [0, 0, 16, 9], "rotation": 270, "texture": "#268"}
			}
		},
		{
			"from": [6.57496, 21.45, 7.14592],
			"to": [6.77496, 21.55, 7.64592],
			"rotation": {"angle": -45, "axis": "y", "origin": [7.22929, 21.5, 7.97929]},
			"faces": {
				"north": {"uv": [0, 0, 16, 9], "rotation": 90, "texture": "#268"},
				"east": {"uv": [0, 0, 16, 9], "rotation": 90, "texture": "#268"},
				"south": {"uv": [0, 0, 16, 9], "rotation": 90, "texture": "#268"},
				"west": {"uv": [0, 0, 16, 9], "rotation": 90, "texture": "#268"},
				"up": {"uv": [0, 0, 16, 9], "rotation": 90, "texture": "#268"},
				"down": {"uv": [0, 0, 16, 9], "rotation": 90, "texture": "#268"}
			}
		},
		{
			"from": [6.57496, -2.55, 7.14592],
			"to": [6.77496, -2.45, 7.64592],
			"rotation": {"angle": -45, "axis": "y", "origin": [7.22929, -2.5, 7.97929]},
			"faces": {
				"north": {"uv": [0, 0, 16, 9], "rotation": 90, "texture": "#268"},
				"east": {"uv": [0, 0, 16, 9], "rotation": 90, "texture": "#268"},
				"south": {"uv": [0, 0, 16, 9], "rotation": 90, "texture": "#268"},
				"west": {"uv": [0, 0, 16, 9], "rotation": 90, "texture": "#268"},
				"up": {"uv": [0, 0, 16, 9], "rotation": 90, "texture": "#268"},
				"down": {"uv": [0, 0, 16, 9], "rotation": 90, "texture": "#268"}
			}
		},
		{
			"from": [6.57496, -6.55, 7.14592],
			"to": [6.77496, -6.45, 7.64592],
			"rotation": {"angle": -45, "axis": "y", "origin": [7.22929, -6.5, 7.97929]},
			"faces": {
				"north": {"uv": [0, 0, 16, 9], "rotation": 90, "texture": "#268"},
				"east": {"uv": [0, 0, 16, 9], "rotation": 90, "texture": "#268"},
				"south": {"uv": [0, 0, 16, 9], "rotation": 90, "texture": "#268"},
				"west": {"uv": [0, 0, 16, 9], "rotation": 90, "texture": "#268"},
				"up": {"uv": [0, 0, 16, 9], "rotation": 90, "texture": "#268"},
				"down": {"uv": [0, 0, 16, 9], "rotation": 90, "texture": "#268"}
			}
		},
		{
			"from": [8.99, 21.45, 7.315],
			"to": [9.19, 21.55, 7.815],
			"rotation": {"angle": 22.5, "axis": "y", "origin": [9.09, 21.5, 7.565]},
			"faces": {
				"north": {"uv": [0, 0, 16, 9], "rotation": 270, "texture": "#268"},
				"east": {"uv": [0, 0, 16, 9], "rotation": 270, "texture": "#268"},
				"south": {"uv": [0, 0, 16, 9], "rotation": 270, "texture": "#268"},
				"west": {"uv": [0, 0, 16, 9], "rotation": 270, "texture": "#268"},
				"up": {"uv": [0, 0, 16, 9], "rotation": 270, "texture": "#268"},
				"down": {"uv": [0, 0, 16, 9], "rotation": 270, "texture": "#268"}
			}
		},
		{
			"from": [8.99, -2.55, 7.315],
			"to": [9.19, -2.45, 7.815],
			"rotation": {"angle": 22.5, "axis": "y", "origin": [9.09, -2.5, 7.565]},
			"faces": {
				"north": {"uv": [0, 0, 16, 9], "rotation": 270, "texture": "#268"},
				"east": {"uv": [0, 0, 16, 9], "rotation": 270, "texture": "#268"},
				"south": {"uv": [0, 0, 16, 9], "rotation": 270, "texture": "#268"},
				"west": {"uv": [0, 0, 16, 9], "rotation": 270, "texture": "#268"},
				"up": {"uv": [0, 0, 16, 9], "rotation": 270, "texture": "#268"},
				"down": {"uv": [0, 0, 16, 9], "rotation": 270, "texture": "#268"}
			}
		},
		{
			"from": [8.99, -6.55, 7.315],
			"to": [9.19, -6.45, 7.815],
			"rotation": {"angle": 22.5, "axis": "y", "origin": [9.09, -6.5, 7.565]},
			"faces": {
				"north": {"uv": [0, 0, 16, 9], "rotation": 270, "texture": "#268"},
				"east": {"uv": [0, 0, 16, 9], "rotation": 270, "texture": "#268"},
				"south": {"uv": [0, 0, 16, 9], "rotation": 270, "texture": "#268"},
				"west": {"uv": [0, 0, 16, 9], "rotation": 270, "texture": "#268"},
				"up": {"uv": [0, 0, 16, 9], "rotation": 270, "texture": "#268"},
				"down": {"uv": [0, 0, 16, 9], "rotation": 270, "texture": "#268"}
			}
		},
		{
			"from": [6.74341, 21.45, 8.04493],
			"to": [6.94341, 21.55, 8.54493],
			"rotation": {"angle": 22.5, "axis": "y", "origin": [7.22929, 21.5, 7.97929]},
			"faces": {
				"north": {"uv": [0, 0, 16, 9], "rotation": 90, "texture": "#268"},
				"east": {"uv": [0, 0, 16, 9], "rotation": 90, "texture": "#268"},
				"south": {"uv": [0, 0, 16, 9], "rotation": 90, "texture": "#268"},
				"west": {"uv": [0, 0, 16, 9], "rotation": 90, "texture": "#268"},
				"up": {"uv": [0, 0, 16, 9], "rotation": 90, "texture": "#268"},
				"down": {"uv": [0, 0, 16, 9], "rotation": 90, "texture": "#268"}
			}
		},
		{
			"from": [6.74341, -2.55, 8.04493],
			"to": [6.94341, -2.45, 8.54493],
			"rotation": {"angle": 22.5, "axis": "y", "origin": [7.22929, -2.5, 7.97929]},
			"faces": {
				"north": {"uv": [0, 0, 16, 9], "rotation": 90, "texture": "#268"},
				"east": {"uv": [0, 0, 16, 9], "rotation": 90, "texture": "#268"},
				"south": {"uv": [0, 0, 16, 9], "rotation": 90, "texture": "#268"},
				"west": {"uv": [0, 0, 16, 9], "rotation": 90, "texture": "#268"},
				"up": {"uv": [0, 0, 16, 9], "rotation": 90, "texture": "#268"},
				"down": {"uv": [0, 0, 16, 9], "rotation": 90, "texture": "#268"}
			}
		},
		{
			"from": [6.74341, -6.55, 8.04493],
			"to": [6.94341, -6.45, 8.54493],
			"rotation": {"angle": 22.5, "axis": "y", "origin": [7.22929, -6.5, 7.97929]},
			"faces": {
				"north": {"uv": [0, 0, 16, 9], "rotation": 90, "texture": "#268"},
				"east": {"uv": [0, 0, 16, 9], "rotation": 90, "texture": "#268"},
				"south": {"uv": [0, 0, 16, 9], "rotation": 90, "texture": "#268"},
				"west": {"uv": [0, 0, 16, 9], "rotation": 90, "texture": "#268"},
				"up": {"uv": [0, 0, 16, 9], "rotation": 90, "texture": "#268"},
				"down": {"uv": [0, 0, 16, 9], "rotation": 90, "texture": "#268"}
			}
		},
		{
			"from": [8.0598, 21.45, 8.75756],
			"to": [8.5598, 21.55, 8.95756],
			"rotation": {"angle": 22.5, "axis": "y", "origin": [8.89, 21.5, 8.58375]},
			"faces": {
				"north": {"uv": [0, 0, 16, 9], "texture": "#268"},
				"east": {"uv": [0, 0, 16, 9], "texture": "#268"},
				"south": {"uv": [0, 0, 16, 9], "texture": "#268"},
				"west": {"uv": [0, 0, 16, 9], "texture": "#268"},
				"up": {"uv": [0, 0, 16, 9], "texture": "#268"},
				"down": {"uv": [0, 0, 16, 9], "texture": "#268"}
			}
		},
		{
			"from": [8.0598, -2.55, 8.75756],
			"to": [8.5598, -2.45, 8.95756],
			"rotation": {"angle": 22.5, "axis": "y", "origin": [8.89, -2.5, 8.58375]},
			"faces": {
				"north": {"uv": [0, 0, 16, 9], "texture": "#268"},
				"east": {"uv": [0, 0, 16, 9], "texture": "#268"},
				"south": {"uv": [0, 0, 16, 9], "texture": "#268"},
				"west": {"uv": [0, 0, 16, 9], "texture": "#268"},
				"up": {"uv": [0, 0, 16, 9], "texture": "#268"},
				"down": {"uv": [0, 0, 16, 9], "texture": "#268"}
			}
		},
		{
			"from": [8.0598, -6.55, 8.75756],
			"to": [8.5598, -6.45, 8.95756],
			"rotation": {"angle": 22.5, "axis": "y", "origin": [8.89, -6.5, 8.58375]},
			"faces": {
				"north": {"uv": [0, 0, 16, 9], "texture": "#268"},
				"east": {"uv": [0, 0, 16, 9], "texture": "#268"},
				"south": {"uv": [0, 0, 16, 9], "texture": "#268"},
				"west": {"uv": [0, 0, 16, 9], "texture": "#268"},
				"up": {"uv": [0, 0, 16, 9], "texture": "#268"},
				"down": {"uv": [0, 0, 16, 9], "texture": "#268"}
			}
		},
		{
			"from": [7.74824, 21.45, 7.05645],
			"to": [8.24824, 21.55, 7.25645],
			"rotation": {"angle": 22.5, "axis": "y", "origin": [7.22929, 21.5, 7.97929]},
			"faces": {
				"north": {"uv": [0, 0, 16, 9], "rotation": 180, "texture": "#268"},
				"east": {"uv": [0, 0, 16, 9], "rotation": 180, "texture": "#268"},
				"south": {"uv": [0, 0, 16, 9], "rotation": 180, "texture": "#268"},
				"west": {"uv": [0, 0, 16, 9], "rotation": 180, "texture": "#268"},
				"up": {"uv": [0, 0, 16, 9], "rotation": 180, "texture": "#268"},
				"down": {"uv": [0, 0, 16, 9], "rotation": 180, "texture": "#268"}
			}
		},
		{
			"from": [7.74824, -2.55, 7.05645],
			"to": [8.24824, -2.45, 7.25645],
			"rotation": {"angle": 22.5, "axis": "y", "origin": [7.22929, -2.5, 7.97929]},
			"faces": {
				"north": {"uv": [0, 0, 16, 9], "rotation": 180, "texture": "#268"},
				"east": {"uv": [0, 0, 16, 9], "rotation": 180, "texture": "#268"},
				"south": {"uv": [0, 0, 16, 9], "rotation": 180, "texture": "#268"},
				"west": {"uv": [0, 0, 16, 9], "rotation": 180, "texture": "#268"},
				"up": {"uv": [0, 0, 16, 9], "rotation": 180, "texture": "#268"},
				"down": {"uv": [0, 0, 16, 9], "rotation": 180, "texture": "#268"}
			}
		},
		{
			"from": [7.74824, -6.55, 7.05645],
			"to": [8.24824, -6.45, 7.25645],
			"rotation": {"angle": 22.5, "axis": "y", "origin": [7.22929, -6.5, 7.97929]},
			"faces": {
				"north": {"uv": [0, 0, 16, 9], "rotation": 180, "texture": "#268"},
				"east": {"uv": [0, 0, 16, 9], "rotation": 180, "texture": "#268"},
				"south": {"uv": [0, 0, 16, 9], "rotation": 180, "texture": "#268"},
				"west": {"uv": [0, 0, 16, 9], "rotation": 180, "texture": "#268"},
				"up": {"uv": [0, 0, 16, 9], "rotation": 180, "texture": "#268"},
				"down": {"uv": [0, 0, 16, 9], "rotation": 180, "texture": "#268"}
			}
		},
		{
			"from": [7.78375, 21.45, 9.03375],
			"to": [8.28375, 21.55, 9.23375],
			"rotation": {"angle": 0, "axis": "y", "origin": [8.03375, 21.5, 9.13375]},
			"faces": {
				"north": {"uv": [0, 0, 16, 9], "texture": "#268"},
				"east": {"uv": [0, 0, 16, 9], "texture": "#268"},
				"south": {"uv": [0, 0, 16, 9], "texture": "#268"},
				"west": {"uv": [0, 0, 16, 9], "texture": "#268"},
				"up": {"uv": [0, 0, 16, 9], "texture": "#268"},
				"down": {"uv": [0, 0, 16, 9], "texture": "#268"}
			}
		},
		{
			"from": [7.78375, -2.55, 9.03375],
			"to": [8.28375, -2.45, 9.23375],
			"rotation": {"angle": 0, "axis": "y", "origin": [8.03375, -2.5, 9.13375]},
			"faces": {
				"north": {"uv": [0, 0, 16, 9], "texture": "#268"},
				"east": {"uv": [0, 0, 16, 9], "texture": "#268"},
				"south": {"uv": [0, 0, 16, 9], "texture": "#268"},
				"west": {"uv": [0, 0, 16, 9], "texture": "#268"},
				"up": {"uv": [0, 0, 16, 9], "texture": "#268"},
				"down": {"uv": [0, 0, 16, 9], "texture": "#268"}
			}
		},
		{
			"from": [7.78375, -6.55, 9.03375],
			"to": [8.28375, -6.45, 9.23375],
			"rotation": {"angle": 0, "axis": "y", "origin": [8.03375, -6.5, 9.13375]},
			"faces": {
				"north": {"uv": [0, 0, 16, 9], "texture": "#268"},
				"east": {"uv": [0, 0, 16, 9], "texture": "#268"},
				"south": {"uv": [0, 0, 16, 9], "texture": "#268"},
				"west": {"uv": [0, 0, 16, 9], "texture": "#268"},
				"up": {"uv": [0, 0, 16, 9], "texture": "#268"},
				"down": {"uv": [0, 0, 16, 9], "texture": "#268"}
			}
		},
		{
			"from": [7.75, 16.45, 6.75],
			"to": [8.25, 16.95, 9.25],
			"rotation": {"angle": 0, "axis": "y", "origin": [8, 16.7, 8]},
			"faces": {
				"north": {"uv": [0, 0, 16, 16], "texture": "#602"},
				"east": {"uv": [0, 0, 16, 16], "texture": "#602"},
				"south": {"uv": [0, 0, 16, 16], "texture": "#602"},
				"west": {"uv": [0, 0, 16, 16], "texture": "#602"},
				"up": {"uv": [0, 0, 16, 16], "texture": "#602"},
				"down": {"uv": [0, 0, 16, 16], "texture": "#602"}
			}
		},
		{
			"from": [6.75, 16.45, 7.875],
			"to": [9.25, 16.95, 8.125],
			"rotation": {"angle": 22.5, "axis": "z", "origin": [8, 16.7, 8]},
			"faces": {
				"north": {"uv": [0, 0, 16, 16], "texture": "#602"},
				"east": {"uv": [0, 0, 16, 16], "texture": "#602"},
				"south": {"uv": [0, 0, 16, 16], "texture": "#602"},
				"west": {"uv": [0, 0, 16, 16], "texture": "#602"},
				"up": {"uv": [0, 0, 16, 16], "texture": "#602"},
				"down": {"uv": [0, 0, 16, 16], "texture": "#602"}
			}
		},
		{
			"from": [7.875, 16.45, 6.75],
			"to": [8.125, 16.95, 9.25],
			"rotation": {"angle": -22.5, "axis": "x", "origin": [8, 16.7, 8]},
			"faces": {
				"north": {"uv": [0, 0, 16, 16], "texture": "#602"},
				"east": {"uv": [0, 0, 16, 16], "texture": "#602"},
				"south": {"uv": [0, 0, 16, 16], "texture": "#602"},
				"west": {"uv": [0, 0, 16, 16], "texture": "#602"},
				"up": {"uv": [0, 0, 16, 16], "texture": "#602"},
				"down": {"uv": [0, 0, 16, 16], "texture": "#602"}
			}
		},
		{
			"from": [6.75, 16.45, 7.875],
			"to": [9.25, 16.95, 8.125],
			"rotation": {"angle": -22.5, "axis": "z", "origin": [8, 16.7, 8]},
			"faces": {
				"north": {"uv": [0, 0, 16, 16], "texture": "#602"},
				"east": {"uv": [0, 0, 16, 16], "texture": "#602"},
				"south": {"uv": [0, 0, 16, 16], "texture": "#602"},
				"west": {"uv": [0, 0, 16, 16], "texture": "#602"},
				"up": {"uv": [0, 0, 16, 16], "texture": "#602"},
				"down": {"uv": [0, 0, 16, 16], "texture": "#602"}
			}
		},
		{
			"from": [7.875, 16.45, 6.75],
			"to": [8.125, 16.95, 9.25],
			"rotation": {"angle": 22.5, "axis": "x", "origin": [8, 16.7, 8]},
			"faces": {
				"north": {"uv": [0, 0, 16, 16], "texture": "#602"},
				"east": {"uv": [0, 0, 16, 16], "texture": "#602"},
				"south": {"uv": [0, 0, 16, 16], "texture": "#602"},
				"west": {"uv": [0, 0, 16, 16], "texture": "#602"},
				"up": {"uv": [0, 0, 16, 16], "texture": "#602"},
				"down": {"uv": [0, 0, 16, 16], "texture": "#602"}
			}
		},
		{
			"from": [7.6, 14.35, 7.65],
			"to": [8.4, 16.75, 8.35],
			"rotation": {"angle": 0, "axis": "y", "origin": [9, 1.7, 8]},
			"faces": {
				"north": {"uv": [2, 2, 15, 15], "texture": "#290"},
				"east": {"uv": [2, 2, 15, 15], "texture": "#290"},
				"south": {"uv": [2, 2, 15, 15], "texture": "#290"},
				"west": {"uv": [2, 2, 15, 15], "texture": "#290"},
				"up": {"uv": [2, 2, 15, 15], "texture": "#290"},
				"down": {"uv": [2, 2, 15, 15], "texture": "#290"}
			}
		},
		{
			"from": [7.92719, 20, 7.49781],
			"to": [8.12719, 20.675, 8.49781],
			"rotation": {"angle": 0, "axis": "y", "origin": [8.02719, 20.3495, 8]},
			"faces": {
				"north": {"uv": [4, 10, 10, 16], "texture": "#268"},
				"east": {"uv": [4, 10, 10, 16], "texture": "#268"},
				"south": {"uv": [4, 10, 10, 16], "texture": "#268"},
				"west": {"uv": [4, 10, 10, 16], "texture": "#268"},
				"up": {"uv": [4, 10, 10, 16], "texture": "#268"},
				"down": {"uv": [4, 10, 10, 16], "texture": "#268"}
			}
		},
		{
			"from": [7.92719, 20.2274, 7.42288],
			"to": [8.12719, 20.9274, 8.12288],
			"rotation": {"angle": 45, "axis": "x", "origin": [8.02719, 20.3495, 8]},
			"faces": {
				"north": {"uv": [4, 10, 10, 16], "texture": "#268"},
				"east": {"uv": [4, 10, 10, 16], "texture": "#268"},
				"south": {"uv": [4, 10, 10, 16], "texture": "#268"},
				"west": {"uv": [4, 10, 10, 16], "texture": "#268"},
				"up": {"uv": [4, 10, 10, 16], "texture": "#268"},
				"down": {"uv": [4, 10, 10, 16], "texture": "#268"}
			}
		},
		{
			"from": [7.87719, 20.01526, 7.63501],
			"to": [8.17719, 20.71526, 8.33501],
			"rotation": {"angle": 45, "axis": "x", "origin": [8.02719, 20.3495, 8]},
			"faces": {
				"north": {"uv": [4, 10, 10, 16], "texture": "#268"},
				"east": {"uv": [4, 10, 10, 16], "texture": "#268"},
				"south": {"uv": [4, 10, 10, 16], "texture": "#268"},
				"west": {"uv": [4, 10, 10, 16], "texture": "#268"},
				"up": {"uv": [4, 10, 10, 16], "texture": "#268"},
				"down": {"uv": [4, 10, 10, 16], "texture": "#268"}
			}
		},
		{
			"from": [7.87774, 17.44625, 7.65],
			"to": [8.17774, 18.14625, 8.35],
			"rotation": {"angle": 45, "axis": "x", "origin": [8.02774, 17.79625, 8]},
			"faces": {
				"north": {"uv": [4, 10, 10, 16], "texture": "#268"},
				"east": {"uv": [4, 10, 10, 16], "texture": "#268"},
				"south": {"uv": [4, 10, 10, 16], "texture": "#268"},
				"west": {"uv": [4, 10, 10, 16], "texture": "#268"},
				"up": {"uv": [4, 10, 10, 16], "texture": "#268"},
				"down": {"uv": [4, 10, 10, 16], "texture": "#268"}
			}
		},
		{
			"from": [7.67774, 18.52125, 7.85],
			"to": [8.37774, 19.22125, 8.15],
			"rotation": {"angle": -45, "axis": "z", "origin": [8.02774, 18.87125, 8]},
			"faces": {
				"north": {"uv": [4, 10, 10, 16], "texture": "#268"},
				"east": {"uv": [4, 10, 10, 16], "texture": "#268"},
				"south": {"uv": [4, 10, 10, 16], "texture": "#268"},
				"west": {"uv": [4, 10, 10, 16], "texture": "#268"},
				"up": {"uv": [4, 10, 10, 16], "texture": "#268"},
				"down": {"uv": [4, 10, 10, 16], "texture": "#268"}
			}
		},
		{
			"from": [7.82719, 20.11526, 7.73501],
			"to": [8.22719, 20.61526, 8.23501],
			"rotation": {"angle": 45, "axis": "x", "origin": [8.02719, 20.3495, 8]},
			"faces": {
				"north": {"uv": [4, 10, 10, 16], "texture": "#268"},
				"east": {"uv": [4, 10, 10, 16], "texture": "#268"},
				"south": {"uv": [4, 10, 10, 16], "texture": "#268"},
				"west": {"uv": [4, 10, 10, 16], "texture": "#268"},
				"up": {"uv": [4, 10, 10, 16], "texture": "#268"},
				"down": {"uv": [4, 10, 10, 16], "texture": "#268"}
			}
		},
		{
			"from": [7.77774, 18.62125, 7.8],
			"to": [8.27774, 19.12125, 8.2],
			"rotation": {"angle": -45, "axis": "z", "origin": [8.02774, 18.87125, 8]},
			"faces": {
				"north": {"uv": [4, 10, 10, 16], "texture": "#268"},
				"east": {"uv": [4, 10, 10, 16], "texture": "#268"},
				"south": {"uv": [4, 10, 10, 16], "texture": "#268"},
				"west": {"uv": [4, 10, 10, 16], "texture": "#268"},
				"up": {"uv": [4, 10, 10, 16], "texture": "#268"},
				"down": {"uv": [4, 10, 10, 16], "texture": "#268"}
			}
		},
		{
			"from": [7.82774, 17.54625, 7.75],
			"to": [8.22774, 18.04625, 8.25],
			"rotation": {"angle": 45, "axis": "x", "origin": [8.02774, 17.79625, 8]},
			"faces": {
				"north": {"uv": [4, 10, 10, 16], "texture": "#268"},
				"east": {"uv": [4, 10, 10, 16], "texture": "#268"},
				"south": {"uv": [4, 10, 10, 16], "texture": "#268"},
				"west": {"uv": [4, 10, 10, 16], "texture": "#268"},
				"up": {"uv": [4, 10, 10, 16], "texture": "#268"},
				"down": {"uv": [4, 10, 10, 16], "texture": "#268"}
			}
		},
		{
			"from": [7.92719, 19.7501, 7.90017],
			"to": [8.12719, 20.4501, 8.60017],
			"rotation": {"angle": 45, "axis": "x", "origin": [8.02719, 20.3495, 8]},
			"faces": {
				"north": {"uv": [4, 10, 10, 16], "texture": "#268"},
				"east": {"uv": [4, 10, 10, 16], "texture": "#268"},
				"south": {"uv": [4, 10, 10, 16], "texture": "#268"},
				"west": {"uv": [4, 10, 10, 16], "texture": "#268"},
				"up": {"uv": [4, 10, 10, 16], "texture": "#268"},
				"down": {"uv": [4, 10, 10, 16], "texture": "#268"}
			}
		},
		{
			"from": [7.7, 11.65, 7.6],
			"to": [8.3, 14.35, 8.4],
			"rotation": {"angle": 0, "axis": "y", "origin": [9, -1, 8]},
			"faces": {
				"north": {"uv": [2, 2, 15, 15], "texture": "#290"},
				"east": {"uv": [2, 2, 15, 15], "texture": "#290"},
				"south": {"uv": [2, 2, 15, 15], "texture": "#290"},
				"west": {"uv": [2, 2, 15, 15], "texture": "#290"},
				"up": {"uv": [2, 2, 15, 15], "texture": "#290"},
				"down": {"uv": [2, 2, 15, 15], "texture": "#290"}
			}
		},
		{
			"from": [7.6, 10.65, 7.625],
			"to": [8.4, 10.95, 8.375],
			"rotation": {"angle": 0, "axis": "y", "origin": [9, -1, 8]},
			"faces": {
				"north": {"uv": [0, 0, 16, 16], "texture": "#285"},
				"east": {"uv": [0, 0, 16, 16], "texture": "#285"},
				"south": {"uv": [0, 0, 16, 16], "texture": "#285"},
				"west": {"uv": [0, 0, 16, 16], "texture": "#285"},
				"up": {"uv": [0, 0, 16, 16], "texture": "#285"},
				"down": {"uv": [0, 0, 16, 16], "texture": "#285"}
			}
		},
		{
			"from": [7.325, -5.65, 7.3],
			"to": [8.7, -5.15, 8.6],
			"rotation": {"angle": 0, "axis": "y", "origin": [9, -17.2, 8]},
			"faces": {
				"north": {"uv": [0, 0, 16, 16], "texture": "#285"},
				"east": {"uv": [0, 0, 16, 16], "texture": "#285"},
				"south": {"uv": [0, 0, 16, 16], "texture": "#285"},
				"west": {"uv": [0, 0, 16, 16], "texture": "#285"},
				"up": {"uv": [0, 0, 16, 16], "texture": "#285"},
				"down": {"uv": [0, 0, 16, 16], "texture": "#285"}
			}
		},
		{
			"from": [7.7, -5.65, 7.425],
			"to": [8.3, -2.05, 8.5],
			"rotation": {"angle": 0, "axis": "y", "origin": [9, -17.2, 8]},
			"faces": {
				"north": {"uv": [0, 0, 16, 16], "texture": "#285"},
				"east": {"uv": [0, 0, 16, 16], "texture": "#285"},
				"south": {"uv": [0, 0, 16, 16], "texture": "#285"},
				"west": {"uv": [0, 0, 16, 16], "texture": "#285"},
				"up": {"uv": [0, 0, 16, 16], "texture": "#285"},
				"down": {"uv": [0, 0, 16, 16], "texture": "#285"}
			}
		},
		{
			"from": [7.9, -3.55, 7.5],
			"to": [8.1, 0.05, 8.4],
			"rotation": {"angle": 0, "axis": "y", "origin": [9, -15.1, 8]},
			"faces": {
				"north": {"uv": [0, 0, 16, 16], "texture": "#285"},
				"east": {"uv": [0, 0, 16, 16], "texture": "#285"},
				"south": {"uv": [0, 0, 16, 16], "texture": "#285"},
				"west": {"uv": [0, 0, 16, 16], "texture": "#285"},
				"up": {"uv": [0, 0, 16, 16], "texture": "#285"},
				"down": {"uv": [0, 0, 16, 16], "texture": "#285"}
			}
		},
		{
			"from": [7.4, -5.65, 7.7],
			"to": [8.6, -2.05, 8.3],
			"rotation": {"angle": 0, "axis": "y", "origin": [9, -17.2, 8]},
			"faces": {
				"north": {"uv": [0, 0, 16, 16], "texture": "#285"},
				"east": {"uv": [0, 0, 16, 16], "texture": "#285"},
				"south": {"uv": [0, 0, 16, 16], "texture": "#285"},
				"west": {"uv": [0, 0, 16, 16], "texture": "#285"},
				"up": {"uv": [0, 0, 16, 16], "texture": "#285"},
				"down": {"uv": [0, 0, 16, 16], "texture": "#285"}
			}
		},
		{
			"from": [7.5, -3.55, 7.9],
			"to": [8.5, 0.05, 8.1],
			"rotation": {"angle": 0, "axis": "y", "origin": [9, -15.1, 8]},
			"faces": {
				"north": {"uv": [0, 0, 16, 16], "texture": "#285"},
				"east": {"uv": [0, 0, 16, 16], "texture": "#285"},
				"south": {"uv": [0, 0, 16, 16], "texture": "#285"},
				"west": {"uv": [0, 0, 16, 16], "texture": "#285"},
				"up": {"uv": [0, 0, 16, 16], "texture": "#285"},
				"down": {"uv": [0, 0, 16, 16], "texture": "#285"}
			}
		},
		{
			"from": [7.5, -6.05, 7.425],
			"to": [8.5, -5.25, 8.425],
			"rotation": {"angle": 0, "axis": "y", "origin": [9, -17.2, 7.925]},
			"faces": {
				"north": {"uv": [4, 10, 10, 16], "texture": "#268"},
				"east": {"uv": [4, 10, 10, 16], "texture": "#268"},
				"south": {"uv": [4, 10, 10, 16], "texture": "#268"},
				"west": {"uv": [4, 10, 10, 16], "texture": "#268"},
				"up": {"uv": [4, 10, 10, 16], "texture": "#268"},
				"down": {"uv": [4, 10, 10, 16], "texture": "#268"}
			}
		},
		{
			"from": [7.6, -6.45, 7.525],
			"to": [8.4, -5.65, 8.325],
			"rotation": {"angle": 0, "axis": "y", "origin": [9, -17.6, 7.925]},
			"faces": {
				"north": {"uv": [4, 10, 10, 16], "texture": "#268"},
				"east": {"uv": [4, 10, 10, 16], "texture": "#268"},
				"south": {"uv": [4, 10, 10, 16], "texture": "#268"},
				"west": {"uv": [4, 10, 10, 16], "texture": "#268"},
				"up": {"uv": [4, 10, 10, 16], "texture": "#268"},
				"down": {"uv": [4, 10, 10, 16], "texture": "#268"}
			}
		},
		{
			"from": [7.7, -6.75, 7.625],
			"to": [8.3, -5.95, 8.225],
			"rotation": {"angle": 0, "axis": "y", "origin": [9, -17.9, 7.925]},
			"faces": {
				"north": {"uv": [4, 10, 10, 16], "texture": "#268"},
				"east": {"uv": [4, 10, 10, 16], "texture": "#268"},
				"south": {"uv": [4, 10, 10, 16], "texture": "#268"},
				"west": {"uv": [4, 10, 10, 16], "texture": "#268"},
				"up": {"uv": [4, 10, 10, 16], "texture": "#268"},
				"down": {"uv": [4, 10, 10, 16], "texture": "#268"}
			}
		},
		{
			"from": [7.8, -7.05, 7.725],
			"to": [8.2, -6.25, 8.125],
			"rotation": {"angle": 0, "axis": "y", "origin": [9, -18.2, 7.925]},
			"faces": {
				"north": {"uv": [4, 10, 10, 16], "texture": "#268"},
				"east": {"uv": [4, 10, 10, 16], "texture": "#268"},
				"south": {"uv": [4, 10, 10, 16], "texture": "#268"},
				"west": {"uv": [4, 10, 10, 16], "texture": "#268"},
				"up": {"uv": [4, 10, 10, 16], "texture": "#268"},
				"down": {"uv": [4, 10, 10, 16], "texture": "#268"}
			}
		},
		{
			"from": [7.725, 10.35, 7.6],
			"to": [8.275, 11.35, 8.4],
			"rotation": {"angle": 0, "axis": "y", "origin": [9, -1, 8]},
			"faces": {
				"north": {"uv": [0, 0, 16, 16], "texture": "#285"},
				"east": {"uv": [0, 0, 16, 16], "texture": "#285"},
				"south": {"uv": [0, 0, 16, 16], "texture": "#285"},
				"west": {"uv": [0, 0, 16, 16], "texture": "#285"},
				"up": {"uv": [0, 0, 16, 16], "texture": "#285"},
				"down": {"uv": [0, 0, 16, 16], "texture": "#285"}
			}
		},
		{
			"from": [15.75, 15.25, 7.625],
			"to": [16.15, 15.65, 8.375],
			"rotation": {"angle": 45, "axis": "z", "origin": [16.95, 3.8, 8]},
			"faces": {
				"north": {"uv": [0, 0, 16, 16], "texture": "#285"},
				"east": {"uv": [0, 0, 16, 16], "texture": "#285"},
				"south": {"uv": [0, 0, 16, 16], "texture": "#285"},
				"west": {"uv": [0, 0, 16, 16], "texture": "#285"},
				"up": {"uv": [0, 0, 16, 16], "texture": "#285"},
				"down": {"uv": [0, 0, 16, 16], "texture": "#285"}
			}
		},
		{
			"from": [15.775, 14.275, 7.625],
			"to": [16.175, 14.675, 8.375],
			"rotation": {"angle": 45, "axis": "z", "origin": [16.95, 2.8, 8]},
			"faces": {
				"north": {"uv": [0, 0, 16, 16], "texture": "#285"},
				"east": {"uv": [0, 0, 16, 16], "texture": "#285"},
				"south": {"uv": [0, 0, 16, 16], "texture": "#285"},
				"west": {"uv": [0, 0, 16, 16], "texture": "#285"},
				"up": {"uv": [0, 0, 16, 16], "texture": "#285"},
				"down": {"uv": [0, 0, 16, 16], "texture": "#285"}
			}
		},
		{
			"from": [7.6, 11.65, 7.675],
			"to": [8.4, 14.35, 8.3],
			"rotation": {"angle": 0, "axis": "y", "origin": [9, -1, 8]},
			"faces": {
				"north": {"uv": [2, 2, 15, 15], "texture": "#290"},
				"east": {"uv": [2, 2, 15, 15], "texture": "#290"},
				"south": {"uv": [2, 2, 15, 15], "texture": "#290"},
				"west": {"uv": [2, 2, 15, 15], "texture": "#290"},
				"up": {"uv": [2, 2, 15, 15], "texture": "#290"},
				"down": {"uv": [2, 2, 15, 15], "texture": "#290"}
			}
		},
		{
			"from": [7.7, 14.35, 7.55],
			"to": [8.3, 15.95, 8.45],
			"rotation": {"angle": 0, "axis": "y", "origin": [9, 1.7, 8]},
			"faces": {
				"north": {"uv": [2, 2, 15, 15], "texture": "#290"},
				"east": {"uv": [2, 2, 15, 15], "texture": "#290"},
				"south": {"uv": [2, 2, 15, 15], "texture": "#290"},
				"west": {"uv": [2, 2, 15, 15], "texture": "#290"},
				"up": {"uv": [2, 2, 15, 15], "texture": "#290"},
				"down": {"uv": [2, 2, 15, 15], "texture": "#290"}
			}
		},
		{
			"from": [7.5, 14.35, 7.75],
			"to": [8.5, 15.95, 8.25],
			"rotation": {"angle": 0, "axis": "y", "origin": [9, 1.7, 8]},
			"faces": {
				"north": {"uv": [2, 2, 15, 15], "texture": "#290"},
				"east": {"uv": [2, 2, 15, 15], "texture": "#290"},
				"south": {"uv": [2, 2, 15, 15], "texture": "#290"},
				"west": {"uv": [2, 2, 15, 15], "texture": "#290"},
				"up": {"uv": [2, 2, 15, 15], "texture": "#290"},
				"down": {"uv": [2, 2, 15, 15], "texture": "#290"}
			}
		},
		{
			"from": [7.95, 14.32876, 7.31212],
			"to": [8.05, 16.82876, 7.51212],
			"rotation": {"angle": -22.5, "axis": "x", "origin": [8, 15.33525, 8]},
			"faces": {
				"north": {"uv": [0, 0, 16, 16], "rotation": 270, "texture": "#285"},
				"east": {"uv": [0, 0, 16, 16], "rotation": 270, "texture": "#285"},
				"south": {"uv": [0, 0, 16, 16], "rotation": 270, "texture": "#285"},
				"west": {"uv": [0, 0, 16, 16], "rotation": 270, "texture": "#285"},
				"up": {"uv": [0, 0, 16, 16], "rotation": 270, "texture": "#285"},
				"down": {"uv": [0, 0, 16, 16], "rotation": 270, "texture": "#285"}
			}
		},
		{
			"from": [7.26368, 14.08525, 7.95],
			"to": [7.46368, 16.58525, 8.05],
			"rotation": {"angle": 22.5, "axis": "z", "origin": [7.36368, 15.33525, 8]},
			"faces": {
				"north": {"uv": [0, 0, 16, 16], "rotation": 90, "texture": "#285"},
				"east": {"uv": [0, 0, 16, 16], "rotation": 90, "texture": "#285"},
				"south": {"uv": [0, 0, 16, 16], "rotation": 90, "texture": "#285"},
				"west": {"uv": [0, 0, 16, 16], "rotation": 90, "texture": "#285"},
				"up": {"uv": [0, 0, 16, 16], "rotation": 90, "texture": "#285"},
				"down": {"uv": [0, 0, 16, 16], "rotation": 90, "texture": "#285"}
			}
		},
		{
			"from": [7.95, 14.32876, 8.48788],
			"to": [8.05, 16.82876, 8.68788],
			"rotation": {"angle": 22.5, "axis": "x", "origin": [8, 15.33525, 8]},
			"faces": {
				"north": {"uv": [0, 0, 16, 16], "rotation": 270, "texture": "#285"},
				"east": {"uv": [0, 0, 16, 16], "rotation": 270, "texture": "#285"},
				"south": {"uv": [0, 0, 16, 16], "rotation": 270, "texture": "#285"},
				"west": {"uv": [0, 0, 16, 16], "rotation": 270, "texture": "#285"},
				"up": {"uv": [0, 0, 16, 16], "rotation": 270, "texture": "#285"},
				"down": {"uv": [0, 0, 16, 16], "rotation": 270, "texture": "#285"}
			}
		},
		{
			"from": [8.53632, 14.08525, 7.95],
			"to": [8.73632, 16.58525, 8.05],
			"rotation": {"angle": -22.5, "axis": "z", "origin": [8.63632, 15.33525, 8]},
			"faces": {
				"north": {"uv": [0, 0, 16, 16], "rotation": 90, "texture": "#285"},
				"east": {"uv": [0, 0, 16, 16], "rotation": 90, "texture": "#285"},
				"south": {"uv": [0, 0, 16, 16], "rotation": 90, "texture": "#285"},
				"west": {"uv": [0, 0, 16, 16], "rotation": 90, "texture": "#285"},
				"up": {"uv": [0, 0, 16, 16], "rotation": 90, "texture": "#285"},
				"down": {"uv": [0, 0, 16, 16], "rotation": 90, "texture": "#285"}
			}
		}
	],
	"gui_light": "front",
	"display": {
		"firstperson_righthand": {
			"rotation": [0, -111, 0],
			"translation": [1.75, -0.75, 0]
		},
		"firstperson_lefthand": {
			"rotation": [0, -102, 0],
			"translation": [1.25, 0, 0]
		},
		"ground": {
			"translation": [0, 10.5, 0]
		},
		"gui": {
			"rotation": [0, 0, 45],
			"translation": [-0.25, 0.75, 0],
			"scale": [2.91, 0.75, 1.73]
		},
		"head": {
			"translation": [0, -2, -2.25]
		},
		"fixed": {
			"translation": [0, 0.5, -2.5]
		}
	}
}