{
	"credit": "Made with Blockbench",
	"texture_size": [32, 32],
	"textures": {
		"0": "block/mh/alma",
		"particle": "block/mh/alma"
	},
	"elements": [
		{
			"from": [5.5, 0, 5.5],
			"to": [10.5, 5, 10.5],
			"faces": {
				"north": {"uv": [5, 4.5, 7.5, 7], "texture": "#0"},
				"east": {"uv": [2.5, 7, 5, 9.5], "texture": "#0"},
				"south": {"uv": [5, 7, 7.5, 9.5], "texture": "#0"},
				"west": {"uv": [0, 7.5, 2.5, 10], "texture": "#0"},
				"up": {"uv": [10, 2.5, 7.5, 0], "texture": "#0"},
				"down": {"uv": [10, 2.5, 7.5, 5], "texture": "#0"}
			}
		},
		{
			"from": [0, 5, 9],
			"to": [0, 9, 14],
			"rotation": {"angle": 45, "axis": "y", "origin": [0, 0, 0]},
			"faces": {
				"north": {"uv": [0, 0, 0, 2], "texture": "#0"},
				"east": {"uv": [7.5, 5, 10, 7], "texture": "#0"},
				"south": {"uv": [0, 0, 0, 2], "texture": "#0"},
				"west": {"uv": [7.5, 7, 10, 9], "texture": "#0"},
				"up": {"uv": [0, 2.5, 0, 0], "texture": "#0"},
				"down": {"uv": [0, 0, 0, 2.5], "texture": "#0"}
			}
		}
	],
"display": {
 "head": {
            "rotation": [ 0, 0, 0 ],
            "translation": [ 0, -6, 0 ],
            "scale": [ 1.5, 1.5, 1.5 ]
        },        
"fixed": {
            "rotation": [ -90, 0, 0 ],
            "translation": [ 0, 0, -16 ],
            "scale": [ 2, 2, 2 ]
        },
"gui": {
			"rotation": [30, -46, 0],
			"translation": [-0.25, 1, 0]
		}
    }
}