{
	"credit": "Made with Blockbench",
	"texture_size": [32, 32],
	"textures": {
		"0": "block/mh/blacksmith_hammer",
		"particle": "block/mh/blacksmith_hammer"
	},
	"elements": [
		{
			"from": [7, 1.5, 0],
			"to": [9, 3.5, 12],
			"faces": {
				"north": {"uv": [9, 0, 10, 1], "texture": "#0"},
				"east": {"uv": [5, 5, 11, 6], "texture": "#0"},
				"south": {"uv": [9, 1, 10, 2], "texture": "#0"},
				"west": {"uv": [5, 6, 11, 7], "texture": "#0"},
				"up": {"uv": [6, 13, 5, 7], "texture": "#0"},
				"down": {"uv": [7, 7, 6, 13], "texture": "#0"}
			}
		},
		{
			"from": [3.5, 0, 11],
			"to": [12.5, 5, 16],
			"faces": {
				"north": {"uv": [0, 0, 4.5, 2.5], "texture": "#0"},
				"east": {"uv": [0, 5, 2.5, 7.5], "texture": "#0"},
				"south": {"uv": [0, 2.5, 4.5, 5], "texture": "#0"},
				"west": {"uv": [2.5, 5, 5, 7.5], "texture": "#0"},
				"up": {"uv": [9, 2.5, 4.5, 0], "texture": "#0"},
				"down": {"uv": [9, 2.5, 4.5, 5], "texture": "#0"}
			}
		},
		{
			"from": [6.5, 1, 10],
			"to": [9.5, 4, 11],
			"faces": {
				"north": {"uv": [1.5, 7.5, 3, 9], "texture": "#0"},
				"east": {"uv": [4.5, 7.5, 5, 9], "texture": "#0"},
				"south": {"uv": [3, 7.5, 4.5, 9], "texture": "#0"},
				"west": {"uv": [1.5, 9, 2, 10.5], "texture": "#0"},
				"up": {"uv": [3.5, 9.5, 2, 9], "texture": "#0"},
				"down": {"uv": [10.5, 2, 9, 2.5], "texture": "#0"}
			}
		},
		{
			"from": [6.5, 1, -2],
			"to": [9.5, 4, 0],
			"faces": {
				"north": {"uv": [7, 7, 8.5, 8.5], "texture": "#0"},
				"east": {"uv": [7, 8.5, 8, 10], "texture": "#0"},
				"south": {"uv": [0, 7.5, 1.5, 9], "texture": "#0"},
				"west": {"uv": [8.5, 7, 9.5, 8.5], "texture": "#0"},
				"up": {"uv": [9.5, 9.5, 8, 8.5], "texture": "#0"},
				"down": {"uv": [1.5, 9, 0, 10], "texture": "#0"}
			}
		}
	],
	"display": {
		"thirdperson_righthand": {
			"rotation": [-90, 0, 90],
			"translation": [-5.5, 3.25, 1.5]
		},
		"firstperson_righthand": {
			"rotation": [-93, -11, 102],
			"translation": [-3.75, -1, -0.5],
			"scale": [0.75, 1, 1]
		},
		"gui": {
			"rotation": [118, 141, -44],
			"translation": [-3.25, 0.5, 0]
		},
		"fixed": {
			"rotation": [-90, 0, 0],
			"translation": [0, 0, -16],
			"scale": [2, 2, 2]
		}
	}
}