{
	"credit": "Made with Blockbench",

	"elements": [
		{
			"from": [6, 0, 6],
			"to": [10, 1, 10],
			"faces": {
				"north": {"uv": [5, 3, 7, 3.5], "texture": "#2"},
				"east": {"uv": [5, 3.5, 7, 4], "texture": "#2"},
				"south": {"uv": [4, 5.5, 6, 6], "texture": "#2"},
				"west": {"uv": [0, 6, 2, 6.5], "texture": "#2"},
				"up": {"uv": [5, 2, 3, 0], "texture": "#2"},
				"down": {"uv": [5, 2, 3, 4], "texture": "#2"}
			}
		},
		{
			"from": [5, 7, 5],
			"to": [11, 7, 11],
			"faces": {
				"north": {"uv": [0, 0, 3, 0], "texture": "#2"},
				"east": {"uv": [0, 0, 3, 0], "texture": "#2"},
				"south": {"uv": [0, 0, 3, 0], "texture": "#2"},
				"west": {"uv": [0, 0, 3, 0], "texture": "#2"},
				"up": {"uv": [3, 3, 0, 0], "texture": "#2"},
				"down": {"uv": [3, 3, 0, 6], "texture": "#2"}
			}
		},
		{
			"from": [5, 7, 5],
			"to": [11, 13, 5],
			"rotation": {"angle": 0, "axis": "x", "origin": [8, 6, 8]},
			"faces": {
				"north": {"uv": [0, 0, 6, 6], "texture": "#1"},
				"east": {"uv": [0, 0, 0, 6], "texture": "#1"},
				"south": {"uv": [0, 6, 6, 12], "texture": "#1"},
				"west": {"uv": [0, 0, 0, 6], "texture": "#1"},
				"up": {"uv": [6, 0, 0, 0], "texture": "#1"},
				"down": {"uv": [6, 0, 0, 0], "texture": "#1"}
			}
		},
		{
			"from": [11, 7, 5],
			"to": [11, 13, 11],
			"rotation": {"angle": 0, "axis": "y", "origin": [8, 6, 8]},
			"faces": {
				"north": {"uv": [0, 0, 0, 6], "texture": "#1"},
				"east": {"uv": [0, 0, 6, 6], "texture": "#1"},
				"south": {"uv": [0, 0, 0, 6], "texture": "#1"},
				"west": {"uv": [0, 6, 6, 12], "texture": "#1"},
				"up": {"uv": [6, 0, 0, 0], "rotation": 90, "texture": "#1"},
				"down": {"uv": [6, 0, 0, 0], "rotation": 270, "texture": "#1"}
			}
		},
		{
			"from": [5, 7, 5],
			"to": [5, 13, 11],
			"rotation": {"angle": 0, "axis": "y", "origin": [8, 6, 8]},
			"faces": {
				"north": {"uv": [0, 0, 0, 6], "texture": "#1"},
				"east": {"uv": [0, 6, 6, 12], "texture": "#1"},
				"south": {"uv": [0, 0, 0, 6], "texture": "#1"},
				"west": {"uv": [0, 0, 6, 6], "texture": "#1"},
				"up": {"uv": [6, 0, 0, 0], "rotation": 270, "texture": "#1"},
				"down": {"uv": [6, 0, 0, 0], "rotation": 90, "texture": "#1"}
			}
		},
		{
			"from": [5, 7, 11],
			"to": [11, 13, 11],
			"rotation": {"angle": 0, "axis": "y", "origin": [8, 6, 8]},
			"faces": {
				"north": {"uv": [0, 6, 6, 12], "texture": "#1"},
				"east": {"uv": [0, 0, 0, 6], "texture": "#1"},
				"south": {"uv": [0, 0, 6, 6], "texture": "#1"},
				"west": {"uv": [0, 0, 0, 6], "texture": "#1"},
				"up": {"uv": [6, 0, 0, 0], "rotation": 180, "texture": "#1"},
				"down": {"uv": [6, 0, 0, 0], "rotation": 180, "texture": "#1"}
			}
		},
		{
			"from": [6.5, 6, 6.5],
			"to": [9.5, 7, 9.5],
			"faces": {
				"north": {"uv": [6, 0, 7.5, 0.5], "texture": "#2"},
				"east": {"uv": [6, 0.5, 7.5, 1], "texture": "#2"},
				"south": {"uv": [6, 1, 7.5, 1.5], "texture": "#2"},
				"west": {"uv": [6, 1.5, 7.5, 2], "texture": "#2"},
				"up": {"uv": [4.5, 5.5, 3, 4], "texture": "#2"},
				"down": {"uv": [6, 4, 4.5, 5.5], "texture": "#2"}
			}
		},
		{
			"from": [7.5, 0, 7.5],
			"to": [8.5, 6, 8.5],
			"faces": {
				"north": {"uv": [5, 0, 5.5, 3], "texture": "#2"},
				"east": {"uv": [5.5, 0, 6, 3], "texture": "#2"},
				"south": {"uv": [3, 5.5, 3.5, 8.5], "texture": "#2"},
				"west": {"uv": [3.5, 5.5, 4, 8.5], "texture": "#2"},
				"up": {"uv": [2.5, 6.5, 2, 6], "texture": "#2"},
				"down": {"uv": [6.5, 2, 6, 2.5], "texture": "#2"}
			}
		},
		{
			"from": [5, 11, 5],
			"to": [11, 11, 11],
			"faces": {
				"north": {"uv": [0, 0, 6, 0], "texture": "#3"},
				"east": {"uv": [0, 0, 6, 0], "texture": "#3"},
				"south": {"uv": [0, 0, 6, 0], "texture": "#3"},
				"west": {"uv": [0, 0, 6, 0], "texture": "#3"},
				"up": {"uv": [6, 6, 0, 0], "texture": "#3"},
				"down": {"uv": [6, 6, 0, 12], "texture": "#3"}
			}
		}
	],
"display": {
 "head": {
            "rotation": [ 0, 0, 0 ],
            "translation": [ 0, -6, 0 ],
            "scale": [ 1.5, 1.5, 1.5 ]
        },        
"fixed": {
            "rotation": [ -90, 0, 0 ],
            "translation": [ 0, 0, -16 ],
            "scale": [ 2, 2, 2 ]
        },
"gui": {
			"rotation": [30, -46, 0],
			"translation": [-0.25, 1, 0]
		}
    }
}