{
	"credit": "Made with Blockbench",
	"texture_size": [64, 64],
	"elements": [
		{
			"from": [2, 9, 2],
			"to": [14, 11, 14],
			"rotation": {"angle": 0, "axis": "x", "origin": [8, 8, 8]},
			"faces": {
				"north": {"uv": [3, 4, 6, 4.5], "texture": "#0"},
				"east": {"uv": [3, 4.5, 6, 5], "texture": "#0"},
				"south": {"uv": [3, 5, 6, 5.5], "texture": "#0"},
				"west": {"uv": [3, 5.5, 6, 6], "texture": "#0"},
				"up": {"uv": [3, 3, 0, 0], "texture": "#0"},
				"down": {"uv": [3, 3, 0, 6], "texture": "#0"}
			}
		},
		{
			"from": [2, 15, 2.25],
			"to": [14, 23, 4.25],
			"rotation": {"angle": 0, "axis": "x", "origin": [8, 17.5, 0.5]},
			"faces": {
				"north": {"uv": [3, 0, 6, 2], "texture": "#0"},
				"east": {"uv": [6, 0.5, 6.5, 2.5], "texture": "#0"},
				"south": {"uv": [3, 2, 6, 4], "texture": "#0"},
				"west": {"uv": [6, 2.5, 6.5, 4.5], "texture": "#0"},
				"up": {"uv": [3, 6.5, 0, 6], "texture": "#0"},
				"down": {"uv": [9, 0, 6, 0.5], "texture": "#0"}
			}
		},
		{
			"from": [2, 0, 11],
			"to": [5, 9, 14],
			"faces": {
				"north": {"uv": [0, 6, 0.75, 8.25], "texture": "#1"},
				"east": {"uv": [6, 0, 6.75, 2.25], "texture": "#1"},
				"south": {"uv": [0.75, 6, 1.5, 8.25], "texture": "#1"},
				"west": {"uv": [1.5, 6, 2.25, 8.25], "texture": "#1"},
				"up": {"uv": [5.25, 6.75, 4.5, 6], "texture": "#1"},
				"down": {"uv": [6.75, 4.5, 6, 5.25], "texture": "#1"}
			}
		},
		{
			"from": [11, 0, 11],
			"to": [14, 9, 14],
			"faces": {
				"north": {"uv": [2.25, 6, 3, 8.25], "texture": "#1"},
				"east": {"uv": [6, 2.25, 6.75, 4.5], "texture": "#1"},
				"south": {"uv": [3, 6, 3.75, 8.25], "texture": "#1"},
				"west": {"uv": [3.75, 6, 4.5, 8.25], "texture": "#1"},
				"up": {"uv": [6, 6.75, 5.25, 6], "texture": "#1"},
				"down": {"uv": [6.75, 5.25, 6, 6], "texture": "#1"}
			}
		},
		{
			"from": [11.01, 0, 1],
			"to": [14.01, 24, 4],
			"rotation": {"angle": 0, "axis": "x", "origin": [8, 3.5, 4]},
			"faces": {
				"north": {"uv": [0, 0, 0.75, 6], "texture": "#1"},
				"east": {"uv": [0.75, 0, 1.5, 6], "texture": "#1"},
				"south": {"uv": [1.5, 0, 2.25, 6], "texture": "#1"},
				"west": {"uv": [2.25, 0, 3, 6], "texture": "#1"},
				"up": {"uv": [6.75, 6.75, 6, 6], "texture": "#1"},
				"down": {"uv": [7.5, 0, 6.75, 0.75], "texture": "#1"}
			}
		},
		{
			"from": [1.99, 0, 1],
			"to": [4.99, 24, 4],
			"rotation": {"angle": 0, "axis": "x", "origin": [8, 3.5, 4]},
			"faces": {
				"north": {"uv": [3, 0, 3.75, 6], "texture": "#1"},
				"east": {"uv": [3.75, 0, 4.5, 6], "texture": "#1"},
				"south": {"uv": [4.5, 0, 5.25, 6], "texture": "#1"},
				"west": {"uv": [5.25, 0, 6, 6], "texture": "#1"},
				"up": {"uv": [7.5, 1.5, 6.75, 0.75], "texture": "#1"},
				"down": {"uv": [7.5, 1.5, 6.75, 2.25], "texture": "#1"}
			}
		}
	],
	"display": {
        "head": {
            "rotation": [ 0, -90, 0 ],
            "translation": [ -2, -6, 1.5 ],
            "scale": [ 1.5, 1.5, 1.5 ]
        },
	"fixed": {
            "rotation": [ -90, 0, 0 ],
            "translation": [ 0, 0, 16 ],
            "scale": [ 2, 2, 2 ]
	},
"gui": {
			"rotation": [30, -46, 0],
			"translation": [-0.25, 1, 0],
			"scale": [ 0.75, 0.75, 0.75 ]
		}
    }
}