{
	"credit": "Made with Blockbench",
	"texture_size": [32, 32],
	"textures": {
		"0": "block/mh/coinpile",
		"particle": "block/mh/coinpile"
	},
	"elements": [
		{
			"from": [4, 0, 4],
			"to": [7, 10, 7],
			"faces": {
				"north": {"uv": [6, 0, 7.5, 5], "texture": "#0"},
				"east": {"uv": [6, 5, 7.5, 10], "texture": "#0"},
				"south": {"uv": [0, 6.5, 1.5, 11.5], "texture": "#0"},
				"west": {"uv": [1.5, 6.5, 3, 11.5], "texture": "#0"},
				"up": {"uv": [7.5, 11.5, 6, 10], "texture": "#0"},
				"down": {"uv": [10.5, 10, 9, 11.5], "texture": "#0"}
			}
		},
		{
			"from": [11, 0, 4],
			"to": [14, 13, 7],
			"rotation": {"angle": -22.5, "axis": "y", "origin": [0, 0, 0]},
			"faces": {
				"north": {"uv": [0, 0, 1.5, 6.5], "texture": "#0"},
				"east": {"uv": [1.5, 0, 3, 6.5], "texture": "#0"},
				"south": {"uv": [3, 0, 4.5, 6.5], "texture": "#0"},
				"west": {"uv": [4.5, 0, 6, 6.5], "texture": "#0"},
				"up": {"uv": [12, 1.5, 10.5, 0], "texture": "#0"},
				"down": {"uv": [12, 1.5, 10.5, 3], "texture": "#0"}
			}
		},
		{
			"from": [11, 0, 4],
			"to": [14, 7, 7],
			"faces": {
				"north": {"uv": [3, 6.5, 4.5, 10], "texture": "#0"},
				"east": {"uv": [4.5, 6.5, 6, 10], "texture": "#0"},
				"south": {"uv": [7.5, 0, 9, 3.5], "texture": "#0"},
				"west": {"uv": [7.5, 3.5, 9, 7], "texture": "#0"},
				"up": {"uv": [12, 4.5, 10.5, 3], "texture": "#0"},
				"down": {"uv": [12, 4.5, 10.5, 6], "texture": "#0"}
			}
		},
		{
			"from": [4, 0, 11],
			"to": [7, 5, 14],
			"faces": {
				"north": {"uv": [7.5, 7, 9, 9.5], "texture": "#0"},
				"east": {"uv": [9, 0, 10.5, 2.5], "texture": "#0"},
				"south": {"uv": [9, 2.5, 10.5, 5], "texture": "#0"},
				"west": {"uv": [9, 5, 10.5, 7.5], "texture": "#0"},
				"up": {"uv": [12, 7.5, 10.5, 6], "texture": "#0"},
				"down": {"uv": [12, 7.5, 10.5, 9], "texture": "#0"}
			}
		},
		{
			"from": [11, 0, 12],
			"to": [14, 5, 15],
			"rotation": {"angle": 22.5, "axis": "y", "origin": [12.5, 2.5, 13.5]},
			"faces": {
				"north": {"uv": [9, 7.5, 10.5, 10], "texture": "#0"},
				"east": {"uv": [7.5, 9.5, 9, 12], "texture": "#0"},
				"south": {"uv": [3, 10, 4.5, 12.5], "texture": "#0"},
				"west": {"uv": [4.5, 10, 6, 12.5], "texture": "#0"},
				"up": {"uv": [12, 10.5, 10.5, 9], "texture": "#0"},
				"down": {"uv": [12, 10.5, 10.5, 12], "texture": "#0"}
			}
		},
		{
			"from": [1, 0, 8],
			"to": [4, 1, 11],
			"faces": {
				"north": {"uv": [12, 0, 13.5, 0.5], "texture": "#0"},
				"east": {"uv": [12, 0.5, 13.5, 1], "texture": "#0"},
				"south": {"uv": [12, 1, 13.5, 1.5], "texture": "#0"},
				"west": {"uv": [12, 1.5, 13.5, 2], "texture": "#0"},
				"up": {"uv": [1.5, 13, 0, 11.5], "texture": "#0"},
				"down": {"uv": [3, 11.5, 1.5, 13], "texture": "#0"}
			}
		},
		{
			"from": [4, 0.76537, 2.15224],
			"to": [7, 3.76537, 3.15224],
			"rotation": {"angle": 22.5, "axis": "x", "origin": [5.5, 1.26537, 1.65224]},
			"faces": {
				"north": {"uv": [6, 11.5, 7.5, 13], "texture": "#0"},
				"east": {"uv": [12, 2, 12.5, 3.5], "texture": "#0"},
				"south": {"uv": [9, 11.5, 10.5, 13], "texture": "#0"},
				"west": {"uv": [12, 3.5, 12.5, 5], "texture": "#0"},
				"up": {"uv": [13.5, 5.5, 12, 5], "texture": "#0"},
				"down": {"uv": [13.5, 5.5, 12, 6], "texture": "#0"}
			}
		}
	],
"display": {
 "head": {
            "rotation": [ 0, 0, 0 ],
            "translation": [ 0, -6, 0 ],
            "scale": [ 1.5, 1.5, 1.5 ]
        },        
"fixed": {
            "rotation": [ -90, 0, 0 ],
            "translation": [ 0, 0, -16 ],
            "scale": [ 2, 2, 2 ]
        },
"gui": {
			"rotation": [30, -46, 0],
			"translation": [-0.25, 1, 0],
			"scale": [ 0.75, 0.75, 0.75 ]
		}
    }
}