{
	"credit": "Made with Blockbench",
	"texture_size": [32, 32],
	"textures": {
		"0": "block/mh/bowl"
	},
	"elements": [
		{
			"from": [5, 0, 5],
			"to": [11, 1, 11],
			"faces": {
				"north": {"uv": [10.5, 10, 13.5, 10.5], "texture": "#0"},
				"east": {"uv": [10.5, 10.5, 13.5, 11], "texture": "#0"},
				"south": {"uv": [0, 11, 3, 11.5], "texture": "#0"},
				"west": {"uv": [3, 11, 6, 11.5], "texture": "#0"},
				"up": {"uv": [3, 11, 0, 8], "texture": "#0"},
				"down": {"uv": [6, 8, 3, 11], "texture": "#0"}
			}
		},
		{
			"from": [4, 1, 4],
			"to": [12, 2, 12],
			"faces": {
				"north": {"uv": [10.5, 6, 14.5, 6.5], "texture": "#0"},
				"east": {"uv": [10.5, 6.5, 14.5, 7], "texture": "#0"},
				"south": {"uv": [10.5, 7, 14.5, 7.5], "texture": "#0"},
				"west": {"uv": [10.5, 7.5, 14.5, 8], "texture": "#0"},
				"up": {"uv": [4, 4, 0, 0], "texture": "#0"},
				"down": {"uv": [4, 4, 0, 8], "texture": "#0"}
			}
		},
		{
			"from": [4, 1, 3],
			"to": [12, 5, 4],
			"rotation": {"angle": 0, "axis": "y", "origin": [0, -1, 0]},
			"faces": {
				"north": {"uv": [6, 8, 10, 10], "texture": "#0"},
				"east": {"uv": [7.5, 10, 8, 12], "texture": "#0"},
				"south": {"uv": [9, 0, 13, 2], "texture": "#0"},
				"west": {"uv": [8, 10, 8.5, 12], "texture": "#0"},
				"up": {"uv": [14.5, 8.5, 10.5, 8], "texture": "#0"},
				"down": {"uv": [14.5, 8.5, 10.5, 9], "texture": "#0"}
			}
		},
		{
			"from": [4, 1, 12],
			"to": [12, 5, 13],
			"rotation": {"angle": 0, "axis": "y", "origin": [0, -1, 0]},
			"faces": {
				"north": {"uv": [9, 2, 13, 4], "texture": "#0"},
				"east": {"uv": [8.5, 10, 9, 12], "texture": "#0"},
				"south": {"uv": [9, 4, 13, 6], "texture": "#0"},
				"west": {"uv": [9, 10, 9.5, 12], "texture": "#0"},
				"up": {"uv": [14.5, 9.5, 10.5, 9], "texture": "#0"},
				"down": {"uv": [14.5, 9.5, 10.5, 10], "texture": "#0"}
			}
		},
		{
			"from": [12, 1, 3],
			"to": [13, 5, 13],
			"rotation": {"angle": 0, "axis": "y", "origin": [0, -1, 0]},
			"faces": {
				"north": {"uv": [9.5, 10, 10, 12], "texture": "#0"},
				"east": {"uv": [4, 4, 9, 6], "texture": "#0"},
				"south": {"uv": [10, 11, 10.5, 13], "texture": "#0"},
				"west": {"uv": [4, 6, 9, 8], "texture": "#0"},
				"up": {"uv": [7, 15, 6.5, 10], "texture": "#0"},
				"down": {"uv": [7.5, 10, 7, 15], "texture": "#0"}
			}
		},
		{
			"from": [3, 1, 3],
			"to": [4, 5, 13],
			"rotation": {"angle": 0, "axis": "y", "origin": [0, -1, 0]},
			"faces": {
				"north": {"uv": [9, 6, 9.5, 8], "texture": "#0"},
				"east": {"uv": [4, 0, 9, 2], "texture": "#0"},
				"south": {"uv": [9.5, 6, 10, 8], "texture": "#0"},
				"west": {"uv": [4, 2, 9, 4], "texture": "#0"},
				"up": {"uv": [6.5, 15, 6, 10], "texture": "#0"},
				"down": {"uv": [10.5, 6, 10, 11], "texture": "#0"}
			}
		}
	],
"display": {
 "head": {
            "rotation": [ 0, 0, 0 ],
            "translation": [ 0, -6, 0 ],
            "scale": [ 1.5, 1.5, 1.5 ]
        },        
"fixed": {
            "rotation": [ -90, 0, 0 ],
            "translation": [ 0, 0, -16 ],
            "scale": [ 2, 2, 2 ]
        },
"gui": {
			"rotation": [30, -46, 0],
			"translation": [-0.25, 1, 0]
		}
    }
}