{
	"credit": "Made with Blockbench",
	"texture_size": [32, 32],
	"textures": {
		"1": "block/mh/venus_teeth",
		"2": "block/mh/flytrap_base",
		"particle": "block/mh/flytrap_base"
	},
	"elements": [
		{
			"from": [8, 0, 0],
			"to": [8, 12, 16],
			"rotation": {"angle": 45, "axis": "y", "origin": [8, 5, 8]},
			"faces": {
				"north": {"uv": [0, 0, 0, 6], "texture": "#2"},
				"east": {"uv": [0, 0, 8, 6], "texture": "#2"},
				"south": {"uv": [0, 0, 0, 6], "texture": "#2"},
				"west": {"uv": [0, 6, 8, 12], "texture": "#2"},
				"up": {"uv": [0, 8, 0, 0], "texture": "#2"},
				"down": {"uv": [0, 0, 0, 8], "texture": "#2"}
			}
		},
		{
			"from": [0, 0, 8],
			"to": [16, 12, 8],
			"rotation": {"angle": 45, "axis": "y", "origin": [8, 5, 8]},
			"faces": {
				"north": {"uv": [0, 0, 8, 6], "texture": "#2"},
				"east": {"uv": [0, 0, 0, 6], "texture": "#2"},
				"south": {"uv": [0, 6, 8, 12], "texture": "#2"},
				"west": {"uv": [0, 0, 0, 6], "texture": "#2"},
				"up": {"uv": [0, 8, 0, 0], "rotation": 270, "texture": "#2"},
				"down": {"uv": [0, 0, 0, 8], "rotation": 90, "texture": "#2"}
			}
		},
		{
			"from": [4, 12, 1],
			"to": [11, 12, 6],
			"rotation": {"angle": 0, "axis": "z", "origin": [7.5, 12, 3.5]},
			"faces": {
				"north": {"uv": [0, 0, 7, 0], "rotation": 180, "texture": "#1"},
				"east": {"uv": [0, 0, 5, 0], "rotation": 180, "texture": "#1"},
				"south": {"uv": [0, 0, 7, 0], "rotation": 180, "texture": "#1"},
				"west": {"uv": [0, 0, 5, 0], "rotation": 180, "texture": "#1"},
				"up": {"uv": [7, 5, 0, 10], "texture": "#1"},
				"down": {"uv": [7, 5, 0, 0], "texture": "#1"}
			}
		},
		{
			"from": [4, 12.92388, 1.38268],
			"to": [11, 12.92388, 6.38268],
			"rotation": {"angle": 22.5, "axis": "x", "origin": [7.5, 12.92388, 3.88268]},
			"faces": {
				"north": {"uv": [0, 0, 7, 0], "texture": "#1"},
				"east": {"uv": [0, 0, 5, 0], "texture": "#1"},
				"south": {"uv": [0, 0, 7, 0], "texture": "#1"},
				"west": {"uv": [0, 0, 5, 0], "texture": "#1"},
				"up": {"uv": [7, 5, 0, 0], "rotation": 180, "texture": "#1"},
				"down": {"uv": [7, 5, 0, 10], "rotation": 180, "texture": "#1"}
			}
		},
		{
			"from": [11, 10, 7],
			"to": [16, 10, 14],
			"rotation": {"angle": 22.5, "axis": "z", "origin": [13.5, 9, 10.5]},
			"faces": {
				"north": {"uv": [0, 0, 5, 0], "texture": "#1"},
				"east": {"uv": [0, 0, 7, 0], "texture": "#1"},
				"south": {"uv": [0, 0, 5, 0], "texture": "#1"},
				"west": {"uv": [0, 0, 7, 0], "texture": "#1"},
				"up": {"uv": [7, 5, 0, 0], "rotation": 270, "texture": "#1"},
				"down": {"uv": [7, 5, 0, 10], "rotation": 90, "texture": "#1"}
			}
		},
		{
			"from": [11, 9, 7],
			"to": [16, 9, 14],
			"rotation": {"angle": 0, "axis": "x", "origin": [6, -1, 7]},
			"faces": {
				"north": {"uv": [0, 0, 5, 0], "rotation": 180, "texture": "#1"},
				"east": {"uv": [0, 0, 7, 0], "rotation": 180, "texture": "#1"},
				"south": {"uv": [0, 0, 5, 0], "rotation": 180, "texture": "#1"},
				"west": {"uv": [0, 0, 7, 0], "rotation": 180, "texture": "#1"},
				"up": {"uv": [7, 5, 0, 10], "rotation": 90, "texture": "#1"},
				"down": {"uv": [7, 5, 0, 0], "rotation": 270, "texture": "#1"}
			}
		},
		{
			"from": [5.54594, 9.18808, 7],
			"to": [5.54594, 14.18808, 14],
			"rotation": {"angle": -22.5, "axis": "z", "origin": [5.54594, 12.68808, 10.5]},
			"faces": {
				"north": {"uv": [0, 0, 5, 0], "rotation": 270, "texture": "#1"},
				"east": {"uv": [7, 5, 0, 0], "rotation": 180, "texture": "#1"},
				"south": {"uv": [0, 0, 5, 0], "rotation": 90, "texture": "#1"},
				"west": {"uv": [7, 5, 0, 10], "texture": "#1"},
				"up": {"uv": [0, 0, 7, 0], "rotation": 90, "texture": "#1"},
				"down": {"uv": [0, 0, 7, 0], "rotation": 90, "texture": "#1"}
			}
		},
		{
			"from": [8, 8.5, 7],
			"to": [8, 13.5, 14],
			"rotation": {"angle": 22.5, "axis": "z", "origin": [3.5, -1, 10.5]},
			"faces": {
				"north": {"uv": [0, 0, 5, 0], "rotation": 90, "texture": "#1"},
				"east": {"uv": [7, 5, 0, 10], "texture": "#1"},
				"south": {"uv": [0, 0, 5, 0], "rotation": 270, "texture": "#1"},
				"west": {"uv": [7, 5, 0, 0], "rotation": 180, "texture": "#1"},
				"up": {"uv": [0, 0, 7, 0], "rotation": 270, "texture": "#1"},
				"down": {"uv": [0, 0, 7, 0], "rotation": 270, "texture": "#1"}
			}
		}
	],
"display": {
 "head": {
            "rotation": [ 0, 0, 0 ],
            "translation": [ 0, -6, 0 ],
            "scale": [ 1.5, 1.5, 1.5 ]
        },        
"fixed": {
            "rotation": [ -90, 0, 0 ],
            "translation": [ 0, 0, -16 ],
            "scale": [ 2, 2, 2 ]
        },
"gui": {
			"rotation": [30, -46, 0],
			"translation": [-0.25, 1, 0]
		}
    }
}