{
	"credit": "Made with Blockbench",
	"elements": [
		{
			"from": [3, 0, 3],
			"to": [6, 12, 6],
			"faces": {
				"north": {"uv": [0, 0, 1.5, 6], "texture": "#0"},
				"east": {"uv": [1.5, 0, 3, 6], "texture": "#0"},
				"south": {"uv": [3, 0, 4.5, 6], "texture": "#0"},
				"west": {"uv": [4.5, 0, 6, 6], "texture": "#0"},
				"up": {"uv": [1.5, 13.5, 0, 12], "texture": "#0"},
				"down": {"uv": [13.5, 0, 12, 1.5], "texture": "#0"}
			}
		},
		{
			"from": [3, 0, 10],
			"to": [6, 12, 13],
			"faces": {
				"north": {"uv": [0, 6, 1.5, 12], "texture": "#0"},
				"east": {"uv": [6, 0, 7.5, 6], "texture": "#0"},
				"south": {"uv": [1.5, 6, 3, 12], "texture": "#0"},
				"west": {"uv": [3, 6, 4.5, 12], "texture": "#0"},
				"up": {"uv": [3, 13.5, 1.5, 12], "texture": "#0"},
				"down": {"uv": [13.5, 1.5, 12, 3], "texture": "#0"}
			}
		},
		{
			"from": [10, 0, 3],
			"to": [13, 12, 6],
			"faces": {
				"north": {"uv": [4.5, 6, 6, 12], "texture": "#0"},
				"east": {"uv": [6, 6, 7.5, 12], "texture": "#0"},
				"south": {"uv": [7.5, 0, 9, 6], "texture": "#0"},
				"west": {"uv": [7.5, 6, 9, 12], "texture": "#0"},
				"up": {"uv": [4.5, 13.5, 3, 12], "texture": "#0"},
				"down": {"uv": [13.5, 3, 12, 4.5], "texture": "#0"}
			}
		},
		{
			"from": [10, 0, 10],
			"to": [13, 12, 13],
			"faces": {
				"north": {"uv": [9, 0, 10.5, 6], "texture": "#0"},
				"east": {"uv": [9, 6, 10.5, 12], "texture": "#0"},
				"south": {"uv": [10.5, 0, 12, 6], "texture": "#0"},
				"west": {"uv": [10.5, 6, 12, 12], "texture": "#0"},
				"up": {"uv": [6, 13.5, 4.5, 12], "texture": "#0"},
				"down": {"uv": [13.5, 4.5, 12, 6], "texture": "#0"}
			}
		},
		{
			"from": [1, 12, 1],
			"to": [15, 16, 15],
			"faces": {
				"north": {"uv": [7, 0, 14, 2], "texture": "#1"},
				"east": {"uv": [7, 2, 14, 4], "texture": "#1"},
				"south": {"uv": [7, 4, 14, 6], "texture": "#1"},
				"west": {"uv": [7, 6, 14, 8], "texture": "#1"},
				"up": {"uv": [7, 7, 0, 0], "texture": "#1"},
				"down": {"uv": [7, 7, 0, 14], "texture": "#1"}
			}
		},
		{
			"from": [4, 6, 4],
			"to": [12, 8, 12],
			"faces": {
				"north": {"uv": [8, 0, 16, 2], "texture": "#2"},
				"east": {"uv": [8, 2, 16, 4], "texture": "#2"},
				"south": {"uv": [8, 4, 16, 6], "texture": "#2"},
				"west": {"uv": [8, 6, 16, 8], "texture": "#2"},
				"up": {"uv": [8, 8, 0, 0], "texture": "#2"},
				"down": {"uv": [8, 8, 0, 16], "texture": "#2"}
			}
		}
	],
	"display": {
        "head": {
            "rotation": [ 0, -90, 0 ],
            "translation": [ -2, -6, 1.5 ],
            "scale": [ 1.5, 1.5, 1.5 ]
        },
	"fixed": {
            "rotation": [ -90, 0, 0 ],
            "translation": [ 0, 0, 16 ],
            "scale": [ 2, 2, 2 ]
	},
"gui": {
			"rotation": [30, -46, 0],
			"translation": [-0.25, 1, 0],
			"scale": [ 0.75, 0.75, 0.75 ]
		}
    }
}