{
	"credit": "Made with Blockbench",
	"textures": {
		"0": "item/feather",
		"1": "block/mh/ink_bottle",
		"particle": "item/feather"
	},
	"elements": [
		{
			"from": [6, 0, 6],
			"to": [10, 3, 10],
			"faces": {
				"north": {"uv": [4, 0, 8, 3], "texture": "#1"},
				"east": {"uv": [4, 3, 8, 6], "texture": "#1"},
				"south": {"uv": [4, 6, 8, 9], "texture": "#1"},
				"west": {"uv": [0, 8, 4, 11], "texture": "#1"},
				"up": {"uv": [4, 4, 0, 0], "texture": "#1"},
				"down": {"uv": [4, 4, 0, 8], "texture": "#1"}
			}
		},
		{
			"from": [7, 3, 7],
			"to": [9, 4, 9],
			"faces": {
				"north": {"uv": [10, 7, 12, 8], "texture": "#1"},
				"east": {"uv": [10, 8, 12, 9], "texture": "#1"},
				"south": {"uv": [10, 9, 12, 10], "texture": "#1"},
				"west": {"uv": [10, 10, 12, 11], "texture": "#1"},
				"up": {"uv": [10, 8, 8, 6], "texture": "#1"},
				"down": {"uv": [10, 8, 8, 10], "texture": "#1"}
			}
		},
		{
			"from": [6.5, 4, 6.5],
			"to": [9.5, 5, 9.5],
			"faces": {
				"north": {"uv": [4, 9, 7, 10], "texture": "#1"},
				"east": {"uv": [4, 10, 7, 11], "texture": "#1"},
				"south": {"uv": [10, 6, 13, 7], "texture": "#1"},
				"west": {"uv": [7, 10, 10, 11], "texture": "#1"},
				"up": {"uv": [11, 3, 8, 0], "texture": "#1"},
				"down": {"uv": [11, 3, 8, 6], "texture": "#1"}
			}
		},
		{
			"from": [7.25, 2, -5.75],
			"to": [7.25, 18, 10.25],
			"rotation": {"angle": 45, "axis": "y", "origin": [8, 8, 7]},
			"faces": {
				"north": {"uv": [8, 0, 0, 0], "rotation": 270, "texture": "#0"},
				"east": {"uv": [16, 0, 0, 16], "rotation": 90, "texture": "#0"},
				"south": {"uv": [8, 0, 0, 0], "rotation": 270, "texture": "#0"},
				"west": {"uv": [0, 0, 16, 16], "rotation": 270, "texture": "#0"},
				"up": {"uv": [0, 0, 0, 8], "texture": "#0"},
				"down": {"uv": [0, 0, 0, 8], "rotation": 180, "texture": "#0"}
			}
		}
	],
"display": {
 "head": {
            "rotation": [ 0, 0, 0 ],
            "translation": [ 0, -6, 0 ],
            "scale": [ 1.5, 1.5, 1.5 ]
        },        
"fixed": {
            "rotation": [ -90, 0, 0 ],
            "translation": [ 0, 0, -16 ],
            "scale": [ 2, 2, 2 ]
        },
"gui": {
			"rotation": [30, -46, 0],
			"translation": [-0.25, 1, 0]
		}
    }
}