{
	"credit": "Made with Blockbench",
	"textures": {
		"0": "block/mh/box_base",
		"1": "block/mh/box_long",
		"2": "block/mh/box_short",
		"4": "block/mh/potato_cube",
		"5": "block/mh/potato_ins",
		"particle": "block/mh/box_base"
	},
	"elements": [
		{
			"name": "base",
			"from": [2, 0, 0],
			"to": [14, 1, 16],
			"faces": {
				"north": {"uv": [0, 8.5, 6, 9], "texture": "#0"},
				"east": {"uv": [0, 8, 8, 8.5], "texture": "#0"},
				"south": {"uv": [6, 8.5, 12, 9], "texture": "#0"},
				"west": {"uv": [8, 8, 16, 8.5], "texture": "#0"},
				"up": {"uv": [6, 8, 0, 0], "texture": "#0"},
				"down": {"uv": [12, 0, 6, 8], "texture": "#0"}
			}
		},
		{
			"name": "h1",
			"from": [2, 2, -0.5],
			"to": [3, 4, 16.5],
			"faces": {
				"north": {"uv": [1, 2, 1.5, 3], "texture": "#1"},
				"east": {"uv": [0, 0, 8.5, 1], "texture": "#1"},
				"south": {"uv": [1.5, 2, 2, 3], "texture": "#1"},
				"west": {"uv": [0, 1, 8.5, 2], "texture": "#1"},
				"up": {"uv": [0.5, 10.5, 0, 2], "texture": "#1"},
				"down": {"uv": [1, 2, 0.5, 10.5], "texture": "#1"}
			}
		},
		{
			"name": "h2",
			"from": [2, 5, -0.5],
			"to": [3, 7, 16.5],
			"faces": {
				"north": {"uv": [1, 2, 1.5, 3], "texture": "#1"},
				"east": {"uv": [0, 0, 8.5, 1], "texture": "#1"},
				"south": {"uv": [1.5, 2, 2, 3], "texture": "#1"},
				"west": {"uv": [0, 1, 8.5, 2], "texture": "#1"},
				"up": {"uv": [0.5, 10.5, 0, 2], "texture": "#1"},
				"down": {"uv": [1, 2, 0.5, 10.5], "texture": "#1"}
			}
		},
		{
			"name": "h2",
			"from": [13, 2, -0.5],
			"to": [14, 4, 16.5],
			"faces": {
				"north": {"uv": [1, 2, 1.5, 3], "texture": "#1"},
				"east": {"uv": [0, 0, 8.5, 1], "texture": "#1"},
				"south": {"uv": [1.5, 2, 2, 3], "texture": "#1"},
				"west": {"uv": [0, 1, 8.5, 2], "texture": "#1"},
				"up": {"uv": [0.5, 10.5, 0, 2], "texture": "#1"},
				"down": {"uv": [1, 2, 0.5, 10.5], "texture": "#1"}
			}
		},
		{
			"name": "h3",
			"from": [13, 5, -0.5],
			"to": [14, 7, 16.5],
			"faces": {
				"north": {"uv": [1, 2, 1.5, 3], "texture": "#1"},
				"east": {"uv": [0, 0, 8.5, 1], "texture": "#1"},
				"south": {"uv": [1.5, 2, 2, 3], "texture": "#1"},
				"west": {"uv": [0, 1, 8.5, 2], "texture": "#1"},
				"up": {"uv": [0.5, 10.5, 0, 2], "texture": "#1"},
				"down": {"uv": [1, 2, 0.5, 10.5], "texture": "#1"}
			}
		},
		{
			"name": "r1",
			"from": [1.5, 4, 0],
			"to": [14.5, 6, 1],
			"faces": {
				"north": {"uv": [0, 0, 13, 2], "texture": "#2"},
				"east": {"uv": [0, 6, 1, 8], "texture": "#2"},
				"south": {"uv": [0, 2, 13, 4], "texture": "#2"},
				"west": {"uv": [1, 6, 2, 8], "texture": "#2"},
				"up": {"uv": [13, 5, 0, 4], "texture": "#2"},
				"down": {"uv": [13, 5, 0, 6], "texture": "#2"}
			}
		},
		{
			"name": "r2",
			"from": [1.5, 1, 0],
			"to": [14.5, 3, 1],
			"faces": {
				"north": {"uv": [0, 0, 13, 2], "texture": "#2"},
				"east": {"uv": [0, 6, 1, 8], "texture": "#2"},
				"south": {"uv": [0, 2, 13, 4], "texture": "#2"},
				"west": {"uv": [1, 6, 2, 8], "texture": "#2"},
				"up": {"uv": [13, 5, 0, 4], "texture": "#2"},
				"down": {"uv": [13, 5, 0, 6], "texture": "#2"}
			}
		},
		{
			"name": "r2",
			"from": [1.5, 4, 15],
			"to": [14.5, 6, 16],
			"faces": {
				"north": {"uv": [0, 0, 13, 2], "texture": "#2"},
				"east": {"uv": [0, 6, 1, 8], "texture": "#2"},
				"south": {"uv": [0, 2, 13, 4], "texture": "#2"},
				"west": {"uv": [1, 6, 2, 8], "texture": "#2"},
				"up": {"uv": [13, 5, 0, 4], "texture": "#2"},
				"down": {"uv": [13, 5, 0, 6], "texture": "#2"}
			}
		},
		{
			"name": "r3",
			"from": [1.5, 1, 15],
			"to": [14.5, 3, 16],
			"faces": {
				"north": {"uv": [0, 0, 13, 2], "texture": "#2"},
				"east": {"uv": [0, 6, 1, 8], "texture": "#2"},
				"south": {"uv": [0, 2, 13, 4], "texture": "#2"},
				"west": {"uv": [1, 6, 2, 8], "texture": "#2"},
				"up": {"uv": [13, 5, 0, 4], "texture": "#2"},
				"down": {"uv": [13, 5, 0, 6], "texture": "#2"}
			}
		},
		{
			"from": [3, 0, 1],
			"to": [13, 5, 15],
			"faces": {
				"north": {"uv": [0, 9.5, 5, 12], "texture": "#4"},
				"east": {"uv": [0, 7, 7, 9.5], "texture": "#4"},
				"south": {"uv": [5, 9.5, 10, 12], "texture": "#4"},
				"west": {"uv": [7, 7, 14, 9.5], "texture": "#4"},
				"up": {"uv": [5, 7, 0, 0], "texture": "#4"},
				"down": {"uv": [10, 0, 5, 7], "texture": "#4"}
			}
		},
		{
			"from": [5, 4, 10],
			"to": [8, 7, 14],
			"rotation": {"angle": 22.5, "axis": "y", "origin": [8.5, 5.5, 12]},
			"faces": {
				"north": {"uv": [0, 6, 3, 9], "texture": "#5"},
				"east": {"uv": [0, 0, 4, 3], "texture": "#5"},
				"south": {"uv": [7, 0, 10, 3], "texture": "#5"},
				"west": {"uv": [0, 3, 4, 6], "texture": "#5"},
				"up": {"uv": [7, 4, 4, 0], "texture": "#5"},
				"down": {"uv": [7, 4, 4, 8], "texture": "#5"}
			}
		},
		{
			"from": [3.51673, 3, -0.49789],
			"to": [7.51673, 6, 2.50211],
			"rotation": {"angle": 45, "axis": "y", "origin": [9.51673, 5.5, 4.00211]},
			"faces": {
				"north": {"uv": [0, 0, 4, 3], "texture": "#5"},
				"east": {"uv": [7, 0, 10, 3], "texture": "#5"},
				"south": {"uv": [0, 3, 4, 6], "texture": "#5"},
				"west": {"uv": [0, 6, 3, 9], "texture": "#5"},
				"up": {"uv": [7, 4, 4, 0], "rotation": 270, "texture": "#5"},
				"down": {"uv": [7, 4, 4, 8], "rotation": 90, "texture": "#5"}
			}
		},
		{
			"from": [8.51673, 3, 2.50211],
			"to": [12.51673, 6, 5.50211],
			"rotation": {"angle": 22.5, "axis": "z", "origin": [9.51673, 5.5, 7.00211]},
			"faces": {
				"north": {"uv": [0, 0, 4, 3], "texture": "#5"},
				"east": {"uv": [7, 0, 10, 3], "texture": "#5"},
				"south": {"uv": [0, 3, 4, 6], "texture": "#5"},
				"west": {"uv": [0, 6, 3, 9], "texture": "#5"},
				"up": {"uv": [7, 4, 4, 0], "rotation": 270, "texture": "#5"},
				"down": {"uv": [7, 4, 4, 8], "rotation": 90, "texture": "#5"}
			}
		},
		{
			"from": [8.8233, 4.4588, 8.50211],
			"to": [12.8233, 7.4588, 11.50211],
			"rotation": {"angle": 45, "axis": "z", "origin": [10.8233, 4.9588, 10.00211]},
			"faces": {
				"north": {"uv": [0, 0, 4, 3], "texture": "#5"},
				"east": {"uv": [7, 0, 10, 3], "texture": "#5"},
				"south": {"uv": [0, 3, 4, 6], "texture": "#5"},
				"west": {"uv": [0, 6, 3, 9], "texture": "#5"},
				"up": {"uv": [7, 4, 4, 0], "rotation": 270, "texture": "#5"},
				"down": {"uv": [7, 4, 4, 8], "rotation": 90, "texture": "#5"}
			}
		}
	],
	"groups": [
		0,
		{
			"name": "group",
			"origin": [0, 0, 0],
			"color": 0,
			"children": [1, 2]
		},
		{
			"name": "group",
			"origin": [0, 0, 0],
			"color": 0,
			"children": [3, 4]
		},
		{
			"name": "group",
			"origin": [0, 0, 0],
			"color": 0,
			"children": [5, 6]
		},
		{
			"name": "group",
			"origin": [0, 0, 0],
			"color": 0,
			"children": [7, 8]
		},
		9,
		10,
		11,
		12,
		13
	],
"display": {
 "head": {
            "rotation": [ 0, 0, 0 ],
            "translation": [ 0, -6, 0 ],
            "scale": [ 1.5, 1.5, 1.5 ]
        },        
"fixed": {
            "rotation": [ -90, 0, 0 ],
            "translation": [ 0, 0, -16 ],
            "scale": [ 2, 2, 2 ]
        },
"gui": {
			"rotation": [30, -46, 0],
			"translation": [-0.25, 1, 0],
			"scale": [ 0.75, 0.75, 0.75 ]
		}
    }
}