{
	"credit": "Made with Blockbench",
	"texture_size": [32, 32],
	"textures": {
		"0": "block/mh/box_base",
		"1": "block/mh/box_long",
		"2": "block/mh/box_short",
		"4": "block/mh/salmon_cube",
		"5": "block/mh/salmonfish",
		"particle": "block/mh/box_base"
	},
	"elements": [
		{
			"name": "r2",
			"from": [1.5, 4, 15],
			"to": [14.5, 6, 16],
			"faces": {
				"north": {"uv": [0, 0, 13, 2], "texture": "#2"},
				"east": {"uv": [0, 6, 1, 8], "texture": "#2"},
				"south": {"uv": [0, 2, 13, 4], "texture": "#2"},
				"west": {"uv": [1, 6, 2, 8], "texture": "#2"},
				"up": {"uv": [13, 5, 0, 4], "texture": "#2"},
				"down": {"uv": [13, 5, 0, 6], "texture": "#2"}
			}
		},
		{
			"name": "r3",
			"from": [1.5, 1, 15],
			"to": [14.5, 3, 16],
			"faces": {
				"north": {"uv": [0, 0, 13, 2], "texture": "#2"},
				"east": {"uv": [0, 6, 1, 8], "texture": "#2"},
				"south": {"uv": [0, 2, 13, 4], "texture": "#2"},
				"west": {"uv": [1, 6, 2, 8], "texture": "#2"},
				"up": {"uv": [13, 5, 0, 4], "texture": "#2"},
				"down": {"uv": [13, 5, 0, 6], "texture": "#2"}
			}
		},
		{
			"name": "base",
			"from": [2, 0, 0],
			"to": [14, 1, 16],
			"faces": {
				"north": {"uv": [0, 8.5, 6, 9], "texture": "#0"},
				"east": {"uv": [0, 8, 8, 8.5], "texture": "#0"},
				"south": {"uv": [6, 8.5, 12, 9], "texture": "#0"},
				"west": {"uv": [8, 8, 16, 8.5], "texture": "#0"},
				"up": {"uv": [6, 8, 0, 0], "texture": "#0"},
				"down": {"uv": [12, 0, 6, 8], "texture": "#0"}
			}
		},
		{
			"name": "h1",
			"from": [2, 2, -0.5],
			"to": [3, 4, 16.5],
			"faces": {
				"north": {"uv": [1, 2, 1.5, 3], "texture": "#1"},
				"east": {"uv": [0, 0, 8.5, 1], "texture": "#1"},
				"south": {"uv": [1.5, 2, 2, 3], "texture": "#1"},
				"west": {"uv": [0, 1, 8.5, 2], "texture": "#1"},
				"up": {"uv": [0.5, 10.5, 0, 2], "texture": "#1"},
				"down": {"uv": [1, 2, 0.5, 10.5], "texture": "#1"}
			}
		},
		{
			"name": "h2",
			"from": [2, 5, -0.5],
			"to": [3, 7, 16.5],
			"faces": {
				"north": {"uv": [1, 2, 1.5, 3], "texture": "#1"},
				"east": {"uv": [0, 0, 8.5, 1], "texture": "#1"},
				"south": {"uv": [1.5, 2, 2, 3], "texture": "#1"},
				"west": {"uv": [0, 1, 8.5, 2], "texture": "#1"},
				"up": {"uv": [0.5, 10.5, 0, 2], "texture": "#1"},
				"down": {"uv": [1, 2, 0.5, 10.5], "texture": "#1"}
			}
		},
		{
			"name": "h2",
			"from": [13, 2, -0.5],
			"to": [14, 4, 16.5],
			"faces": {
				"north": {"uv": [1, 2, 1.5, 3], "texture": "#1"},
				"east": {"uv": [0, 0, 8.5, 1], "texture": "#1"},
				"south": {"uv": [1.5, 2, 2, 3], "texture": "#1"},
				"west": {"uv": [0, 1, 8.5, 2], "texture": "#1"},
				"up": {"uv": [0.5, 10.5, 0, 2], "texture": "#1"},
				"down": {"uv": [1, 2, 0.5, 10.5], "texture": "#1"}
			}
		},
		{
			"name": "h3",
			"from": [13, 5, -0.5],
			"to": [14, 7, 16.5],
			"faces": {
				"north": {"uv": [1, 2, 1.5, 3], "texture": "#1"},
				"east": {"uv": [0, 0, 8.5, 1], "texture": "#1"},
				"south": {"uv": [1.5, 2, 2, 3], "texture": "#1"},
				"west": {"uv": [0, 1, 8.5, 2], "texture": "#1"},
				"up": {"uv": [0.5, 10.5, 0, 2], "texture": "#1"},
				"down": {"uv": [1, 2, 0.5, 10.5], "texture": "#1"}
			}
		},
		{
			"name": "r1",
			"from": [1.5, 4, 0],
			"to": [14.5, 6, 1],
			"faces": {
				"north": {"uv": [0, 0, 13, 2], "texture": "#2"},
				"east": {"uv": [0, 6, 1, 8], "texture": "#2"},
				"south": {"uv": [0, 2, 13, 4], "texture": "#2"},
				"west": {"uv": [1, 6, 2, 8], "texture": "#2"},
				"up": {"uv": [13, 5, 0, 4], "texture": "#2"},
				"down": {"uv": [13, 5, 0, 6], "texture": "#2"}
			}
		},
		{
			"name": "r2",
			"from": [1.5, 1, 0],
			"to": [14.5, 3, 1],
			"faces": {
				"north": {"uv": [0, 0, 13, 2], "texture": "#2"},
				"east": {"uv": [0, 6, 1, 8], "texture": "#2"},
				"south": {"uv": [0, 2, 13, 4], "texture": "#2"},
				"west": {"uv": [1, 6, 2, 8], "texture": "#2"},
				"up": {"uv": [13, 5, 0, 4], "texture": "#2"},
				"down": {"uv": [13, 5, 0, 6], "texture": "#2"}
			}
		},
		{
			"from": [3, 1, 1],
			"to": [13, 5, 15],
			"faces": {
				"north": {"uv": [0, 9, 5, 11], "texture": "#4"},
				"east": {"uv": [0, 7, 7, 9], "texture": "#4"},
				"south": {"uv": [5, 9, 10, 11], "texture": "#4"},
				"west": {"uv": [7, 7, 14, 9], "texture": "#4"},
				"up": {"uv": [5, 7, 0, 0], "texture": "#4"},
				"down": {"uv": [10, 0, 5, 7], "texture": "#4"}
			}
		},
		{
			"from": [3.5, 3, 0.5],
			"to": [7.5, 5, 11.5],
			"rotation": {"angle": -22.5, "axis": "x", "origin": [5.5, 17, 6]},
			"faces": {
				"north": {"uv": [4, 2, 6, 3], "texture": "#5"},
				"east": {"uv": [4, 0, 9.5, 1], "texture": "#5"},
				"south": {"uv": [4, 3, 6, 4], "texture": "#5"},
				"west": {"uv": [4, 1, 9.5, 2], "texture": "#5"},
				"up": {"uv": [2, 5.5, 0, 0], "texture": "#5"},
				"down": {"uv": [4, 0, 2, 5.5], "texture": "#5"}
			}
		},
		{
			"from": [2.5, 6, -3],
			"to": [13.5, 8, 1],
			"rotation": {"angle": -22.5, "axis": "x", "origin": [5.5, 17, 6]},
			"faces": {
				"north": {"uv": [4, 0, 9.5, 1], "texture": "#5"},
				"east": {"uv": [4, 3, 6, 4], "texture": "#5"},
				"south": {"uv": [4, 1, 9.5, 2], "texture": "#5"},
				"west": {"uv": [4, 2, 6, 3], "texture": "#5"},
				"up": {"uv": [2, 5.5, 0, 0], "rotation": 270, "texture": "#5"},
				"down": {"uv": [4, 0, 2, 5.5], "rotation": 90, "texture": "#5"}
			}
		},
		{
			"from": [5.5, 5, -3.5],
			"to": [9.5, 7, 7.5],
			"rotation": {"angle": -22.5, "axis": "x", "origin": [5.5, 17, 6]},
			"faces": {
				"north": {"uv": [4, 2, 6, 3], "texture": "#5"},
				"east": {"uv": [4, 0, 9.5, 1], "texture": "#5"},
				"south": {"uv": [4, 3, 6, 4], "texture": "#5"},
				"west": {"uv": [4, 1, 9.5, 2], "texture": "#5"},
				"up": {"uv": [2, 5.5, 0, 0], "texture": "#5"},
				"down": {"uv": [4, 0, 2, 5.5], "texture": "#5"}
			}
		},
		{
			"from": [9.5, 4, -1.5],
			"to": [13.5, 6, 9.5],
			"rotation": {"angle": -22.5, "axis": "x", "origin": [5.5, 17, 6]},
			"faces": {
				"north": {"uv": [4, 2, 6, 3], "texture": "#5"},
				"east": {"uv": [4, 0, 9.5, 1], "texture": "#5"},
				"south": {"uv": [4, 3, 6, 4], "texture": "#5"},
				"west": {"uv": [4, 1, 9.5, 2], "texture": "#5"},
				"up": {"uv": [2, 5.5, 0, 0], "texture": "#5"},
				"down": {"uv": [4, 0, 2, 5.5], "texture": "#5"}
			}
		}
	],
	"display": {
		"gui": {
			"rotation": [30, -46, 0],
			"translation": [-0.25, 1, 0],
			"scale": [0.75, 0.75, 0.75]
		},
		"head": {
			"translation": [0, -6, 0],
			"scale": [1.5, 1.5, 1.5]
		},
		"fixed": {
			"rotation": [-90, 0, 0],
			"translation": [0, 0, -16],
			"scale": [2, 2, 2]
		}
	},
	"groups": [
		{
			"name": "lada",
			"origin": [8, 8, 8],
			"color": 0,
			"children": [
				0,
				1,
				{
					"name": "group",
					"origin": [0, -1, 0],
					"color": 0,
					"children": [2, 3, 4, 5, 6, 7]
				},
				8
			]
		},
		9,
		10,
		11,
		12,
		13
	]
}