{
	"credit": "Made with Blockbench",
	"textures": {
		"0": "block/mh/vial_light_frame",
		"1": "block/mh/potion_liquid",
		"particle": "block/mh/vial_light_frame"
	},
	"elements": [
		{
			"from": [6, 0, 6],
			"to": [10, 9, 10],
			"faces": {
				"north": {"uv": [0, 0, 2, 4.5], "texture": "#0"},
				"east": {"uv": [2, 0, 4, 4.5], "texture": "#0"},
				"south": {"uv": [4, 0, 6, 4.5], "texture": "#0"},
				"west": {"uv": [0, 4.5, 2, 9], "texture": "#0"},
				"up": {"uv": [4, 6.5, 2, 4.5], "texture": "#0"},
				"down": {"uv": [6, 4.5, 4, 6.5], "texture": "#0"}
			}
		},
		{
			"from": [7, 9, 7],
			"to": [9, 13, 9],
			"faces": {
				"north": {"uv": [6, 3, 7, 5], "texture": "#0"},
				"east": {"uv": [6, 5, 7, 7], "texture": "#0"},
				"south": {"uv": [2, 6.5, 3, 8.5], "texture": "#0"},
				"west": {"uv": [3, 6.5, 4, 8.5], "texture": "#0"},
				"up": {"uv": [6.5, 8, 5.5, 7], "texture": "#0"},
				"down": {"uv": [8, 6, 7, 7], "texture": "#0"}
			}
		},
		{
			"from": [6.5, 10, 6.5],
			"to": [9.5, 12, 9.5],
			"faces": {
				"north": {"uv": [4, 6.5, 5.5, 7.5], "texture": "#0"},
				"east": {"uv": [7, 3, 8.5, 4], "texture": "#0"},
				"south": {"uv": [7, 4, 8.5, 5], "texture": "#0"},
				"west": {"uv": [7, 5, 8.5, 6], "texture": "#0"},
				"up": {"uv": [7.5, 1.5, 6, 0], "texture": "#0"},
				"down": {"uv": [7.5, 1.5, 6, 3], "texture": "#0"}
			}
		},
		{
			"from": [6.5, 0, 6.5],
			"to": [9.5, 6, 9.5],
			"faces": {
				"north": {"uv": [0, 0, 3, 6], "texture": "#1"},
				"east": {"uv": [3, 0, 6, 6], "texture": "#1"},
				"south": {"uv": [0, 6, 3, 12], "texture": "#1"},
				"west": {"uv": [6, 0, 9, 6], "texture": "#1"},
				"up": {"uv": [6, 9, 3, 6], "texture": "#1"},
				"down": {"uv": [9, 6, 6, 9], "texture": "#1"}
			}
		}
	],
	"display": {
		"thirdperson_righthand": {
			"translation": [0, 2.75, 1.25],
			"scale": [0.49, 0.49, 0.49]
		},
		"firstperson_righthand": {
			"rotation": [-11, 26, 13],
			"translation": [-1, 2.5, 0.5],
			"scale": [0.6, 0.6, 0.6]
		},
		"ground": {
			"rotation": [0, -52, 0],
			"translation": [0, 3.25, 0],
			"scale": [0.74, 0.74, 0.74]
		}
	}
}