{
	"credit": "Made with Blockbench",
	"elements": [
		{
			"from": [4, 0.5, 2],
			"to": [12, 1.5, 8],
			"faces": {
				"north": {"uv": [8, 8, 16, 9], "texture": "#3"},
				"east": {"uv": [0, 9, 6, 10], "texture": "#3"},
				"south": {"uv": [0, 8, 8, 9], "texture": "#3"},
				"west": {"uv": [6, 9, 12, 10], "texture": "#3"},
				"up": {"uv": [12, 8, 6, 0], "rotation": 90, "texture": "#3"},
				"down": {"uv": [0, 8, 6, 0], "rotation": 90, "texture": "#3"}
			}
		},
		{
			"from": [4, 0.5, 10],
			"to": [12, 1.5, 16],
			"faces": {
				"north": {"uv": [8, 8, 16, 9], "texture": "#3"},
				"east": {"uv": [0, 9, 6, 10], "texture": "#3"},
				"south": {"uv": [0, 8, 8, 9], "texture": "#3"},
				"west": {"uv": [6, 9, 12, 10], "texture": "#3"},
				"up": {"uv": [12, 8, 6, 0], "rotation": 90, "texture": "#3"},
				"down": {"uv": [0, 8, 6, 0], "rotation": 90, "texture": "#3"}
			}
		},
		{
			"from": [4, 0, 8],
			"to": [12, 1, 10],
			"faces": {
				"north": {"uv": [1, 4, 0, 12], "rotation": 90, "texture": "#4"},
				"east": {"uv": [2, 4, 4, 5], "texture": "#4"},
				"south": {"uv": [1, 4, 2, 12], "rotation": 90, "texture": "#4"},
				"west": {"uv": [2, 5, 4, 6], "texture": "#4"},
				"up": {"uv": [8, 2, 0, 0], "texture": "#4"},
				"down": {"uv": [8, 2, 0, 4], "texture": "#4"}
			}
		},
		{
			"from": [4.5, 2, 9.25],
			"to": [11.5, 3, 15.25],
			"rotation": {"angle": -22.5, "axis": "x", "origin": [8, 1.5, 12]},
			"faces": {
				"north": {"uv": [0, 7, 7, 8], "texture": "#5"},
				"east": {"uv": [6, 8, 12, 9], "texture": "#5"},
				"south": {"uv": [7, 7, 14, 8], "texture": "#5"},
				"west": {"uv": [0, 8, 6, 9], "texture": "#5"},
				"up": {"uv": [12, 7, 6, 0], "rotation": 90, "texture": "#5"},
				"down": {"uv": [0, 7, 6, 0], "rotation": 90, "texture": "#5"}
			}
		},
		{
			"from": [4.5, 1, 2.75],
			"to": [11.5, 2, 8.75],
			"rotation": {"angle": 0, "axis": "y", "origin": [8, 1.5, 12]},
			"faces": {
				"north": {"uv": [0, 7, 7, 8], "rotation": 180, "texture": "#5"},
				"east": {"uv": [0, 8, 6, 9], "rotation": 180, "texture": "#5"},
				"south": {"uv": [7, 7, 14, 8], "rotation": 180, "texture": "#5"},
				"west": {"uv": [6, 8, 12, 9], "rotation": 180, "texture": "#5"},
				"up": {"uv": [0, 7, 6, 0], "rotation": 270, "texture": "#5"},
				"down": {"uv": [12, 7, 6, 0], "rotation": 270, "texture": "#5"}
			}
		},
		{
			"from": [4.5, 0.92388, 3.36732],
			"to": [11.5, 0.92388, 9.36732],
			"rotation": {"angle": 22.5, "axis": "x", "origin": [8, 2.42388, 11.61732]},
			"faces": {
				"north": {"uv": [0, 0, 7, 0], "texture": "#5"},
				"east": {"uv": [0, 0, 6, 0], "texture": "#5"},
				"south": {"uv": [0, 0, 7, 0], "texture": "#5"},
				"west": {"uv": [0, 0, 6, 0], "texture": "#5"},
				"up": {"uv": [6, 7, 0, 0], "rotation": 90, "texture": "#5"},
				"down": {"uv": [6, 7, 12, 0], "rotation": 90, "texture": "#5"}
			}
		}
	],
"display": {
 "head": {
            "rotation": [ 0, 0, 0 ],
            "translation": [ 0, -6, 0 ],
            "scale": [ 1.5, 1.5, 1.5 ]
        },        
"fixed": {
            "rotation": [ -90, 0, 0 ],
            "translation": [ 0, 0, -16 ],
            "scale": [ 2, 2, 2 ]
        },
"gui": {
			"rotation": [30, -46, 0],
			"translation": [-0.25, 1, 0]
		}
    }
}