{
	"credit": "Made with Blockbench",
	"textures": {
		"0": "block/mh/bowl",
		"1": "block/mh/rice",
		"2": "block/mh/rice_meat",
		"3": "block/mh/vegetables_rice",
		"particle": "block/mh/rice"
	},
	"elements": [
		{
			"from": [3, 1, 3],
			"to": [4, 5, 13],
			"rotation": {"angle": 0, "axis": "y", "origin": [0, -1, 0]},
			"faces": {
				"north": {"uv": [9, 6, 9.5, 8], "texture": "#0"},
				"east": {"uv": [4, 0, 9, 2], "texture": "#0"},
				"south": {"uv": [9.5, 6, 10, 8], "texture": "#0"},
				"west": {"uv": [4, 2, 9, 4], "texture": "#0"},
				"up": {"uv": [6.5, 15, 6, 10], "texture": "#0"},
				"down": {"uv": [10.5, 6, 10, 11], "texture": "#0"}
			}
		},
		{
			"from": [5, 0, 5],
			"to": [11, 1, 11],
			"faces": {
				"north": {"uv": [10.5, 10, 13.5, 10.5], "texture": "#0"},
				"east": {"uv": [10.5, 10.5, 13.5, 11], "texture": "#0"},
				"south": {"uv": [0, 11, 3, 11.5], "texture": "#0"},
				"west": {"uv": [3, 11, 6, 11.5], "texture": "#0"},
				"up": {"uv": [3, 11, 0, 8], "texture": "#0"},
				"down": {"uv": [6, 8, 3, 11], "texture": "#0"}
			}
		},
		{
			"from": [4, 1, 4],
			"to": [12, 2, 12],
			"faces": {
				"north": {"uv": [10.5, 6, 14.5, 6.5], "texture": "#0"},
				"east": {"uv": [10.5, 6.5, 14.5, 7], "texture": "#0"},
				"south": {"uv": [10.5, 7, 14.5, 7.5], "texture": "#0"},
				"west": {"uv": [10.5, 7.5, 14.5, 8], "texture": "#0"},
				"up": {"uv": [4, 4, 0, 0], "texture": "#0"},
				"down": {"uv": [4, 4, 0, 8], "texture": "#0"}
			}
		},
		{
			"from": [4, 1, 3],
			"to": [12, 5, 4],
			"rotation": {"angle": 0, "axis": "y", "origin": [0, -1, 0]},
			"faces": {
				"north": {"uv": [6, 8, 10, 10], "texture": "#0"},
				"east": {"uv": [7.5, 10, 8, 12], "texture": "#0"},
				"south": {"uv": [9, 0, 13, 2], "texture": "#0"},
				"west": {"uv": [8, 10, 8.5, 12], "texture": "#0"},
				"up": {"uv": [14.5, 8.5, 10.5, 8], "texture": "#0"},
				"down": {"uv": [14.5, 8.5, 10.5, 9], "texture": "#0"}
			}
		},
		{
			"from": [4, 1, 12],
			"to": [12, 5, 13],
			"rotation": {"angle": 0, "axis": "y", "origin": [0, -1, 0]},
			"faces": {
				"north": {"uv": [9, 2, 13, 4], "texture": "#0"},
				"east": {"uv": [8.5, 10, 9, 12], "texture": "#0"},
				"south": {"uv": [9, 4, 13, 6], "texture": "#0"},
				"west": {"uv": [9, 10, 9.5, 12], "texture": "#0"},
				"up": {"uv": [14.5, 9.5, 10.5, 9], "texture": "#0"},
				"down": {"uv": [14.5, 9.5, 10.5, 10], "texture": "#0"}
			}
		},
		{
			"from": [12, 1, 3],
			"to": [13, 5, 13],
			"rotation": {"angle": 0, "axis": "y", "origin": [0, -1, 0]},
			"faces": {
				"north": {"uv": [9.5, 10, 10, 12], "texture": "#0"},
				"east": {"uv": [4, 4, 9, 6], "texture": "#0"},
				"south": {"uv": [10, 11, 10.5, 13], "texture": "#0"},
				"west": {"uv": [4, 6, 9, 8], "texture": "#0"},
				"up": {"uv": [7, 15, 6.5, 10], "texture": "#0"},
				"down": {"uv": [7.5, 10, 7, 15], "texture": "#0"}
			}
		},
		{
			"from": [4, 11, -1],
			"to": [12, 11, 5],
			"rotation": {"angle": 45, "axis": "x", "origin": [0, 0, 0]},
			"faces": {
				"north": {"uv": [0, 0, 4, 0], "texture": "#1"},
				"east": {"uv": [0, 0, 3, 0], "texture": "#1"},
				"south": {"uv": [0, 0, 4, 0], "texture": "#1"},
				"west": {"uv": [0, 0, 3, 0], "texture": "#1"},
				"up": {"uv": [8, 3, 4, 0], "texture": "#1"},
				"down": {"uv": [8, 3, 4, 6], "texture": "#1"}
			}
		},
		{
			"from": [4, 0, 6],
			"to": [12, 0, 12],
			"rotation": {"angle": -45, "axis": "x", "origin": [0, 0, 0]},
			"faces": {
				"north": {"uv": [0, 0, 4, 0], "texture": "#1"},
				"east": {"uv": [0, 0, 3, 0], "texture": "#1"},
				"south": {"uv": [0, 0, 4, 0], "texture": "#1"},
				"west": {"uv": [0, 0, 3, 0], "texture": "#1"},
				"up": {"uv": [8, 9, 4, 6], "texture": "#1"},
				"down": {"uv": [4, 8, 0, 11], "texture": "#1"}
			}
		},
		{
			"from": [6, 0, 4],
			"to": [12, 0, 12],
			"rotation": {"angle": 45, "axis": "z", "origin": [0, 0, 0]},
			"faces": {
				"north": {"uv": [0, 0, 3, 0], "texture": "#1"},
				"east": {"uv": [0, 0, 4, 0], "texture": "#1"},
				"south": {"uv": [0, 0, 3, 0], "texture": "#1"},
				"west": {"uv": [0, 0, 4, 0], "texture": "#1"},
				"up": {"uv": [11, 4, 8, 0], "texture": "#1"},
				"down": {"uv": [11, 4, 8, 8], "texture": "#1"}
			}
		},
		{
			"from": [-1, 11, 4],
			"to": [5, 11, 12],
			"rotation": {"angle": -45, "axis": "z", "origin": [0, 0, 0]},
			"faces": {
				"north": {"uv": [0, 0, 3, 0], "texture": "#1"},
				"east": {"uv": [0, 0, 4, 0], "texture": "#1"},
				"south": {"uv": [0, 0, 3, 0], "texture": "#1"},
				"west": {"uv": [0, 0, 4, 0], "texture": "#1"},
				"up": {"uv": [11, 12, 8, 8], "texture": "#1"},
				"down": {"uv": [7, 9, 4, 13], "texture": "#1"}
			}
		},
		{
			"from": [4, 5, 4],
			"to": [12, 5, 12],
			"faces": {
				"north": {"uv": [0, 0, 4, 0], "texture": "#1"},
				"east": {"uv": [0, 0, 4, 0], "texture": "#1"},
				"south": {"uv": [0, 0, 4, 0], "texture": "#1"},
				"west": {"uv": [0, 0, 4, 0], "texture": "#1"},
				"up": {"uv": [4, 4, 0, 0], "texture": "#1"},
				"down": {"uv": [4, 4, 0, 8], "texture": "#1"}
			}
		},
		{
			"from": [7, 0, 6],
			"to": [9, 1, 9],
			"rotation": {"angle": -45, "axis": "x", "origin": [0, 0, 0]},
			"faces": {
				"north": {"uv": [4, 2, 6, 3], "texture": "#2"},
				"east": {"uv": [4, 7, 7, 8], "texture": "#2"},
				"south": {"uv": [7, 8, 9, 9], "texture": "#2"},
				"west": {"uv": [7, 7, 10, 8], "texture": "#2"},
				"up": {"uv": [2, 3, 0, 0], "texture": "#2"},
				"down": {"uv": [4, 0, 2, 3], "texture": "#2"}
			}
		},
		{
			"from": [-1, 5, 7],
			"to": [2, 7, 9],
			"rotation": {"angle": 45, "axis": "y", "origin": [0, 0, 0]},
			"faces": {
				"north": {"uv": [0, 3, 3, 5], "texture": "#2"},
				"east": {"uv": [7, 0, 9, 2], "texture": "#2"},
				"south": {"uv": [3, 3, 6, 5], "texture": "#2"},
				"west": {"uv": [2, 7, 4, 9], "texture": "#2"},
				"up": {"uv": [7, 2, 4, 0], "texture": "#2"},
				"down": {"uv": [3, 5, 0, 7], "texture": "#2"}
			}
		},
		{
			"from": [7, 0, 6],
			"to": [10, 1, 8],
			"rotation": {"angle": 45, "axis": "z", "origin": [0, 0, 0]},
			"faces": {
				"north": {"uv": [4, 8, 7, 9], "texture": "#2"},
				"east": {"uv": [9, 0, 11, 1], "texture": "#2"},
				"south": {"uv": [8, 4, 11, 5], "texture": "#2"},
				"west": {"uv": [9, 1, 11, 2], "texture": "#2"},
				"up": {"uv": [6, 7, 3, 5], "texture": "#2"},
				"down": {"uv": [9, 2, 6, 4], "texture": "#2"}
			}
		},
		{
			"from": [6, 4, 8],
			"to": [8, 5, 11],
			"rotation": {"angle": -22.5, "axis": "x", "origin": [0, 0, 0]},
			"faces": {
				"north": {"uv": [2, 9, 4, 10], "texture": "#2"},
				"east": {"uv": [8, 5, 11, 6], "texture": "#2"},
				"south": {"uv": [9, 2, 11, 3], "texture": "#2"},
				"west": {"uv": [8, 6, 11, 7], "texture": "#2"},
				"up": {"uv": [8, 7, 6, 4], "texture": "#2"},
				"down": {"uv": [2, 7, 0, 10], "texture": "#2"}
			}
		},
		{
			"from": [-4, 7, 9],
			"to": [1, 7, 14],
			"rotation": {"angle": 45, "axis": "y", "origin": [0, 0, 0]},
			"faces": {
				"north": {"uv": [0, 0, 5, 0], "texture": "#3"},
				"east": {"uv": [0, 0, 5, 0], "texture": "#3"},
				"south": {"uv": [0, 0, 5, 0], "texture": "#3"},
				"west": {"uv": [0, 0, 5, 0], "texture": "#3"},
				"up": {"uv": [5, 5, 0, 0], "texture": "#3"},
				"down": {"uv": [5, 5, 0, 10], "texture": "#3"}
			}
		}
	],
	"display": {
		"fixed": {
			"rotation": [-90, 0, 0],
			"translation": [0, 0, -16],
			"scale": [2, 2, 2]
		},
"gui": {
			"rotation": [30, -46, 0],
			"translation": [-0.25, 1, 0]
		}
	},
	"groups": [
		{
			"name": "group",
			"origin": [0, -1, 0],
			"color": 0,
			"children": [0, 1, 2, 3, 4, 5]
		},
		6,
		7,
		8,
		9,
		10,
		{
			"name": "group",
			"origin": [0, 0, 0],
			"color": 0,
			"children": [11, 12, 13, 14, 15]
		}
	]
}