{
	"credit": "Made with Blockbench",
	"texture_size": [32, 32],
	"textures": {
		"0": "block/mh/rum",
		"particle": "block/mh/rum"
	},
	"elements": [
		{
			"from": [4, 0, 3.5],
			"to": [10, 8, 10.5],
			"faces": {
				"north": {"uv": [0, 4, 3, 8], "texture": "#0"},
				"east": {"uv": [0, 0, 3.5, 4], "texture": "#0"},
				"south": {"uv": [3, 4, 6, 8], "texture": "#0"},
				"west": {"uv": [3.5, 0, 7, 4], "texture": "#0"},
				"up": {"uv": [9, 7.5, 6, 4], "texture": "#0"},
				"down": {"uv": [10, 0, 7, 3.5], "texture": "#0"}
			}
		},
		{
			"from": [5.5, 8, 5.5],
			"to": [8.5, 11, 8.5],
			"faces": {
				"north": {"uv": [2, 8, 3.5, 9.5], "texture": "#0"},
				"east": {"uv": [3.5, 8, 5, 9.5], "texture": "#0"},
				"south": {"uv": [8, 7.5, 9.5, 9], "texture": "#0"},
				"west": {"uv": [9, 3.5, 10.5, 5], "texture": "#0"},
				"up": {"uv": [10.5, 6.5, 9, 5], "texture": "#0"},
				"down": {"uv": [9.5, 9, 8, 10.5], "texture": "#0"}
			}
		},
		{
			"from": [6, 12, 6],
			"to": [8, 14, 8],
			"faces": {
				"north": {"uv": [5, 8, 6, 9], "texture": "#0"},
				"east": {"uv": [5, 9, 6, 10], "texture": "#0"},
				"south": {"uv": [4, 9.5, 5, 10.5], "texture": "#0"},
				"west": {"uv": [6, 9.5, 7, 10.5], "texture": "#0"},
				"up": {"uv": [8, 10.5, 7, 9.5], "texture": "#0"},
				"down": {"uv": [10.5, 7.5, 9.5, 8.5], "texture": "#0"}
			}
		},
		{
			"from": [5, 11, 5],
			"to": [9, 12, 9],
			"faces": {
				"north": {"uv": [7, 3.5, 9, 4], "texture": "#0"},
				"east": {"uv": [9, 6.5, 11, 7], "texture": "#0"},
				"south": {"uv": [9, 7, 11, 7.5], "texture": "#0"},
				"west": {"uv": [2, 9.5, 4, 10], "texture": "#0"},
				"up": {"uv": [8, 9.5, 6, 7.5], "texture": "#0"},
				"down": {"uv": [2, 8, 0, 10], "texture": "#0"}
			}
		}
	],
	"display": {
        "head": {
            "rotation": [ 0, -90, 0 ],
            "translation": [ -2, -6, 1.5 ],
            "scale": [ 1.5, 1.5, 1.5 ]
        },
	"fixed": {
            "rotation": [ -90, 0, 0 ],
            "translation": [ 2, 2, -16 ],
            "scale": [ 2, 2, 2 ]
	},
"gui": {
			"rotation": [30, -46, 0],
			"translation": [-0.25, 1, 0]
		}
    }
}