{
	"credit": "Made with Blockbench",
	"texture_size": [64, 64],
	"textures": {
		"0": "block/mh/scale",
		"particle": "block/mh/scale"
	},
	"elements": [
		{
			"from": [4, 0, 4],
			"to": [12, 2, 12],
			"faces": {
				"north": {"uv": [6, 5.25, 8, 5.75], "texture": "#0"},
				"east": {"uv": [6, 5.75, 8, 6.25], "texture": "#0"},
				"south": {"uv": [6, 6.25, 8, 6.75], "texture": "#0"},
				"west": {"uv": [6.5, 0, 8.5, 0.5], "texture": "#0"},
				"up": {"uv": [6.5, 2, 4.5, 0], "texture": "#0"},
				"down": {"uv": [6.5, 2, 4.5, 4], "texture": "#0"}
			}
		},
		{
			"from": [6, 2, 6],
			"to": [10, 3, 10],
			"faces": {
				"north": {"uv": [7.25, 4, 8.25, 4.25], "texture": "#0"},
				"east": {"uv": [7.25, 4.25, 8.25, 4.5], "texture": "#0"},
				"south": {"uv": [7.25, 4.5, 8.25, 4.75], "texture": "#0"},
				"west": {"uv": [7.25, 4.75, 8.25, 5], "texture": "#0"},
				"up": {"uv": [7.5, 2, 6.5, 1], "texture": "#0"},
				"down": {"uv": [7.5, 2, 6.5, 3], "texture": "#0"}
			}
		},
		{
			"from": [5.5, 7, -1],
			"to": [10.5, 8, 4],
			"faces": {
				"north": {"uv": [6.25, 6.75, 7.5, 7], "texture": "#0"},
				"east": {"uv": [6.25, 7, 7.5, 7.25], "texture": "#0"},
				"south": {"uv": [0.5, 7.25, 1.75, 7.5], "texture": "#0"},
				"west": {"uv": [1.75, 7.25, 3, 7.5], "texture": "#0"},
				"up": {"uv": [4.25, 7.25, 3, 6], "texture": "#0"},
				"down": {"uv": [7.25, 4, 6, 5.25], "texture": "#0"}
			}
		},
		{
			"from": [5.5, 4, 12],
			"to": [10.5, 5, 17],
			"faces": {
				"north": {"uv": [6.5, 3, 7.75, 3.25], "texture": "#0"},
				"east": {"uv": [6.5, 3.25, 7.75, 3.5], "texture": "#0"},
				"south": {"uv": [6.5, 3.5, 7.75, 3.75], "texture": "#0"},
				"west": {"uv": [6.5, 3.75, 7.75, 4], "texture": "#0"},
				"up": {"uv": [1.75, 7.25, 0.5, 6], "texture": "#0"},
				"down": {"uv": [3, 6, 1.75, 7.25], "texture": "#0"}
			}
		},
		{
			"from": [7.5, 16, -6],
			"to": [8.5, 17, 10],
			"rotation": {"angle": 22.5, "axis": "x", "origin": [0, 0, 0]},
			"faces": {
				"north": {"uv": [4, 7.25, 4.25, 7.5], "texture": "#0"},
				"east": {"uv": [6.5, 0.5, 10.5, 0.75], "texture": "#0"},
				"south": {"uv": [7.25, 5, 7.5, 5.25], "texture": "#0"},
				"west": {"uv": [6.5, 0.75, 10.5, 1], "texture": "#0"},
				"up": {"uv": [4.5, 10, 4.25, 6], "texture": "#0"},
				"down": {"uv": [6.25, 6.75, 6, 10.75], "texture": "#0"}
			}
		},
		{
			"from": [7, 2, 7],
			"to": [9, 16, 9],
			"faces": {
				"north": {"uv": [4.5, 4, 5, 7.5], "texture": "#0"},
				"east": {"uv": [5, 4, 5.5, 7.5], "texture": "#0"},
				"south": {"uv": [5.5, 4, 6, 7.5], "texture": "#0"},
				"west": {"uv": [0, 6, 0.5, 9.5], "texture": "#0"},
				"up": {"uv": [3.5, 7.75, 3, 7.25], "texture": "#0"},
				"down": {"uv": [4, 7.25, 3.5, 7.75], "texture": "#0"}
			}
		},
		{
			"from": [8, 5, -1],
			"to": [8, 17, 17],
			"faces": {
				"north": {"uv": [0, 0, 0, 3], "texture": "#0"},
				"east": {"uv": [0, 0, 4.5, 3], "texture": "#0"},
				"south": {"uv": [0, 0, 0, 3], "texture": "#0"},
				"west": {"uv": [0, 3, 4.5, 6], "texture": "#0"},
				"up": {"uv": [0, 4.5, 0, 0], "texture": "#0"},
				"down": {"uv": [0, 0, 0, 4.5], "texture": "#0"}
			}
		}
	],
	"groups": [
		{
			"name": "group",
			"origin": [0, 0, 0],
			"color": 0,
			"children": [0, 1]
		},
		{
			"name": "group",
			"origin": [0, 0, 0],
			"color": 0,
			"children": [2, 3]
		},
		{
			"name": "group",
			"origin": [0, 0, 0],
			"color": 0,
			"children": [4, 5]
		},
		6
	],
"display": {
        "head": {
            "rotation": [ 0, -90, 0 ],
            "translation": [ -2, -6, 1.5 ],
            "scale": [ 1.5, 1.5, 1.5 ]
        },
	"fixed": {
            "rotation": [ -90, 0, 0 ],
            "translation": [ 2, 2, -16 ],
            "scale": [ 2, 2, 2 ]
	},
"gui": {
			"rotation": [30, -46, 0],
			"translation": [-0.25, 1, 0],
			"scale": [ 0.75, 0.75, 0.75 ]
		}
    }
}