{
	"credit": "Made with Blockbench",
	"texture_size": [32, 32],
	"textures": {
		"1": "block/mh/big_crimson_mushroom"
	},
	"elements": [
		{
			"from": [7.1, 0, 7.2],
			"to": [8.7, 6, 8.8],
			"faces": {
				"north": {"uv": [4, 0, 5.5, 6], "texture": "#1"},
				"east": {"uv": [6, 6, 7.5, 12], "texture": "#1"},
				"south": {"uv": [4, 6, 5.5, 12], "texture": "#1"},
				"west": {"uv": [6, 0, 7.5, 6], "texture": "#1"},
				"up": {"uv": [12.5, 5.5, 11, 4], "texture": "#1"},
				"down": {"uv": [12.5, 6, 11, 7.5], "texture": "#1"}
			}
		},
		{
			"from": [5.9, 6, 6],
			"to": [9.9, 7, 10],
			"faces": {
				"north": {"uv": [11, 0, 15, 1], "texture": "#1"},
				"east": {"uv": [11, 3, 15, 4], "texture": "#1"},
				"south": {"uv": [11, 2, 15, 3], "texture": "#1"},
				"west": {"uv": [11, 1, 15, 2], "texture": "#1"},
				"up": {"uv": [4, 4, 0, 0], "texture": "#1"},
				"down": {"uv": [4, 4, 0, 8], "texture": "#1"}
			}
		},
		{
			"from": [6.4, 7, 6.5],
			"to": [9.4, 10.1, 9.5],
			"faces": {
				"north": {"uv": [0, 8, 3, 11], "texture": "#1"},
				"east": {"uv": [8, 6.5, 11, 9.5], "texture": "#1"},
				"south": {"uv": [0, 8, 3, 11], "texture": "#1"},
				"west": {"uv": [8, 0, 11, 3], "texture": "#1"},
				"up": {"uv": [11, 12, 8, 9], "texture": "#1"},
				"down": {"uv": [3, 11, 0, 14], "texture": "#1"}
			}
		}
	],
	"display": {
		"thirdperson_righthand": {
			"translation": [0, 5.75, 0]
		},
		"head": {
			"translation": [0, -6, 0],
			"scale": [1.5, 1.5, 1.5]
		},
		"fixed": {
			"rotation": [-90, 0, 0],
			"translation": [0, 0, -16],
			"scale": [2, 2, 2]
		}
	},
	"groups": [
		{
			"name": "group",
			"origin": [0, 0, 0],
			"color": 0,
			"children": [0, 1, 2]
		}
	]
}