{
	"credit": "Made with Blockbench",
	"textures": {
		"0": "block/mh/champignon_mushroom",
		"particle": "block/mh/champignon_mushroom"
	},
	"elements": [
		{
			"from": [7.1, 0, 7.2],
			"to": [8.7, 3.5, 8.8],
			"faces": {
				"north": {"uv": [0, 8, 1.5, 11.5], "texture": "#0"},
				"east": {"uv": [8, 0, 9.5, 3.5], "texture": "#0"},
				"south": {"uv": [2, 8, 3.5, 11.5], "texture": "#0"},
				"west": {"uv": [4, 8, 5.5, 11.5], "texture": "#0"},
				"up": {"uv": [9.5, 5.5, 8, 4], "texture": "#0"},
				"down": {"uv": [7.5, 8, 6, 9.5], "texture": "#0"}
			}
		},
		{
			"from": [5.9, 3.4, 6],
			"to": [9.9, 5.45, 10],
			"faces": {
				"north": {"uv": [4, 0, 8, 2], "texture": "#0"},
				"east": {"uv": [4, 2, 8, 4], "texture": "#0"},
				"south": {"uv": [4, 4, 8, 6], "texture": "#0"},
				"west": {"uv": [4, 6, 8, 8], "texture": "#0"},
				"up": {"uv": [4, 4, 0, 0], "texture": "#0"},
				"down": {"uv": [4, 4, 0, 8], "texture": "#0"}
			}
		}
	],
	"display": {
		"thirdperson_righthand": {
			"translation": [0, 5.75, 0]
		},
		"head": {
			"translation": [0, -6, 0],
			"scale": [1.5, 1.5, 1.5]
		},
		"fixed": {
			"rotation": [-90, 0, 0],
			"translation": [0, 0, -16],
			"scale": [2, 2, 2]
		}
	},
	"groups": [
		{
			"name": "group",
			"origin": [0, 0, 0],
			"color": 0,
			"children": [0, 1]
		}
	]
}