{
	"credit": "Made with Blockbench",
	"texture_size": [32, 32],
	"textures": {
		"1": "block/mh/midpilebook",
		"2": "block/mh/smallpilebook",
		"3": "block/mh/bigpilebook",
		"4": "block/spruce_planks",
		"particle": "block/mh/bigpilebook"
	},
	"elements": [
		{
			"from": [3, 0, 4],
			"to": [13, 4, 11],
			"rotation": {"angle": 0, "axis": "y", "origin": [8, 12, 7.5]},
			"faces": {
				"north": {"uv": [5, 0, 10, 2], "texture": "#3"},
				"east": {"uv": [5, 4, 8.5, 6], "texture": "#3"},
				"south": {"uv": [5, 2, 10, 4], "texture": "#3"},
				"west": {"uv": [5, 6, 8.5, 8], "texture": "#3"},
				"up": {"uv": [5, 3.5, 0, 0], "texture": "#3"},
				"down": {"uv": [5, 3.5, 0, 7], "texture": "#3"}
			}
		},
		{
			"from": [4.5, 10, 2.5],
			"to": [11.5, 14, 12.5],
			"rotation": {"angle": 45, "axis": "y", "origin": [8, 12, 7.5]},
			"faces": {
				"north": {"uv": [5, 4, 8.5, 6], "texture": "#3"},
				"east": {"uv": [5, 2, 10, 4], "texture": "#3"},
				"south": {"uv": [5, 6, 8.5, 8], "texture": "#3"},
				"west": {"uv": [5, 0, 10, 2], "texture": "#3"},
				"up": {"uv": [5, 3.5, 0, 0], "rotation": 270, "texture": "#3"},
				"down": {"uv": [5, 3.5, 0, 7], "rotation": 90, "texture": "#3"}
			}
		},
		{
			"from": [2, 7, 3],
			"to": [14, 10, 12],
			"rotation": {"angle": 22.5, "axis": "y", "origin": [8, 8.5, 7.5]},
			"faces": {
				"north": {"uv": [6, 0, 12, 1.5], "texture": "#1"},
				"east": {"uv": [6, 3, 10.5, 4.5], "texture": "#1"},
				"south": {"uv": [6, 1.5, 12, 3], "texture": "#1"},
				"west": {"uv": [6, 4.5, 10.5, 6], "texture": "#1"},
				"up": {"uv": [6, 4.5, 0, 0], "texture": "#1"},
				"down": {"uv": [6, 4.5, 0, 9], "texture": "#1"}
			}
		},
		{
			"from": [2, 4, 3],
			"to": [14, 7, 12],
			"rotation": {"angle": 0, "axis": "y", "origin": [8, 8.5, 7.5]},
			"faces": {
				"north": {"uv": [6, 0, 12, 1.5], "texture": "#1"},
				"east": {"uv": [6, 3, 10.5, 4.5], "texture": "#1"},
				"south": {"uv": [6, 1.5, 12, 3], "texture": "#1"},
				"west": {"uv": [6, 4.5, 10.5, 6], "texture": "#1"},
				"up": {"uv": [6, 4.5, 0, 0], "texture": "#1"},
				"down": {"uv": [6, 4.5, 0, 9], "texture": "#1"}
			}
		},
		{
			"from": [6, 0.5, 14],
			"to": [12, 8.5, 16],
			"rotation": {"angle": -22.5, "axis": "x", "origin": [6, 4, 16]},
			"faces": {
				"north": {"uv": [0, 0, 6, 8], "texture": "#2"},
				"east": {"uv": [0, 8, 2, 16], "texture": "#2"},
				"south": {"uv": [6, 0, 12, 8], "texture": "#2"},
				"west": {"uv": [2, 8, 4, 16], "texture": "#2"},
				"up": {"uv": [10, 10, 4, 8], "texture": "#2"},
				"down": {"uv": [10, 10, 4, 12], "texture": "#2"}
			}
		},
		{
			"from": [0, 0, 0],
			"to": [16, 0, 16],
			"faces": {
				"north": {"uv": [0, 0, 8, 0], "texture": "#4"},
				"east": {"uv": [0, 0, 8, 0], "texture": "#4"},
				"south": {"uv": [0, 0, 8, 0], "texture": "#4"},
				"west": {"uv": [0, 0, 8, 0], "texture": "#4"},
				"up": {"uv": [8, 8, 0, 0], "texture": "#4"},
				"down": {"uv": [8, 8, 0, 16], "texture": "#4"}
			}
		}
	]
}