{
	"credit": "Made with Blockbench",
	"textures": {
		"0": "block/mh/crimson_mushroom",
		"2": "block/mh/big_crimson_mushroom",
		"3": "block/mh/long_crimson_mushroom",
		"particle": "block/mh/crimson_mushroom"
	},
	"elements": [
		{
			"from": [10.4, 0, 5.3],
			"to": [11, 2, 5.9],
			"faces": {
				"north": {"uv": [12, 2, 13, 6], "texture": "#0"},
				"east": {"uv": [4, 12, 5, 16], "texture": "#0"},
				"south": {"uv": [6, 12, 7, 16], "texture": "#0"},
				"west": {"uv": [12, 6, 13, 10], "texture": "#0"},
				"up": {"uv": [9, 13, 8, 12], "texture": "#0"},
				"down": {"uv": [11, 12, 10, 13], "texture": "#0"}
			}
		},
		{
			"from": [9.7, 2, 4.6],
			"to": [11.7, 2.5, 6.6],
			"faces": {
				"north": {"uv": [8, 8, 12, 9], "texture": "#0"},
				"east": {"uv": [8, 10, 12, 11], "texture": "#0"},
				"south": {"uv": [0, 12, 4, 13], "texture": "#0"},
				"west": {"uv": [12, 0, 16, 1], "texture": "#0"},
				"up": {"uv": [4, 4, 0, 0], "texture": "#0"},
				"down": {"uv": [4, 4, 0, 8], "texture": "#0"}
			}
		},
		{
			"from": [10, 2.5, 4.9],
			"to": [11.4, 4, 6.3],
			"faces": {
				"north": {"uv": [4, 0, 7, 3], "texture": "#0"},
				"east": {"uv": [4, 4, 7, 7], "texture": "#0"},
				"south": {"uv": [0, 8, 3, 11], "texture": "#0"},
				"west": {"uv": [8, 0, 11, 3], "texture": "#0"},
				"up": {"uv": [7, 11, 4, 8], "texture": "#0"},
				"down": {"uv": [11, 4, 8, 7], "texture": "#0"}
			}
		},
		{
			"from": [7.4, 0, 4],
			"to": [8, 4.1, 4.6],
			"faces": {
				"north": {"uv": [4, 8.5, 5, 16], "texture": "#3"},
				"east": {"uv": [13, 3, 14, 10.5], "texture": "#3"},
				"south": {"uv": [14, 3, 15, 10.5], "texture": "#3"},
				"west": {"uv": [5, 8.5, 6, 16], "texture": "#3"},
				"up": {"uv": [9, 13, 8, 12], "texture": "#3"},
				"down": {"uv": [11, 12, 10, 13], "texture": "#3"}
			}
		},
		{
			"from": [6.7, 4, 3.3],
			"to": [8.7, 4.5, 5.3],
			"faces": {
				"north": {"uv": [0, 12, 4, 13], "texture": "#3"},
				"east": {"uv": [8, 10, 12, 11], "texture": "#3"},
				"south": {"uv": [12, 0, 16, 1], "texture": "#3"},
				"west": {"uv": [8, 8, 12, 9], "texture": "#3"},
				"up": {"uv": [4, 4, 0, 0], "texture": "#3"},
				"down": {"uv": [4, 4, 0, 8], "texture": "#3"}
			}
		},
		{
			"from": [7, 4.5, 3.6],
			"to": [8.4, 6, 5],
			"faces": {
				"north": {"uv": [4, 0, 7, 3], "texture": "#3"},
				"east": {"uv": [4, 4, 7, 7], "texture": "#3"},
				"south": {"uv": [0, 8, 3, 11], "texture": "#3"},
				"west": {"uv": [4, 4, 7, 7], "texture": "#3"},
				"up": {"uv": [11, 7, 8, 4], "texture": "#3"},
				"down": {"uv": [15, 12.5, 12, 15.5], "texture": "#3"}
			}
		},
		{
			"from": [7.1, 0, 7.2],
			"to": [8.7, 6, 8.8],
			"faces": {
				"north": {"uv": [4, 0, 5.5, 6], "texture": "#2"},
				"east": {"uv": [6, 0, 7.5, 6], "texture": "#2"},
				"south": {"uv": [4, 6, 5.5, 12], "texture": "#2"},
				"west": {"uv": [6, 6, 7.5, 12], "texture": "#2"},
				"up": {"uv": [12.5, 5.5, 11, 4], "texture": "#2"},
				"down": {"uv": [12.5, 6, 11, 7.5], "texture": "#2"}
			}
		},
		{
			"from": [5.9, 6, 6],
			"to": [9.9, 7, 10],
			"faces": {
				"north": {"uv": [11, 0, 15, 1], "texture": "#2"},
				"east": {"uv": [11, 1, 15, 2], "texture": "#2"},
				"south": {"uv": [11, 2, 15, 3], "texture": "#2"},
				"west": {"uv": [11, 3, 15, 4], "texture": "#2"},
				"up": {"uv": [4, 4, 0, 0], "texture": "#2"},
				"down": {"uv": [4, 4, 0, 8], "texture": "#2"}
			}
		},
		{
			"from": [6.4, 7, 6.5],
			"to": [9.4, 10.1, 9.5],
			"faces": {
				"north": {"uv": [0, 8, 3, 11], "texture": "#2"},
				"east": {"uv": [8, 0, 11, 3], "texture": "#2"},
				"south": {"uv": [8, 3, 11, 6], "texture": "#2"},
				"west": {"uv": [8, 6, 11, 9], "texture": "#2"},
				"up": {"uv": [11, 12, 8, 9], "texture": "#2"},
				"down": {"uv": [3, 11, 0, 14], "texture": "#2"}
			}
		}
	],
	"display": {
		"thirdperson_righthand": {
			"translation": [0, 5.75, 0]
		},
		"head": {
			"translation": [0, -6, 0],
			"scale": [1.5, 1.5, 1.5]
		},
		"fixed": {
			"rotation": [-90, 0, 0],
			"translation": [0, 0, -16],
			"scale": [2, 2, 2]
		}
	},
	"groups": [
		{
			"name": "group",
			"origin": [0, 0, 0],
			"color": 0,
			"children": [0, 1, 2]
		},
		{
			"name": "group",
			"origin": [0, 0, 0],
			"color": 0,
			"children": [3, 4, 5]
		},
		{
			"name": "group",
			"origin": [0, 0, 0],
			"color": 0,
			"children": [6, 7, 8]
		}
	]
}