{
	"credit": "Made with Blockbench",
	"texture_size": [32, 32],
	"textures": {
		"0": "block/mh/vinebottle1",
		"1": "block/mh/vinebottle2",
		"particle": "block/mh/vinebottle1"
	},
	"elements": [
		{
			"from": [7, 10, 11],
			"to": [9, 15, 13],
			"rotation": {"angle": 22.5, "axis": "y", "origin": [8, 8.75, 12]},
			"faces": {
				"north": {"uv": [6, 0, 7, 2.5], "texture": "#0"},
				"east": {"uv": [6, 2.5, 7, 5], "texture": "#0"},
				"south": {"uv": [6, 5, 7, 7.5], "texture": "#0"},
				"west": {"uv": [7, 0, 8, 2.5], "texture": "#0"},
				"up": {"uv": [3, 8, 2, 7], "texture": "#0"},
				"down": {"uv": [8, 2.5, 7, 3.5], "texture": "#0"}
			}
		},
		{
			"from": [6, 0, 10],
			"to": [10, 10, 14],
			"rotation": {"angle": 22.5, "axis": "y", "origin": [8, 8.75, 12]},
			"faces": {
				"north": {"uv": [0, 0, 2, 5], "texture": "#0"},
				"east": {"uv": [2, 0, 4, 5], "texture": "#0"},
				"south": {"uv": [4, 0, 6, 5], "texture": "#0"},
				"west": {"uv": [0, 5, 2, 10], "texture": "#0"},
				"up": {"uv": [4, 7, 2, 5], "texture": "#0"},
				"down": {"uv": [6, 5, 4, 7], "texture": "#0"}
			}
		},
		{
			"from": [7.94854, 0.75, -1.07031],
			"to": [9.94854, 2.75, 3.92969],
			"rotation": {"angle": 45, "axis": "y", "origin": [7.22183, 7.125, 6.90641]},
			"faces": {
				"north": {"uv": [3, 8, 2, 7], "rotation": 270, "texture": "#1"},
				"east": {"uv": [6, 0, 7, 2.5], "rotation": 90, "texture": "#1"},
				"south": {"uv": [8, 2.5, 7, 3.5], "rotation": 270, "texture": "#1"},
				"west": {"uv": [6, 5, 7, 7.5], "rotation": 270, "texture": "#1"},
				"up": {"uv": [6, 2.5, 7, 5], "texture": "#1"},
				"down": {"uv": [7, 0, 8, 2.5], "rotation": 180, "texture": "#1"}
			}
		},
		{
			"from": [6.94854, -0.25, 3.92969],
			"to": [10.94854, 3.75, 13.92969],
			"rotation": {"angle": 45, "axis": "y", "origin": [7.22183, 7.125, 6.90641]},
			"faces": {
				"north": {"uv": [4, 7, 2, 5], "rotation": 270, "texture": "#1"},
				"east": {"uv": [0, 0, 2, 5], "rotation": 90, "texture": "#1"},
				"south": {"uv": [6, 5, 4, 7], "rotation": 270, "texture": "#1"},
				"west": {"uv": [4, 0, 6, 5], "rotation": 270, "texture": "#1"},
				"up": {"uv": [2, 0, 4, 5], "texture": "#1"},
				"down": {"uv": [0, 5, 2, 10], "rotation": 180, "texture": "#1"}
			}
		}
	],
	"groups": [
		{
			"name": "group",
			"origin": [0, 0, 0],
			"color": 0,
			"children": [
				0,
				1,
				{
					"name": "group",
					"origin": [0, 0, 0],
					"color": 0,
					"children": [2, 3]
				}
			]
		}
	],
	"display": {
        "head": {
            "rotation": [ 0, -90, 0 ],
            "translation": [ -2, -6, 1.5 ],
            "scale": [ 1.5, 1.5, 1.5 ]
        },
	"fixed": {
            "rotation": [ -90, 0, 0 ],
            "translation": [ 2, 2, -16 ],
            "scale": [ 2, 2, 2 ]
	},
"gui": {
			"rotation": [30, -46, 0],
			"translation": [-0.25, 1, 0]
		}
    }
}