{
	"credit": "Made with Blockbench",
	"texture_size": [32, 32],
	"textures": {
		"0": "block/mh/vodorfal",
		"1": "block/mh/vodorfal_belso",
		"2": "block/mh/vodoralj",
		"3": "block/mh/vodorfal_magas",
		"4": "block/mh/vodorfogo",
		"particle": "block/mh/vodorfal"
	},
	"elements": [
		{
			"from": [6.5, 0, 3],
			"to": [9.5, 10, 4],
			"rotation": {"angle": 0, "axis": "y", "origin": [8, 1, 8]},
			"faces": {
				"north": {"uv": [3, 0, 6, 10], "texture": "#0"},
				"east": {"uv": [6, 0, 7, 10], "texture": "#0"},
				"south": {"uv": [0, 0, 3, 10], "texture": "#0"},
				"west": {"uv": [7, 0, 8, 10], "texture": "#0"},
				"up": {"uv": [9, 3, 8, 0], "rotation": 90, "texture": "#0"},
				"down": {"uv": [9, 3, 8, 6], "rotation": 270, "texture": "#0"}
			}
		},
		{
			"from": [6.5, 0, 3],
			"to": [9.5, 10, 4],
			"rotation": {"angle": -45, "axis": "y", "origin": [8, 1, 8]},
			"faces": {
				"north": {"uv": [3, 0, 6, 10], "texture": "#0"},
				"east": {"uv": [6, 0, 7, 10], "texture": "#0"},
				"south": {"uv": [0, 0, 3, 10], "texture": "#0"},
				"west": {"uv": [7, 0, 8, 10], "texture": "#0"},
				"up": {"uv": [9, 3, 8, 0], "rotation": 90, "texture": "#0"},
				"down": {"uv": [9, 3, 8, 6], "rotation": 270, "texture": "#0"}
			}
		},
		{
			"from": [12, 0, 6.5],
			"to": [13, 13, 9.5],
			"rotation": {"angle": 0, "axis": "y", "origin": [8, 1, 8]},
			"faces": {
				"north": {"uv": [6, 0, 7, 13], "texture": "#3"},
				"east": {"uv": [0, 0, 3, 13], "texture": "#3"},
				"south": {"uv": [7, 0, 8, 13], "texture": "#3"},
				"west": {"uv": [3, 0, 6, 13], "texture": "#3"},
				"up": {"uv": [9, 3, 8, 0], "texture": "#3"},
				"down": {"uv": [9, 3, 8, 6], "texture": "#3"}
			}
		},
		{
			"from": [3, 0, 6.5],
			"to": [4, 13, 9.5],
			"rotation": {"angle": 0, "axis": "y", "origin": [8, 1, 8]},
			"faces": {
				"north": {"uv": [7, 0, 8, 13], "texture": "#3"},
				"east": {"uv": [3, 0, 6, 13], "texture": "#3"},
				"south": {"uv": [6, 0, 7, 13], "texture": "#3"},
				"west": {"uv": [0, 0, 3, 13], "texture": "#3"},
				"up": {"uv": [9, 3, 8, 0], "rotation": 180, "texture": "#3"},
				"down": {"uv": [9, 3, 8, 6], "rotation": 180, "texture": "#3"}
			}
		},
		{
			"from": [12, 0, 6.5],
			"to": [13, 10, 9.5],
			"rotation": {"angle": -45, "axis": "y", "origin": [8, 1, 8]},
			"faces": {
				"north": {"uv": [7, 0, 8, 10], "texture": "#0"},
				"east": {"uv": [3, 0, 6, 10], "texture": "#0"},
				"south": {"uv": [6, 0, 7, 10], "texture": "#0"},
				"west": {"uv": [0, 0, 3, 10], "texture": "#0"},
				"up": {"uv": [9, 3, 8, 0], "rotation": 180, "texture": "#0"},
				"down": {"uv": [9, 3, 8, 6], "rotation": 180, "texture": "#0"}
			}
		},
		{
			"from": [6.5, 0, 12],
			"to": [9.5, 10, 13],
			"rotation": {"angle": 0, "axis": "y", "origin": [8, 1, 8]},
			"faces": {
				"north": {"uv": [0, 0, 3, 10], "texture": "#0"},
				"east": {"uv": [7, 0, 8, 10], "texture": "#0"},
				"south": {"uv": [3, 0, 6, 10], "texture": "#0"},
				"west": {"uv": [6, 0, 7, 10], "texture": "#0"},
				"up": {"uv": [9, 3, 8, 0], "rotation": 270, "texture": "#0"},
				"down": {"uv": [9, 3, 8, 6], "rotation": 90, "texture": "#0"}
			}
		},
		{
			"from": [6.5, 0, 12],
			"to": [9.5, 10, 13],
			"rotation": {"angle": -45, "axis": "y", "origin": [8, 1, 8]},
			"faces": {
				"north": {"uv": [0, 0, 3, 10], "texture": "#0"},
				"east": {"uv": [7, 0, 8, 10], "texture": "#0"},
				"south": {"uv": [3, 0, 6, 10], "texture": "#0"},
				"west": {"uv": [6, 0, 7, 10], "texture": "#0"},
				"up": {"uv": [9, 3, 8, 0], "rotation": 270, "texture": "#0"},
				"down": {"uv": [9, 3, 8, 6], "rotation": 90, "texture": "#0"}
			}
		},
		{
			"from": [3, 0, 6.5],
			"to": [4, 10, 9.5],
			"rotation": {"angle": -45, "axis": "y", "origin": [8, 1, 8]},
			"faces": {
				"north": {"uv": [6, 0, 7, 10], "texture": "#0"},
				"east": {"uv": [0, 0, 3, 10], "texture": "#0"},
				"south": {"uv": [7, 0, 8, 10], "texture": "#0"},
				"west": {"uv": [3, 0, 6, 10], "texture": "#0"},
				"up": {"uv": [9, 3, 8, 0], "texture": "#0"},
				"down": {"uv": [9, 3, 8, 6], "texture": "#0"}
			}
		},
		{
			"from": [4, 0, 6],
			"to": [4, 10, 10],
			"rotation": {"angle": 0, "axis": "x", "origin": [8, 1, 8]},
			"faces": {
				"north": {"uv": [0, 0, 0, 10], "texture": "#1"},
				"east": {"uv": [0, 0, 4, 10], "texture": "#1"},
				"south": {"uv": [0, 0, 0, 10], "texture": "#1"},
				"west": {"uv": [4, 0, 8, 10], "texture": "#1"},
				"up": {"uv": [0, 4, 0, 0], "texture": "#1"},
				"down": {"uv": [0, 0, 0, 4], "texture": "#1"}
			}
		},
		{
			"from": [6, 0, 12],
			"to": [10, 10, 12],
			"rotation": {"angle": 0, "axis": "y", "origin": [8, 1, 8]},
			"faces": {
				"north": {"uv": [0, 0, 4, 10], "texture": "#1"},
				"east": {"uv": [0, 0, 0, 10], "texture": "#1"},
				"south": {"uv": [4, 0, 8, 10], "texture": "#1"},
				"west": {"uv": [0, 0, 0, 10], "texture": "#1"},
				"up": {"uv": [0, 4, 0, 0], "rotation": 270, "texture": "#1"},
				"down": {"uv": [0, 0, 0, 4], "rotation": 90, "texture": "#1"}
			}
		},
		{
			"from": [12, 0, 6],
			"to": [12, 10, 10],
			"rotation": {"angle": 0, "axis": "y", "origin": [8, 1, 8]},
			"faces": {
				"north": {"uv": [0, 0, 0, 10], "texture": "#1"},
				"east": {"uv": [4, 0, 8, 10], "texture": "#1"},
				"south": {"uv": [0, 0, 0, 10], "texture": "#1"},
				"west": {"uv": [0, 0, 4, 10], "texture": "#1"},
				"up": {"uv": [0, 4, 0, 0], "rotation": 180, "texture": "#1"},
				"down": {"uv": [0, 0, 0, 4], "rotation": 180, "texture": "#1"}
			}
		},
		{
			"from": [6, 0, 4],
			"to": [10, 10, 4],
			"rotation": {"angle": 0, "axis": "y", "origin": [8, 1, 8]},
			"faces": {
				"north": {"uv": [4, 0, 8, 10], "texture": "#1"},
				"east": {"uv": [0, 0, 0, 10], "texture": "#1"},
				"south": {"uv": [0, 0, 4, 10], "texture": "#1"},
				"west": {"uv": [0, 0, 0, 10], "texture": "#1"},
				"up": {"uv": [0, 4, 0, 0], "rotation": 90, "texture": "#1"},
				"down": {"uv": [0, 0, 0, 4], "rotation": 270, "texture": "#1"}
			}
		},
		{
			"from": [4, 0, 6],
			"to": [12, 0, 10],
			"rotation": {"angle": 0, "axis": "y", "origin": [8, 0, 8]},
			"faces": {
				"north": {"uv": [0, 0, 8, 0], "texture": "#2"},
				"east": {"uv": [0, 0, 4, 0], "texture": "#2"},
				"south": {"uv": [0, 0, 8, 0], "texture": "#2"},
				"west": {"uv": [0, 0, 4, 0], "texture": "#2"},
				"up": {"uv": [8, 4, 0, 0], "texture": "#2"},
				"down": {"uv": [8, 4, 0, 8], "texture": "#2"}
			}
		},
		{
			"from": [4, 0.05, 6],
			"to": [12, 0.05, 10],
			"rotation": {"angle": -45, "axis": "y", "origin": [8, 0, 8]},
			"faces": {
				"north": {"uv": [0, 0, 8, 0], "texture": "#2"},
				"east": {"uv": [0, 0, 4, 0], "texture": "#2"},
				"south": {"uv": [0, 0, 8, 0], "texture": "#2"},
				"west": {"uv": [0, 0, 4, 0], "texture": "#2"},
				"up": {"uv": [8, 4, 0, 0], "texture": "#2"},
				"down": {"uv": [8, 4, 0, 8], "texture": "#2"}
			}
		},
		{
			"from": [4, 0.06, 6],
			"to": [12, 0.06, 10],
			"rotation": {"angle": 45, "axis": "y", "origin": [8, 0, 8]},
			"faces": {
				"north": {"uv": [0, 0, 8, 0], "texture": "#2"},
				"east": {"uv": [0, 0, 4, 0], "texture": "#2"},
				"south": {"uv": [0, 0, 8, 0], "texture": "#2"},
				"west": {"uv": [0, 0, 4, 0], "texture": "#2"},
				"up": {"uv": [8, 4, 0, 0], "texture": "#2"},
				"down": {"uv": [8, 4, 0, 8], "texture": "#2"}
			}
		},
		{
			"from": [6, 0.04, 4],
			"to": [10, 0.04, 12],
			"rotation": {"angle": 0, "axis": "y", "origin": [8, 0, 8]},
			"faces": {
				"north": {"uv": [0, 0, 4, 0], "texture": "#2"},
				"east": {"uv": [0, 0, 8, 0], "texture": "#2"},
				"south": {"uv": [0, 0, 4, 0], "texture": "#2"},
				"west": {"uv": [0, 0, 8, 0], "texture": "#2"},
				"up": {"uv": [8, 4, 0, 0], "rotation": 270, "texture": "#2"},
				"down": {"uv": [8, 4, 0, 8], "rotation": 90, "texture": "#2"}
			}
		},
		{
			"from": [2, 14, -3],
			"to": [14, 14, 7],
			"rotation": {"angle": 45, "axis": "x", "origin": [0, 0, 0]},
			"faces": {
				"north": {"uv": [0, 0, 6, 0], "texture": "#4"},
				"east": {"uv": [0, 0, 5, 0], "texture": "#4"},
				"south": {"uv": [0, 0, 6, 0], "texture": "#4"},
				"west": {"uv": [0, 0, 5, 0], "texture": "#4"},
				"up": {"uv": [6, 5, 0, 0], "texture": "#4"},
				"down": {"uv": [6, 5, 0, 10], "texture": "#4"}
			}
		}
	],
"display": {
 "head": {
            "rotation": [ 0, 0, 0 ],
            "translation": [ 0, -6, 0 ],
            "scale": [ 1.5, 1.5, 1.5 ]
        },        
"fixed": {
            "rotation": [ -90, 0, 0 ],
            "translation": [ 0, 0, 15.99 ],
            "scale": [ 2, 2, 2 ]
        },
"gui": {
			"rotation": [30, -46, 0],
			"translation": [-0.25, 1, 0]
		}
    }
}