{
	"credit": "Made with Blockbench",
	"texture_size": [32, 32],
	"textures": {
		"1": "block/mh/bottlewater",
		"2": "block/mh/waterbottle",
		"particle": "block/mh/waterbottle"
	},
	"elements": [
		{
			"from": [4, 0, 3.5],
			"to": [10, 8, 10.5],
			"faces": {
				"north": {"uv": [0, 4, 3, 8], "texture": "#2"},
				"east": {"uv": [0, 0, 3.5, 4], "texture": "#2"},
				"south": {"uv": [3, 4, 6, 8], "texture": "#2"},
				"west": {"uv": [3.5, 0, 7, 4], "texture": "#2"},
				"up": {"uv": [9, 7.5, 6, 4], "texture": "#2"},
				"down": {"uv": [10, 0, 7, 3.5], "texture": "#2"}
			}
		},
		{
			"from": [4.5, 0.5, 4],
			"to": [9.5, 7.5, 10],
			"faces": {
				"north": {"uv": [0, 0, 16, 16], "texture": "#1"},
				"east": {"uv": [0, 0, 16, 16], "texture": "#1"},
				"south": {"uv": [0, 0, 16, 16], "texture": "#1"},
				"west": {"uv": [0, 0, 16, 16], "texture": "#1"},
				"up": {"uv": [0, 0, 16, 16], "texture": "#1"},
				"down": {"uv": [0, 0, 16, 16], "texture": "#1"}
			}
		},
		{
			"from": [5.5, 8, 5.5],
			"to": [8.5, 11, 8.5],
			"faces": {
				"north": {"uv": [4.5, 8, 6, 9.5], "texture": "#2"},
				"east": {"uv": [9, 6, 10.5, 7.5], "texture": "#2"},
				"south": {"uv": [6.5, 10.5, 8, 12], "texture": "#2"},
				"west": {"uv": [8, 10.5, 9.5, 12], "texture": "#2"},
				"up": {"uv": [12, 9.5, 10.5, 8], "texture": "#2"},
				"down": {"uv": [11, 10.5, 9.5, 12], "texture": "#2"}
			}
		},
		{
			"from": [6, 12, 6],
			"to": [8, 14, 8],
			"faces": {
				"north": {"uv": [4.5, 9.5, 5.5, 10.5], "texture": "#2"},
				"east": {"uv": [0, 11, 1, 12], "texture": "#2"},
				"south": {"uv": [1, 11, 2, 12], "texture": "#2"},
				"west": {"uv": [2, 11, 3, 12], "texture": "#2"},
				"up": {"uv": [4, 12, 3, 11], "texture": "#2"},
				"down": {"uv": [12, 3.5, 11, 4.5], "texture": "#2"}
			}
		},
		{
			"from": [5, 11, 5],
			"to": [9, 12, 9],
			"faces": {
				"north": {"uv": [7, 3.5, 9, 4], "texture": "#2"},
				"east": {"uv": [10, 2.5, 12, 3], "texture": "#2"},
				"south": {"uv": [10, 3, 12, 3.5], "texture": "#2"},
				"west": {"uv": [10.5, 9.5, 12.5, 10], "texture": "#2"},
				"up": {"uv": [6.5, 12.5, 4.5, 10.5], "texture": "#2"},
				"down": {"uv": [12.5, 6, 10.5, 8], "texture": "#2"}
			}
		}
	],
	"display": {
		"thirdperson_righthand": {
			"translation": [0, -3.25, 0]
		},
		"gui": {
			"rotation": [0, -22, 0],
			"translation": [0, 1.25, 0]
		},
		"head": {
			"translation": [0, -6, 0],
			"scale": [1.5, 1.5, 1.5]
		},
		"fixed": {
			"rotation": [-90, 0, 0],
			"translation": [0, 0, -16],
			"scale": [2, 2, 2]
		}
	},
	"groups": [
		{
			"name": "empty_bottle",
			"origin": [8, 8, 8],
			"color": 0,
			"children": [0, 1, 2, 3, 4]
		}
	]
}