{
	"credit": "Made with Blockbench",
	"textures": {
		"0": "block/mushroombrown",
		"particle": "block/mushroombrown"
	},
	"elements": [
		{
			"from": [6.75, -0.25, 7],
			"to": [9, 5.9, 9.25],
			"faces": {
				"north": {"uv": [7, 8, 9, 14], "texture": "#0"},
				"east": {"uv": [9, 8, 11, 14], "texture": "#0"},
				"south": {"uv": [11, 8, 13, 14], "texture": "#0"},
				"west": {"uv": [13, 8, 15, 14], "texture": "#0"},
				"up": {"uv": [2, 16, 0, 14], "texture": "#0"},
				"down": {"uv": [16, 0, 14, 2], "texture": "#0"}
			}
		},
		{
			"from": [4.25, 4.75, 4.5],
			"to": [11.5, 6.9, 11.75],
			"faces": {
				"north": {"uv": [7, 0, 14, 2], "texture": "#0"},
				"east": {"uv": [7, 2, 14, 4], "texture": "#0"},
				"south": {"uv": [7, 4, 14, 6], "texture": "#0"},
				"west": {"uv": [7, 6, 14, 8], "texture": "#0"},
				"up": {"uv": [7, 7, 0, 0], "texture": "#0"},
				"down": {"uv": [7, 7, 0, 14], "texture": "#0"}
			}
		}
	],
	"display": {}
}