{
	"credit": "Made with Blockbench",
	"texture_size": [32, 32],
	"textures": {
		"0": "block/brownwallmushroom",
		"particle": "block/brownwallmushroom"
	},
	"elements": [
		{
			"from": [1, 2, 11],
			"to": [7, 4, 16],
			"rotation": {"angle": 0, "axis": "y", "origin": [8, 0, 8]},
			"shade": false,
			"faces": {
				"north": {"uv": [5, 6, 8, 7], "texture": "#0"},
				"east": {"uv": [8, 0, 10.5, 1], "texture": "#0"},
				"south": {"uv": [0, 7, 3, 8], "texture": "#0"},
				"west": {"uv": [0, 8, 2.5, 9], "texture": "#0"},
				"up": {"uv": [2.5, 7, 0, 4], "rotation": 270, "texture": "#0"},
				"down": {"uv": [5, 4, 2.5, 7], "rotation": 90, "texture": "#0"}
			}
		},
		{
			"from": [4, 12, 11],
			"to": [10, 14, 16],
			"rotation": {"angle": 0, "axis": "y", "origin": [8, 0, 8]},
			"shade": false,
			"faces": {
				"north": {"uv": [5, 6, 8, 7], "texture": "#0"},
				"east": {"uv": [8, 0, 10.5, 1], "texture": "#0"},
				"south": {"uv": [0, 7, 3, 8], "texture": "#0"},
				"west": {"uv": [0, 8, 2.5, 9], "texture": "#0"},
				"up": {"uv": [2.5, 7, 0, 4], "rotation": 270, "texture": "#0"},
				"down": {"uv": [5, 4, 2.5, 7], "rotation": 90, "texture": "#0"}
			}
		},
		{
			"from": [8, 6, 10],
			"to": [16, 8, 16],
			"rotation": {"angle": 0, "axis": "y", "origin": [8, 0, 8]},
			"shade": false,
			"faces": {
				"north": {"uv": [5, 4, 9, 5], "texture": "#0"},
				"east": {"uv": [6, 7, 9, 8], "texture": "#0"},
				"south": {"uv": [5, 5, 9, 6], "texture": "#0"},
				"west": {"uv": [3, 7, 6, 8], "texture": "#0"},
				"up": {"uv": [3, 4, 0, 0], "rotation": 270, "texture": "#0"},
				"down": {"uv": [6, 0, 3, 4], "rotation": 90, "texture": "#0"}
			}
		},
		{
			"from": [10, 1, 12],
			"to": [14, 3, 16],
			"rotation": {"angle": 0, "axis": "y", "origin": [8, 0, 8]},
			"shade": false,
			"faces": {
				"north": {"uv": [8, 2, 10, 3], "texture": "#0"},
				"east": {"uv": [2.5, 8, 4.5, 9], "texture": "#0"},
				"south": {"uv": [8, 3, 10, 4], "texture": "#0"},
				"west": {"uv": [8, 1, 10, 2], "texture": "#0"},
				"up": {"uv": [8, 2, 6, 0], "rotation": 270, "texture": "#0"},
				"down": {"uv": [8, 2, 6, 4], "rotation": 90, "texture": "#0"}
			}
		},
		{
			"from": [0, 8, 12],
			"to": [4, 10, 16],
			"rotation": {"angle": 0, "axis": "y", "origin": [8, 0, 8]},
			"shade": false,
			"faces": {
				"north": {"uv": [8, 2, 10, 3], "texture": "#0"},
				"east": {"uv": [2.5, 8, 4.5, 9], "texture": "#0"},
				"south": {"uv": [8, 3, 10, 4], "texture": "#0"},
				"west": {"uv": [8, 1, 10, 2], "texture": "#0"},
				"up": {"uv": [8, 2, 6, 0], "rotation": 270, "texture": "#0"},
				"down": {"uv": [8, 2, 6, 4], "rotation": 90, "texture": "#0"}
			}
		}
	]
}