{
	"credit": "Made with Blockbench",
	"texture_size": [32, 32],
	"textures": {
		"0": "block/lepiota",
		"particle": "block/lepiota"
	},
	"elements": [
		{
			"from": [7, 0, 7],
			"to": [9, 10, 9],
			"shade": false,
			"faces": {
				"north": {"uv": [5, 0, 6, 5], "texture": "#0"},
				"east": {"uv": [5, 5, 6, 10], "texture": "#0"},
				"south": {"uv": [6, 0, 7, 5], "texture": "#0"},
				"west": {"uv": [6, 5, 7, 10], "texture": "#0"},
				"up": {"uv": [8, 7, 7, 6], "texture": "#0"},
				"down": {"uv": [8, 7, 7, 8], "texture": "#0"}
			}
		},
		{
			"from": [3, 10, 3],
			"to": [13, 12, 13],
			"shade": false,
			"faces": {
				"north": {"uv": [7, 0, 12, 1], "texture": "#0"},
				"east": {"uv": [7, 1, 12, 2], "texture": "#0"},
				"south": {"uv": [7, 2, 12, 3], "texture": "#0"},
				"west": {"uv": [7, 3, 12, 4], "texture": "#0"},
				"up": {"uv": [5, 5, 0, 0], "texture": "#0"},
				"down": {"uv": [5, 5, 0, 10], "texture": "#0"}
			}
		},
		{
			"from": [6, 7, 9],
			"to": [10, 7, 11],
			"rotation": {"angle": 22.5, "axis": "x", "origin": [8, 7, 8]},
			"shade": false,
			"faces": {
				"north": {"uv": [0, 0, 2, 0], "texture": "#0"},
				"east": {"uv": [0, 0, 1, 0], "texture": "#0"},
				"south": {"uv": [0, 0, 2, 0], "texture": "#0"},
				"west": {"uv": [0, 0, 1, 0], "texture": "#0"},
				"up": {"uv": [9, 5, 7, 4], "texture": "#0"},
				"down": {"uv": [9, 5, 7, 6], "texture": "#0"}
			}
		},
		{
			"from": [9, 7, 6],
			"to": [11, 7, 10],
			"rotation": {"angle": -22.5, "axis": "z", "origin": [8, 7, 8]},
			"shade": false,
			"faces": {
				"north": {"uv": [0, 0, 1, 0], "texture": "#0"},
				"east": {"uv": [0, 0, 2, 0], "texture": "#0"},
				"south": {"uv": [0, 0, 1, 0], "texture": "#0"},
				"west": {"uv": [0, 0, 2, 0], "texture": "#0"},
				"up": {"uv": [9, 5, 7, 4], "rotation": 270, "texture": "#0"},
				"down": {"uv": [9, 5, 7, 6], "rotation": 90, "texture": "#0"}
			}
		},
		{
			"from": [6, 7, 5],
			"to": [10, 7, 7],
			"rotation": {"angle": -22.5, "axis": "x", "origin": [8, 7, 8]},
			"shade": false,
			"faces": {
				"north": {"uv": [0, 0, 2, 0], "texture": "#0"},
				"east": {"uv": [0, 0, 1, 0], "texture": "#0"},
				"south": {"uv": [0, 0, 2, 0], "texture": "#0"},
				"west": {"uv": [0, 0, 1, 0], "texture": "#0"},
				"up": {"uv": [9, 5, 7, 4], "rotation": 180, "texture": "#0"},
				"down": {"uv": [9, 5, 7, 6], "rotation": 180, "texture": "#0"}
			}
		},
		{
			"from": [5, 7, 6],
			"to": [7, 7, 10],
			"rotation": {"angle": 22.5, "axis": "z", "origin": [8, 7, 8]},
			"shade": false,
			"faces": {
				"north": {"uv": [0, 0, 1, 0], "texture": "#0"},
				"east": {"uv": [0, 0, 2, 0], "texture": "#0"},
				"south": {"uv": [0, 0, 1, 0], "texture": "#0"},
				"west": {"uv": [0, 0, 2, 0], "texture": "#0"},
				"up": {"uv": [9, 5, 7, 4], "rotation": 90, "texture": "#0"},
				"down": {"uv": [9, 5, 7, 6], "rotation": 270, "texture": "#0"}
			}
		}
	]
}