{
	"credit": "Made with Blockbench",
	"texture_size": [32, 32],
	"textures": {
		"0": "block/truffles",
		"particle": "block/truffles"
	},
	"elements": [
		{
			"from": [4, 0, 4],
			"to": [10, 6, 10],
			"faces": {
				"north": {"uv": [0, 0, 3, 3], "texture": "#0"},
				"east": {"uv": [0, 3, 3, 6], "texture": "#0"},
				"south": {"uv": [3, 0, 6, 3], "texture": "#0"},
				"west": {"uv": [3, 3, 6, 6], "texture": "#0"},
				"up": {"uv": [3, 9, 0, 6], "texture": "#0"},
				"down": {"uv": [9, 0, 6, 3], "texture": "#0"}
			}
		},
		{
			"from": [8, 0, 11],
			"to": [11, 3, 14],
			"faces": {
				"north": {"uv": [8, 3, 9.5, 4.5], "texture": "#0"},
				"east": {"uv": [5, 8, 6.5, 9.5], "texture": "#0"},
				"south": {"uv": [0, 9, 1.5, 10.5], "texture": "#0"},
				"west": {"uv": [9, 0, 10.5, 1.5], "texture": "#0"},
				"up": {"uv": [3, 10.5, 1.5, 9], "texture": "#0"},
				"down": {"uv": [10.5, 1.5, 9, 3], "texture": "#0"}
			}
		},
		{
			"from": [2, 0, 3],
			"to": [5, 3, 6],
			"rotation": {"angle": 22.5, "axis": "z", "origin": [4.5, 1.5, 6.5]},
			"faces": {
				"north": {"uv": [9, 4.5, 10.5, 6], "texture": "#0"},
				"east": {"uv": [9, 6, 10.5, 7.5], "texture": "#0"},
				"south": {"uv": [6.5, 9, 8, 10.5], "texture": "#0"},
				"west": {"uv": [9, 7.5, 10.5, 9], "texture": "#0"},
				"up": {"uv": [9.5, 10.5, 8, 9], "texture": "#0"},
				"down": {"uv": [11, 3, 9.5, 4.5], "texture": "#0"}
			}
		},
		{
			"from": [9, 0, 4],
			"to": [13, 4, 8],
			"rotation": {"angle": 22.5, "axis": "y", "origin": [14, 2, 6]},
			"faces": {
				"north": {"uv": [3, 6, 5, 8], "texture": "#0"},
				"east": {"uv": [6, 3, 8, 5], "texture": "#0"},
				"south": {"uv": [5, 6, 7, 8], "texture": "#0"},
				"west": {"uv": [7, 5, 9, 7], "texture": "#0"},
				"up": {"uv": [9, 9, 7, 7], "texture": "#0"},
				"down": {"uv": [5, 8, 3, 10], "texture": "#0"}
			}
		}
	]
}