{
	"credit": "Made with Blockbench",
	"textures": {
		"0": "block/mushroomred",
		"particle": "block/mushroomred"
	},
	"elements": [
		{
			"from": [9, 0, 9],
			"to": [11, 4, 11],
			"faces": {
				"north": {"uv": [10, 0, 12, 4], "texture": "#0"},
				"east": {"uv": [10, 4, 12, 8], "texture": "#0"},
				"south": {"uv": [10, 8, 12, 12], "texture": "#0"},
				"west": {"uv": [12, 0, 14, 4], "texture": "#0"},
				"up": {"uv": [14, 6, 12, 4], "texture": "#0"},
				"down": {"uv": [7, 12, 5, 14], "texture": "#0"}
			}
		},
		{
			"from": [7.5, 4, 7.5],
			"to": [12.5, 8, 12.5],
			"faces": {
				"north": {"uv": [5, 0, 10, 4], "texture": "#0"},
				"east": {"uv": [5, 4, 10, 8], "texture": "#0"},
				"south": {"uv": [5, 8, 10, 12], "texture": "#0"},
				"west": {"uv": [0, 10, 5, 14], "texture": "#0"},
				"up": {"uv": [5, 5, 0, 0], "texture": "#0"},
				"down": {"uv": [5, 5, 0, 10], "texture": "#0"}
			}
		}
	]
}