{
	"credit": "Made with Blockbench",
	"parent": "block/block",
	"texture_size": [32, 32],
	"textures": {
		"1": "block/stand_long",
		"3": "block/stand_plate",
		"4": "block/stand_plate_large",
		"particle": "block/stand_long_none",
		"all" : "block/candle_lit"
	},
	"elements": [
		{
			"from": [0, 0, 0],
			"to": [16, 2, 16],
			"faces": {
				"north": {"uv": [8, 0, 16, 1], "texture": "#4"},
				"east": {"uv": [8, 1, 16, 2], "texture": "#4"},
				"south": {"uv": [8, 2, 16, 3], "texture": "#4"},
				"west": {"uv": [8, 3, 16, 4], "texture": "#4"},
				"up": {"uv": [8, 8, 0, 0], "texture": "#4"},
				"down": {"uv": [8, 8, 0, 16], "texture": "#4"}
			}
		},
		{
			"from": [8, 0, 0],
			"to": [8, 32, 16],
			"rotation": {"angle": 0, "axis": "y", "origin": [8, 16, 8]},
			"faces": {
				"north": {"uv": [0, 0, 0, 16], "texture": "#1"},
				"east": {"uv": [0, 0, 8, 16], "texture": "#1"},
				"south": {"uv": [0, 0, 0, 16], "texture": "#1"},
				"west": {"uv": [8, 0, 16, 16], "texture": "#1"},
				"up": {"uv": [0, 8, 0, 0], "texture": "#1"},
				"down": {"uv": [0, 0, 0, 8], "texture": "#1"}
			}
		},
		{
			"from": [0, 0, 8],
			"to": [16, 32, 8],
			"rotation": {"angle": 0, "axis": "y", "origin": [8, 16, 8]},
			"faces": {
				"north": {"uv": [0, 0, 8, 16], "texture": "#1"},
				"east": {"uv": [0, 0, 0, 16], "texture": "#1"},
				"south": {"uv": [8, 0, 16, 16], "texture": "#1"},
				"west": {"uv": [0, 0, 0, 16], "texture": "#1"},
				"up": {"uv": [0, 8, 0, 0], "rotation": 270, "texture": "#1"},
				"down": {"uv": [0, 0, 0, 8], "rotation": 90, "texture": "#1"}
			}
		},
		{
			"from": [-1, 22, 4.5],
			"to": [6, 23, 11.5],
			"faces": {
				"north": {"uv": [0, 0, 7, 1], "texture": "#3"},
				"east": {"uv": [0, 0, 7, 1], "texture": "#3"},
				"south": {"uv": [0, 0, 7, 1], "texture": "#3"},
				"west": {"uv": [0, 0, 7, 1], "texture": "#3"},
				"up": {"uv": [0, 0, 7, 7], "texture": "#3"},
				"down": {"uv": [0, 0, 7, 7], "texture": "#3"}
			}
		},
		{
			"from": [10, 22, 4.5],
			"to": [17, 23, 11.5],
			"faces": {
				"north": {"uv": [7, 0, 14, 1], "texture": "#3"},
				"east": {"uv": [7, 1, 14, 2], "texture": "#3"},
				"south": {"uv": [7, 2, 14, 3], "texture": "#3"},
				"west": {"uv": [7, 3, 14, 4], "texture": "#3"},
				"up": {"uv": [7, 7, 0, 0], "texture": "#3"},
				"down": {"uv": [7, 7, 0, 14], "texture": "#3"}
			}
		},
		{
			"from": [2, 23, 8.5],
			"to": [4, 26, 10.5],
			"rotation": {"angle": 0, "axis": "y", "origin": [-5, 23, -0.5]},
			"faces": {
				"north": {"uv": [0, 8, 2, 11], "texture": "#all"},
				"east": {"uv": [0, 8, 2, 11], "texture": "#all"},
				"south": {"uv": [0, 8, 2, 11], "texture": "#all"},
				"west": {"uv": [0, 8, 2, 11], "texture": "#all"},
				"up": {"uv": [0, 6, 2, 8], "texture": "#all"},
				"down": {"uv": [0, 14, 2, 16], "texture": "#all", "cullface": "down"}
			}
		},
		{
			"from": [2.5, 26, 9.5],
			"to": [3.5, 27, 9.5],
			"rotation": {"angle": 45, "axis": "y", "origin": [3, 26, 9.5]},
			"faces": {
				"north": {"uv": [0, 5, 1, 6], "texture": "#all"},
				"south": {"uv": [1, 5, 0, 6], "texture": "#all"}
			}
		},
		{
			"from": [2.5, 26, 9.5],
			"to": [3.5, 27, 9.5],
			"rotation": {"angle": -45, "axis": "y", "origin": [3, 26, 9.5]},
			"faces": {
				"north": {"uv": [0, 5, 1, 6], "texture": "#all"},
				"south": {"uv": [1, 5, 0, 6], "texture": "#all"}
			}
		},
		{
			"from": [0, 23, 6.5],
			"to": [2, 28, 8.5],
			"rotation": {"angle": 0, "axis": "y", "origin": [-5, 23, -0.5]},
			"faces": {
				"north": {"uv": [0, 8, 2, 13], "texture": "#all"},
				"east": {"uv": [0, 8, 2, 13], "texture": "#all"},
				"south": {"uv": [0, 8, 2, 13], "texture": "#all"},
				"west": {"uv": [0, 8, 2, 13], "texture": "#all"},
				"up": {"uv": [0, 6, 2, 8], "texture": "#all"},
				"down": {"uv": [0, 14, 2, 16], "texture": "#all", "cullface": "down"}
			}
		},
		{
			"from": [0.5, 28, 7.5],
			"to": [1.5, 29, 7.5],
			"rotation": {"angle": 45, "axis": "y", "origin": [1, 28, 7.5]},
			"faces": {
				"north": {"uv": [0, 5, 1, 6], "texture": "#all"},
				"south": {"uv": [1, 5, 0, 6], "texture": "#all"}
			}
		},
		{
			"from": [0.5, 28, 7.5],
			"to": [1.5, 29, 7.5],
			"rotation": {"angle": -45, "axis": "y", "origin": [1, 28, 7.5]},
			"faces": {
				"north": {"uv": [0, 5, 1, 6], "texture": "#all"},
				"south": {"uv": [1, 5, 0, 6], "texture": "#all"}
			}
		},
		{
			"from": [3, 23, 5.5],
			"to": [5, 29, 7.5],
			"rotation": {"angle": 0, "axis": "y", "origin": [-5, 23, -0.5]},
			"faces": {
				"north": {"uv": [0, 8, 2, 14], "texture": "#all"},
				"east": {"uv": [0, 8, 2, 14], "texture": "#all"},
				"south": {"uv": [0, 8, 2, 14], "texture": "#all"},
				"west": {"uv": [0, 8, 2, 14], "texture": "#all"},
				"up": {"uv": [0, 6, 2, 8], "texture": "#all"},
				"down": {"uv": [0, 14, 2, 16], "texture": "#all", "cullface": "down"}
			}
		},
		{
			"from": [3.5, 29, 6.5],
			"to": [4.5, 30, 6.5],
			"rotation": {"angle": 45, "axis": "y", "origin": [4, 29, 6.5]},
			"faces": {
				"north": {"uv": [0, 5, 1, 6], "texture": "#all"},
				"south": {"uv": [0, 5, 1, 6], "texture": "#all"}
			}
		},
		{
			"from": [3.5, 29, 6.5],
			"to": [4.5, 30, 6.5],
			"rotation": {"angle": -45, "axis": "y", "origin": [4, 29, 6.5]},
			"faces": {
				"north": {"uv": [0, 5, 1, 6], "texture": "#all"},
				"south": {"uv": [0, 5, 1, 6], "texture": "#all"}
			}
		},
		{
			"from": [12, 23, 5.5],
			"to": [14, 26, 7.5],
			"rotation": {"angle": 0, "axis": "y", "origin": [13.5, 27, 8]},
			"faces": {
				"north": {"uv": [0, 8, 2, 11], "texture": "#all"},
				"east": {"uv": [0, 8, 2, 11], "texture": "#all"},
				"south": {"uv": [0, 8, 2, 11], "texture": "#all"},
				"west": {"uv": [0, 8, 2, 11], "texture": "#all"},
				"up": {"uv": [0, 6, 2, 8], "rotation": 180, "texture": "#all"},
				"down": {"uv": [0, 14, 2, 16], "rotation": 180, "texture": "#all", "cullface": "down"}
			}
		},
		{
			"from": [13.70711, 26, 6.58579],
			"to": [14.70711, 27, 6.58579],
			"rotation": {"angle": 45, "axis": "y", "origin": [13.5, 27, 8]},
			"faces": {
				"north": {"uv": [1, 5, 0, 6], "texture": "#all"},
				"south": {"uv": [0, 5, 1, 6], "texture": "#all"}
			}
		},
		{
			"from": [14.20711, 26, 6.08579],
			"to": [14.20711, 27, 7.08579],
			"rotation": {"angle": 45, "axis": "y", "origin": [13.5, 27, 8]},
			"faces": {
				"east": {"uv": [1, 5, 0, 6], "texture": "#all"},
				"west": {"uv": [0, 5, 1, 6], "texture": "#all"}
			}
		},
		{
			"from": [14, 23, 7.5],
			"to": [16, 28, 9.5],
			"rotation": {"angle": 0, "axis": "y", "origin": [13.5, 27, 8]},
			"faces": {
				"north": {"uv": [0, 8, 2, 13], "texture": "#all"},
				"east": {"uv": [0, 8, 2, 13], "texture": "#all"},
				"south": {"uv": [0, 8, 2, 13], "texture": "#all"},
				"west": {"uv": [0, 8, 2, 13], "texture": "#all"},
				"up": {"uv": [0, 6, 2, 8], "rotation": 180, "texture": "#all"},
				"down": {"uv": [0, 14, 2, 16], "rotation": 180, "texture": "#all", "cullface": "down"}
			}
		},
		{
			"from": [13.70711, 28, 9.41421],
			"to": [14.70711, 29, 9.41421],
			"rotation": {"angle": 45, "axis": "y", "origin": [13.5, 27, 8]},
			"faces": {
				"north": {"uv": [1, 5, 0, 6], "texture": "#all"},
				"south": {"uv": [0, 5, 1, 6], "texture": "#all"}
			}
		},
		{
			"from": [14.20711, 28, 8.91421],
			"to": [14.20711, 29, 9.91421],
			"rotation": {"angle": 45, "axis": "y", "origin": [13.5, 27, 8]},
			"faces": {
				"east": {"uv": [1, 5, 0, 6], "texture": "#all"},
				"west": {"uv": [0, 5, 1, 6], "texture": "#all"}
			}
		},
		{
			"from": [11, 23, 8.5],
			"to": [13, 29, 10.5],
			"rotation": {"angle": 0, "axis": "y", "origin": [13.5, 27, 8]},
			"faces": {
				"north": {"uv": [0, 8, 2, 14], "texture": "#all"},
				"east": {"uv": [0, 8, 2, 14], "texture": "#all"},
				"south": {"uv": [0, 8, 2, 14], "texture": "#all"},
				"west": {"uv": [0, 8, 2, 14], "texture": "#all"},
				"up": {"uv": [0, 6, 2, 8], "rotation": 180, "texture": "#all"},
				"down": {"uv": [0, 14, 2, 16], "rotation": 180, "texture": "#all", "cullface": "down"}
			}
		},
		{
			"from": [10.87868, 29, 8],
			"to": [11.87868, 30, 8],
			"rotation": {"angle": 45, "axis": "y", "origin": [13.5, 27, 8]},
			"faces": {
				"north": {"uv": [0, 5, 1, 6], "texture": "#all"},
				"south": {"uv": [0, 5, 1, 6], "texture": "#all"}
			}
		},
		{
			"from": [11.37868, 29, 7.5],
			"to": [11.37868, 30, 8.5],
			"rotation": {"angle": 45, "axis": "y", "origin": [13.5, 27, 8]},
			"faces": {
				"east": {"uv": [0, 5, 1, 6], "texture": "#all"},
				"west": {"uv": [0, 5, 1, 6], "texture": "#all"}
			}
		}
	],
	"groups": [
		0,
		1,
		2,
		3,
		4,
		{
			"name": "group",
			"origin": [9, 6, 7],
			"color": 0,
			"children": [5, 6, 7, 8, 9, 10, 11, 12, 13]
		},
		{
			"name": "group",
			"origin": [9, 6, 7],
			"color": 0,
			"children": [14, 15, 16, 17, 18, 19, 20, 21, 22]
		}
	]
}