{"file_name":"body","texture_size":[128,128],"textures":{"c41746e0-287e-a8ed-0091-1f0ad778c2a3":"modelengine:entity/goblinking"},"elements":[{"name":"cube","from":[3.1999998,11.360001,5.12],"to":[12.8,13.76,10.88],"rotation":{"angle":-22.5,"axis":"x","origin":[8.0,13.28,4.64]},"faces":{"down":{"uv":[0.0,1.5,2.5,3.0],"rotation":0,"texture":"#c41746e0-287e-a8ed-0091-1f0ad778c2a3","tintindex":0},"east":{"uv":[6.5,7.875,8.0,8.5],"rotation":0,"texture":"#c41746e0-287e-a8ed-0091-1f0ad778c2a3","tintindex":0},"north":{"uv":[4.0,3.375,6.5,4.0],"rotation":0,"texture":"#c41746e0-287e-a8ed-0091-1f0ad778c2a3","tintindex":0},"south":{"uv":[6.0,1.125,8.5,1.75],"rotation":0,"texture":"#c41746e0-287e-a8ed-0091-1f0ad778c2a3","tintindex":0},"up":{"uv":[2.5,1.5,0.0,0.0],"rotation":0,"texture":"#c41746e0-287e-a8ed-0091-1f0ad778c2a3","tintindex":0},"west":{"uv":[7.875,6.5,9.375,7.125],"rotation":0,"texture":"#c41746e0-287e-a8ed-0091-1f0ad778c2a3","tintindex":0}}},{"name":"cube","from":[3.6799998,4.1281843,3.0608957],"to":[12.32,7.9681845,8.820896],"rotation":{"angle":0.0,"axis":"x","origin":[8.0,5.328184,6.9008956]},"faces":{"down":{"uv":[4.0,4.0,6.25,5.5],"rotation":0,"texture":"#c41746e0-287e-a8ed-0091-1f0ad778c2a3","tintindex":0},"east":{"uv":[6.0,1.75,7.5,2.75],"rotation":0,"texture":"#c41746e0-287e-a8ed-0091-1f0ad778c2a3","tintindex":0},"north":{"uv":[2.0,5.5,4.25,6.5],"rotation":0,"texture":"#c41746e0-287e-a8ed-0091-1f0ad778c2a3","tintindex":0},"south":{"uv":[4.25,5.5,6.5,6.5],"rotation":0,"texture":"#c41746e0-287e-a8ed-0091-1f0ad778c2a3","tintindex":0},"up":{"uv":[2.25,4.5,0.0,3.0],"rotation":0,"texture":"#c41746e0-287e-a8ed-0091-1f0ad778c2a3","tintindex":0},"west":{"uv":[6.25,4.0,7.75,5.0],"rotation":0,"texture":"#c41746e0-287e-a8ed-0091-1f0ad778c2a3","tintindex":0}}},{"name":"cube","from":[4.16,4.8211837,3.9625654],"to":[11.84,9.141184,8.282566],"rotation":{"angle":22.5,"axis":"x","origin":[8.0,7.9411836,7.8025656]},"faces":{"down":{"uv":[0.0,4.5,2.0,5.625],"rotation":0,"texture":"#c41746e0-287e-a8ed-0091-1f0ad778c2a3","tintindex":0},"east":{"uv":[0.0,6.75,1.125,7.875],"rotation":0,"texture":"#c41746e0-287e-a8ed-0091-1f0ad778c2a3","tintindex":0},"north":{"uv":[4.0,0.0,6.0,1.125],"rotation":0,"texture":"#c41746e0-287e-a8ed-0091-1f0ad778c2a3","tintindex":0},"south":{"uv":[4.0,1.125,6.0,2.25],"rotation":0,"texture":"#c41746e0-287e-a8ed-0091-1f0ad778c2a3","tintindex":0},"up":{"uv":[6.0,3.375,4.0,2.25],"rotation":0,"texture":"#c41746e0-287e-a8ed-0091-1f0ad778c2a3","tintindex":0},"west":{"uv":[6.75,6.75,7.875,7.875],"rotation":0,"texture":"#c41746e0-287e-a8ed-0091-1f0ad778c2a3","tintindex":0}}},{"name":"cube","from":[4.64,8.995033,6.1373177],"to":[11.360001,10.915032,9.017318],"rotation":{"angle":22.5,"axis":"x","origin":[8.0,9.715033,8.537317]},"faces":{"down":{"uv":[6.5,5.75,8.25,6.5],"rotation":0,"texture":"#c41746e0-287e-a8ed-0091-1f0ad778c2a3","tintindex":0},"east":{"uv":[9.125,6.0,9.875,6.5],"rotation":0,"texture":"#c41746e0-287e-a8ed-0091-1f0ad778c2a3","tintindex":0},"north":{"uv":[2.0,5.0,3.75,5.5],"rotation":0,"texture":"#c41746e0-287e-a8ed-0091-1f0ad778c2a3","tintindex":0},"south":{"uv":[8.0,8.0,9.75,8.5],"rotation":0,"texture":"#c41746e0-287e-a8ed-0091-1f0ad778c2a3","tintindex":0},"up":{"uv":[8.25,5.75,6.5,5.0],"rotation":0,"texture":"#c41746e0-287e-a8ed-0091-1f0ad778c2a3","tintindex":0},"west":{"uv":[9.375,1.875,10.125,2.375],"rotation":0,"texture":"#c41746e0-287e-a8ed-0091-1f0ad778c2a3","tintindex":0}}},{"name":"cube","from":[4.64,10.639999,6.56],"to":[11.360001,13.52,9.440001],"rotation":{"angle":0.0,"axis":"x","origin":[8.0,12.320001,8.96]},"faces":{"down":{"uv":[6.5,2.75,8.25,3.5],"rotation":0,"texture":"#c41746e0-287e-a8ed-0091-1f0ad778c2a3","tintindex":0},"east":{"uv":[8.5,0.75,9.25,1.5],"rotation":0,"texture":"#c41746e0-287e-a8ed-0091-1f0ad778c2a3","tintindex":0},"north":{"uv":[1.5,6.5,3.25,7.25],"rotation":0,"texture":"#c41746e0-287e-a8ed-0091-1f0ad778c2a3","tintindex":0},"south":{"uv":[3.25,6.5,5.0,7.25],"rotation":0,"texture":"#c41746e0-287e-a8ed-0091-1f0ad778c2a3","tintindex":0},"up":{"uv":[6.75,7.25,5.0,6.5],"rotation":0,"texture":"#c41746e0-287e-a8ed-0091-1f0ad778c2a3","tintindex":0},"west":{"uv":[0.0,8.625,0.75,9.375],"rotation":0,"texture":"#c41746e0-287e-a8ed-0091-1f0ad778c2a3","tintindex":0}}}],"display":{"head":{"translation":[0.0,-6.4,0.0],"rotation":[0.0,0.0,0.0],"scale":[3.8095,3.8095,3.8095]},"gui":{"translation":[0.0,0.0,0.0],"rotation":[35.0,225.0,0.0],"scale":[0.625,0.625,0.625]}}}