{"file_name":"base1","texture_size":[16,16],"textures":{"cd71077a-5e89-d000-17a5-8c7ea3d035b1":"modelengine:entity/banyaszerc"},"elements":[{"name":"cube","from":[4.7,3.7999997,1.0999997],"to":[14.3,13.400001,10.700001],"rotation":{"angle":0.0,"axis":"x","origin":[4.7,3.7999997,1.0999997]},"faces":{"down":{"uv":[4.0,0.0,0.0,4.0],"rotation":0,"texture":"#cd71077a-5e89-d000-17a5-8c7ea3d035b1","tintindex":0},"east":{"uv":[0.0,0.0,4.0,4.0],"rotation":0,"texture":"#cd71077a-5e89-d000-17a5-8c7ea3d035b1","tintindex":0},"north":{"uv":[0.0,0.0,4.0,4.0],"rotation":0,"texture":"#cd71077a-5e89-d000-17a5-8c7ea3d035b1","tintindex":0},"south":{"uv":[0.0,0.0,4.0,4.0],"rotation":0,"texture":"#cd71077a-5e89-d000-17a5-8c7ea3d035b1","tintindex":0},"up":{"uv":[0.0,0.0,4.0,4.0],"rotation":0,"texture":"#cd71077a-5e89-d000-17a5-8c7ea3d035b1","tintindex":0},"west":{"uv":[0.0,0.0,4.0,4.0],"rotation":0,"texture":"#cd71077a-5e89-d000-17a5-8c7ea3d035b1","tintindex":0}}},{"name":"cube","from":[1.6999998,2.6,5.3],"to":[11.3,12.2,14.900001],"rotation":{"angle":45.0,"axis":"y","origin":[1.6999998,2.6,5.3]},"faces":{"down":{"uv":[16.0,0.0,12.0,4.0],"rotation":0,"texture":"#cd71077a-5e89-d000-17a5-8c7ea3d035b1","tintindex":0},"east":{"uv":[12.0,0.0,16.0,4.0],"rotation":0,"texture":"#cd71077a-5e89-d000-17a5-8c7ea3d035b1","tintindex":0},"north":{"uv":[12.0,0.0,16.0,4.0],"rotation":0,"texture":"#cd71077a-5e89-d000-17a5-8c7ea3d035b1","tintindex":0},"south":{"uv":[12.0,0.0,16.0,4.0],"rotation":0,"texture":"#cd71077a-5e89-d000-17a5-8c7ea3d035b1","tintindex":0},"up":{"uv":[12.0,0.0,16.0,4.0],"rotation":0,"texture":"#cd71077a-5e89-d000-17a5-8c7ea3d035b1","tintindex":0},"west":{"uv":[12.0,0.0,16.0,4.0],"rotation":0,"texture":"#cd71077a-5e89-d000-17a5-8c7ea3d035b1","tintindex":0}}}],"display":{"head":{"translation":[0.0,-6.4,0.0],"rotation":[0.0,0.0,0.0],"scale":[3.8095,3.8095,3.8095]},"gui":{"translation":[0.0,0.0,0.0],"rotation":[35.0,225.0,0.0],"scale":[0.625,0.625,0.625]}}}