{"file_name":"body_upper","texture_size":[128,128],"textures":{"10fc71f9-dc55-092f-c58c-804ac7dabd66":"modelengine:entity/orcboss"},"elements":[{"name":"body","from":[3.1999998,7.76,5.6],"to":[12.8,17.36,10.4],"rotation":{"angle":0.0,"axis":"x","origin":[8.0,-11.4400015,8.0]},"faces":{"down":{"uv":[5.375,2.5,7.375,3.5],"rotation":0,"texture":"#10fc71f9-dc55-092f-c58c-804ac7dabd66","tintindex":0},"east":{"uv":[3.875,4.0,4.875,6.0],"rotation":0,"texture":"#10fc71f9-dc55-092f-c58c-804ac7dabd66","tintindex":0},"north":{"uv":[0.0,0.0,2.0,2.0],"rotation":0,"texture":"#10fc71f9-dc55-092f-c58c-804ac7dabd66","tintindex":0},"south":{"uv":[0.0,2.0,2.0,4.0],"rotation":0,"texture":"#10fc71f9-dc55-092f-c58c-804ac7dabd66","tintindex":0},"up":{"uv":[3.5,6.0,1.5,5.0],"rotation":0,"texture":"#10fc71f9-dc55-092f-c58c-804ac7dabd66","tintindex":0},"west":{"uv":[4.875,4.0,5.875,6.0],"rotation":0,"texture":"#10fc71f9-dc55-092f-c58c-804ac7dabd66","tintindex":0}}},{"name":"body","from":[0.7999997,11.360001,5.3],"to":[5.6,16.16,10.700001],"rotation":{"angle":-22.5,"axis":"z","origin":[8.0,13.76,8.0]},"faces":{"down":{"uv":[8.125,4.5,9.125,5.625],"rotation":0,"texture":"#10fc71f9-dc55-092f-c58c-804ac7dabd66","tintindex":0},"east":{"uv":[8.0,7.25,9.125,8.25],"rotation":0,"texture":"#10fc71f9-dc55-092f-c58c-804ac7dabd66","tintindex":0},"north":{"uv":[5.25,9.0,6.25,10.0],"rotation":0,"texture":"#10fc71f9-dc55-092f-c58c-804ac7dabd66","tintindex":0},"south":{"uv":[6.25,9.0,7.25,10.0],"rotation":0,"texture":"#10fc71f9-dc55-092f-c58c-804ac7dabd66","tintindex":0},"up":{"uv":[9.125,4.5,8.125,3.375],"rotation":0,"texture":"#10fc71f9-dc55-092f-c58c-804ac7dabd66","tintindex":0},"west":{"uv":[1.0,8.125,2.125,9.125],"rotation":0,"texture":"#10fc71f9-dc55-092f-c58c-804ac7dabd66","tintindex":0}}},{"name":"body","from":[10.4,11.360001,5.3],"to":[15.2,16.16,10.700001],"rotation":{"angle":22.5,"axis":"z","origin":[8.0,13.76,8.0]},"faces":{"down":{"uv":[8.375,2.0,9.375,3.125],"rotation":0,"texture":"#10fc71f9-dc55-092f-c58c-804ac7dabd66","tintindex":0},"east":{"uv":[8.25,0.0,9.375,1.0],"rotation":0,"texture":"#10fc71f9-dc55-092f-c58c-804ac7dabd66","tintindex":0},"north":{"uv":[9.0,8.25,10.0,9.25],"rotation":0,"texture":"#10fc71f9-dc55-092f-c58c-804ac7dabd66","tintindex":0},"south":{"uv":[1.0,9.125,2.0,10.125],"rotation":0,"texture":"#10fc71f9-dc55-092f-c58c-804ac7dabd66","tintindex":0},"up":{"uv":[9.0,9.375,8.0,8.25],"rotation":0,"texture":"#10fc71f9-dc55-092f-c58c-804ac7dabd66","tintindex":0},"west":{"uv":[8.25,1.0,9.375,2.0],"rotation":0,"texture":"#10fc71f9-dc55-092f-c58c-804ac7dabd66","tintindex":0}}}],"display":{"head":{"translation":[0.0,-6.4,0.0],"rotation":[0.0,0.0,0.0],"scale":[3.8095,3.8095,3.8095]},"gui":{"translation":[0.0,0.0,0.0],"rotation":[35.0,225.0,0.0],"scale":[0.625,0.625,0.625]}}}