{"file_name":"body_lower","texture_size":[128,128],"textures":{"10fc71f9-dc55-092f-c58c-804ac7dabd66":"modelengine:entity/orcboss"},"elements":[{"name":"body","from":[3.4999998,2.9400003,5.8999996],"to":[12.5,8.940001,10.1],"rotation":{"angle":0.0,"axis":"x","origin":[8.0,5.34,8.0]},"faces":{"down":{"uv":[1.5,6.0,3.375,6.875],"rotation":0,"texture":"#10fc71f9-dc55-092f-c58c-804ac7dabd66","tintindex":0},"east":{"uv":[8.875,5.625,9.75,6.875],"rotation":0,"texture":"#10fc71f9-dc55-092f-c58c-804ac7dabd66","tintindex":0},"north":{"uv":[2.0,0.0,3.875,1.25],"rotation":0,"texture":"#10fc71f9-dc55-092f-c58c-804ac7dabd66","tintindex":0},"south":{"uv":[2.0,1.25,3.875,2.5],"rotation":0,"texture":"#10fc71f9-dc55-092f-c58c-804ac7dabd66","tintindex":0},"up":{"uv":[7.625,2.125,5.75,1.25],"rotation":0,"texture":"#10fc71f9-dc55-092f-c58c-804ac7dabd66","tintindex":0},"west":{"uv":[4.375,9.0,5.25,10.25],"rotation":0,"texture":"#10fc71f9-dc55-092f-c58c-804ac7dabd66","tintindex":0}}},{"name":"body","from":[3.4999998,-1.2599998,5.3],"to":[12.5,4.7400002,5.3],"rotation":{"angle":0.0,"axis":"x","origin":[8.0,5.34,8.0]},"faces":{"down":{"uv":[14.125,0.0,16.0,0.0],"rotation":0,"texture":"#10fc71f9-dc55-092f-c58c-804ac7dabd66","tintindex":0},"east":{"uv":[16.0,0.125,16.0,1.375],"rotation":0,"texture":"#10fc71f9-dc55-092f-c58c-804ac7dabd66","tintindex":0},"north":{"uv":[3.875,1.25,5.75,2.5],"rotation":0,"texture":"#10fc71f9-dc55-092f-c58c-804ac7dabd66","tintindex":0},"south":{"uv":[3.875,1.25,5.75,2.5],"rotation":0,"texture":"#10fc71f9-dc55-092f-c58c-804ac7dabd66","tintindex":0},"up":{"uv":[16.0,0.0,14.125,0.0],"rotation":0,"texture":"#10fc71f9-dc55-092f-c58c-804ac7dabd66","tintindex":0},"west":{"uv":[16.0,0.0,16.0,1.25],"rotation":0,"texture":"#10fc71f9-dc55-092f-c58c-804ac7dabd66","tintindex":0}}},{"name":"body","from":[3.4999998,-1.2599998,10.700001],"to":[12.5,4.7400002,10.700001],"rotation":{"angle":0.0,"axis":"x","origin":[8.0,5.34,8.0]},"faces":{"down":{"uv":[14.125,0.0,16.0,0.0],"rotation":0,"texture":"#10fc71f9-dc55-092f-c58c-804ac7dabd66","tintindex":0},"east":{"uv":[16.0,0.375,16.0,1.625],"rotation":0,"texture":"#10fc71f9-dc55-092f-c58c-804ac7dabd66","tintindex":0},"north":{"uv":[3.875,1.25,5.75,2.5],"rotation":0,"texture":"#10fc71f9-dc55-092f-c58c-804ac7dabd66","tintindex":0},"south":{"uv":[3.875,1.25,5.75,2.5],"rotation":0,"texture":"#10fc71f9-dc55-092f-c58c-804ac7dabd66","tintindex":0},"up":{"uv":[16.0,0.0,14.125,0.0],"rotation":0,"texture":"#10fc71f9-dc55-092f-c58c-804ac7dabd66","tintindex":0},"west":{"uv":[16.0,1.625,16.0,2.875],"rotation":0,"texture":"#10fc71f9-dc55-092f-c58c-804ac7dabd66","tintindex":0}}},{"name":"body","from":[3.4999998,4.7400002,5.3],"to":[12.5,5.9400005,5.8999996],"rotation":{"angle":0.0,"axis":"x","origin":[8.0,5.34,8.0]},"faces":{"down":{"uv":[3.875,1.25,5.75,1.375],"rotation":0,"texture":"#10fc71f9-dc55-092f-c58c-804ac7dabd66","tintindex":0},"east":{"uv":[4.75,1.625,4.875,1.875],"rotation":0,"texture":"#10fc71f9-dc55-092f-c58c-804ac7dabd66","tintindex":0},"north":{"uv":[3.875,1.25,5.75,1.5],"rotation":0,"texture":"#10fc71f9-dc55-092f-c58c-804ac7dabd66","tintindex":0},"south":{"uv":[3.875,1.25,5.75,1.5],"rotation":0,"texture":"#10fc71f9-dc55-092f-c58c-804ac7dabd66","tintindex":0},"up":{"uv":[5.75,1.375,3.875,1.25],"rotation":0,"texture":"#10fc71f9-dc55-092f-c58c-804ac7dabd66","tintindex":0},"west":{"uv":[4.375,1.75,4.5,2.0],"rotation":0,"texture":"#10fc71f9-dc55-092f-c58c-804ac7dabd66","tintindex":0}}},{"name":"body","from":[3.4999998,4.7400002,10.1],"to":[12.5,5.9400005,10.700001],"rotation":{"angle":0.0,"axis":"x","origin":[8.0,5.34,8.0]},"faces":{"down":{"uv":[3.875,1.25,5.75,1.375],"rotation":0,"texture":"#10fc71f9-dc55-092f-c58c-804ac7dabd66","tintindex":0},"east":{"uv":[4.75,1.625,4.875,1.875],"rotation":0,"texture":"#10fc71f9-dc55-092f-c58c-804ac7dabd66","tintindex":0},"north":{"uv":[3.875,1.25,5.75,1.5],"rotation":0,"texture":"#10fc71f9-dc55-092f-c58c-804ac7dabd66","tintindex":0},"south":{"uv":[3.875,1.25,5.75,1.5],"rotation":0,"texture":"#10fc71f9-dc55-092f-c58c-804ac7dabd66","tintindex":0},"up":{"uv":[5.75,1.5,3.875,1.375],"rotation":0,"texture":"#10fc71f9-dc55-092f-c58c-804ac7dabd66","tintindex":0},"west":{"uv":[4.75,1.625,4.875,1.875],"rotation":0,"texture":"#10fc71f9-dc55-092f-c58c-804ac7dabd66","tintindex":0}}}],"display":{"head":{"translation":[0.0,-6.4,0.0],"rotation":[0.0,0.0,0.0],"scale":[3.8095,3.8095,3.8095]},"gui":{"translation":[0.0,0.0,0.0],"rotation":[35.0,225.0,0.0],"scale":[0.625,0.625,0.625]}}}