{"file_name":"head","texture_size":[128,128],"textures":{"10fc71f9-dc55-092f-c58c-804ac7dabd66":"modelengine:entity/orcboss"},"elements":[{"name":"head","from":[5.06,4.2799993,4.3999996],"to":[11.06,10.28,11.6],"rotation":{"angle":0.0,"axis":"x","origin":[8.06,-24.52,9.2]},"faces":{"down":{"uv":[5.875,5.0,7.125,6.5],"rotation":0,"texture":"#10fc71f9-dc55-092f-c58c-804ac7dabd66","tintindex":0},"east":{"uv":[0.0,5.5,1.5,6.75],"rotation":0,"texture":"#10fc71f9-dc55-092f-c58c-804ac7dabd66","tintindex":0},"north":{"uv":[3.375,6.0,4.625,7.25],"rotation":0,"texture":"#10fc71f9-dc55-092f-c58c-804ac7dabd66","tintindex":0},"south":{"uv":[4.625,6.0,5.875,7.25],"rotation":0,"texture":"#10fc71f9-dc55-092f-c58c-804ac7dabd66","tintindex":0},"up":{"uv":[7.125,5.0,5.875,3.5],"rotation":0,"texture":"#10fc71f9-dc55-092f-c58c-804ac7dabd66","tintindex":0},"west":{"uv":[5.75,0.0,7.25,1.25],"rotation":0,"texture":"#10fc71f9-dc55-092f-c58c-804ac7dabd66","tintindex":0}}},{"name":"head","from":[4.46,8.48,5.0],"to":[11.660001,10.879999,12.2],"rotation":{"angle":0.0,"axis":"x","origin":[8.06,8.48,8.6]},"faces":{"down":{"uv":[0.0,4.0,1.5,5.5],"rotation":0,"texture":"#10fc71f9-dc55-092f-c58c-804ac7dabd66","tintindex":0},"east":{"uv":[11.125,4.25,12.625,4.75],"rotation":0,"texture":"#10fc71f9-dc55-092f-c58c-804ac7dabd66","tintindex":0},"north":{"uv":[11.0,10.25,12.5,10.75],"rotation":0,"texture":"#10fc71f9-dc55-092f-c58c-804ac7dabd66","tintindex":0},"south":{"uv":[3.5,11.25,5.0,11.75],"rotation":0,"texture":"#10fc71f9-dc55-092f-c58c-804ac7dabd66","tintindex":0},"up":{"uv":[5.5,4.0,4.0,2.5],"rotation":0,"texture":"#10fc71f9-dc55-092f-c58c-804ac7dabd66","tintindex":0},"west":{"uv":[11.5,0.0,13.0,0.5],"rotation":0,"texture":"#10fc71f9-dc55-092f-c58c-804ac7dabd66","tintindex":0}}},{"name":"head","from":[10.460001,10.28,5.06],"to":[12.26,12.08,6.8599997],"rotation":{"angle":-22.5,"axis":"z","origin":[11.360001,11.78,5.8999996]},"faces":{"down":{"uv":[5.375,13.0,5.75,13.375],"rotation":0,"texture":"#10fc71f9-dc55-092f-c58c-804ac7dabd66","tintindex":0},"east":{"uv":[1.75,13.0,2.125,13.375],"rotation":0,"texture":"#10fc71f9-dc55-092f-c58c-804ac7dabd66","tintindex":0},"north":{"uv":[1.375,13.0,1.75,13.375],"rotation":0,"texture":"#10fc71f9-dc55-092f-c58c-804ac7dabd66","tintindex":0},"south":{"uv":[2.125,13.0,2.5,13.375],"rotation":0,"texture":"#10fc71f9-dc55-092f-c58c-804ac7dabd66","tintindex":0},"up":{"uv":[3.875,13.375,3.5,13.0],"rotation":0,"texture":"#10fc71f9-dc55-092f-c58c-804ac7dabd66","tintindex":0},"west":{"uv":[3.125,13.0,3.5,13.375],"rotation":0,"texture":"#10fc71f9-dc55-092f-c58c-804ac7dabd66","tintindex":0}}},{"name":"head","from":[12.26,6.0799994,7.46],"to":[14.660001,10.28,7.46],"rotation":{"angle":-22.5,"axis":"z","origin":[11.360001,11.78,5.8999996]},"faces":{"down":{"uv":[0.0,0.0,0.5,0.0],"rotation":0,"texture":"#10fc71f9-dc55-092f-c58c-804ac7dabd66","tintindex":0},"east":{"uv":[0.0,0.0,0.0,0.875],"rotation":0,"texture":"#10fc71f9-dc55-092f-c58c-804ac7dabd66","tintindex":0},"north":{"uv":[1.5,4.0,2.0,4.875],"rotation":0,"texture":"#10fc71f9-dc55-092f-c58c-804ac7dabd66","tintindex":0},"south":{"uv":[6.875,12.375,7.375,13.25],"rotation":0,"texture":"#10fc71f9-dc55-092f-c58c-804ac7dabd66","tintindex":0},"up":{"uv":[0.5,0.0,0.0,0.0],"rotation":0,"texture":"#10fc71f9-dc55-092f-c58c-804ac7dabd66","tintindex":0},"west":{"uv":[0.0,0.0,0.0,0.875],"rotation":0,"texture":"#10fc71f9-dc55-092f-c58c-804ac7dabd66","tintindex":0}}},{"name":"head","from":[1.4599999,6.0799994,7.46],"to":[3.8599997,10.28,7.46],"rotation":{"angle":22.5,"axis":"z","origin":[4.7599998,11.78,5.8999996]},"faces":{"down":{"uv":[0.0,0.0,0.5,0.0],"rotation":0,"texture":"#10fc71f9-dc55-092f-c58c-804ac7dabd66","tintindex":0},"east":{"uv":[0.0,0.0,0.0,0.875],"rotation":0,"texture":"#10fc71f9-dc55-092f-c58c-804ac7dabd66","tintindex":0},"north":{"uv":[7.375,12.375,7.875,13.25],"rotation":0,"texture":"#10fc71f9-dc55-092f-c58c-804ac7dabd66","tintindex":0},"south":{"uv":[12.375,8.25,12.875,9.125],"rotation":0,"texture":"#10fc71f9-dc55-092f-c58c-804ac7dabd66","tintindex":0},"up":{"uv":[0.5,0.0,0.0,0.0],"rotation":0,"texture":"#10fc71f9-dc55-092f-c58c-804ac7dabd66","tintindex":0},"west":{"uv":[0.0,0.0,0.0,0.875],"rotation":0,"texture":"#10fc71f9-dc55-092f-c58c-804ac7dabd66","tintindex":0}}},{"name":"head","from":[3.8599997,10.28,5.06],"to":[5.66,12.08,6.8599997],"rotation":{"angle":22.5,"axis":"z","origin":[4.7599998,11.78,5.8999996]},"faces":{"down":{"uv":[8.625,13.0,9.0,13.375],"rotation":0,"texture":"#10fc71f9-dc55-092f-c58c-804ac7dabd66","tintindex":0},"east":{"uv":[6.125,13.0,6.5,13.375],"rotation":0,"texture":"#10fc71f9-dc55-092f-c58c-804ac7dabd66","tintindex":0},"north":{"uv":[5.75,13.0,6.125,13.375],"rotation":0,"texture":"#10fc71f9-dc55-092f-c58c-804ac7dabd66","tintindex":0},"south":{"uv":[6.5,13.0,6.875,13.375],"rotation":0,"texture":"#10fc71f9-dc55-092f-c58c-804ac7dabd66","tintindex":0},"up":{"uv":[8.625,13.375,8.25,13.0],"rotation":0,"texture":"#10fc71f9-dc55-092f-c58c-804ac7dabd66","tintindex":0},"west":{"uv":[7.875,13.0,8.25,13.375],"rotation":0,"texture":"#10fc71f9-dc55-092f-c58c-804ac7dabd66","tintindex":0}}},{"name":"head","from":[10.806296,11.712748,5.21],"to":[12.156297,13.212748,6.71],"rotation":{"angle":0.0,"axis":"x","origin":[11.706296,11.412747,6.26]},"faces":{"down":{"uv":[5.0,10.625,5.25,11.0],"rotation":0,"texture":"#10fc71f9-dc55-092f-c58c-804ac7dabd66","tintindex":0},"east":{"uv":[9.0,13.0,9.375,13.375],"rotation":0,"texture":"#10fc71f9-dc55-092f-c58c-804ac7dabd66","tintindex":0},"north":{"uv":[8.875,6.875,9.125,7.25],"rotation":0,"texture":"#10fc71f9-dc55-092f-c58c-804ac7dabd66","tintindex":0},"south":{"uv":[5.0,10.25,5.25,10.625],"rotation":0,"texture":"#10fc71f9-dc55-092f-c58c-804ac7dabd66","tintindex":0},"up":{"uv":[8.25,10.75,8.0,10.375],"rotation":0,"texture":"#10fc71f9-dc55-092f-c58c-804ac7dabd66","tintindex":0},"west":{"uv":[13.0,9.125,13.375,9.5],"rotation":0,"texture":"#10fc71f9-dc55-092f-c58c-804ac7dabd66","tintindex":0}}},{"name":"head","from":[3.9637032,11.712748,5.21],"to":[5.3137035,13.212748,6.71],"rotation":{"angle":0.0,"axis":"x","origin":[4.4137034,11.412747,6.26]},"faces":{"down":{"uv":[0.75,11.625,1.0,12.0],"rotation":0,"texture":"#10fc71f9-dc55-092f-c58c-804ac7dabd66","tintindex":0},"east":{"uv":[9.375,13.0,9.75,13.375],"rotation":0,"texture":"#10fc71f9-dc55-092f-c58c-804ac7dabd66","tintindex":0},"north":{"uv":[8.0,10.75,8.25,11.125],"rotation":0,"texture":"#10fc71f9-dc55-092f-c58c-804ac7dabd66","tintindex":0},"south":{"uv":[1.75,11.125,2.0,11.5],"rotation":0,"texture":"#10fc71f9-dc55-092f-c58c-804ac7dabd66","tintindex":0},"up":{"uv":[1.0,11.625,0.75,11.25],"rotation":0,"texture":"#10fc71f9-dc55-092f-c58c-804ac7dabd66","tintindex":0},"west":{"uv":[13.0,10.625,13.375,11.0],"rotation":0,"texture":"#10fc71f9-dc55-092f-c58c-804ac7dabd66","tintindex":0}}},{"name":"head","from":[10.720665,12.897346,5.36],"to":[11.770665,14.397346,6.56],"rotation":{"angle":22.5,"axis":"z","origin":[11.245666,13.647346,5.96]},"faces":{"down":{"uv":[1.75,11.5,2.0,11.75],"rotation":0,"texture":"#10fc71f9-dc55-092f-c58c-804ac7dabd66","tintindex":0},"east":{"uv":[11.75,13.0,12.0,13.375],"rotation":0,"texture":"#10fc71f9-dc55-092f-c58c-804ac7dabd66","tintindex":0},"north":{"uv":[3.875,13.0,4.125,13.375],"rotation":0,"texture":"#10fc71f9-dc55-092f-c58c-804ac7dabd66","tintindex":0},"south":{"uv":[12.0,13.0,12.25,13.375],"rotation":0,"texture":"#10fc71f9-dc55-092f-c58c-804ac7dabd66","tintindex":0},"up":{"uv":[3.75,6.0,3.5,5.75],"rotation":0,"texture":"#10fc71f9-dc55-092f-c58c-804ac7dabd66","tintindex":0},"west":{"uv":[13.0,12.125,13.25,12.5],"rotation":0,"texture":"#10fc71f9-dc55-092f-c58c-804ac7dabd66","tintindex":0}}},{"name":"head","from":[4.3493347,12.897346,5.36],"to":[5.399335,14.397346,6.56],"rotation":{"angle":-22.5,"axis":"z","origin":[4.8743343,13.647346,5.96]},"faces":{"down":{"uv":[3.125,12.375,3.375,12.625],"rotation":0,"texture":"#10fc71f9-dc55-092f-c58c-804ac7dabd66","tintindex":0},"east":{"uv":[12.5,13.0,12.75,13.375],"rotation":0,"texture":"#10fc71f9-dc55-092f-c58c-804ac7dabd66","tintindex":0},"north":{"uv":[12.25,13.0,12.5,13.375],"rotation":0,"texture":"#10fc71f9-dc55-092f-c58c-804ac7dabd66","tintindex":0},"south":{"uv":[12.75,13.0,13.0,13.375],"rotation":0,"texture":"#10fc71f9-dc55-092f-c58c-804ac7dabd66","tintindex":0},"up":{"uv":[12.25,5.0,12.0,4.75],"rotation":0,"texture":"#10fc71f9-dc55-092f-c58c-804ac7dabd66","tintindex":0},"west":{"uv":[13.0,13.0,13.25,13.375],"rotation":0,"texture":"#10fc71f9-dc55-092f-c58c-804ac7dabd66","tintindex":0}}},{"name":"head","from":[10.167128,13.950264,5.51],"to":[10.9171295,15.450264,6.41],"rotation":{"angle":45.0,"axis":"z","origin":[10.5421295,14.700264,5.96]},"faces":{"down":{"uv":[3.375,12.375,3.5,12.625],"rotation":0,"texture":"#10fc71f9-dc55-092f-c58c-804ac7dabd66","tintindex":0},"east":{"uv":[0.0,13.125,0.25,13.5],"rotation":0,"texture":"#10fc71f9-dc55-092f-c58c-804ac7dabd66","tintindex":0},"north":{"uv":[10.5,13.125,10.625,13.5],"rotation":0,"texture":"#10fc71f9-dc55-092f-c58c-804ac7dabd66","tintindex":0},"south":{"uv":[10.625,13.125,10.75,13.5],"rotation":0,"texture":"#10fc71f9-dc55-092f-c58c-804ac7dabd66","tintindex":0},"up":{"uv":[3.875,6.0,3.75,5.75],"rotation":0,"texture":"#10fc71f9-dc55-092f-c58c-804ac7dabd66","tintindex":0},"west":{"uv":[0.25,13.125,0.5,13.5],"rotation":0,"texture":"#10fc71f9-dc55-092f-c58c-804ac7dabd66","tintindex":0}}},{"name":"head","from":[5.2028713,13.950264,5.51],"to":[5.9528713,15.450264,6.41],"rotation":{"angle":-45.0,"axis":"z","origin":[5.5778713,14.700264,5.96]},"faces":{"down":{"uv":[7.125,13.25,7.25,13.5],"rotation":0,"texture":"#10fc71f9-dc55-092f-c58c-804ac7dabd66","tintindex":0},"east":{"uv":[2.5,13.125,2.75,13.5],"rotation":0,"texture":"#10fc71f9-dc55-092f-c58c-804ac7dabd66","tintindex":0},"north":{"uv":[10.75,13.125,10.875,13.5],"rotation":0,"texture":"#10fc71f9-dc55-092f-c58c-804ac7dabd66","tintindex":0},"south":{"uv":[10.875,13.125,11.0,13.5],"rotation":0,"texture":"#10fc71f9-dc55-092f-c58c-804ac7dabd66","tintindex":0},"up":{"uv":[13.25,13.0,13.125,12.75],"rotation":0,"texture":"#10fc71f9-dc55-092f-c58c-804ac7dabd66","tintindex":0},"west":{"uv":[2.75,13.125,3.0,13.5],"rotation":0,"texture":"#10fc71f9-dc55-092f-c58c-804ac7dabd66","tintindex":0}}},{"name":"head","from":[10.317128,15.150264,5.66],"to":[10.767129,16.650267,6.26],"rotation":{"angle":45.0,"axis":"z","origin":[10.5421295,14.700264,5.96]},"faces":{"down":{"uv":[8.0,3.375,8.125,3.5],"rotation":0,"texture":"#10fc71f9-dc55-092f-c58c-804ac7dabd66","tintindex":0},"east":{"uv":[11.125,13.125,11.25,13.5],"rotation":0,"texture":"#10fc71f9-dc55-092f-c58c-804ac7dabd66","tintindex":0},"north":{"uv":[11.0,13.125,11.125,13.5],"rotation":0,"texture":"#10fc71f9-dc55-092f-c58c-804ac7dabd66","tintindex":0},"south":{"uv":[11.25,13.125,11.375,13.5],"rotation":0,"texture":"#10fc71f9-dc55-092f-c58c-804ac7dabd66","tintindex":0},"up":{"uv":[8.0,7.75,7.875,7.625],"rotation":0,"texture":"#10fc71f9-dc55-092f-c58c-804ac7dabd66","tintindex":0},"west":{"uv":[11.375,13.125,11.5,13.5],"rotation":0,"texture":"#10fc71f9-dc55-092f-c58c-804ac7dabd66","tintindex":0}}},{"name":"head","from":[5.3528714,15.150264,5.66],"to":[5.8028717,16.650267,6.26],"rotation":{"angle":-45.0,"axis":"z","origin":[5.5778713,14.700264,5.96]},"faces":{"down":{"uv":[10.0,3.0,10.125,3.125],"rotation":0,"texture":"#10fc71f9-dc55-092f-c58c-804ac7dabd66","tintindex":0},"east":{"uv":[11.625,13.125,11.75,13.5],"rotation":0,"texture":"#10fc71f9-dc55-092f-c58c-804ac7dabd66","tintindex":0},"north":{"uv":[11.5,13.125,11.625,13.5],"rotation":0,"texture":"#10fc71f9-dc55-092f-c58c-804ac7dabd66","tintindex":0},"south":{"uv":[13.25,0.5,13.375,0.875],"rotation":0,"texture":"#10fc71f9-dc55-092f-c58c-804ac7dabd66","tintindex":0},"up":{"uv":[8.375,2.125,8.25,2.0],"rotation":0,"texture":"#10fc71f9-dc55-092f-c58c-804ac7dabd66","tintindex":0},"west":{"uv":[0.625,13.25,0.75,13.625],"rotation":0,"texture":"#10fc71f9-dc55-092f-c58c-804ac7dabd66","tintindex":0}}},{"name":"head","from":[8.06,8.179999,4.25],"to":[11.660001,9.379999,6.8],"rotation":{"angle":22.5,"axis":"z","origin":[9.935,9.08,5.5249996]},"faces":{"down":{"uv":[5.375,12.5,6.125,13.0],"rotation":0,"texture":"#10fc71f9-dc55-092f-c58c-804ac7dabd66","tintindex":0},"east":{"uv":[11.125,6.875,11.625,7.125],"rotation":0,"texture":"#10fc71f9-dc55-092f-c58c-804ac7dabd66","tintindex":0},"north":{"uv":[8.375,3.125,9.125,3.375],"rotation":0,"texture":"#10fc71f9-dc55-092f-c58c-804ac7dabd66","tintindex":0},"south":{"uv":[12.75,3.625,13.5,3.875],"rotation":0,"texture":"#10fc71f9-dc55-092f-c58c-804ac7dabd66","tintindex":0},"up":{"uv":[7.875,6.5,7.125,6.0],"rotation":0,"texture":"#10fc71f9-dc55-092f-c58c-804ac7dabd66","tintindex":0},"west":{"uv":[8.75,11.25,9.25,11.5],"rotation":0,"texture":"#10fc71f9-dc55-092f-c58c-804ac7dabd66","tintindex":0}}},{"name":"head","from":[9.285406,6.835868,4.25],"to":[10.485407,8.035868,4.3999996],"rotation":{"angle":0.0,"axis":"x","origin":[9.8854065,7.4358683,4.325]},"faces":{"down":{"uv":[8.0,11.125,8.25,11.25],"rotation":0,"texture":"#10fc71f9-dc55-092f-c58c-804ac7dabd66","tintindex":0},"east":{"uv":[7.25,13.25,7.375,13.5],"rotation":0,"texture":"#10fc71f9-dc55-092f-c58c-804ac7dabd66","tintindex":0},"north":{"uv":[10.75,12.625,11.0,12.875],"rotation":0,"texture":"#10fc71f9-dc55-092f-c58c-804ac7dabd66","tintindex":0},"south":{"uv":[13.0,12.5,13.25,12.75],"rotation":0,"texture":"#10fc71f9-dc55-092f-c58c-804ac7dabd66","tintindex":0},"up":{"uv":[7.25,2.5,7.0,2.375],"rotation":0,"texture":"#10fc71f9-dc55-092f-c58c-804ac7dabd66","tintindex":0},"west":{"uv":[7.375,13.25,7.5,13.5],"rotation":0,"texture":"#10fc71f9-dc55-092f-c58c-804ac7dabd66","tintindex":0}}},{"name":"head","from":[5.6345935,6.835868,4.25],"to":[6.834594,8.035868,4.3999996],"rotation":{"angle":0.0,"axis":"x","origin":[6.2345934,7.4358683,4.325]},"faces":{"down":{"uv":[12.625,8.125,12.875,8.25],"rotation":0,"texture":"#10fc71f9-dc55-092f-c58c-804ac7dabd66","tintindex":0},"east":{"uv":[7.5,13.25,7.625,13.5],"rotation":0,"texture":"#10fc71f9-dc55-092f-c58c-804ac7dabd66","tintindex":0},"north":{"uv":[4.125,13.125,4.375,13.375],"rotation":0,"texture":"#10fc71f9-dc55-092f-c58c-804ac7dabd66","tintindex":0},"south":{"uv":[4.375,13.125,4.625,13.375],"rotation":0,"texture":"#10fc71f9-dc55-092f-c58c-804ac7dabd66","tintindex":0},"up":{"uv":[5.0,12.5,4.75,12.375],"rotation":0,"texture":"#10fc71f9-dc55-092f-c58c-804ac7dabd66","tintindex":0},"west":{"uv":[7.625,13.25,7.75,13.5],"rotation":0,"texture":"#10fc71f9-dc55-092f-c58c-804ac7dabd66","tintindex":0}}},{"name":"head","from":[4.46,8.179999,4.25],"to":[8.06,9.379999,6.8],"rotation":{"angle":-22.5,"axis":"z","origin":[6.185,9.08,5.5249996]},"faces":{"down":{"uv":[7.875,12.5,8.625,13.0],"rotation":0,"texture":"#10fc71f9-dc55-092f-c58c-804ac7dabd66","tintindex":0},"east":{"uv":[13.0,9.5,13.5,9.75],"rotation":0,"texture":"#10fc71f9-dc55-092f-c58c-804ac7dabd66","tintindex":0},"north":{"uv":[12.75,3.875,13.5,4.125],"rotation":0,"texture":"#10fc71f9-dc55-092f-c58c-804ac7dabd66","tintindex":0},"south":{"uv":[12.375,12.75,13.125,13.0],"rotation":0,"texture":"#10fc71f9-dc55-092f-c58c-804ac7dabd66","tintindex":0},"up":{"uv":[6.875,13.0,6.125,12.5],"rotation":0,"texture":"#10fc71f9-dc55-092f-c58c-804ac7dabd66","tintindex":0},"west":{"uv":[13.0,11.0,13.5,11.25],"rotation":0,"texture":"#10fc71f9-dc55-092f-c58c-804ac7dabd66","tintindex":0}}},{"name":"head","from":[4.46,3.0799994,8.0],"to":[11.660001,4.2799993,11.0],"rotation":{"angle":0.0,"axis":"x","origin":[8.06,3.3799994,8.9]},"faces":{"down":{"uv":[10.75,5.0,12.25,5.625],"rotation":0,"texture":"#10fc71f9-dc55-092f-c58c-804ac7dabd66","tintindex":0},"east":{"uv":[12.875,8.125,13.5,8.375],"rotation":0,"texture":"#10fc71f9-dc55-092f-c58c-804ac7dabd66","tintindex":0},"north":{"uv":[5.75,2.125,7.25,2.375],"rotation":0,"texture":"#10fc71f9-dc55-092f-c58c-804ac7dabd66","tintindex":0},"south":{"uv":[12.25,5.25,13.75,5.5],"rotation":0,"texture":"#10fc71f9-dc55-092f-c58c-804ac7dabd66","tintindex":0},"up":{"uv":[11.625,7.75,10.125,7.125],"rotation":0,"texture":"#10fc71f9-dc55-092f-c58c-804ac7dabd66","tintindex":0},"west":{"uv":[12.875,8.375,13.5,8.625],"rotation":0,"texture":"#10fc71f9-dc55-092f-c58c-804ac7dabd66","tintindex":0}}}],"display":{"head":{"translation":[0.0,-6.4,0.0],"rotation":[0.0,0.0,0.0],"scale":[3.8095,3.8095,3.8095]},"gui":{"translation":[0.0,0.0,0.0],"rotation":[35.0,225.0,0.0],"scale":[0.625,0.625,0.625]}}}