{"file_name":"jaw","texture_size":[128,128],"textures":{"10fc71f9-dc55-092f-c58c-804ac7dabd66":"modelengine:entity/orcboss"},"elements":[{"name":"head","from":[5.3,5.8999996,5.1499996],"to":[10.700001,8.3,9.35],"rotation":{"angle":0.0,"axis":"x","origin":[8.0,-20.5,10.55]},"faces":{"down":{"uv":[10.375,0.875,11.5,1.75],"rotation":0,"texture":"#10fc71f9-dc55-092f-c58c-804ac7dabd66","tintindex":0},"east":{"uv":[5.0,7.25,5.875,7.75],"rotation":0,"texture":"#10fc71f9-dc55-092f-c58c-804ac7dabd66","tintindex":0},"north":{"uv":[11.5,1.25,12.625,1.75],"rotation":0,"texture":"#10fc71f9-dc55-092f-c58c-804ac7dabd66","tintindex":0},"south":{"uv":[8.75,11.5,9.875,12.0],"rotation":0,"texture":"#10fc71f9-dc55-092f-c58c-804ac7dabd66","tintindex":0},"up":{"uv":[11.5,0.875,10.375,0.0],"rotation":0,"texture":"#10fc71f9-dc55-092f-c58c-804ac7dabd66","tintindex":0},"west":{"uv":[12.375,6.875,13.25,7.375],"rotation":0,"texture":"#10fc71f9-dc55-092f-c58c-804ac7dabd66","tintindex":0}}},{"name":"head","from":[5.3,1.0999997,5.21],"to":[10.700001,5.8999996,5.21],"rotation":{"angle":0.0,"axis":"x","origin":[8.0,-20.5,10.55]},"faces":{"down":{"uv":[14.875,0.0,16.0,0.0],"rotation":0,"texture":"#10fc71f9-dc55-092f-c58c-804ac7dabd66","tintindex":0},"east":{"uv":[16.0,0.0,16.0,1.0],"rotation":0,"texture":"#10fc71f9-dc55-092f-c58c-804ac7dabd66","tintindex":0},"north":{"uv":[2.125,8.5,3.25,9.5],"rotation":0,"texture":"#10fc71f9-dc55-092f-c58c-804ac7dabd66","tintindex":0},"south":{"uv":[3.25,8.5,4.375,9.5],"rotation":0,"texture":"#10fc71f9-dc55-092f-c58c-804ac7dabd66","tintindex":0},"up":{"uv":[16.0,0.0,14.875,0.0],"rotation":0,"texture":"#10fc71f9-dc55-092f-c58c-804ac7dabd66","tintindex":0},"west":{"uv":[16.0,0.625,16.0,1.625],"rotation":0,"texture":"#10fc71f9-dc55-092f-c58c-804ac7dabd66","tintindex":0}}},{"name":"head","from":[10.16,7.7,5.51],"to":[10.639999,9.5,5.99],"rotation":{"angle":-22.5,"axis":"z","origin":[10.4,8.6,5.45]},"faces":{"down":{"uv":[10.875,7.75,11.0,7.875],"rotation":0,"texture":"#10fc71f9-dc55-092f-c58c-804ac7dabd66","tintindex":0},"east":{"uv":[0.875,13.25,1.0,13.625],"rotation":0,"texture":"#10fc71f9-dc55-092f-c58c-804ac7dabd66","tintindex":0},"north":{"uv":[0.75,13.25,0.875,13.625],"rotation":0,"texture":"#10fc71f9-dc55-092f-c58c-804ac7dabd66","tintindex":0},"south":{"uv":[13.25,1.25,13.375,1.625],"rotation":0,"texture":"#10fc71f9-dc55-092f-c58c-804ac7dabd66","tintindex":0},"up":{"uv":[10.75,5.125,10.625,5.0],"rotation":0,"texture":"#10fc71f9-dc55-092f-c58c-804ac7dabd66","tintindex":0},"west":{"uv":[13.25,4.125,13.375,4.5],"rotation":0,"texture":"#10fc71f9-dc55-092f-c58c-804ac7dabd66","tintindex":0}}},{"name":"head","from":[9.62,7.7,5.42],"to":[9.98,8.9,5.7799997],"rotation":{"angle":0.0,"axis":"x","origin":[10.4,8.6,5.45]},"faces":{"down":{"uv":[11.625,7.625,11.75,7.75],"rotation":0,"texture":"#10fc71f9-dc55-092f-c58c-804ac7dabd66","tintindex":0},"east":{"uv":[13.25,10.25,13.375,10.5],"rotation":0,"texture":"#10fc71f9-dc55-092f-c58c-804ac7dabd66","tintindex":0},"north":{"uv":[7.75,13.25,7.875,13.5],"rotation":0,"texture":"#10fc71f9-dc55-092f-c58c-804ac7dabd66","tintindex":0},"south":{"uv":[13.25,12.125,13.375,12.375],"rotation":0,"texture":"#10fc71f9-dc55-092f-c58c-804ac7dabd66","tintindex":0},"up":{"uv":[11.5,10.875,11.375,10.75],"rotation":0,"texture":"#10fc71f9-dc55-092f-c58c-804ac7dabd66","tintindex":0},"west":{"uv":[13.25,12.375,13.375,12.625],"rotation":0,"texture":"#10fc71f9-dc55-092f-c58c-804ac7dabd66","tintindex":0}}},{"name":"head","from":[9.08,7.7,5.33],"to":[9.32,8.78,5.5699997],"rotation":{"angle":0.0,"axis":"x","origin":[10.4,8.6,5.45]},"faces":{"down":{"uv":[11.375,12.125,11.5,12.25],"rotation":0,"texture":"#10fc71f9-dc55-092f-c58c-804ac7dabd66","tintindex":0},"east":{"uv":[13.25,12.875,13.375,13.125],"rotation":0,"texture":"#10fc71f9-dc55-092f-c58c-804ac7dabd66","tintindex":0},"north":{"uv":[13.25,12.625,13.375,12.875],"rotation":0,"texture":"#10fc71f9-dc55-092f-c58c-804ac7dabd66","tintindex":0},"south":{"uv":[13.25,13.125,13.375,13.375],"rotation":0,"texture":"#10fc71f9-dc55-092f-c58c-804ac7dabd66","tintindex":0},"up":{"uv":[10.0,12.0,9.875,11.875],"rotation":0,"texture":"#10fc71f9-dc55-092f-c58c-804ac7dabd66","tintindex":0},"west":{"uv":[13.375,0.0,13.5,0.25],"rotation":0,"texture":"#10fc71f9-dc55-092f-c58c-804ac7dabd66","tintindex":0}}},{"name":"head","from":[8.42,7.7,5.21],"to":[8.780001,8.9,5.5699997],"rotation":{"angle":0.0,"axis":"x","origin":[10.4,8.6,5.45]},"faces":{"down":{"uv":[7.875,12.375,8.0,12.5],"rotation":0,"texture":"#10fc71f9-dc55-092f-c58c-804ac7dabd66","tintindex":0},"east":{"uv":[13.375,0.5,13.5,0.75],"rotation":0,"texture":"#10fc71f9-dc55-092f-c58c-804ac7dabd66","tintindex":0},"north":{"uv":[13.375,0.25,13.5,0.5],"rotation":0,"texture":"#10fc71f9-dc55-092f-c58c-804ac7dabd66","tintindex":0},"south":{"uv":[13.375,0.75,13.5,1.0],"rotation":0,"texture":"#10fc71f9-dc55-092f-c58c-804ac7dabd66","tintindex":0},"up":{"uv":[12.375,12.25,12.25,12.125],"rotation":0,"texture":"#10fc71f9-dc55-092f-c58c-804ac7dabd66","tintindex":0},"west":{"uv":[1.0,13.375,1.125,13.625],"rotation":0,"texture":"#10fc71f9-dc55-092f-c58c-804ac7dabd66","tintindex":0}}},{"name":"head","from":[7.88,7.7,5.2699995],"to":[8.12,8.840001,5.51],"rotation":{"angle":0.0,"axis":"x","origin":[10.4,8.6,5.45]},"faces":{"down":{"uv":[12.625,1.625,12.75,1.75],"rotation":0,"texture":"#10fc71f9-dc55-092f-c58c-804ac7dabd66","tintindex":0},"east":{"uv":[1.25,13.375,1.375,13.625],"rotation":0,"texture":"#10fc71f9-dc55-092f-c58c-804ac7dabd66","tintindex":0},"north":{"uv":[1.125,13.375,1.25,13.625],"rotation":0,"texture":"#10fc71f9-dc55-092f-c58c-804ac7dabd66","tintindex":0},"south":{"uv":[13.375,1.25,13.5,1.5],"rotation":0,"texture":"#10fc71f9-dc55-092f-c58c-804ac7dabd66","tintindex":0},"up":{"uv":[10.0,12.625,9.875,12.5],"rotation":0,"texture":"#10fc71f9-dc55-092f-c58c-804ac7dabd66","tintindex":0},"west":{"uv":[1.375,13.375,1.5,13.625],"rotation":0,"texture":"#10fc71f9-dc55-092f-c58c-804ac7dabd66","tintindex":0}}},{"name":"head","from":[7.22,7.7,5.21],"to":[7.58,8.9,5.5699997],"rotation":{"angle":0.0,"axis":"x","origin":[10.4,8.6,5.45]},"faces":{"down":{"uv":[9.75,13.0,9.875,13.125],"rotation":0,"texture":"#10fc71f9-dc55-092f-c58c-804ac7dabd66","tintindex":0},"east":{"uv":[1.625,13.375,1.75,13.625],"rotation":0,"texture":"#10fc71f9-dc55-092f-c58c-804ac7dabd66","tintindex":0},"north":{"uv":[1.5,13.375,1.625,13.625],"rotation":0,"texture":"#10fc71f9-dc55-092f-c58c-804ac7dabd66","tintindex":0},"south":{"uv":[1.75,13.375,1.875,13.625],"rotation":0,"texture":"#10fc71f9-dc55-092f-c58c-804ac7dabd66","tintindex":0},"up":{"uv":[13.0,10.75,12.875,10.625],"rotation":0,"texture":"#10fc71f9-dc55-092f-c58c-804ac7dabd66","tintindex":0},"west":{"uv":[1.875,13.375,2.0,13.625],"rotation":0,"texture":"#10fc71f9-dc55-092f-c58c-804ac7dabd66","tintindex":0}}},{"name":"head","from":[6.6800003,7.7,5.33],"to":[6.92,8.72,5.5699997],"rotation":{"angle":0.0,"axis":"x","origin":[10.4,8.6,5.45]},"faces":{"down":{"uv":[13.25,0.875,13.375,1.0],"rotation":0,"texture":"#10fc71f9-dc55-092f-c58c-804ac7dabd66","tintindex":0},"east":{"uv":[2.125,13.375,2.25,13.625],"rotation":0,"texture":"#10fc71f9-dc55-092f-c58c-804ac7dabd66","tintindex":0},"north":{"uv":[2.0,13.375,2.125,13.625],"rotation":0,"texture":"#10fc71f9-dc55-092f-c58c-804ac7dabd66","tintindex":0},"south":{"uv":[2.25,13.375,2.375,13.625],"rotation":0,"texture":"#10fc71f9-dc55-092f-c58c-804ac7dabd66","tintindex":0},"up":{"uv":[13.25,4.25,13.125,4.125],"rotation":0,"texture":"#10fc71f9-dc55-092f-c58c-804ac7dabd66","tintindex":0},"west":{"uv":[2.375,13.375,2.5,13.625],"rotation":0,"texture":"#10fc71f9-dc55-092f-c58c-804ac7dabd66","tintindex":0}}},{"name":"head","from":[6.0199995,7.7,5.42],"to":[6.38,8.9,5.7799997],"rotation":{"angle":0.0,"axis":"x","origin":[10.4,8.6,5.45]},"faces":{"down":{"uv":[13.375,9.125,13.5,9.25],"rotation":0,"texture":"#10fc71f9-dc55-092f-c58c-804ac7dabd66","tintindex":0},"east":{"uv":[3.25,13.375,3.375,13.625],"rotation":0,"texture":"#10fc71f9-dc55-092f-c58c-804ac7dabd66","tintindex":0},"north":{"uv":[3.125,13.375,3.25,13.625],"rotation":0,"texture":"#10fc71f9-dc55-092f-c58c-804ac7dabd66","tintindex":0},"south":{"uv":[3.375,13.375,3.5,13.625],"rotation":0,"texture":"#10fc71f9-dc55-092f-c58c-804ac7dabd66","tintindex":0},"up":{"uv":[9.25,13.5,9.125,13.375],"rotation":0,"texture":"#10fc71f9-dc55-092f-c58c-804ac7dabd66","tintindex":0},"west":{"uv":[3.5,13.375,3.625,13.625],"rotation":0,"texture":"#10fc71f9-dc55-092f-c58c-804ac7dabd66","tintindex":0}}},{"name":"head","from":[5.3599997,7.7,5.51],"to":[5.84,9.5,5.99],"rotation":{"angle":22.5,"axis":"z","origin":[5.6,8.6,5.45]},"faces":{"down":{"uv":[13.375,9.25,13.5,9.375],"rotation":0,"texture":"#10fc71f9-dc55-092f-c58c-804ac7dabd66","tintindex":0},"east":{"uv":[6.875,13.25,7.0,13.625],"rotation":0,"texture":"#10fc71f9-dc55-092f-c58c-804ac7dabd66","tintindex":0},"north":{"uv":[13.25,4.75,13.375,5.125],"rotation":0,"texture":"#10fc71f9-dc55-092f-c58c-804ac7dabd66","tintindex":0},"south":{"uv":[13.25,6.875,13.375,7.25],"rotation":0,"texture":"#10fc71f9-dc55-092f-c58c-804ac7dabd66","tintindex":0},"up":{"uv":[9.375,13.5,9.25,13.375],"rotation":0,"texture":"#10fc71f9-dc55-092f-c58c-804ac7dabd66","tintindex":0},"west":{"uv":[7.0,13.25,7.125,13.625],"rotation":0,"texture":"#10fc71f9-dc55-092f-c58c-804ac7dabd66","tintindex":0}}}],"display":{"head":{"translation":[0.0,-6.4,0.0],"rotation":[0.0,0.0,0.0],"scale":[3.8095,3.8095,3.8095]},"gui":{"translation":[0.0,0.0,0.0],"rotation":[35.0,225.0,0.0],"scale":[0.625,0.625,0.625]}}}