{"file_name":"leftarmlow","texture_size":[128,128],"textures":{"10fc71f9-dc55-092f-c58c-804ac7dabd66":"modelengine:entity/orcboss"},"elements":[{"name":"rightarmlow","from":[6.270052,5.652258,5.876],"to":[9.270052,8.652258,10.076],"rotation":{"angle":0.0,"axis":"x","origin":[4.770052,12.252258,7.976]},"faces":{"down":{"uv":[11.75,9.125,12.375,10.0],"rotation":0,"texture":"#10fc71f9-dc55-092f-c58c-804ac7dabd66","tintindex":0},"east":{"uv":[4.125,11.75,5.0,12.375],"rotation":0,"texture":"#10fc71f9-dc55-092f-c58c-804ac7dabd66","tintindex":0},"north":{"uv":[12.125,9.125,12.75,9.75],"rotation":0,"texture":"#10fc71f9-dc55-092f-c58c-804ac7dabd66","tintindex":0},"south":{"uv":[4.75,12.5,5.375,13.125],"rotation":0,"texture":"#10fc71f9-dc55-092f-c58c-804ac7dabd66","tintindex":0},"up":{"uv":[12.375,9.125,11.75,8.25],"rotation":0,"texture":"#10fc71f9-dc55-092f-c58c-804ac7dabd66","tintindex":0},"west":{"uv":[11.75,7.625,12.625,8.25],"rotation":0,"texture":"#10fc71f9-dc55-092f-c58c-804ac7dabd66","tintindex":0}}},{"name":"rightarmlow","from":[7.320052,5.8022585,5.936],"to":[9.270052,7.452258,6.5360003],"rotation":{"angle":-22.5,"axis":"z","origin":[7.170052,7.152258,7.976]},"faces":{"down":{"uv":[12.5,10.625,12.875,10.75],"rotation":0,"texture":"#10fc71f9-dc55-092f-c58c-804ac7dabd66","tintindex":0},"east":{"uv":[9.875,11.5,10.0,11.875],"rotation":0,"texture":"#10fc71f9-dc55-092f-c58c-804ac7dabd66","tintindex":0},"north":{"uv":[3.5,10.5,3.875,10.875],"rotation":0,"texture":"#10fc71f9-dc55-092f-c58c-804ac7dabd66","tintindex":0},"south":{"uv":[10.75,5.625,11.125,6.0],"rotation":0,"texture":"#10fc71f9-dc55-092f-c58c-804ac7dabd66","tintindex":0},"up":{"uv":[12.75,10.0,12.375,9.875],"rotation":0,"texture":"#10fc71f9-dc55-092f-c58c-804ac7dabd66","tintindex":0},"west":{"uv":[0.5,13.125,0.625,13.5],"rotation":0,"texture":"#10fc71f9-dc55-092f-c58c-804ac7dabd66","tintindex":0}}},{"name":"rightarmlow","from":[7.320052,5.8022585,7.1359997],"to":[9.270052,7.452258,7.736],"rotation":{"angle":-22.5,"axis":"z","origin":[7.170052,7.152258,7.976]},"faces":{"down":{"uv":[12.75,4.125,13.125,4.25],"rotation":0,"texture":"#10fc71f9-dc55-092f-c58c-804ac7dabd66","tintindex":0},"east":{"uv":[3.0,13.125,3.125,13.5],"rotation":0,"texture":"#10fc71f9-dc55-092f-c58c-804ac7dabd66","tintindex":0},"north":{"uv":[3.5,10.875,3.875,11.25],"rotation":0,"texture":"#10fc71f9-dc55-092f-c58c-804ac7dabd66","tintindex":0},"south":{"uv":[0.625,12.5,1.0,12.875],"rotation":0,"texture":"#10fc71f9-dc55-092f-c58c-804ac7dabd66","tintindex":0},"up":{"uv":[13.0,4.75,12.625,4.625],"rotation":0,"texture":"#10fc71f9-dc55-092f-c58c-804ac7dabd66","tintindex":0},"west":{"uv":[10.0,13.125,10.125,13.5],"rotation":0,"texture":"#10fc71f9-dc55-092f-c58c-804ac7dabd66","tintindex":0}}},{"name":"rightarmlow","from":[7.320052,5.8022585,8.336],"to":[9.270052,7.452258,8.936001],"rotation":{"angle":-22.5,"axis":"z","origin":[7.170052,7.152258,7.976]},"faces":{"down":{"uv":[13.0,0.375,13.375,0.5],"rotation":0,"texture":"#10fc71f9-dc55-092f-c58c-804ac7dabd66","tintindex":0},"east":{"uv":[10.125,13.125,10.25,13.5],"rotation":0,"texture":"#10fc71f9-dc55-092f-c58c-804ac7dabd66","tintindex":0},"north":{"uv":[3.75,12.625,4.125,13.0],"rotation":0,"texture":"#10fc71f9-dc55-092f-c58c-804ac7dabd66","tintindex":0},"south":{"uv":[0.625,12.875,1.0,13.25],"rotation":0,"texture":"#10fc71f9-dc55-092f-c58c-804ac7dabd66","tintindex":0},"up":{"uv":[13.125,10.0,12.75,9.875],"rotation":0,"texture":"#10fc71f9-dc55-092f-c58c-804ac7dabd66","tintindex":0},"west":{"uv":[10.25,13.125,10.375,13.5],"rotation":0,"texture":"#10fc71f9-dc55-092f-c58c-804ac7dabd66","tintindex":0}}},{"name":"rightarmlow","from":[7.320052,5.8022585,9.416],"to":[9.270052,7.452258,10.016001],"rotation":{"angle":-22.5,"axis":"z","origin":[7.170052,7.152258,7.976]},"faces":{"down":{"uv":[13.0,11.25,13.375,11.375],"rotation":0,"texture":"#10fc71f9-dc55-092f-c58c-804ac7dabd66","tintindex":0},"east":{"uv":[13.125,10.25,13.25,10.625],"rotation":0,"texture":"#10fc71f9-dc55-092f-c58c-804ac7dabd66","tintindex":0},"north":{"uv":[13.0,0.0,13.375,0.375],"rotation":0,"texture":"#10fc71f9-dc55-092f-c58c-804ac7dabd66","tintindex":0},"south":{"uv":[1.0,13.0,1.375,13.375],"rotation":0,"texture":"#10fc71f9-dc55-092f-c58c-804ac7dabd66","tintindex":0},"up":{"uv":[13.375,4.75,13.0,4.625],"rotation":0,"texture":"#10fc71f9-dc55-092f-c58c-804ac7dabd66","tintindex":0},"west":{"uv":[10.375,13.125,10.5,13.5],"rotation":0,"texture":"#10fc71f9-dc55-092f-c58c-804ac7dabd66","tintindex":0}}}],"display":{"head":{"translation":[0.0,-6.4,0.0],"rotation":[0.0,0.0,0.0],"scale":[3.8095,3.8095,3.8095]},"gui":{"translation":[0.0,0.0,0.0],"rotation":[35.0,225.0,0.0],"scale":[0.625,0.625,0.625]}}}