{"file_name":"leftleglow","texture_size":[128,128],"textures":{"10fc71f9-dc55-092f-c58c-804ac7dabd66":"modelengine:entity/orcboss"},"elements":[{"name":"rightleglow","from":[5.88,7.1526012,3.000079],"to":[10.08,8.052602,4.200079],"rotation":{"angle":0.0,"axis":"x","origin":[7.98,11.052602,5.460079]},"faces":{"down":{"uv":[12.75,2.875,13.625,3.125],"rotation":0,"texture":"#10fc71f9-dc55-092f-c58c-804ac7dabd66","tintindex":0},"east":{"uv":[5.125,13.125,5.375,13.375],"rotation":0,"texture":"#10fc71f9-dc55-092f-c58c-804ac7dabd66","tintindex":0},"north":{"uv":[12.75,2.125,13.625,2.375],"rotation":0,"texture":"#10fc71f9-dc55-092f-c58c-804ac7dabd66","tintindex":0},"south":{"uv":[12.75,2.375,13.625,2.625],"rotation":0,"texture":"#10fc71f9-dc55-092f-c58c-804ac7dabd66","tintindex":0},"up":{"uv":[13.625,2.875,12.75,2.625],"rotation":0,"texture":"#10fc71f9-dc55-092f-c58c-804ac7dabd66","tintindex":0},"west":{"uv":[9.75,13.125,10.0,13.375],"rotation":0,"texture":"#10fc71f9-dc55-092f-c58c-804ac7dabd66","tintindex":0}}},{"name":"rightleglow","from":[5.88,7.0026016,4.200079],"to":[10.08,8.202601,6.900079],"rotation":{"angle":0.0,"axis":"x","origin":[7.98,11.052602,5.460079]},"faces":{"down":{"uv":[11.875,3.625,12.75,4.25],"rotation":0,"texture":"#10fc71f9-dc55-092f-c58c-804ac7dabd66","tintindex":0},"east":{"uv":[11.125,12.875,11.75,13.125],"rotation":0,"texture":"#10fc71f9-dc55-092f-c58c-804ac7dabd66","tintindex":0},"north":{"uv":[12.75,3.125,13.625,3.375],"rotation":0,"texture":"#10fc71f9-dc55-092f-c58c-804ac7dabd66","tintindex":0},"south":{"uv":[12.75,3.375,13.625,3.625],"rotation":0,"texture":"#10fc71f9-dc55-092f-c58c-804ac7dabd66","tintindex":0},"up":{"uv":[12.75,3.625,11.875,3.0],"rotation":0,"texture":"#10fc71f9-dc55-092f-c58c-804ac7dabd66","tintindex":0},"west":{"uv":[12.875,11.375,13.5,11.625],"rotation":0,"texture":"#10fc71f9-dc55-092f-c58c-804ac7dabd66","tintindex":0}}},{"name":"rightleglow","from":[6.48,7.752601,4.800079],"to":[9.48,8.352602,6.900079],"rotation":{"angle":0.0,"axis":"x","origin":[7.98,11.052602,5.460079]},"faces":{"down":{"uv":[9.25,12.5,9.875,13.0],"rotation":0,"texture":"#10fc71f9-dc55-092f-c58c-804ac7dabd66","tintindex":0},"east":{"uv":[1.0,6.75,1.5,6.875],"rotation":0,"texture":"#10fc71f9-dc55-092f-c58c-804ac7dabd66","tintindex":0},"north":{"uv":[7.375,3.375,8.0,3.5],"rotation":0,"texture":"#10fc71f9-dc55-092f-c58c-804ac7dabd66","tintindex":0},"south":{"uv":[9.375,3.0,10.0,3.125],"rotation":0,"texture":"#10fc71f9-dc55-092f-c58c-804ac7dabd66","tintindex":0},"up":{"uv":[9.25,13.0,8.625,12.5],"rotation":0,"texture":"#10fc71f9-dc55-092f-c58c-804ac7dabd66","tintindex":0},"west":{"uv":[10.125,5.0,10.625,5.125],"rotation":0,"texture":"#10fc71f9-dc55-092f-c58c-804ac7dabd66","tintindex":0}}},{"name":"rightleglow","from":[6.18,6.8526015,6.900079],"to":[9.78,8.052602,9.600079],"rotation":{"angle":0.0,"axis":"x","origin":[7.98,11.052602,5.460079]},"faces":{"down":{"uv":[1.75,12.375,2.5,13.0],"rotation":0,"texture":"#10fc71f9-dc55-092f-c58c-804ac7dabd66","tintindex":0},"east":{"uv":[12.875,11.625,13.5,11.875],"rotation":0,"texture":"#10fc71f9-dc55-092f-c58c-804ac7dabd66","tintindex":0},"north":{"uv":[12.875,6.125,13.625,6.375],"rotation":0,"texture":"#10fc71f9-dc55-092f-c58c-804ac7dabd66","tintindex":0},"south":{"uv":[12.875,6.375,13.625,6.625],"rotation":0,"texture":"#10fc71f9-dc55-092f-c58c-804ac7dabd66","tintindex":0},"up":{"uv":[1.75,13.0,1.0,12.375],"rotation":0,"texture":"#10fc71f9-dc55-092f-c58c-804ac7dabd66","tintindex":0},"west":{"uv":[12.875,11.875,13.5,12.125],"rotation":0,"texture":"#10fc71f9-dc55-092f-c58c-804ac7dabd66","tintindex":0}}},{"name":"rightleglow","from":[6.48,7.4526014,5.400079],"to":[9.48,8.952601,8.700079],"rotation":{"angle":0.0,"axis":"x","origin":[7.98,11.052602,5.460079]},"faces":{"down":{"uv":[4.125,12.375,4.75,13.125],"rotation":0,"texture":"#10fc71f9-dc55-092f-c58c-804ac7dabd66","tintindex":0},"east":{"uv":[7.25,9.0,8.0,9.375],"rotation":0,"texture":"#10fc71f9-dc55-092f-c58c-804ac7dabd66","tintindex":0},"north":{"uv":[3.125,12.625,3.75,13.0],"rotation":0,"texture":"#10fc71f9-dc55-092f-c58c-804ac7dabd66","tintindex":0},"south":{"uv":[12.625,4.25,13.25,4.625],"rotation":0,"texture":"#10fc71f9-dc55-092f-c58c-804ac7dabd66","tintindex":0},"up":{"uv":[3.125,13.125,2.5,12.375],"rotation":0,"texture":"#10fc71f9-dc55-092f-c58c-804ac7dabd66","tintindex":0},"west":{"uv":[9.125,7.875,9.875,8.25],"rotation":0,"texture":"#10fc71f9-dc55-092f-c58c-804ac7dabd66","tintindex":0}}},{"name":"rightleglow","from":[5.7599998,7.3800993,2.7317648],"to":[6.66,7.9200993,3.631765],"rotation":{"angle":22.5,"axis":"x","origin":[6.21,8.250099,3.1817648]},"faces":{"down":{"uv":[5.625,13.375,5.875,13.5],"rotation":0,"texture":"#10fc71f9-dc55-092f-c58c-804ac7dabd66","tintindex":0},"east":{"uv":[13.375,10.375,13.5,10.5],"rotation":0,"texture":"#10fc71f9-dc55-092f-c58c-804ac7dabd66","tintindex":0},"north":{"uv":[13.375,5.0,13.625,5.125],"rotation":0,"texture":"#10fc71f9-dc55-092f-c58c-804ac7dabd66","tintindex":0},"south":{"uv":[5.125,13.375,5.375,13.5],"rotation":0,"texture":"#10fc71f9-dc55-092f-c58c-804ac7dabd66","tintindex":0},"up":{"uv":[5.625,13.5,5.375,13.375],"rotation":0,"texture":"#10fc71f9-dc55-092f-c58c-804ac7dabd66","tintindex":0},"west":{"uv":[13.375,10.625,13.5,10.75],"rotation":0,"texture":"#10fc71f9-dc55-092f-c58c-804ac7dabd66","tintindex":0}}},{"name":"rightleglow","from":[6.96,6.2526016,2.400079],"to":[7.8599997,6.7926016,3.3000789],"rotation":{"angle":22.5,"axis":"x","origin":[6.18,6.8526015,5.850079]},"faces":{"down":{"uv":[6.625,13.375,6.875,13.5],"rotation":0,"texture":"#10fc71f9-dc55-092f-c58c-804ac7dabd66","tintindex":0},"east":{"uv":[13.375,10.75,13.5,10.875],"rotation":0,"texture":"#10fc71f9-dc55-092f-c58c-804ac7dabd66","tintindex":0},"north":{"uv":[5.875,13.375,6.125,13.5],"rotation":0,"texture":"#10fc71f9-dc55-092f-c58c-804ac7dabd66","tintindex":0},"south":{"uv":[6.125,13.375,6.375,13.5],"rotation":0,"texture":"#10fc71f9-dc55-092f-c58c-804ac7dabd66","tintindex":0},"up":{"uv":[6.625,13.5,6.375,13.375],"rotation":0,"texture":"#10fc71f9-dc55-092f-c58c-804ac7dabd66","tintindex":0},"west":{"uv":[13.375,10.875,13.5,11.0],"rotation":0,"texture":"#10fc71f9-dc55-092f-c58c-804ac7dabd66","tintindex":0}}},{"name":"rightleglow","from":[8.16,6.2526016,2.400079],"to":[9.059999,6.7926016,3.3000789],"rotation":{"angle":22.5,"axis":"x","origin":[6.18,6.8526015,5.850079]},"faces":{"down":{"uv":[7.875,13.375,8.125,13.5],"rotation":0,"texture":"#10fc71f9-dc55-092f-c58c-804ac7dabd66","tintindex":0},"east":{"uv":[13.375,11.25,13.5,11.375],"rotation":0,"texture":"#10fc71f9-dc55-092f-c58c-804ac7dabd66","tintindex":0},"north":{"uv":[13.375,6.875,13.625,7.0],"rotation":0,"texture":"#10fc71f9-dc55-092f-c58c-804ac7dabd66","tintindex":0},"south":{"uv":[13.375,7.0,13.625,7.125],"rotation":0,"texture":"#10fc71f9-dc55-092f-c58c-804ac7dabd66","tintindex":0},"up":{"uv":[13.625,7.25,13.375,7.125],"rotation":0,"texture":"#10fc71f9-dc55-092f-c58c-804ac7dabd66","tintindex":0},"west":{"uv":[11.75,13.375,11.875,13.5],"rotation":0,"texture":"#10fc71f9-dc55-092f-c58c-804ac7dabd66","tintindex":0}}},{"name":"rightleglow","from":[9.360001,6.2526016,2.400079],"to":[10.26,6.7926016,3.3000789],"rotation":{"angle":22.5,"axis":"x","origin":[6.18,6.8526015,5.850079]},"faces":{"down":{"uv":[8.875,13.375,9.125,13.5],"rotation":0,"texture":"#10fc71f9-dc55-092f-c58c-804ac7dabd66","tintindex":0},"east":{"uv":[11.875,13.375,12.0,13.5],"rotation":0,"texture":"#10fc71f9-dc55-092f-c58c-804ac7dabd66","tintindex":0},"north":{"uv":[8.125,13.375,8.375,13.5],"rotation":0,"texture":"#10fc71f9-dc55-092f-c58c-804ac7dabd66","tintindex":0},"south":{"uv":[8.375,13.375,8.625,13.5],"rotation":0,"texture":"#10fc71f9-dc55-092f-c58c-804ac7dabd66","tintindex":0},"up":{"uv":[8.875,13.5,8.625,13.375],"rotation":0,"texture":"#10fc71f9-dc55-092f-c58c-804ac7dabd66","tintindex":0},"west":{"uv":[12.0,13.375,12.125,13.5],"rotation":0,"texture":"#10fc71f9-dc55-092f-c58c-804ac7dabd66","tintindex":0}}}],"display":{"head":{"translation":[0.0,-6.4,0.0],"rotation":[0.0,0.0,0.0],"scale":[3.8095,3.8095,3.8095]},"gui":{"translation":[0.0,0.0,0.0],"rotation":[35.0,225.0,0.0],"scale":[0.625,0.625,0.625]}}}