{"file_name":"leftarmmid","texture_size":[128,128],"textures":{"10fc71f9-dc55-092f-c58c-804ac7dabd66":"modelengine:entity/orcboss"},"elements":[{"name":"rightarmmid","from":[6.5600004,2.4200003,6.2],"to":[10.16,8.42,9.8],"rotation":{"angle":0.0,"axis":"x","origin":[8.360001,6.6200004,8.0]},"faces":{"down":{"uv":[11.5,0.5,12.25,1.25],"rotation":0,"texture":"#10fc71f9-dc55-092f-c58c-804ac7dabd66","tintindex":0},"east":{"uv":[10.0,10.875,10.75,12.125],"rotation":0,"texture":"#10fc71f9-dc55-092f-c58c-804ac7dabd66","tintindex":0},"north":{"uv":[2.75,10.5,3.5,11.75],"rotation":0,"texture":"#10fc71f9-dc55-092f-c58c-804ac7dabd66","tintindex":0},"south":{"uv":[10.75,10.875,11.5,12.125],"rotation":0,"texture":"#10fc71f9-dc55-092f-c58c-804ac7dabd66","tintindex":0},"up":{"uv":[8.75,12.0,8.0,11.25],"rotation":0,"texture":"#10fc71f9-dc55-092f-c58c-804ac7dabd66","tintindex":0},"west":{"uv":[5.0,11.0,5.75,12.25],"rotation":0,"texture":"#10fc71f9-dc55-092f-c58c-804ac7dabd66","tintindex":0}}}],"display":{"head":{"translation":[0.0,-6.4,0.0],"rotation":[0.0,0.0,0.0],"scale":[3.8095,3.8095,3.8095]},"gui":{"translation":[0.0,0.0,0.0],"rotation":[35.0,225.0,0.0],"scale":[0.625,0.625,0.625]}}}