{"file_name":"rightarmlow","texture_size":[128,128],"textures":{"10fc71f9-dc55-092f-c58c-804ac7dabd66":"modelengine:entity/orcboss"},"elements":[{"name":"rightarmlow","from":[6.729948,5.652258,5.876],"to":[9.729948,8.652258,10.076],"rotation":{"angle":0.0,"axis":"x","origin":[11.229948,12.252258,7.976]},"faces":{"down":{"uv":[3.5,11.75,4.125,12.625],"rotation":0,"texture":"#10fc71f9-dc55-092f-c58c-804ac7dabd66","tintindex":0},"east":{"uv":[1.75,11.75,2.625,12.375],"rotation":0,"texture":"#10fc71f9-dc55-092f-c58c-804ac7dabd66","tintindex":0},"north":{"uv":[12.25,9.125,12.875,9.75],"rotation":0,"texture":"#10fc71f9-dc55-092f-c58c-804ac7dabd66","tintindex":0},"south":{"uv":[12.375,12.125,13.0,12.75],"rotation":0,"texture":"#10fc71f9-dc55-092f-c58c-804ac7dabd66","tintindex":0},"up":{"uv":[8.25,2.125,7.625,1.25],"rotation":0,"texture":"#10fc71f9-dc55-092f-c58c-804ac7dabd66","tintindex":0},"west":{"uv":[2.625,11.75,3.5,12.375],"rotation":0,"texture":"#10fc71f9-dc55-092f-c58c-804ac7dabd66","tintindex":0}}},{"name":"rightarmlow","from":[6.729948,5.8022585,5.936],"to":[8.679948,7.452258,6.5360003],"rotation":{"angle":22.5,"axis":"z","origin":[8.829948,7.152258,7.976]},"faces":{"down":{"uv":[8.25,10.125,8.625,10.25],"rotation":0,"texture":"#10fc71f9-dc55-092f-c58c-804ac7dabd66","tintindex":0},"east":{"uv":[5.75,3.5,5.875,3.875],"rotation":0,"texture":"#10fc71f9-dc55-092f-c58c-804ac7dabd66","tintindex":0},"north":{"uv":[3.5,5.0,3.875,5.375],"rotation":0,"texture":"#10fc71f9-dc55-092f-c58c-804ac7dabd66","tintindex":0},"south":{"uv":[3.5,5.375,3.875,5.75],"rotation":0,"texture":"#10fc71f9-dc55-092f-c58c-804ac7dabd66","tintindex":0},"up":{"uv":[10.5,7.875,10.125,7.75],"rotation":0,"texture":"#10fc71f9-dc55-092f-c58c-804ac7dabd66","tintindex":0},"west":{"uv":[7.25,2.125,7.375,2.5],"rotation":0,"texture":"#10fc71f9-dc55-092f-c58c-804ac7dabd66","tintindex":0}}},{"name":"rightarmlow","from":[6.729948,5.8022585,7.1359997],"to":[8.679948,7.452258,7.736],"rotation":{"angle":22.5,"axis":"z","origin":[8.829948,7.152258,7.976]},"faces":{"down":{"uv":[10.5,7.75,10.875,7.875],"rotation":0,"texture":"#10fc71f9-dc55-092f-c58c-804ac7dabd66","tintindex":0},"east":{"uv":[7.875,7.25,8.0,7.625],"rotation":0,"texture":"#10fc71f9-dc55-092f-c58c-804ac7dabd66","tintindex":0},"north":{"uv":[5.375,3.5,5.75,3.875],"rotation":0,"texture":"#10fc71f9-dc55-092f-c58c-804ac7dabd66","tintindex":0},"south":{"uv":[3.0,6.875,3.375,7.25],"rotation":0,"texture":"#10fc71f9-dc55-092f-c58c-804ac7dabd66","tintindex":0},"up":{"uv":[9.0,10.25,8.625,10.125],"rotation":0,"texture":"#10fc71f9-dc55-092f-c58c-804ac7dabd66","tintindex":0},"west":{"uv":[2.875,8.125,3.0,8.5],"rotation":0,"texture":"#10fc71f9-dc55-092f-c58c-804ac7dabd66","tintindex":0}}},{"name":"rightarmlow","from":[6.729948,5.8022585,8.336],"to":[8.679948,7.452258,8.936001],"rotation":{"angle":22.5,"axis":"z","origin":[8.829948,7.152258,7.976]},"faces":{"down":{"uv":[11.0,10.75,11.375,10.875],"rotation":0,"texture":"#10fc71f9-dc55-092f-c58c-804ac7dabd66","tintindex":0},"east":{"uv":[2.0,9.125,2.125,9.5],"rotation":0,"texture":"#10fc71f9-dc55-092f-c58c-804ac7dabd66","tintindex":0},"north":{"uv":[4.0,9.5,4.375,9.875],"rotation":0,"texture":"#10fc71f9-dc55-092f-c58c-804ac7dabd66","tintindex":0},"south":{"uv":[9.75,6.125,10.125,6.5],"rotation":0,"texture":"#10fc71f9-dc55-092f-c58c-804ac7dabd66","tintindex":0},"up":{"uv":[11.125,6.125,10.75,6.0],"rotation":0,"texture":"#10fc71f9-dc55-092f-c58c-804ac7dabd66","tintindex":0},"west":{"uv":[9.875,7.875,10.0,8.25],"rotation":0,"texture":"#10fc71f9-dc55-092f-c58c-804ac7dabd66","tintindex":0}}},{"name":"rightarmlow","from":[6.729948,5.8022585,9.416],"to":[8.679948,7.452258,10.016001],"rotation":{"angle":22.5,"axis":"z","origin":[8.829948,7.152258,7.976]},"faces":{"down":{"uv":[6.875,12.25,7.25,12.375],"rotation":0,"texture":"#10fc71f9-dc55-092f-c58c-804ac7dabd66","tintindex":0},"east":{"uv":[3.875,10.5,4.0,10.875],"rotation":0,"texture":"#10fc71f9-dc55-092f-c58c-804ac7dabd66","tintindex":0},"north":{"uv":[9.75,6.5,10.125,6.875],"rotation":0,"texture":"#10fc71f9-dc55-092f-c58c-804ac7dabd66","tintindex":0},"south":{"uv":[4.0,9.875,4.375,10.25],"rotation":0,"texture":"#10fc71f9-dc55-092f-c58c-804ac7dabd66","tintindex":0},"up":{"uv":[11.375,12.25,11.0,12.125],"rotation":0,"texture":"#10fc71f9-dc55-092f-c58c-804ac7dabd66","tintindex":0},"west":{"uv":[3.875,10.875,4.0,11.25],"rotation":0,"texture":"#10fc71f9-dc55-092f-c58c-804ac7dabd66","tintindex":0}}}],"display":{"head":{"translation":[0.0,-6.4,0.0],"rotation":[0.0,0.0,0.0],"scale":[3.8095,3.8095,3.8095]},"gui":{"translation":[0.0,0.0,0.0],"rotation":[35.0,225.0,0.0],"scale":[0.625,0.625,0.625]}}}