{"file_name":"rightleglow","texture_size":[128,128],"textures":{"10fc71f9-dc55-092f-c58c-804ac7dabd66":"modelengine:entity/orcboss"},"elements":[{"name":"rightleglow","from":[5.92,7.1526012,3.000079],"to":[10.12,8.052602,4.200079],"rotation":{"angle":0.0,"axis":"x","origin":[8.0199995,11.052602,5.460079]},"faces":{"down":{"uv":[9.875,12.625,10.75,12.875],"rotation":0,"texture":"#10fc71f9-dc55-092f-c58c-804ac7dabd66","tintindex":0},"east":{"uv":[4.625,13.125,4.875,13.375],"rotation":0,"texture":"#10fc71f9-dc55-092f-c58c-804ac7dabd66","tintindex":0},"north":{"uv":[11.125,4.75,12.0,5.0],"rotation":0,"texture":"#10fc71f9-dc55-092f-c58c-804ac7dabd66","tintindex":0},"south":{"uv":[12.625,7.625,13.5,7.875],"rotation":0,"texture":"#10fc71f9-dc55-092f-c58c-804ac7dabd66","tintindex":0},"up":{"uv":[13.5,8.125,12.625,7.875],"rotation":0,"texture":"#10fc71f9-dc55-092f-c58c-804ac7dabd66","tintindex":0},"west":{"uv":[4.875,13.125,5.125,13.375],"rotation":0,"texture":"#10fc71f9-dc55-092f-c58c-804ac7dabd66","tintindex":0}}},{"name":"rightleglow","from":[5.92,7.0026016,4.200079],"to":[10.12,8.202601,6.900079],"rotation":{"angle":0.0,"axis":"x","origin":[8.0199995,11.052602,5.460079]},"faces":{"down":{"uv":[11.875,2.375,12.75,3.0],"rotation":0,"texture":"#10fc71f9-dc55-092f-c58c-804ac7dabd66","tintindex":0},"east":{"uv":[12.875,8.625,13.5,8.875],"rotation":0,"texture":"#10fc71f9-dc55-092f-c58c-804ac7dabd66","tintindex":0},"north":{"uv":[12.75,1.625,13.625,1.875],"rotation":0,"texture":"#10fc71f9-dc55-092f-c58c-804ac7dabd66","tintindex":0},"south":{"uv":[12.75,1.875,13.625,2.125],"rotation":0,"texture":"#10fc71f9-dc55-092f-c58c-804ac7dabd66","tintindex":0},"up":{"uv":[12.75,2.375,11.875,1.75],"rotation":0,"texture":"#10fc71f9-dc55-092f-c58c-804ac7dabd66","tintindex":0},"west":{"uv":[12.875,8.875,13.5,9.125],"rotation":0,"texture":"#10fc71f9-dc55-092f-c58c-804ac7dabd66","tintindex":0}}},{"name":"rightleglow","from":[6.5200005,7.752601,4.800079],"to":[9.52,8.352602,6.900079],"rotation":{"angle":0.0,"axis":"x","origin":[8.0199995,11.052602,5.460079]},"faces":{"down":{"uv":[9.125,5.125,9.75,5.625],"rotation":0,"texture":"#10fc71f9-dc55-092f-c58c-804ac7dabd66","tintindex":0},"east":{"uv":[1.5,4.875,2.0,5.0],"rotation":0,"texture":"#10fc71f9-dc55-092f-c58c-804ac7dabd66","tintindex":0},"north":{"uv":[5.75,2.375,6.375,2.5],"rotation":0,"texture":"#10fc71f9-dc55-092f-c58c-804ac7dabd66","tintindex":0},"south":{"uv":[6.375,2.375,7.0,2.5],"rotation":0,"texture":"#10fc71f9-dc55-092f-c58c-804ac7dabd66","tintindex":0},"up":{"uv":[5.0,9.0,4.375,8.5],"rotation":0,"texture":"#10fc71f9-dc55-092f-c58c-804ac7dabd66","tintindex":0},"west":{"uv":[5.375,3.875,5.875,4.0],"rotation":0,"texture":"#10fc71f9-dc55-092f-c58c-804ac7dabd66","tintindex":0}}},{"name":"rightleglow","from":[6.2200003,6.8526015,6.900079],"to":[9.82,8.052602,9.600079],"rotation":{"angle":0.0,"axis":"x","origin":[8.0199995,11.052602,5.460079]},"faces":{"down":{"uv":[11.0,12.25,11.75,12.875],"rotation":0,"texture":"#10fc71f9-dc55-092f-c58c-804ac7dabd66","tintindex":0},"east":{"uv":[9.875,12.875,10.5,13.125],"rotation":0,"texture":"#10fc71f9-dc55-092f-c58c-804ac7dabd66","tintindex":0},"north":{"uv":[12.875,5.625,13.625,5.875],"rotation":0,"texture":"#10fc71f9-dc55-092f-c58c-804ac7dabd66","tintindex":0},"south":{"uv":[12.875,5.875,13.625,6.125],"rotation":0,"texture":"#10fc71f9-dc55-092f-c58c-804ac7dabd66","tintindex":0},"up":{"uv":[13.0,11.375,12.25,10.75],"rotation":0,"texture":"#10fc71f9-dc55-092f-c58c-804ac7dabd66","tintindex":0},"west":{"uv":[10.5,12.875,11.125,13.125],"rotation":0,"texture":"#10fc71f9-dc55-092f-c58c-804ac7dabd66","tintindex":0}}},{"name":"rightleglow","from":[6.5200005,7.4526014,5.400079],"to":[9.52,8.952601,8.700079],"rotation":{"angle":0.0,"axis":"x","origin":[8.0199995,11.052602,5.460079]},"faces":{"down":{"uv":[11.75,12.25,12.375,13.0],"rotation":0,"texture":"#10fc71f9-dc55-092f-c58c-804ac7dabd66","tintindex":0},"east":{"uv":[2.125,8.125,2.875,8.5],"rotation":0,"texture":"#10fc71f9-dc55-092f-c58c-804ac7dabd66","tintindex":0},"north":{"uv":[12.5,10.25,13.125,10.625],"rotation":0,"texture":"#10fc71f9-dc55-092f-c58c-804ac7dabd66","tintindex":0},"south":{"uv":[12.625,1.25,13.25,1.625],"rotation":0,"texture":"#10fc71f9-dc55-092f-c58c-804ac7dabd66","tintindex":0},"up":{"uv":[12.875,12.125,12.25,11.375],"rotation":0,"texture":"#10fc71f9-dc55-092f-c58c-804ac7dabd66","tintindex":0},"west":{"uv":[8.125,5.625,8.875,6.0],"rotation":0,"texture":"#10fc71f9-dc55-092f-c58c-804ac7dabd66","tintindex":0}}},{"name":"rightleglow","from":[9.34,7.3800993,2.7317648],"to":[10.24,7.9200993,3.631765],"rotation":{"angle":22.5,"axis":"x","origin":[9.790001,8.250099,3.1817648]},"faces":{"down":{"uv":[13.25,7.25,13.5,7.375],"rotation":0,"texture":"#10fc71f9-dc55-092f-c58c-804ac7dabd66","tintindex":0},"east":{"uv":[9.375,13.375,9.5,13.5],"rotation":0,"texture":"#10fc71f9-dc55-092f-c58c-804ac7dabd66","tintindex":0},"north":{"uv":[13.125,9.875,13.375,10.0],"rotation":0,"texture":"#10fc71f9-dc55-092f-c58c-804ac7dabd66","tintindex":0},"south":{"uv":[13.25,4.5,13.5,4.625],"rotation":0,"texture":"#10fc71f9-dc55-092f-c58c-804ac7dabd66","tintindex":0},"up":{"uv":[13.5,5.25,13.25,5.125],"rotation":0,"texture":"#10fc71f9-dc55-092f-c58c-804ac7dabd66","tintindex":0},"west":{"uv":[13.375,9.375,13.5,9.5],"rotation":0,"texture":"#10fc71f9-dc55-092f-c58c-804ac7dabd66","tintindex":0}}},{"name":"rightleglow","from":[8.14,6.2526016,2.400079],"to":[9.04,6.7926016,3.3000789],"rotation":{"angle":22.5,"axis":"x","origin":[9.82,6.8526015,5.850079]},"faces":{"down":{"uv":[13.375,4.125,13.625,4.25],"rotation":0,"texture":"#10fc71f9-dc55-092f-c58c-804ac7dabd66","tintindex":0},"east":{"uv":[9.5,13.375,9.625,13.5],"rotation":0,"texture":"#10fc71f9-dc55-092f-c58c-804ac7dabd66","tintindex":0},"north":{"uv":[13.25,10.5,13.5,10.625],"rotation":0,"texture":"#10fc71f9-dc55-092f-c58c-804ac7dabd66","tintindex":0},"south":{"uv":[13.375,1.5,13.625,1.625],"rotation":0,"texture":"#10fc71f9-dc55-092f-c58c-804ac7dabd66","tintindex":0},"up":{"uv":[4.375,13.5,4.125,13.375],"rotation":0,"texture":"#10fc71f9-dc55-092f-c58c-804ac7dabd66","tintindex":0},"west":{"uv":[9.625,13.375,9.75,13.5],"rotation":0,"texture":"#10fc71f9-dc55-092f-c58c-804ac7dabd66","tintindex":0}}},{"name":"rightleglow","from":[6.94,6.2526016,2.400079],"to":[7.84,6.7926016,3.3000789],"rotation":{"angle":22.5,"axis":"x","origin":[9.82,6.8526015,5.850079]},"faces":{"down":{"uv":[4.625,13.375,4.875,13.5],"rotation":0,"texture":"#10fc71f9-dc55-092f-c58c-804ac7dabd66","tintindex":0},"east":{"uv":[9.75,13.375,9.875,13.5],"rotation":0,"texture":"#10fc71f9-dc55-092f-c58c-804ac7dabd66","tintindex":0},"north":{"uv":[13.375,4.25,13.625,4.375],"rotation":0,"texture":"#10fc71f9-dc55-092f-c58c-804ac7dabd66","tintindex":0},"south":{"uv":[4.375,13.375,4.625,13.5],"rotation":0,"texture":"#10fc71f9-dc55-092f-c58c-804ac7dabd66","tintindex":0},"up":{"uv":[13.625,4.5,13.375,4.375],"rotation":0,"texture":"#10fc71f9-dc55-092f-c58c-804ac7dabd66","tintindex":0},"west":{"uv":[9.875,13.375,10.0,13.5],"rotation":0,"texture":"#10fc71f9-dc55-092f-c58c-804ac7dabd66","tintindex":0}}},{"name":"rightleglow","from":[5.74,6.2526016,2.400079],"to":[6.6400003,6.7926016,3.3000789],"rotation":{"angle":22.5,"axis":"x","origin":[9.82,6.8526015,5.850079]},"faces":{"down":{"uv":[13.375,4.875,13.625,5.0],"rotation":0,"texture":"#10fc71f9-dc55-092f-c58c-804ac7dabd66","tintindex":0},"east":{"uv":[13.375,9.875,13.5,10.0],"rotation":0,"texture":"#10fc71f9-dc55-092f-c58c-804ac7dabd66","tintindex":0},"north":{"uv":[13.375,4.625,13.625,4.75],"rotation":0,"texture":"#10fc71f9-dc55-092f-c58c-804ac7dabd66","tintindex":0},"south":{"uv":[13.375,4.75,13.625,4.875],"rotation":0,"texture":"#10fc71f9-dc55-092f-c58c-804ac7dabd66","tintindex":0},"up":{"uv":[5.125,13.5,4.875,13.375],"rotation":0,"texture":"#10fc71f9-dc55-092f-c58c-804ac7dabd66","tintindex":0},"west":{"uv":[13.375,10.25,13.5,10.375],"rotation":0,"texture":"#10fc71f9-dc55-092f-c58c-804ac7dabd66","tintindex":0}}}],"display":{"head":{"translation":[0.0,-6.4,0.0],"rotation":[0.0,0.0,0.0],"scale":[3.8095,3.8095,3.8095]},"gui":{"translation":[0.0,0.0,0.0],"rotation":[35.0,225.0,0.0],"scale":[0.625,0.625,0.625]}}}