{"file_name":"right","texture_size":[64,64],"textures":{"46b4ebba-f864-0e44-a157-5f536ffcfc9b":"modelengine:entity/goblinskeleton"},"elements":[{"name":"right","from":[7.5025883,6.594038,5.727686],"to":[9.302588,8.394038,8.727686],"rotation":{"angle":-22.5,"axis":"x","origin":[7.5025883,5.394038,6.9276857]},"faces":{"down":{"uv":[8.75,0.0,9.5,1.25],"rotation":0,"texture":"#46b4ebba-f864-0e44-a157-5f536ffcfc9b","tintindex":0},"east":{"uv":[4.75,8.5,6.0,9.25],"rotation":0,"texture":"#46b4ebba-f864-0e44-a157-5f536ffcfc9b","tintindex":0},"north":{"uv":[10.0,4.5,10.75,5.25],"rotation":0,"texture":"#46b4ebba-f864-0e44-a157-5f536ffcfc9b","tintindex":0},"south":{"uv":[10.0,5.25,10.75,6.0],"rotation":0,"texture":"#46b4ebba-f864-0e44-a157-5f536ffcfc9b","tintindex":0},"up":{"uv":[8.0,10.0,7.25,8.75],"rotation":0,"texture":"#46b4ebba-f864-0e44-a157-5f536ffcfc9b","tintindex":0},"west":{"uv":[6.0,8.75,7.25,9.5],"rotation":0,"texture":"#46b4ebba-f864-0e44-a157-5f536ffcfc9b","tintindex":0}}},{"name":"right","from":[7.5025883,6.0434723,2.3598135],"to":[9.302588,7.8434725,5.3598137],"rotation":{"angle":0.0,"axis":"x","origin":[5.743412,-0.43885016,6.56813]},"faces":{"down":{"uv":[0.0,9.0,0.75,10.25],"rotation":0,"texture":"#46b4ebba-f864-0e44-a157-5f536ffcfc9b","tintindex":0},"east":{"uv":[8.75,1.25,10.0,2.0],"rotation":0,"texture":"#46b4ebba-f864-0e44-a157-5f536ffcfc9b","tintindex":0},"north":{"uv":[10.0,7.5,10.75,8.25],"rotation":0,"texture":"#46b4ebba-f864-0e44-a157-5f536ffcfc9b","tintindex":0},"south":{"uv":[10.0,8.25,10.75,9.0],"rotation":0,"texture":"#46b4ebba-f864-0e44-a157-5f536ffcfc9b","tintindex":0},"up":{"uv":[9.5,4.0,8.75,2.75],"rotation":0,"texture":"#46b4ebba-f864-0e44-a157-5f536ffcfc9b","tintindex":0},"west":{"uv":[8.75,2.0,10.0,2.75],"rotation":0,"texture":"#46b4ebba-f864-0e44-a157-5f536ffcfc9b","tintindex":0}}}],"display":{"head":{"translation":[0.0,-6.4,0.0],"rotation":[0.0,0.0,0.0],"scale":[3.8095,3.8095,3.8095]},"gui":{"translation":[0.0,0.0,0.0],"rotation":[35.0,225.0,0.0],"scale":[0.625,0.625,0.625]}}}