{"file_name":"felsotest","texture_size":[128,128],"textures":{"521e7e52-9dce-3e96-d378-40b67b8d4570":"modelengine:entity/behemot"},"elements":[{"name":"felsotest","from":[2.702354,10.470926,4.009082],"to":[12.902354,13.470926,10.609081],"rotation":{"angle":0.0,"axis":"x","origin":[8.102354,-6.9290743,7.009082]},"faces":{"down":{"uv":[2.125,4.5,4.25,5.875],"rotation":0,"texture":"#521e7e52-9dce-3e96-d378-40b67b8d4570","tintindex":0},"east":{"uv":[10.0,3.75,11.375,4.375],"rotation":0,"texture":"#521e7e52-9dce-3e96-d378-40b67b8d4570","tintindex":0},"north":{"uv":[3.125,2.5,5.25,3.125],"rotation":0,"texture":"#521e7e52-9dce-3e96-d378-40b67b8d4570","tintindex":0},"south":{"uv":[7.375,6.5,9.5,7.125],"rotation":0,"texture":"#521e7e52-9dce-3e96-d378-40b67b8d4570","tintindex":0},"up":{"uv":[2.125,5.75,0.0,4.375],"rotation":0,"texture":"#521e7e52-9dce-3e96-d378-40b67b8d4570","tintindex":0},"west":{"uv":[10.0,4.375,11.375,5.0],"rotation":0,"texture":"#521e7e52-9dce-3e96-d378-40b67b8d4570","tintindex":0}}},{"name":"felsotest","from":[0.30235386,13.470926,3.4090817],"to":[15.302354,17.670925,11.209082],"rotation":{"angle":0.0,"axis":"x","origin":[8.102354,-6.9290743,7.009082]},"faces":{"down":{"uv":[0.0,1.625,3.125,3.25],"rotation":0,"texture":"#521e7e52-9dce-3e96-d378-40b67b8d4570","tintindex":0},"east":{"uv":[7.375,7.375,9.0,8.25],"rotation":0,"texture":"#521e7e52-9dce-3e96-d378-40b67b8d4570","tintindex":0},"north":{"uv":[4.25,4.5,7.375,5.375],"rotation":0,"texture":"#521e7e52-9dce-3e96-d378-40b67b8d4570","tintindex":0},"south":{"uv":[4.25,5.375,7.375,6.25],"rotation":0,"texture":"#521e7e52-9dce-3e96-d378-40b67b8d4570","tintindex":0},"up":{"uv":[3.125,1.625,0.0,0.0],"rotation":0,"texture":"#521e7e52-9dce-3e96-d378-40b67b8d4570","tintindex":0},"west":{"uv":[7.375,4.375,9.0,5.25],"rotation":0,"texture":"#521e7e52-9dce-3e96-d378-40b67b8d4570","tintindex":0}}},{"name":"felsotest","from":[0.902354,17.670925,4.009082],"to":[14.7023535,18.270927,10.609081],"rotation":{"angle":0.0,"axis":"x","origin":[8.102354,-6.9290743,7.009082]},"faces":{"down":{"uv":[3.125,0.0,6.0,1.375],"rotation":0,"texture":"#521e7e52-9dce-3e96-d378-40b67b8d4570","tintindex":0},"east":{"uv":[6.0,4.375,7.375,4.5],"rotation":0,"texture":"#521e7e52-9dce-3e96-d378-40b67b8d4570","tintindex":0},"north":{"uv":[11.375,11.25,14.25,11.375],"rotation":0,"texture":"#521e7e52-9dce-3e96-d378-40b67b8d4570","tintindex":0},"south":{"uv":[11.75,3.0,14.625,3.125],"rotation":0,"texture":"#521e7e52-9dce-3e96-d378-40b67b8d4570","tintindex":0},"up":{"uv":[6.0,4.5,3.125,3.125],"rotation":0,"texture":"#521e7e52-9dce-3e96-d378-40b67b8d4570","tintindex":0},"west":{"uv":[8.25,12.5,9.625,12.625],"rotation":0,"texture":"#521e7e52-9dce-3e96-d378-40b67b8d4570","tintindex":0}}},{"name":"felsotest","from":[1.502354,18.270927,4.6090817],"to":[14.102354,18.870926,10.009082],"rotation":{"angle":0.0,"axis":"x","origin":[8.102354,-6.9290743,7.009082]},"faces":{"down":{"uv":[0.0,3.25,2.625,4.375],"rotation":0,"texture":"#521e7e52-9dce-3e96-d378-40b67b8d4570","tintindex":0},"east":{"uv":[12.5,1.0,13.625,1.125],"rotation":0,"texture":"#521e7e52-9dce-3e96-d378-40b67b8d4570","tintindex":0},"north":{"uv":[11.75,3.125,14.375,3.25],"rotation":0,"texture":"#521e7e52-9dce-3e96-d378-40b67b8d4570","tintindex":0},"south":{"uv":[11.75,3.25,14.375,3.375],"rotation":0,"texture":"#521e7e52-9dce-3e96-d378-40b67b8d4570","tintindex":0},"up":{"uv":[5.75,2.5,3.125,1.375],"rotation":0,"texture":"#521e7e52-9dce-3e96-d378-40b67b8d4570","tintindex":0},"west":{"uv":[12.5,1.125,13.625,1.25],"rotation":0,"texture":"#521e7e52-9dce-3e96-d378-40b67b8d4570","tintindex":0}}},{"name":"felsotest","from":[2.102354,18.870926,5.2090816],"to":[13.502354,19.470928,9.409082],"rotation":{"angle":0.0,"axis":"x","origin":[8.102354,-6.9290743,7.009082]},"faces":{"down":{"uv":[6.0,3.5,8.375,4.375],"rotation":0,"texture":"#521e7e52-9dce-3e96-d378-40b67b8d4570","tintindex":0},"east":{"uv":[2.125,4.375,3.0,4.5],"rotation":0,"texture":"#521e7e52-9dce-3e96-d378-40b67b8d4570","tintindex":0},"north":{"uv":[11.75,3.375,14.125,3.5],"rotation":0,"texture":"#521e7e52-9dce-3e96-d378-40b67b8d4570","tintindex":0},"south":{"uv":[11.875,7.75,14.25,7.875],"rotation":0,"texture":"#521e7e52-9dce-3e96-d378-40b67b8d4570","tintindex":0},"up":{"uv":[8.375,3.5,6.0,2.625],"rotation":0,"texture":"#521e7e52-9dce-3e96-d378-40b67b8d4570","tintindex":0},"west":{"uv":[8.5,6.375,9.375,6.5],"rotation":0,"texture":"#521e7e52-9dce-3e96-d378-40b67b8d4570","tintindex":0}}},{"name":"felsotest","from":[11.7023535,18.870926,7.6090817],"to":[17.702354,23.670925,7.6090817],"rotation":{"angle":-22.5,"axis":"z","origin":[8.102354,18.270927,7.009082]},"faces":{"down":{"uv":[0.375,13.0,2.75,13.875],"rotation":0,"texture":"#521e7e52-9dce-3e96-d378-40b67b8d4570","tintindex":0},"east":{"uv":[1.125,13.625,2.0,13.75],"rotation":0,"texture":"#521e7e52-9dce-3e96-d378-40b67b8d4570","tintindex":0},"north":{"uv":[0.375,13.0,2.625,13.875],"rotation":0,"texture":"#521e7e52-9dce-3e96-d378-40b67b8d4570","tintindex":0},"south":{"uv":[0.375,13.0,2.625,13.875],"rotation":0,"texture":"#521e7e52-9dce-3e96-d378-40b67b8d4570","tintindex":0},"up":{"uv":[2.625,13.875,0.25,13.0],"rotation":0,"texture":"#521e7e52-9dce-3e96-d378-40b67b8d4570","tintindex":0},"west":{"uv":[1.125,13.625,2.0,13.75],"rotation":0,"texture":"#521e7e52-9dce-3e96-d378-40b67b8d4570","tintindex":0}}},{"name":"felsotest","from":[8.102354,8.670926,9.409082],"to":[8.102354,17.670925,13.009082],"rotation":{"angle":0.0,"axis":"x","origin":[8.102354,-6.9290743,7.009082]},"faces":{"down":{"uv":[0.25,13.0,2.625,13.875],"rotation":0,"texture":"#521e7e52-9dce-3e96-d378-40b67b8d4570","tintindex":0},"east":{"uv":[4.625,13.375,5.5,15.75],"rotation":0,"texture":"#521e7e52-9dce-3e96-d378-40b67b8d4570","tintindex":0},"north":{"uv":[0.25,13.0,2.625,13.875],"rotation":0,"texture":"#521e7e52-9dce-3e96-d378-40b67b8d4570","tintindex":0},"south":{"uv":[0.375,13.0,2.625,13.875],"rotation":0,"texture":"#521e7e52-9dce-3e96-d378-40b67b8d4570","tintindex":0},"up":{"uv":[2.75,13.875,0.375,13.0],"rotation":0,"texture":"#521e7e52-9dce-3e96-d378-40b67b8d4570","tintindex":0},"west":{"uv":[3.125,13.5,4.0,15.875],"rotation":0,"texture":"#521e7e52-9dce-3e96-d378-40b67b8d4570","tintindex":0}}},{"name":"felsotest","from":[3.9023538,8.670926,8.809082],"to":[3.9023538,17.670925,12.409082],"rotation":{"angle":0.0,"axis":"x","origin":[8.102354,-6.9290743,7.009082]},"faces":{"down":{"uv":[0.25,13.0,2.625,13.875],"rotation":0,"texture":"#521e7e52-9dce-3e96-d378-40b67b8d4570","tintindex":0},"east":{"uv":[4.75,13.375,5.5,15.625],"rotation":0,"texture":"#521e7e52-9dce-3e96-d378-40b67b8d4570","tintindex":0},"north":{"uv":[0.25,13.75,2.625,13.875],"rotation":0,"texture":"#521e7e52-9dce-3e96-d378-40b67b8d4570","tintindex":0},"south":{"uv":[0.375,13.0,2.625,13.875],"rotation":0,"texture":"#521e7e52-9dce-3e96-d378-40b67b8d4570","tintindex":0},"up":{"uv":[2.75,13.875,0.375,13.0],"rotation":0,"texture":"#521e7e52-9dce-3e96-d378-40b67b8d4570","tintindex":0},"west":{"uv":[3.125,13.5,4.0,15.875],"rotation":0,"texture":"#521e7e52-9dce-3e96-d378-40b67b8d4570","tintindex":0}}},{"name":"felsotest","from":[11.102354,12.870926,7.6090817],"to":[11.102354,21.870926,11.209082],"rotation":{"angle":-45.0,"axis":"x","origin":[11.102354,17.370926,9.409082]},"faces":{"down":{"uv":[4.0,13.5,3.125,15.875],"rotation":0,"texture":"#521e7e52-9dce-3e96-d378-40b67b8d4570","tintindex":0},"east":{"uv":[4.0,13.5,3.125,15.875],"rotation":0,"texture":"#521e7e52-9dce-3e96-d378-40b67b8d4570","tintindex":0},"north":{"uv":[4.0,13.5,3.125,15.875],"rotation":0,"texture":"#521e7e52-9dce-3e96-d378-40b67b8d4570","tintindex":0},"south":{"uv":[4.0,13.5,3.125,15.875],"rotation":0,"texture":"#521e7e52-9dce-3e96-d378-40b67b8d4570","tintindex":0},"up":{"uv":[3.125,15.875,4.0,13.5],"rotation":0,"texture":"#521e7e52-9dce-3e96-d378-40b67b8d4570","tintindex":0},"west":{"uv":[5.5,13.375,4.625,15.75],"rotation":0,"texture":"#521e7e52-9dce-3e96-d378-40b67b8d4570","tintindex":0}}},{"name":"felsotest","from":[5.102354,12.870926,7.6090817],"to":[5.102354,21.870926,11.209082],"rotation":{"angle":-45.0,"axis":"x","origin":[5.102354,17.370926,9.409082]},"faces":{"down":{"uv":[4.625,13.375,5.5,15.75],"rotation":0,"texture":"#521e7e52-9dce-3e96-d378-40b67b8d4570","tintindex":0},"east":{"uv":[4.625,13.375,5.5,15.75],"rotation":0,"texture":"#521e7e52-9dce-3e96-d378-40b67b8d4570","tintindex":0},"north":{"uv":[0.375,13.75,2.75,13.875],"rotation":0,"texture":"#521e7e52-9dce-3e96-d378-40b67b8d4570","tintindex":0},"south":{"uv":[0.375,13.0,2.625,13.875],"rotation":0,"texture":"#521e7e52-9dce-3e96-d378-40b67b8d4570","tintindex":0},"up":{"uv":[5.5,15.75,4.625,13.375],"rotation":0,"texture":"#521e7e52-9dce-3e96-d378-40b67b8d4570","tintindex":0},"west":{"uv":[3.125,13.5,4.0,15.875],"rotation":0,"texture":"#521e7e52-9dce-3e96-d378-40b67b8d4570","tintindex":0}}},{"name":"felsotest","from":[11.7023535,8.670926,8.809082],"to":[11.7023535,17.670925,12.409082],"rotation":{"angle":0.0,"axis":"x","origin":[8.102354,-6.9290743,7.009082]},"faces":{"down":{"uv":[0.375,13.0,2.75,13.875],"rotation":0,"texture":"#521e7e52-9dce-3e96-d378-40b67b8d4570","tintindex":0},"east":{"uv":[4.625,13.375,5.5,15.75],"rotation":0,"texture":"#521e7e52-9dce-3e96-d378-40b67b8d4570","tintindex":0},"north":{"uv":[0.375,13.75,2.75,13.875],"rotation":0,"texture":"#521e7e52-9dce-3e96-d378-40b67b8d4570","tintindex":0},"south":{"uv":[0.5,13.0,2.75,13.875],"rotation":0,"texture":"#521e7e52-9dce-3e96-d378-40b67b8d4570","tintindex":0},"up":{"uv":[2.75,13.875,0.375,13.0],"rotation":0,"texture":"#521e7e52-9dce-3e96-d378-40b67b8d4570","tintindex":0},"west":{"uv":[3.125,13.5,4.0,15.875],"rotation":0,"texture":"#521e7e52-9dce-3e96-d378-40b67b8d4570","tintindex":0}}},{"name":"felsotest","from":[-0.5376458,14.430925,7.6090817],"to":[5.4623537,19.230927,7.6090817],"rotation":{"angle":22.5,"axis":"z","origin":[-4.1376467,13.830925,7.009082]},"faces":{"down":{"uv":[0.25,13.0,2.625,13.875],"rotation":0,"texture":"#521e7e52-9dce-3e96-d378-40b67b8d4570","tintindex":0},"east":{"uv":[1.0,13.625,1.875,13.75],"rotation":0,"texture":"#521e7e52-9dce-3e96-d378-40b67b8d4570","tintindex":0},"north":{"uv":[0.375,13.0,2.625,13.875],"rotation":0,"texture":"#521e7e52-9dce-3e96-d378-40b67b8d4570","tintindex":0},"south":{"uv":[0.375,13.0,2.75,13.875],"rotation":0,"texture":"#521e7e52-9dce-3e96-d378-40b67b8d4570","tintindex":0},"up":{"uv":[2.625,13.875,0.25,13.0],"rotation":0,"texture":"#521e7e52-9dce-3e96-d378-40b67b8d4570","tintindex":0},"west":{"uv":[1.125,13.625,2.0,13.75],"rotation":0,"texture":"#521e7e52-9dce-3e96-d378-40b67b8d4570","tintindex":0}}},{"name":"felsotest","from":[3.3023539,7.470926,4.6090817],"to":[12.302354,10.470926,10.009082],"rotation":{"angle":0.0,"axis":"x","origin":[8.102354,-6.9290743,7.009082]},"faces":{"down":{"uv":[6.0,0.0,7.875,1.125],"rotation":0,"texture":"#521e7e52-9dce-3e96-d378-40b67b8d4570","tintindex":0},"east":{"uv":[11.375,3.5,12.5,4.125],"rotation":0,"texture":"#521e7e52-9dce-3e96-d378-40b67b8d4570","tintindex":0},"north":{"uv":[9.0,0.0,10.875,0.625],"rotation":0,"texture":"#521e7e52-9dce-3e96-d378-40b67b8d4570","tintindex":0},"south":{"uv":[9.5,6.375,11.375,7.0],"rotation":0,"texture":"#521e7e52-9dce-3e96-d378-40b67b8d4570","tintindex":0},"up":{"uv":[3.875,7.0,2.0,5.875],"rotation":0,"texture":"#521e7e52-9dce-3e96-d378-40b67b8d4570","tintindex":0},"west":{"uv":[11.375,4.125,12.5,4.75],"rotation":0,"texture":"#521e7e52-9dce-3e96-d378-40b67b8d4570","tintindex":0}}},{"name":"felsotest","from":[5.2523537,11.155167,3.6046996],"to":[10.352354,15.655167,5.7047],"rotation":{"angle":-22.5,"axis":"x","origin":[7.502354,12.420926,4.4590816]},"faces":{"down":{"uv":[9.625,5.875,10.75,6.375],"rotation":0,"texture":"#521e7e52-9dce-3e96-d378-40b67b8d4570","tintindex":0},"east":{"uv":[2.625,3.25,3.125,4.125],"rotation":0,"texture":"#521e7e52-9dce-3e96-d378-40b67b8d4570","tintindex":0},"north":{"uv":[9.875,9.875,11.0,10.75],"rotation":0,"texture":"#521e7e52-9dce-3e96-d378-40b67b8d4570","tintindex":0},"south":{"uv":[9.875,7.0,11.0,7.875],"rotation":0,"texture":"#521e7e52-9dce-3e96-d378-40b67b8d4570","tintindex":0},"up":{"uv":[10.125,1.125,9.0,0.625],"rotation":0,"texture":"#521e7e52-9dce-3e96-d378-40b67b8d4570","tintindex":0},"west":{"uv":[0.0,11.625,0.5,12.5],"rotation":0,"texture":"#521e7e52-9dce-3e96-d378-40b67b8d4570","tintindex":0}}}],"display":{"head":{"translation":[0.0,-6.4,0.0],"rotation":[0.0,0.0,0.0],"scale":[3.8095,3.8095,3.8095]},"gui":{"translation":[0.0,0.0,0.0],"rotation":[35.0,225.0,0.0],"scale":[0.625,0.625,0.625]}}}