{"file_name":"head","texture_size":[128,128],"textures":{"521e7e52-9dce-3e96-d378-40b67b8d4570":"modelengine:entity/behemot"},"elements":[{"name":"h_head","from":[5.3,7.0971136,5.864492],"to":[10.700001,11.297114,11.264493],"rotation":{"angle":0.0,"axis":"x","origin":[8.3,-13.902886,12.464493]},"faces":{"down":{"uv":[8.5,5.25,9.625,6.375],"rotation":0,"texture":"#521e7e52-9dce-3e96-d378-40b67b8d4570","tintindex":0},"east":{"uv":[5.0,9.625,6.125,10.5],"rotation":0,"texture":"#521e7e52-9dce-3e96-d378-40b67b8d4570","tintindex":0},"north":{"uv":[3.875,9.625,5.0,10.5],"rotation":0,"texture":"#521e7e52-9dce-3e96-d378-40b67b8d4570","tintindex":0},"south":{"uv":[9.625,5.0,10.75,5.875],"rotation":0,"texture":"#521e7e52-9dce-3e96-d378-40b67b8d4570","tintindex":0},"up":{"uv":[9.0,1.125,7.875,0.0],"rotation":0,"texture":"#521e7e52-9dce-3e96-d378-40b67b8d4570","tintindex":0},"west":{"uv":[7.0,9.75,8.125,10.625],"rotation":0,"texture":"#521e7e52-9dce-3e96-d378-40b67b8d4570","tintindex":0}}},{"name":"h_head","from":[5.3,2.8971136,5.864492],"to":[10.700001,5.2971134,5.864492],"rotation":{"angle":0.0,"axis":"x","origin":[8.3,-13.902886,12.464493]},"faces":{"down":{"uv":[1.125,13.625,2.25,13.625],"rotation":0,"texture":"#521e7e52-9dce-3e96-d378-40b67b8d4570","tintindex":0},"east":{"uv":[3.25,14.0,3.25,14.5],"rotation":0,"texture":"#521e7e52-9dce-3e96-d378-40b67b8d4570","tintindex":0},"north":{"uv":[11.375,8.625,12.5,9.125],"rotation":0,"texture":"#521e7e52-9dce-3e96-d378-40b67b8d4570","tintindex":0},"south":{"uv":[11.375,8.625,12.5,9.125],"rotation":0,"texture":"#521e7e52-9dce-3e96-d378-40b67b8d4570","tintindex":0},"up":{"uv":[2.375,13.75,1.25,13.75],"rotation":0,"texture":"#521e7e52-9dce-3e96-d378-40b67b8d4570","tintindex":0},"west":{"uv":[3.25,13.875,3.25,14.375],"rotation":0,"texture":"#521e7e52-9dce-3e96-d378-40b67b8d4570","tintindex":0}}},{"name":"h_head","from":[8.0,7.0971136,6.464492],"to":[8.0,13.097114,10.064493],"rotation":{"angle":0.0,"axis":"x","origin":[8.3,-13.902886,12.464493]},"faces":{"down":{"uv":[3.25,13.875,3.25,14.625],"rotation":0,"texture":"#521e7e52-9dce-3e96-d378-40b67b8d4570","tintindex":0},"east":{"uv":[8.125,9.75,8.875,11.0],"rotation":0,"texture":"#521e7e52-9dce-3e96-d378-40b67b8d4570","tintindex":0},"north":{"uv":[0.375,13.0,2.625,13.875],"rotation":0,"texture":"#521e7e52-9dce-3e96-d378-40b67b8d4570","tintindex":0},"south":{"uv":[0.375,13.0,2.625,13.875],"rotation":0,"texture":"#521e7e52-9dce-3e96-d378-40b67b8d4570","tintindex":0},"up":{"uv":[3.25,14.625,3.25,13.875],"rotation":0,"texture":"#521e7e52-9dce-3e96-d378-40b67b8d4570","tintindex":0},"west":{"uv":[8.125,9.875,8.875,11.125],"rotation":0,"texture":"#521e7e52-9dce-3e96-d378-40b67b8d4570","tintindex":0}}},{"name":"h_head","from":[10.1,6.197114,6.014492],"to":[10.700001,7.0971136,8.264492],"rotation":{"angle":0.0,"axis":"x","origin":[8.3,-13.902886,12.464493]},"faces":{"down":{"uv":[3.75,7.5,3.875,8.0],"rotation":0,"texture":"#521e7e52-9dce-3e96-d378-40b67b8d4570","tintindex":0},"east":{"uv":[2.625,4.125,3.125,4.375],"rotation":0,"texture":"#521e7e52-9dce-3e96-d378-40b67b8d4570","tintindex":0},"north":{"uv":[8.875,4.125,9.0,4.375],"rotation":0,"texture":"#521e7e52-9dce-3e96-d378-40b67b8d4570","tintindex":0},"south":{"uv":[6.875,10.375,7.0,10.625],"rotation":0,"texture":"#521e7e52-9dce-3e96-d378-40b67b8d4570","tintindex":0},"up":{"uv":[3.875,7.5,3.75,7.0],"rotation":0,"texture":"#521e7e52-9dce-3e96-d378-40b67b8d4570","tintindex":0},"west":{"uv":[7.25,1.125,7.75,1.375],"rotation":0,"texture":"#521e7e52-9dce-3e96-d378-40b67b8d4570","tintindex":0}}},{"name":"h_head","from":[7.4,7.9971137,5.564492],"to":[8.6,10.097115,6.764492],"rotation":{"angle":22.5,"axis":"x","origin":[8.0,9.647114,5.864492]},"faces":{"down":{"uv":[12.5,3.5,12.75,3.75],"rotation":0,"texture":"#521e7e52-9dce-3e96-d378-40b67b8d4570","tintindex":0},"east":{"uv":[3.5,7.0,3.75,7.5],"rotation":0,"texture":"#521e7e52-9dce-3e96-d378-40b67b8d4570","tintindex":0},"north":{"uv":[5.75,2.625,6.0,3.125],"rotation":0,"texture":"#521e7e52-9dce-3e96-d378-40b67b8d4570","tintindex":0},"south":{"uv":[3.5,7.5,3.75,8.0],"rotation":0,"texture":"#521e7e52-9dce-3e96-d378-40b67b8d4570","tintindex":0},"up":{"uv":[12.75,3.0,12.5,2.75],"rotation":0,"texture":"#521e7e52-9dce-3e96-d378-40b67b8d4570","tintindex":0},"west":{"uv":[7.0,8.375,7.25,8.875],"rotation":0,"texture":"#521e7e52-9dce-3e96-d378-40b67b8d4570","tintindex":0}}},{"name":"h_head","from":[5.3,6.017114,5.414492],"to":[5.8999996,8.297113,6.014492],"rotation":{"angle":22.5,"axis":"z","origin":[5.6,6.4971137,5.639492]},"faces":{"down":{"uv":[4.375,12.625,4.5,12.75],"rotation":0,"texture":"#521e7e52-9dce-3e96-d378-40b67b8d4570","tintindex":0},"east":{"uv":[9.0,7.375,9.125,7.875],"rotation":0,"texture":"#521e7e52-9dce-3e96-d378-40b67b8d4570","tintindex":0},"north":{"uv":[7.25,8.375,7.375,8.875],"rotation":0,"texture":"#521e7e52-9dce-3e96-d378-40b67b8d4570","tintindex":0},"south":{"uv":[6.875,9.875,7.0,10.375],"rotation":0,"texture":"#521e7e52-9dce-3e96-d378-40b67b8d4570","tintindex":0},"up":{"uv":[11.375,12.375,11.25,12.25],"rotation":0,"texture":"#521e7e52-9dce-3e96-d378-40b67b8d4570","tintindex":0},"west":{"uv":[12.0,12.375,12.125,12.875],"rotation":0,"texture":"#521e7e52-9dce-3e96-d378-40b67b8d4570","tintindex":0}}},{"name":"h_head","from":[10.1,6.017114,5.414492],"to":[10.700001,8.297113,6.014492],"rotation":{"angle":-22.5,"axis":"z","origin":[10.4,6.4971137,5.639492]},"faces":{"down":{"uv":[5.625,12.625,5.75,12.75],"rotation":0,"texture":"#521e7e52-9dce-3e96-d378-40b67b8d4570","tintindex":0},"east":{"uv":[12.5,3.75,12.625,4.25],"rotation":0,"texture":"#521e7e52-9dce-3e96-d378-40b67b8d4570","tintindex":0},"north":{"uv":[11.125,12.5,11.25,13.0],"rotation":0,"texture":"#521e7e52-9dce-3e96-d378-40b67b8d4570","tintindex":0},"south":{"uv":[12.5,4.25,12.625,4.75],"rotation":0,"texture":"#521e7e52-9dce-3e96-d378-40b67b8d4570","tintindex":0},"up":{"uv":[4.625,12.75,4.5,12.625],"rotation":0,"texture":"#521e7e52-9dce-3e96-d378-40b67b8d4570","tintindex":0},"west":{"uv":[12.5,8.625,12.625,9.125],"rotation":0,"texture":"#521e7e52-9dce-3e96-d378-40b67b8d4570","tintindex":0}}},{"name":"h_head","from":[5.3,6.197114,6.014492],"to":[5.8999996,7.0971136,8.264492],"rotation":{"angle":0.0,"axis":"x","origin":[8.3,-13.902886,12.464493]},"faces":{"down":{"uv":[12.5,10.75,12.625,11.25],"rotation":0,"texture":"#521e7e52-9dce-3e96-d378-40b67b8d4570","tintindex":0},"east":{"uv":[8.625,7.125,9.125,7.375],"rotation":0,"texture":"#521e7e52-9dce-3e96-d378-40b67b8d4570","tintindex":0},"north":{"uv":[3.75,12.25,3.875,12.5],"rotation":0,"texture":"#521e7e52-9dce-3e96-d378-40b67b8d4570","tintindex":0},"south":{"uv":[2.75,12.625,2.875,12.875],"rotation":0,"texture":"#521e7e52-9dce-3e96-d378-40b67b8d4570","tintindex":0},"up":{"uv":[12.625,9.625,12.5,9.125],"rotation":0,"texture":"#521e7e52-9dce-3e96-d378-40b67b8d4570","tintindex":0},"west":{"uv":[10.875,3.5,11.375,3.75],"rotation":0,"texture":"#521e7e52-9dce-3e96-d378-40b67b8d4570","tintindex":0}}},{"name":"h_head","from":[5.3,6.5813537,5.4601097],"to":[10.700001,7.781354,11.16011],"rotation":{"angle":-22.5,"axis":"x","origin":[7.7,6.647114,9.914493]},"faces":{"down":{"uv":[7.75,1.125,8.875,2.375],"rotation":0,"texture":"#521e7e52-9dce-3e96-d378-40b67b8d4570","tintindex":0},"east":{"uv":[6.0,1.125,7.25,1.375],"rotation":0,"texture":"#521e7e52-9dce-3e96-d378-40b67b8d4570","tintindex":0},"north":{"uv":[11.875,9.75,13.0,10.0],"rotation":0,"texture":"#521e7e52-9dce-3e96-d378-40b67b8d4570","tintindex":0},"south":{"uv":[8.25,12.0,9.375,12.25],"rotation":0,"texture":"#521e7e52-9dce-3e96-d378-40b67b8d4570","tintindex":0},"up":{"uv":[8.5,6.5,7.375,5.25],"rotation":0,"texture":"#521e7e52-9dce-3e96-d378-40b67b8d4570","tintindex":0},"west":{"uv":[7.375,7.125,8.625,7.375],"rotation":0,"texture":"#521e7e52-9dce-3e96-d378-40b67b8d4570","tintindex":0}}},{"name":"h_head","from":[8.61125,10.085865,5.661992],"to":[10.41125,10.685864,6.2619925],"rotation":{"angle":0.0,"axis":"x","origin":[8.3,-13.902886,12.464493]},"faces":{"down":{"uv":[1.75,13.625,2.125,13.75],"rotation":0,"texture":"#521e7e52-9dce-3e96-d378-40b67b8d4570","tintindex":0},"east":{"uv":[2.25,13.625,2.125,13.75],"rotation":0,"texture":"#521e7e52-9dce-3e96-d378-40b67b8d4570","tintindex":0},"north":{"uv":[1.875,13.625,1.5,13.75],"rotation":0,"texture":"#521e7e52-9dce-3e96-d378-40b67b8d4570","tintindex":0},"south":{"uv":[2.0,13.625,1.625,13.75],"rotation":0,"texture":"#521e7e52-9dce-3e96-d378-40b67b8d4570","tintindex":0},"up":{"uv":[2.25,13.625,1.875,13.75],"rotation":0,"texture":"#521e7e52-9dce-3e96-d378-40b67b8d4570","tintindex":0},"west":{"uv":[1.875,13.625,1.75,13.75],"rotation":0,"texture":"#521e7e52-9dce-3e96-d378-40b67b8d4570","tintindex":0}}},{"name":"h_head","from":[5.58875,10.085865,5.661992],"to":[7.38875,10.685864,6.2619925],"rotation":{"angle":0.0,"axis":"x","origin":[8.3,-13.902886,12.464493]},"faces":{"down":{"uv":[2.125,13.625,1.75,13.75],"rotation":0,"texture":"#521e7e52-9dce-3e96-d378-40b67b8d4570","tintindex":0},"east":{"uv":[2.25,13.625,2.375,13.75],"rotation":0,"texture":"#521e7e52-9dce-3e96-d378-40b67b8d4570","tintindex":0},"north":{"uv":[1.5,13.625,1.875,13.75],"rotation":0,"texture":"#521e7e52-9dce-3e96-d378-40b67b8d4570","tintindex":0},"south":{"uv":[1.875,13.625,2.25,13.75],"rotation":0,"texture":"#521e7e52-9dce-3e96-d378-40b67b8d4570","tintindex":0},"up":{"uv":[1.875,13.5,2.25,13.625],"rotation":0,"texture":"#521e7e52-9dce-3e96-d378-40b67b8d4570","tintindex":0},"west":{"uv":[1.875,13.625,2.0,13.75],"rotation":0,"texture":"#521e7e52-9dce-3e96-d378-40b67b8d4570","tintindex":0}}}],"display":{"head":{"translation":[0.0,-6.4,0.0],"rotation":[0.0,0.0,0.0],"scale":[3.8095,3.8095,3.8095]},"gui":{"translation":[0.0,0.0,0.0],"rotation":[35.0,225.0,0.0],"scale":[0.625,0.625,0.625]}}}