{"file_name":"jobbkaralso2","texture_size":[128,128],"textures":{"521e7e52-9dce-3e96-d378-40b67b8d4570":"modelengine:entity/behemot"},"elements":[{"name":"jobbkaralso2","from":[6.35,1.3999997,6.1099997],"to":[9.950001,9.2,9.710001],"rotation":{"angle":0.0,"axis":"x","origin":[0.6499996,-8.8,7.61]},"faces":{"down":{"uv":[11.875,7.0,12.625,7.75],"rotation":0,"texture":"#521e7e52-9dce-3e96-d378-40b67b8d4570","tintindex":0},"east":{"uv":[1.625,9.5,2.375,11.125],"rotation":0,"texture":"#521e7e52-9dce-3e96-d378-40b67b8d4570","tintindex":0},"north":{"uv":[0.875,9.5,1.625,11.125],"rotation":0,"texture":"#521e7e52-9dce-3e96-d378-40b67b8d4570","tintindex":0},"south":{"uv":[2.375,9.5,3.125,11.125],"rotation":0,"texture":"#521e7e52-9dce-3e96-d378-40b67b8d4570","tintindex":0},"up":{"uv":[6.375,12.625,5.625,11.875],"rotation":0,"texture":"#521e7e52-9dce-3e96-d378-40b67b8d4570","tintindex":0},"west":{"uv":[3.125,9.625,3.875,11.25],"rotation":0,"texture":"#521e7e52-9dce-3e96-d378-40b67b8d4570","tintindex":0}}}],"display":{"head":{"translation":[0.0,-6.4,0.0],"rotation":[0.0,0.0,0.0],"scale":[3.8095,3.8095,3.8095]},"gui":{"translation":[0.0,0.0,0.0],"rotation":[35.0,225.0,0.0],"scale":[0.625,0.625,0.625]}}}