{"file_name":"jobblab2","texture_size":[128,128],"textures":{"521e7e52-9dce-3e96-d378-40b67b8d4570":"modelengine:entity/behemot"},"elements":[{"name":"jobblab2","from":[6.600002,2.349998,6.000002],"to":[10.800002,9.549998,10.200003],"rotation":{"angle":0.0,"axis":"x","origin":[6.600002,-3.6500025,7.800002]},"faces":{"down":{"uv":[10.875,2.625,11.75,3.5],"rotation":0,"texture":"#521e7e52-9dce-3e96-d378-40b67b8d4570","tintindex":0},"east":{"uv":[6.125,8.375,7.0,9.875],"rotation":0,"texture":"#521e7e52-9dce-3e96-d378-40b67b8d4570","tintindex":0},"north":{"uv":[8.25,8.25,9.125,9.75],"rotation":0,"texture":"#521e7e52-9dce-3e96-d378-40b67b8d4570","tintindex":0},"south":{"uv":[8.375,2.375,9.25,3.875],"rotation":0,"texture":"#521e7e52-9dce-3e96-d378-40b67b8d4570","tintindex":0},"up":{"uv":[11.75,2.625,10.875,1.75],"rotation":0,"texture":"#521e7e52-9dce-3e96-d378-40b67b8d4570","tintindex":0},"west":{"uv":[0.0,8.875,0.875,10.375],"rotation":0,"texture":"#521e7e52-9dce-3e96-d378-40b67b8d4570","tintindex":0}}},{"name":"jobblab2","from":[6.9000015,1.2999978,5.850002],"to":[10.500002,4.8999977,10.350002],"rotation":{"angle":0.0,"axis":"x","origin":[6.600002,-3.6500025,7.800002]},"faces":{"down":{"uv":[11.375,11.375,12.125,12.375],"rotation":0,"texture":"#521e7e52-9dce-3e96-d378-40b67b8d4570","tintindex":0},"east":{"uv":[5.75,11.125,6.75,11.875],"rotation":0,"texture":"#521e7e52-9dce-3e96-d378-40b67b8d4570","tintindex":0},"north":{"uv":[11.75,0.75,12.5,1.5],"rotation":0,"texture":"#521e7e52-9dce-3e96-d378-40b67b8d4570","tintindex":0},"south":{"uv":[11.75,1.5,12.5,2.25],"rotation":0,"texture":"#521e7e52-9dce-3e96-d378-40b67b8d4570","tintindex":0},"up":{"uv":[3.875,12.25,3.125,11.25],"rotation":0,"texture":"#521e7e52-9dce-3e96-d378-40b67b8d4570","tintindex":0},"west":{"uv":[6.75,11.25,7.75,12.0],"rotation":0,"texture":"#521e7e52-9dce-3e96-d378-40b67b8d4570","tintindex":0}}}],"display":{"head":{"translation":[0.0,-6.4,0.0],"rotation":[0.0,0.0,0.0],"scale":[3.8095,3.8095,3.8095]},"gui":{"translation":[0.0,0.0,0.0],"rotation":[35.0,225.0,0.0],"scale":[0.625,0.625,0.625]}}}