{"file_name":"jobblabalso2","texture_size":[128,128],"textures":{"521e7e52-9dce-3e96-d378-40b67b8d4570":"modelengine:entity/behemot"},"elements":[{"name":"jobblabalso2","from":[6.600002,2.7999978,6.600002],"to":[9.600002,8.799998,9.600002],"rotation":{"angle":0.0,"axis":"x","origin":[6.000002,1.5999979,7.800002]},"faces":{"down":{"uv":[1.125,12.0,1.75,12.625],"rotation":0,"texture":"#521e7e52-9dce-3e96-d378-40b67b8d4570","tintindex":0},"east":{"uv":[10.75,10.75,11.375,12.0],"rotation":0,"texture":"#521e7e52-9dce-3e96-d378-40b67b8d4570","tintindex":0},"north":{"uv":[10.125,10.75,10.75,12.0],"rotation":0,"texture":"#521e7e52-9dce-3e96-d378-40b67b8d4570","tintindex":0},"south":{"uv":[10.75,5.0,11.375,6.25],"rotation":0,"texture":"#521e7e52-9dce-3e96-d378-40b67b8d4570","tintindex":0},"up":{"uv":[1.125,12.625,0.5,12.0],"rotation":0,"texture":"#521e7e52-9dce-3e96-d378-40b67b8d4570","tintindex":0},"west":{"uv":[10.75,7.875,11.375,9.125],"rotation":0,"texture":"#521e7e52-9dce-3e96-d378-40b67b8d4570","tintindex":0}}},{"name":"jobblabalso2","from":[6.300002,2.7999978,6.300002],"to":[9.900002,3.9999979,9.900002],"rotation":{"angle":0.0,"axis":"x","origin":[6.000002,1.5999979,7.800002]},"faces":{"down":{"uv":[11.75,0.0,12.5,0.75],"rotation":0,"texture":"#521e7e52-9dce-3e96-d378-40b67b8d4570","tintindex":0},"east":{"uv":[10.5,12.25,11.25,12.5],"rotation":0,"texture":"#521e7e52-9dce-3e96-d378-40b67b8d4570","tintindex":0},"north":{"uv":[9.75,12.25,10.5,12.5],"rotation":0,"texture":"#521e7e52-9dce-3e96-d378-40b67b8d4570","tintindex":0},"south":{"uv":[11.25,12.375,12.0,12.625],"rotation":0,"texture":"#521e7e52-9dce-3e96-d378-40b67b8d4570","tintindex":0},"up":{"uv":[5.625,12.5,4.875,11.75],"rotation":0,"texture":"#521e7e52-9dce-3e96-d378-40b67b8d4570","tintindex":0},"west":{"uv":[4.625,12.5,5.375,12.75],"rotation":0,"texture":"#521e7e52-9dce-3e96-d378-40b67b8d4570","tintindex":0}}}],"display":{"head":{"translation":[0.0,-6.4,0.0],"rotation":[0.0,0.0,0.0],"scale":[3.8095,3.8095,3.8095]},"gui":{"translation":[0.0,0.0,0.0],"rotation":[35.0,225.0,0.0],"scale":[0.625,0.625,0.625]}}}