{"file_name":"jobblab","texture_size":[128,128],"textures":{"521e7e52-9dce-3e96-d378-40b67b8d4570":"modelengine:entity/behemot"},"elements":[{"name":"jobblab","from":[5.199998,2.349998,6.000002],"to":[9.399998,9.549998,10.200003],"rotation":{"angle":0.0,"axis":"x","origin":[9.399998,-3.6500025,7.800002]},"faces":{"down":{"uv":[10.875,0.875,11.75,1.75],"rotation":0,"texture":"#521e7e52-9dce-3e96-d378-40b67b8d4570","tintindex":0},"east":{"uv":[4.375,8.125,5.25,9.625],"rotation":0,"texture":"#521e7e52-9dce-3e96-d378-40b67b8d4570","tintindex":0},"north":{"uv":[3.5,8.125,4.375,9.625],"rotation":0,"texture":"#521e7e52-9dce-3e96-d378-40b67b8d4570","tintindex":0},"south":{"uv":[5.25,8.125,6.125,9.625],"rotation":0,"texture":"#521e7e52-9dce-3e96-d378-40b67b8d4570","tintindex":0},"up":{"uv":[11.75,0.875,10.875,0.0],"rotation":0,"texture":"#521e7e52-9dce-3e96-d378-40b67b8d4570","tintindex":0},"west":{"uv":[7.375,8.25,8.25,9.75],"rotation":0,"texture":"#521e7e52-9dce-3e96-d378-40b67b8d4570","tintindex":0}}},{"name":"jobblab","from":[5.499998,1.2999978,5.850002],"to":[9.099998,4.8999977,10.350002],"rotation":{"angle":0.0,"axis":"x","origin":[9.399998,-3.6500025,7.800002]},"faces":{"down":{"uv":[2.375,11.125,3.125,12.125],"rotation":0,"texture":"#521e7e52-9dce-3e96-d378-40b67b8d4570","tintindex":0},"east":{"uv":[11.0,10.0,12.0,10.75],"rotation":0,"texture":"#521e7e52-9dce-3e96-d378-40b67b8d4570","tintindex":0},"north":{"uv":[11.375,6.25,12.125,7.0],"rotation":0,"texture":"#521e7e52-9dce-3e96-d378-40b67b8d4570","tintindex":0},"south":{"uv":[11.375,7.875,12.125,8.625],"rotation":0,"texture":"#521e7e52-9dce-3e96-d378-40b67b8d4570","tintindex":0},"up":{"uv":[8.875,12.0,8.125,11.0],"rotation":0,"texture":"#521e7e52-9dce-3e96-d378-40b67b8d4570","tintindex":0},"west":{"uv":[3.875,11.125,4.875,11.875],"rotation":0,"texture":"#521e7e52-9dce-3e96-d378-40b67b8d4570","tintindex":0}}}],"display":{"head":{"translation":[0.0,-6.4,0.0],"rotation":[0.0,0.0,0.0],"scale":[3.8095,3.8095,3.8095]},"gui":{"translation":[0.0,0.0,0.0],"rotation":[35.0,225.0,0.0],"scale":[0.625,0.625,0.625]}}}