{"file_name":"jobblabalso","texture_size":[128,128],"textures":{"521e7e52-9dce-3e96-d378-40b67b8d4570":"modelengine:entity/behemot"},"elements":[{"name":"jobblabalso","from":[6.3999977,2.7999978,6.600002],"to":[9.399998,8.799998,9.600002],"rotation":{"angle":0.0,"axis":"x","origin":[9.999998,1.5999979,7.800002]},"faces":{"down":{"uv":[11.875,9.125,12.5,9.75],"rotation":0,"texture":"#521e7e52-9dce-3e96-d378-40b67b8d4570","tintindex":0},"east":{"uv":[5.125,10.5,5.75,11.75],"rotation":0,"texture":"#521e7e52-9dce-3e96-d378-40b67b8d4570","tintindex":0},"north":{"uv":[0.0,10.375,0.625,11.625],"rotation":0,"texture":"#521e7e52-9dce-3e96-d378-40b67b8d4570","tintindex":0},"south":{"uv":[8.875,10.75,9.5,12.0],"rotation":0,"texture":"#521e7e52-9dce-3e96-d378-40b67b8d4570","tintindex":0},"up":{"uv":[3.5,9.5,2.875,8.875],"rotation":0,"texture":"#521e7e52-9dce-3e96-d378-40b67b8d4570","tintindex":0},"west":{"uv":[9.5,10.75,10.125,12.0],"rotation":0,"texture":"#521e7e52-9dce-3e96-d378-40b67b8d4570","tintindex":0}}},{"name":"jobblabalso","from":[6.099998,2.7999978,6.300002],"to":[9.699999,3.9999979,9.900002],"rotation":{"angle":0.0,"axis":"x","origin":[9.999998,1.5999979,7.800002]},"faces":{"down":{"uv":[11.375,5.5,12.125,6.25],"rotation":0,"texture":"#521e7e52-9dce-3e96-d378-40b67b8d4570","tintindex":0},"east":{"uv":[12.125,11.875,12.875,12.125],"rotation":0,"texture":"#521e7e52-9dce-3e96-d378-40b67b8d4570","tintindex":0},"north":{"uv":[9.125,8.75,9.875,9.0],"rotation":0,"texture":"#521e7e52-9dce-3e96-d378-40b67b8d4570","tintindex":0},"south":{"uv":[8.25,12.25,9.0,12.5],"rotation":0,"texture":"#521e7e52-9dce-3e96-d378-40b67b8d4570","tintindex":0},"up":{"uv":[12.125,5.5,11.375,4.75],"rotation":0,"texture":"#521e7e52-9dce-3e96-d378-40b67b8d4570","tintindex":0},"west":{"uv":[9.0,12.25,9.75,12.5],"rotation":0,"texture":"#521e7e52-9dce-3e96-d378-40b67b8d4570","tintindex":0}}}],"display":{"head":{"translation":[0.0,-6.4,0.0],"rotation":[0.0,0.0,0.0],"scale":[3.8095,3.8095,3.8095]},"gui":{"translation":[0.0,0.0,0.0],"rotation":[35.0,225.0,0.0],"scale":[0.625,0.625,0.625]}}}