{"file_name":"head","texture_size":[64,64],"textures":{"0ddd6183-5123-178f-faa5-bf222e3c7e27":"modelengine:entity/hulla"},"elements":[{"name":"h_head","from":[5.6,5.6000004,5.6],"to":[10.4,10.4,10.4],"rotation":{"angle":0.0,"axis":"x","origin":[8.0,-2.213818,7.694786]},"faces":{"down":{"uv":[8.0,0.0,6.0,2.0],"rotation":0,"texture":"#0ddd6183-5123-178f-faa5-bf222e3c7e27","tintindex":0},"east":{"uv":[4.0,0.0,6.0,2.0],"rotation":0,"texture":"#0ddd6183-5123-178f-faa5-bf222e3c7e27","tintindex":0},"north":{"uv":[2.0,0.0,4.0,2.0],"rotation":0,"texture":"#0ddd6183-5123-178f-faa5-bf222e3c7e27","tintindex":0},"south":{"uv":[4.0,2.0,6.0,4.0],"rotation":0,"texture":"#0ddd6183-5123-178f-faa5-bf222e3c7e27","tintindex":0},"up":{"uv":[7.75,7.75,5.75,5.75],"rotation":0,"texture":"#0ddd6183-5123-178f-faa5-bf222e3c7e27","tintindex":0},"west":{"uv":[1.75,5.0,3.75,7.0],"rotation":0,"texture":"#0ddd6183-5123-178f-faa5-bf222e3c7e27","tintindex":0}}}],"display":{"head":{"translation":[0.0,-6.4,0.0],"rotation":[0.0,0.0,0.0],"scale":[3.8095,3.8095,3.8095]},"gui":{"translation":[0.0,0.0,0.0],"rotation":[35.0,225.0,0.0],"scale":[0.625,0.625,0.625]}}}