{"file_name":"righthand","texture_size":[64,64],"textures":{"0ddd6183-5123-178f-faa5-bf222e3c7e27":"modelengine:entity/hulla"},"elements":[{"name":"righthand","from":[7.1,1.0999997,6.5],"to":[9.5,8.9,8.9],"rotation":{"angle":0.0,"axis":"x","origin":[11.900001,1.0999997,7.7]},"faces":{"down":{"uv":[8.75,6.75,7.75,7.75],"rotation":0,"texture":"#0ddd6183-5123-178f-faa5-bf222e3c7e27","tintindex":0},"east":{"uv":[5.0,7.75,6.0,11.0],"rotation":0,"texture":"#0ddd6183-5123-178f-faa5-bf222e3c7e27","tintindex":0},"north":{"uv":[4.0,7.0,5.0,10.25],"rotation":0,"texture":"#0ddd6183-5123-178f-faa5-bf222e3c7e27","tintindex":0},"south":{"uv":[6.0,7.75,7.0,11.0],"rotation":0,"texture":"#0ddd6183-5123-178f-faa5-bf222e3c7e27","tintindex":0},"up":{"uv":[8.75,6.75,7.75,5.75],"rotation":0,"texture":"#0ddd6183-5123-178f-faa5-bf222e3c7e27","tintindex":0},"west":{"uv":[7.0,7.75,8.0,11.0],"rotation":0,"texture":"#0ddd6183-5123-178f-faa5-bf222e3c7e27","tintindex":0}}}],"display":{"head":{"translation":[0.0,-6.4,0.0],"rotation":[0.0,0.0,0.0],"scale":[3.8095,3.8095,3.8095]},"gui":{"translation":[0.0,0.0,0.0],"rotation":[35.0,225.0,0.0],"scale":[0.625,0.625,0.625]}}}